/*--------------------------------*- C++ -*----------------------------------*\
| =========                 |                                                 |
| \\      /  F ield         | OpenFOAM: The Open Source CFD Toolbox           |
|  \\    /   O peration     | Version:  2606                                  |
|   \\  /    A nd           | Website:  www.openfoam.com                      |
|    \\/     M anipulation  |                                                 |
\*---------------------------------------------------------------------------*/
FoamFile
{
    version     2.0;
    format      ascii;
    arch        "LSB;label=32;scalar=64";
    class       faceList;
    location    "constant/polyMesh";
    object      faces;
}
// * * * * * * * * * * * * * * * * * * * * * * * * * * * * * * * * * * * * * //


31402
(
4(1 152 8155 8004)
4(151 8154 8155 152)
4(2 153 8156 8005)
4(152 8155 8156 153)
4(3 154 8157 8006)
4(153 8156 8157 154)
4(4 155 8158 8007)
4(154 8157 8158 155)
4(5 156 8159 8008)
4(155 8158 8159 156)
4(6 157 8160 8009)
4(156 8159 8160 157)
4(7 158 8161 8010)
4(157 8160 8161 158)
4(8 159 8162 8011)
4(158 8161 8162 159)
4(9 160 8163 8012)
4(159 8162 8163 160)
4(10 161 8164 8013)
4(160 8163 8164 161)
4(11 162 8165 8014)
4(161 8164 8165 162)
4(12 163 8166 8015)
4(162 8165 8166 163)
4(13 164 8167 8016)
4(163 8166 8167 164)
4(14 165 8168 8017)
4(164 8167 8168 165)
4(15 166 8169 8018)
4(165 8168 8169 166)
4(16 167 8170 8019)
4(166 8169 8170 167)
4(17 168 8171 8020)
4(167 8170 8171 168)
4(18 169 8172 8021)
4(168 8171 8172 169)
4(19 170 8173 8022)
4(169 8172 8173 170)
4(20 171 8174 8023)
4(170 8173 8174 171)
4(21 172 8175 8024)
4(171 8174 8175 172)
4(22 173 8176 8025)
4(172 8175 8176 173)
4(23 174 8177 8026)
4(173 8176 8177 174)
4(24 175 8178 8027)
4(174 8177 8178 175)
4(25 176 8179 8028)
4(175 8178 8179 176)
4(26 177 8180 8029)
4(176 8179 8180 177)
4(27 178 8181 8030)
4(177 8180 8181 178)
4(28 179 8182 8031)
4(178 8181 8182 179)
4(29 180 8183 8032)
4(179 8182 8183 180)
4(30 181 8184 8033)
4(180 8183 8184 181)
4(31 182 8185 8034)
4(181 8184 8185 182)
4(32 183 8186 8035)
4(182 8185 8186 183)
4(33 184 8187 8036)
4(183 8186 8187 184)
4(34 185 8188 8037)
4(184 8187 8188 185)
4(35 186 8189 8038)
4(185 8188 8189 186)
4(36 187 8190 8039)
4(186 8189 8190 187)
4(37 188 8191 8040)
4(187 8190 8191 188)
4(38 189 8192 8041)
4(188 8191 8192 189)
4(39 190 8193 8042)
4(189 8192 8193 190)
4(40 191 8194 8043)
4(190 8193 8194 191)
4(41 192 8195 8044)
4(191 8194 8195 192)
4(42 193 8196 8045)
4(192 8195 8196 193)
4(43 194 8197 8046)
4(193 8196 8197 194)
4(44 195 8198 8047)
4(194 8197 8198 195)
4(45 196 8199 8048)
4(195 8198 8199 196)
4(46 197 8200 8049)
4(196 8199 8200 197)
4(47 198 8201 8050)
4(197 8200 8201 198)
4(48 199 8202 8051)
4(198 8201 8202 199)
4(49 200 8203 8052)
4(199 8202 8203 200)
4(50 201 8204 8053)
4(200 8203 8204 201)
4(51 202 8205 8054)
4(201 8204 8205 202)
4(52 203 8206 8055)
4(202 8205 8206 203)
4(53 204 8207 8056)
4(203 8206 8207 204)
4(54 205 8208 8057)
4(204 8207 8208 205)
4(55 206 8209 8058)
4(205 8208 8209 206)
4(56 207 8210 8059)
4(206 8209 8210 207)
4(57 208 8211 8060)
4(207 8210 8211 208)
4(58 209 8212 8061)
4(208 8211 8212 209)
4(59 210 8213 8062)
4(209 8212 8213 210)
4(60 211 8214 8063)
4(210 8213 8214 211)
4(61 212 8215 8064)
4(211 8214 8215 212)
4(62 213 8216 8065)
4(212 8215 8216 213)
4(63 214 8217 8066)
4(213 8216 8217 214)
4(64 215 8218 8067)
4(214 8217 8218 215)
4(65 216 8219 8068)
4(215 8218 8219 216)
4(66 217 8220 8069)
4(216 8219 8220 217)
4(67 218 8221 8070)
4(217 8220 8221 218)
4(68 219 8222 8071)
4(218 8221 8222 219)
4(69 220 8223 8072)
4(219 8222 8223 220)
4(70 221 8224 8073)
4(220 8223 8224 221)
4(71 222 8225 8074)
4(221 8224 8225 222)
4(72 223 8226 8075)
4(222 8225 8226 223)
4(73 224 8227 8076)
4(223 8226 8227 224)
4(74 225 8228 8077)
4(224 8227 8228 225)
4(75 226 8229 8078)
4(225 8228 8229 226)
4(76 227 8230 8079)
4(226 8229 8230 227)
4(77 228 8231 8080)
4(227 8230 8231 228)
4(78 229 8232 8081)
4(228 8231 8232 229)
4(79 230 8233 8082)
4(229 8232 8233 230)
4(80 231 8234 8083)
4(230 8233 8234 231)
4(81 232 8235 8084)
4(231 8234 8235 232)
4(82 233 8236 8085)
4(232 8235 8236 233)
4(83 234 8237 8086)
4(233 8236 8237 234)
4(84 235 8238 8087)
4(234 8237 8238 235)
4(85 236 8239 8088)
4(235 8238 8239 236)
4(86 237 8240 8089)
4(236 8239 8240 237)
4(87 238 8241 8090)
4(237 8240 8241 238)
4(88 239 8242 8091)
4(238 8241 8242 239)
4(89 240 8243 8092)
4(239 8242 8243 240)
4(90 241 8244 8093)
4(240 8243 8244 241)
4(91 242 8245 8094)
4(241 8244 8245 242)
4(92 243 8246 8095)
4(242 8245 8246 243)
4(93 244 8247 8096)
4(243 8246 8247 244)
4(94 245 8248 8097)
4(244 8247 8248 245)
4(95 246 8249 8098)
4(245 8248 8249 246)
4(96 247 8250 8099)
4(246 8249 8250 247)
4(97 248 8251 8100)
4(247 8250 8251 248)
4(98 249 8252 8101)
4(248 8251 8252 249)
4(99 250 8253 8102)
4(249 8252 8253 250)
4(100 251 8254 8103)
4(250 8253 8254 251)
4(101 252 8255 8104)
4(251 8254 8255 252)
4(102 253 8256 8105)
4(252 8255 8256 253)
4(103 254 8257 8106)
4(253 8256 8257 254)
4(104 255 8258 8107)
4(254 8257 8258 255)
4(105 256 8259 8108)
4(255 8258 8259 256)
4(106 257 8260 8109)
4(256 8259 8260 257)
4(107 258 8261 8110)
4(257 8260 8261 258)
4(108 259 8262 8111)
4(258 8261 8262 259)
4(109 260 8263 8112)
4(259 8262 8263 260)
4(110 261 8264 8113)
4(260 8263 8264 261)
4(111 262 8265 8114)
4(261 8264 8265 262)
4(112 263 8266 8115)
4(262 8265 8266 263)
4(113 264 8267 8116)
4(263 8266 8267 264)
4(114 265 8268 8117)
4(264 8267 8268 265)
4(115 266 8269 8118)
4(265 8268 8269 266)
4(116 267 8270 8119)
4(266 8269 8270 267)
4(117 268 8271 8120)
4(267 8270 8271 268)
4(118 269 8272 8121)
4(268 8271 8272 269)
4(119 270 8273 8122)
4(269 8272 8273 270)
4(120 271 8274 8123)
4(270 8273 8274 271)
4(121 272 8275 8124)
4(271 8274 8275 272)
4(122 273 8276 8125)
4(272 8275 8276 273)
4(123 274 8277 8126)
4(273 8276 8277 274)
4(124 275 8278 8127)
4(274 8277 8278 275)
4(125 276 8279 8128)
4(275 8278 8279 276)
4(126 277 8280 8129)
4(276 8279 8280 277)
4(127 278 8281 8130)
4(277 8280 8281 278)
4(128 279 8282 8131)
4(278 8281 8282 279)
4(129 280 8283 8132)
4(279 8282 8283 280)
4(130 281 8284 8133)
4(280 8283 8284 281)
4(131 282 8285 8134)
4(281 8284 8285 282)
4(132 283 8286 8135)
4(282 8285 8286 283)
4(133 284 8287 8136)
4(283 8286 8287 284)
4(134 285 8288 8137)
4(284 8287 8288 285)
4(135 286 8289 8138)
4(285 8288 8289 286)
4(136 287 8290 8139)
4(286 8289 8290 287)
4(137 288 8291 8140)
4(287 8290 8291 288)
4(138 289 8292 8141)
4(288 8291 8292 289)
4(139 290 8293 8142)
4(289 8292 8293 290)
4(140 291 8294 8143)
4(290 8293 8294 291)
4(141 292 8295 8144)
4(291 8294 8295 292)
4(142 293 8296 8145)
4(292 8295 8296 293)
4(143 294 8297 8146)
4(293 8296 8297 294)
4(144 295 8298 8147)
4(294 8297 8298 295)
4(145 296 8299 8148)
4(295 8298 8299 296)
4(146 297 8300 8149)
4(296 8299 8300 297)
4(147 298 8301 8150)
4(297 8300 8301 298)
4(148 299 8302 8151)
4(298 8301 8302 299)
4(149 300 8303 8152)
4(299 8302 8303 300)
4(300 8303 8304 301)
4(152 303 8306 8155)
4(302 8305 8306 303)
4(153 304 8307 8156)
4(303 8306 8307 304)
4(154 305 8308 8157)
4(304 8307 8308 305)
4(155 306 8309 8158)
4(305 8308 8309 306)
4(156 307 8310 8159)
4(306 8309 8310 307)
4(157 308 8311 8160)
4(307 8310 8311 308)
4(158 309 8312 8161)
4(308 8311 8312 309)
4(159 310 8313 8162)
4(309 8312 8313 310)
4(160 311 8314 8163)
4(310 8313 8314 311)
4(161 312 8315 8164)
4(311 8314 8315 312)
4(162 313 8316 8165)
4(312 8315 8316 313)
4(163 314 8317 8166)
4(313 8316 8317 314)
4(164 315 8318 8167)
4(314 8317 8318 315)
4(165 316 8319 8168)
4(315 8318 8319 316)
4(166 317 8320 8169)
4(316 8319 8320 317)
4(167 318 8321 8170)
4(317 8320 8321 318)
4(168 319 8322 8171)
4(318 8321 8322 319)
4(169 320 8323 8172)
4(319 8322 8323 320)
4(170 321 8324 8173)
4(320 8323 8324 321)
4(171 322 8325 8174)
4(321 8324 8325 322)
4(172 323 8326 8175)
4(322 8325 8326 323)
4(173 324 8327 8176)
4(323 8326 8327 324)
4(174 325 8328 8177)
4(324 8327 8328 325)
4(175 326 8329 8178)
4(325 8328 8329 326)
4(176 327 8330 8179)
4(326 8329 8330 327)
4(177 328 8331 8180)
4(327 8330 8331 328)
4(178 329 8332 8181)
4(328 8331 8332 329)
4(179 330 8333 8182)
4(329 8332 8333 330)
4(180 331 8334 8183)
4(330 8333 8334 331)
4(181 332 8335 8184)
4(331 8334 8335 332)
4(182 333 8336 8185)
4(332 8335 8336 333)
4(183 334 8337 8186)
4(333 8336 8337 334)
4(184 335 8338 8187)
4(334 8337 8338 335)
4(185 336 8339 8188)
4(335 8338 8339 336)
4(186 337 8340 8189)
4(336 8339 8340 337)
4(187 338 8341 8190)
4(337 8340 8341 338)
4(188 339 8342 8191)
4(338 8341 8342 339)
4(189 340 8343 8192)
4(339 8342 8343 340)
4(190 341 8344 8193)
4(340 8343 8344 341)
4(191 342 8345 8194)
4(341 8344 8345 342)
4(192 343 8346 8195)
4(342 8345 8346 343)
4(193 344 8347 8196)
4(343 8346 8347 344)
4(194 345 8348 8197)
4(344 8347 8348 345)
4(195 346 8349 8198)
4(345 8348 8349 346)
4(196 347 8350 8199)
4(346 8349 8350 347)
4(197 348 8351 8200)
4(347 8350 8351 348)
4(198 349 8352 8201)
4(348 8351 8352 349)
4(199 350 8353 8202)
4(349 8352 8353 350)
4(200 351 8354 8203)
4(350 8353 8354 351)
4(201 352 8355 8204)
4(351 8354 8355 352)
4(202 353 8356 8205)
4(352 8355 8356 353)
4(203 354 8357 8206)
4(353 8356 8357 354)
4(204 355 8358 8207)
4(354 8357 8358 355)
4(205 356 8359 8208)
4(355 8358 8359 356)
4(206 357 8360 8209)
4(356 8359 8360 357)
4(207 358 8361 8210)
4(357 8360 8361 358)
4(208 359 8362 8211)
4(358 8361 8362 359)
4(209 360 8363 8212)
4(359 8362 8363 360)
4(210 361 8364 8213)
4(360 8363 8364 361)
4(211 362 8365 8214)
4(361 8364 8365 362)
4(212 363 8366 8215)
4(362 8365 8366 363)
4(213 364 8367 8216)
4(363 8366 8367 364)
4(214 365 8368 8217)
4(364 8367 8368 365)
4(215 366 8369 8218)
4(365 8368 8369 366)
4(216 367 8370 8219)
4(366 8369 8370 367)
4(217 368 8371 8220)
4(367 8370 8371 368)
4(218 369 8372 8221)
4(368 8371 8372 369)
4(219 370 8373 8222)
4(369 8372 8373 370)
4(220 371 8374 8223)
4(370 8373 8374 371)
4(221 372 8375 8224)
4(371 8374 8375 372)
4(222 373 8376 8225)
4(372 8375 8376 373)
4(223 374 8377 8226)
4(373 8376 8377 374)
4(224 375 8378 8227)
4(374 8377 8378 375)
4(225 376 8379 8228)
4(375 8378 8379 376)
4(226 377 8380 8229)
4(376 8379 8380 377)
4(227 378 8381 8230)
4(377 8380 8381 378)
4(228 379 8382 8231)
4(378 8381 8382 379)
4(229 380 8383 8232)
4(379 8382 8383 380)
4(230 381 8384 8233)
4(380 8383 8384 381)
4(231 382 8385 8234)
4(381 8384 8385 382)
4(232 383 8386 8235)
4(382 8385 8386 383)
4(233 384 8387 8236)
4(383 8386 8387 384)
4(234 385 8388 8237)
4(384 8387 8388 385)
4(235 386 8389 8238)
4(385 8388 8389 386)
4(236 387 8390 8239)
4(386 8389 8390 387)
4(237 388 8391 8240)
4(387 8390 8391 388)
4(238 389 8392 8241)
4(388 8391 8392 389)
4(239 390 8393 8242)
4(389 8392 8393 390)
4(240 391 8394 8243)
4(390 8393 8394 391)
4(241 392 8395 8244)
4(391 8394 8395 392)
4(242 393 8396 8245)
4(392 8395 8396 393)
4(243 394 8397 8246)
4(393 8396 8397 394)
4(244 395 8398 8247)
4(394 8397 8398 395)
4(245 396 8399 8248)
4(395 8398 8399 396)
4(246 397 8400 8249)
4(396 8399 8400 397)
4(247 398 8401 8250)
4(397 8400 8401 398)
4(248 399 8402 8251)
4(398 8401 8402 399)
4(249 400 8403 8252)
4(399 8402 8403 400)
4(250 401 8404 8253)
4(400 8403 8404 401)
4(251 402 8405 8254)
4(401 8404 8405 402)
4(252 403 8406 8255)
4(402 8405 8406 403)
4(253 404 8407 8256)
4(403 8406 8407 404)
4(254 405 8408 8257)
4(404 8407 8408 405)
4(255 406 8409 8258)
4(405 8408 8409 406)
4(256 407 8410 8259)
4(406 8409 8410 407)
4(257 408 8411 8260)
4(407 8410 8411 408)
4(258 409 8412 8261)
4(408 8411 8412 409)
4(259 410 8413 8262)
4(409 8412 8413 410)
4(260 411 8414 8263)
4(410 8413 8414 411)
4(261 412 8415 8264)
4(411 8414 8415 412)
4(262 413 8416 8265)
4(412 8415 8416 413)
4(263 414 8417 8266)
4(413 8416 8417 414)
4(264 415 8418 8267)
4(414 8417 8418 415)
4(265 416 8419 8268)
4(415 8418 8419 416)
4(266 417 8420 8269)
4(416 8419 8420 417)
4(267 418 8421 8270)
4(417 8420 8421 418)
4(268 419 8422 8271)
4(418 8421 8422 419)
4(269 420 8423 8272)
4(419 8422 8423 420)
4(270 421 8424 8273)
4(420 8423 8424 421)
4(271 422 8425 8274)
4(421 8424 8425 422)
4(272 423 8426 8275)
4(422 8425 8426 423)
4(273 424 8427 8276)
4(423 8426 8427 424)
4(274 425 8428 8277)
4(424 8427 8428 425)
4(275 426 8429 8278)
4(425 8428 8429 426)
4(276 427 8430 8279)
4(426 8429 8430 427)
4(277 428 8431 8280)
4(427 8430 8431 428)
4(278 429 8432 8281)
4(428 8431 8432 429)
4(279 430 8433 8282)
4(429 8432 8433 430)
4(280 431 8434 8283)
4(430 8433 8434 431)
4(281 432 8435 8284)
4(431 8434 8435 432)
4(282 433 8436 8285)
4(432 8435 8436 433)
4(283 434 8437 8286)
4(433 8436 8437 434)
4(284 435 8438 8287)
4(434 8437 8438 435)
4(285 436 8439 8288)
4(435 8438 8439 436)
4(286 437 8440 8289)
4(436 8439 8440 437)
4(287 438 8441 8290)
4(437 8440 8441 438)
4(288 439 8442 8291)
4(438 8441 8442 439)
4(289 440 8443 8292)
4(439 8442 8443 440)
4(290 441 8444 8293)
4(440 8443 8444 441)
4(291 442 8445 8294)
4(441 8444 8445 442)
4(292 443 8446 8295)
4(442 8445 8446 443)
4(293 444 8447 8296)
4(443 8446 8447 444)
4(294 445 8448 8297)
4(444 8447 8448 445)
4(295 446 8449 8298)
4(445 8448 8449 446)
4(296 447 8450 8299)
4(446 8449 8450 447)
4(297 448 8451 8300)
4(447 8450 8451 448)
4(298 449 8452 8301)
4(448 8451 8452 449)
4(299 450 8453 8302)
4(449 8452 8453 450)
4(300 451 8454 8303)
4(450 8453 8454 451)
4(451 8454 8455 452)
4(303 454 8457 8306)
4(453 8456 8457 454)
4(304 455 8458 8307)
4(454 8457 8458 455)
4(305 456 8459 8308)
4(455 8458 8459 456)
4(306 457 8460 8309)
4(456 8459 8460 457)
4(307 458 8461 8310)
4(457 8460 8461 458)
4(308 459 8462 8311)
4(458 8461 8462 459)
4(309 460 8463 8312)
4(459 8462 8463 460)
4(310 461 8464 8313)
4(460 8463 8464 461)
4(311 462 8465 8314)
4(461 8464 8465 462)
4(312 463 8466 8315)
4(462 8465 8466 463)
4(313 464 8467 8316)
4(463 8466 8467 464)
4(314 465 8468 8317)
4(464 8467 8468 465)
4(315 466 8469 8318)
4(465 8468 8469 466)
4(316 467 8470 8319)
4(466 8469 8470 467)
4(317 468 8471 8320)
4(467 8470 8471 468)
4(318 469 8472 8321)
4(468 8471 8472 469)
4(319 470 8473 8322)
4(469 8472 8473 470)
4(320 471 8474 8323)
4(470 8473 8474 471)
4(321 472 8475 8324)
4(471 8474 8475 472)
4(322 473 8476 8325)
4(472 8475 8476 473)
4(323 474 8477 8326)
4(473 8476 8477 474)
4(324 475 8478 8327)
4(474 8477 8478 475)
4(325 476 8479 8328)
4(475 8478 8479 476)
4(326 477 8480 8329)
4(476 8479 8480 477)
4(327 478 8481 8330)
4(477 8480 8481 478)
4(328 479 8482 8331)
4(478 8481 8482 479)
4(329 480 8483 8332)
4(479 8482 8483 480)
4(330 481 8484 8333)
4(480 8483 8484 481)
4(331 482 8485 8334)
4(481 8484 8485 482)
4(332 483 8486 8335)
4(482 8485 8486 483)
4(333 484 8487 8336)
4(483 8486 8487 484)
4(334 485 8488 8337)
4(484 8487 8488 485)
4(335 486 8489 8338)
4(485 8488 8489 486)
4(336 487 8490 8339)
4(486 8489 8490 487)
4(337 488 8491 8340)
4(487 8490 8491 488)
4(338 489 8492 8341)
4(488 8491 8492 489)
4(339 490 8493 8342)
4(489 8492 8493 490)
4(340 491 8494 8343)
4(490 8493 8494 491)
4(341 492 8495 8344)
4(491 8494 8495 492)
4(342 493 8496 8345)
4(492 8495 8496 493)
4(343 494 8497 8346)
4(493 8496 8497 494)
4(344 495 8498 8347)
4(494 8497 8498 495)
4(345 496 8499 8348)
4(495 8498 8499 496)
4(346 497 8500 8349)
4(496 8499 8500 497)
4(347 498 8501 8350)
4(497 8500 8501 498)
4(348 499 8502 8351)
4(498 8501 8502 499)
4(349 500 8503 8352)
4(499 8502 8503 500)
4(350 501 8504 8353)
4(500 8503 8504 501)
4(351 502 8505 8354)
4(501 8504 8505 502)
4(352 503 8506 8355)
4(502 8505 8506 503)
4(353 504 8507 8356)
4(503 8506 8507 504)
4(354 505 8508 8357)
4(504 8507 8508 505)
4(355 506 8509 8358)
4(505 8508 8509 506)
4(356 507 8510 8359)
4(506 8509 8510 507)
4(357 508 8511 8360)
4(507 8510 8511 508)
4(358 509 8512 8361)
4(508 8511 8512 509)
4(359 510 8513 8362)
4(509 8512 8513 510)
4(360 511 8514 8363)
4(510 8513 8514 511)
4(361 512 8515 8364)
4(511 8514 8515 512)
4(362 513 8516 8365)
4(512 8515 8516 513)
4(363 514 8517 8366)
4(513 8516 8517 514)
4(364 515 8518 8367)
4(514 8517 8518 515)
4(365 516 8519 8368)
4(515 8518 8519 516)
4(366 517 8520 8369)
4(516 8519 8520 517)
4(367 518 8521 8370)
4(517 8520 8521 518)
4(368 519 8522 8371)
4(518 8521 8522 519)
4(369 520 8523 8372)
4(519 8522 8523 520)
4(370 521 8524 8373)
4(520 8523 8524 521)
4(371 522 8525 8374)
4(521 8524 8525 522)
4(372 523 8526 8375)
4(522 8525 8526 523)
4(373 524 8527 8376)
4(523 8526 8527 524)
4(374 525 8528 8377)
4(524 8527 8528 525)
4(375 526 8529 8378)
4(525 8528 8529 526)
4(376 527 8530 8379)
4(526 8529 8530 527)
4(377 528 8531 8380)
4(527 8530 8531 528)
4(378 529 8532 8381)
4(528 8531 8532 529)
4(379 530 8533 8382)
4(529 8532 8533 530)
4(380 531 8534 8383)
4(530 8533 8534 531)
4(381 532 8535 8384)
4(531 8534 8535 532)
4(382 533 8536 8385)
4(532 8535 8536 533)
4(383 534 8537 8386)
4(533 8536 8537 534)
4(384 535 8538 8387)
4(534 8537 8538 535)
4(385 536 8539 8388)
4(535 8538 8539 536)
4(386 537 8540 8389)
4(536 8539 8540 537)
4(387 538 8541 8390)
4(537 8540 8541 538)
4(388 539 8542 8391)
4(538 8541 8542 539)
4(389 540 8543 8392)
4(539 8542 8543 540)
4(390 541 8544 8393)
4(540 8543 8544 541)
4(391 542 8545 8394)
4(541 8544 8545 542)
4(392 543 8546 8395)
4(542 8545 8546 543)
4(393 544 8547 8396)
4(543 8546 8547 544)
4(394 545 8548 8397)
4(544 8547 8548 545)
4(395 546 8549 8398)
4(545 8548 8549 546)
4(396 547 8550 8399)
4(546 8549 8550 547)
4(397 548 8551 8400)
4(547 8550 8551 548)
4(398 549 8552 8401)
4(548 8551 8552 549)
4(399 550 8553 8402)
4(549 8552 8553 550)
4(400 551 8554 8403)
4(550 8553 8554 551)
4(401 552 8555 8404)
4(551 8554 8555 552)
4(402 553 8556 8405)
4(552 8555 8556 553)
4(403 554 8557 8406)
4(553 8556 8557 554)
4(404 555 8558 8407)
4(554 8557 8558 555)
4(405 556 8559 8408)
4(555 8558 8559 556)
4(406 557 8560 8409)
4(556 8559 8560 557)
4(407 558 8561 8410)
4(557 8560 8561 558)
4(408 559 8562 8411)
4(558 8561 8562 559)
4(409 560 8563 8412)
4(559 8562 8563 560)
4(410 561 8564 8413)
4(560 8563 8564 561)
4(411 562 8565 8414)
4(561 8564 8565 562)
4(412 563 8566 8415)
4(562 8565 8566 563)
4(413 564 8567 8416)
4(563 8566 8567 564)
4(414 565 8568 8417)
4(564 8567 8568 565)
4(415 566 8569 8418)
4(565 8568 8569 566)
4(416 567 8570 8419)
4(566 8569 8570 567)
4(417 568 8571 8420)
4(567 8570 8571 568)
4(418 569 8572 8421)
4(568 8571 8572 569)
4(419 570 8573 8422)
4(569 8572 8573 570)
4(420 571 8574 8423)
4(570 8573 8574 571)
4(421 572 8575 8424)
4(571 8574 8575 572)
4(422 573 8576 8425)
4(572 8575 8576 573)
4(423 574 8577 8426)
4(573 8576 8577 574)
4(424 575 8578 8427)
4(574 8577 8578 575)
4(425 576 8579 8428)
4(575 8578 8579 576)
4(426 577 8580 8429)
4(576 8579 8580 577)
4(427 578 8581 8430)
4(577 8580 8581 578)
4(428 579 8582 8431)
4(578 8581 8582 579)
4(429 580 8583 8432)
4(579 8582 8583 580)
4(430 581 8584 8433)
4(580 8583 8584 581)
4(431 582 8585 8434)
4(581 8584 8585 582)
4(432 583 8586 8435)
4(582 8585 8586 583)
4(433 584 8587 8436)
4(583 8586 8587 584)
4(434 585 8588 8437)
4(584 8587 8588 585)
4(435 586 8589 8438)
4(585 8588 8589 586)
4(436 587 8590 8439)
4(586 8589 8590 587)
4(437 588 8591 8440)
4(587 8590 8591 588)
4(438 589 8592 8441)
4(588 8591 8592 589)
4(439 590 8593 8442)
4(589 8592 8593 590)
4(440 591 8594 8443)
4(590 8593 8594 591)
4(441 592 8595 8444)
4(591 8594 8595 592)
4(442 593 8596 8445)
4(592 8595 8596 593)
4(443 594 8597 8446)
4(593 8596 8597 594)
4(444 595 8598 8447)
4(594 8597 8598 595)
4(445 596 8599 8448)
4(595 8598 8599 596)
4(446 597 8600 8449)
4(596 8599 8600 597)
4(447 598 8601 8450)
4(597 8600 8601 598)
4(448 599 8602 8451)
4(598 8601 8602 599)
4(449 600 8603 8452)
4(599 8602 8603 600)
4(450 601 8604 8453)
4(600 8603 8604 601)
4(451 602 8605 8454)
4(601 8604 8605 602)
4(602 8605 8606 603)
4(454 605 8608 8457)
4(604 8607 8608 605)
4(455 606 8609 8458)
4(605 8608 8609 606)
4(456 607 8610 8459)
4(606 8609 8610 607)
4(457 608 8611 8460)
4(607 8610 8611 608)
4(458 609 8612 8461)
4(608 8611 8612 609)
4(459 610 8613 8462)
4(609 8612 8613 610)
4(460 611 8614 8463)
4(610 8613 8614 611)
4(461 612 8615 8464)
4(611 8614 8615 612)
4(462 613 8616 8465)
4(612 8615 8616 613)
4(463 614 8617 8466)
4(613 8616 8617 614)
4(464 615 8618 8467)
4(614 8617 8618 615)
4(465 616 8619 8468)
4(615 8618 8619 616)
4(466 617 8620 8469)
4(616 8619 8620 617)
4(467 618 8621 8470)
4(617 8620 8621 618)
4(468 619 8622 8471)
4(618 8621 8622 619)
4(469 620 8623 8472)
4(619 8622 8623 620)
4(470 621 8624 8473)
4(620 8623 8624 621)
4(471 622 8625 8474)
4(621 8624 8625 622)
4(472 623 8626 8475)
4(622 8625 8626 623)
4(473 624 8627 8476)
4(623 8626 8627 624)
4(474 625 8628 8477)
4(624 8627 8628 625)
4(475 626 8629 8478)
4(625 8628 8629 626)
4(476 627 8630 8479)
4(626 8629 8630 627)
4(477 628 8631 8480)
4(627 8630 8631 628)
4(478 629 8632 8481)
4(628 8631 8632 629)
4(479 630 8633 8482)
4(629 8632 8633 630)
4(480 631 8634 8483)
4(630 8633 8634 631)
4(481 632 8635 8484)
4(631 8634 8635 632)
4(482 633 8636 8485)
4(632 8635 8636 633)
4(483 634 8637 8486)
4(633 8636 8637 634)
4(484 635 8638 8487)
4(634 8637 8638 635)
4(485 636 8639 8488)
4(635 8638 8639 636)
4(486 637 8640 8489)
4(636 8639 8640 637)
4(487 638 8641 8490)
4(637 8640 8641 638)
4(488 639 8642 8491)
4(638 8641 8642 639)
4(489 640 8643 8492)
4(639 8642 8643 640)
4(490 641 8644 8493)
4(640 8643 8644 641)
4(491 642 8645 8494)
4(641 8644 8645 642)
4(492 643 8646 8495)
4(642 8645 8646 643)
4(493 644 8647 8496)
4(643 8646 8647 644)
4(494 645 8648 8497)
4(644 8647 8648 645)
4(495 646 8649 8498)
4(645 8648 8649 646)
4(496 647 8650 8499)
4(646 8649 8650 647)
4(497 648 8651 8500)
4(647 8650 8651 648)
4(498 649 8652 8501)
4(648 8651 8652 649)
4(499 650 8653 8502)
4(649 8652 8653 650)
4(500 651 8654 8503)
4(650 8653 8654 651)
4(501 652 8655 8504)
4(651 8654 8655 652)
4(502 653 8656 8505)
4(652 8655 8656 653)
4(503 654 8657 8506)
4(653 8656 8657 654)
4(504 655 8658 8507)
4(654 8657 8658 655)
4(505 656 8659 8508)
4(655 8658 8659 656)
4(506 657 8660 8509)
4(656 8659 8660 657)
4(507 658 8661 8510)
4(657 8660 8661 658)
4(508 659 8662 8511)
4(658 8661 8662 659)
4(509 660 8663 8512)
4(659 8662 8663 660)
4(510 661 8664 8513)
4(660 8663 8664 661)
4(511 662 8665 8514)
4(661 8664 8665 662)
4(512 663 8666 8515)
4(662 8665 8666 663)
4(513 664 8667 8516)
4(663 8666 8667 664)
4(514 665 8668 8517)
4(664 8667 8668 665)
4(515 666 8669 8518)
4(665 8668 8669 666)
4(516 667 8670 8519)
4(666 8669 8670 667)
4(517 668 8671 8520)
4(667 8670 8671 668)
4(518 669 8672 8521)
4(668 8671 8672 669)
4(519 670 8673 8522)
4(669 8672 8673 670)
4(520 671 8674 8523)
4(670 8673 8674 671)
4(521 672 8675 8524)
4(671 8674 8675 672)
4(522 673 8676 8525)
4(672 8675 8676 673)
4(523 674 8677 8526)
4(673 8676 8677 674)
4(524 675 8678 8527)
4(674 8677 8678 675)
4(525 676 8679 8528)
4(675 8678 8679 676)
4(526 677 8680 8529)
4(676 8679 8680 677)
4(527 678 8681 8530)
4(677 8680 8681 678)
4(528 679 8682 8531)
4(678 8681 8682 679)
4(529 680 8683 8532)
4(679 8682 8683 680)
4(530 681 8684 8533)
4(680 8683 8684 681)
4(531 682 8685 8534)
4(681 8684 8685 682)
4(532 683 8686 8535)
4(682 8685 8686 683)
4(533 684 8687 8536)
4(683 8686 8687 684)
4(534 685 8688 8537)
4(684 8687 8688 685)
4(535 686 8689 8538)
4(685 8688 8689 686)
4(536 687 8690 8539)
4(686 8689 8690 687)
4(537 688 8691 8540)
4(687 8690 8691 688)
4(538 689 8692 8541)
4(688 8691 8692 689)
4(539 690 8693 8542)
4(689 8692 8693 690)
4(540 691 8694 8543)
4(690 8693 8694 691)
4(541 692 8695 8544)
4(691 8694 8695 692)
4(542 693 8696 8545)
4(692 8695 8696 693)
4(543 694 8697 8546)
4(693 8696 8697 694)
4(544 695 8698 8547)
4(694 8697 8698 695)
4(545 696 8699 8548)
4(695 8698 8699 696)
4(546 697 8700 8549)
4(696 8699 8700 697)
4(547 698 8701 8550)
4(697 8700 8701 698)
4(548 699 8702 8551)
4(698 8701 8702 699)
4(549 700 8703 8552)
4(699 8702 8703 700)
4(550 701 8704 8553)
4(700 8703 8704 701)
4(551 702 8705 8554)
4(701 8704 8705 702)
4(552 703 8706 8555)
4(702 8705 8706 703)
4(553 704 8707 8556)
4(703 8706 8707 704)
4(554 705 8708 8557)
4(704 8707 8708 705)
4(555 706 8709 8558)
4(705 8708 8709 706)
4(556 707 8710 8559)
4(706 8709 8710 707)
4(557 708 8711 8560)
4(707 8710 8711 708)
4(558 709 8712 8561)
4(708 8711 8712 709)
4(559 710 8713 8562)
4(709 8712 8713 710)
4(560 711 8714 8563)
4(710 8713 8714 711)
4(561 712 8715 8564)
4(711 8714 8715 712)
4(562 713 8716 8565)
4(712 8715 8716 713)
4(563 714 8717 8566)
4(713 8716 8717 714)
4(564 715 8718 8567)
4(714 8717 8718 715)
4(565 716 8719 8568)
4(715 8718 8719 716)
4(566 717 8720 8569)
4(716 8719 8720 717)
4(567 718 8721 8570)
4(717 8720 8721 718)
4(568 719 8722 8571)
4(718 8721 8722 719)
4(569 720 8723 8572)
4(719 8722 8723 720)
4(570 721 8724 8573)
4(720 8723 8724 721)
4(571 722 8725 8574)
4(721 8724 8725 722)
4(572 723 8726 8575)
4(722 8725 8726 723)
4(573 724 8727 8576)
4(723 8726 8727 724)
4(574 725 8728 8577)
4(724 8727 8728 725)
4(575 726 8729 8578)
4(725 8728 8729 726)
4(576 727 8730 8579)
4(726 8729 8730 727)
4(577 728 8731 8580)
4(727 8730 8731 728)
4(578 729 8732 8581)
4(728 8731 8732 729)
4(579 730 8733 8582)
4(729 8732 8733 730)
4(580 731 8734 8583)
4(730 8733 8734 731)
4(581 732 8735 8584)
4(731 8734 8735 732)
4(582 733 8736 8585)
4(732 8735 8736 733)
4(583 734 8737 8586)
4(733 8736 8737 734)
4(584 735 8738 8587)
4(734 8737 8738 735)
4(585 736 8739 8588)
4(735 8738 8739 736)
4(586 737 8740 8589)
4(736 8739 8740 737)
4(587 738 8741 8590)
4(737 8740 8741 738)
4(588 739 8742 8591)
4(738 8741 8742 739)
4(589 740 8743 8592)
4(739 8742 8743 740)
4(590 741 8744 8593)
4(740 8743 8744 741)
4(591 742 8745 8594)
4(741 8744 8745 742)
4(592 743 8746 8595)
4(742 8745 8746 743)
4(593 744 8747 8596)
4(743 8746 8747 744)
4(594 745 8748 8597)
4(744 8747 8748 745)
4(595 746 8749 8598)
4(745 8748 8749 746)
4(596 747 8750 8599)
4(746 8749 8750 747)
4(597 748 8751 8600)
4(747 8750 8751 748)
4(598 749 8752 8601)
4(748 8751 8752 749)
4(599 750 8753 8602)
4(749 8752 8753 750)
4(600 751 8754 8603)
4(750 8753 8754 751)
4(601 752 8755 8604)
4(751 8754 8755 752)
4(602 753 8756 8605)
4(752 8755 8756 753)
4(753 8756 8757 754)
4(605 756 8759 8608)
4(755 8758 8759 756)
4(606 757 8760 8609)
4(756 8759 8760 757)
4(607 758 8761 8610)
4(757 8760 8761 758)
4(608 759 8762 8611)
4(758 8761 8762 759)
4(609 760 8763 8612)
4(759 8762 8763 760)
4(610 761 8764 8613)
4(760 8763 8764 761)
4(611 762 8765 8614)
4(761 8764 8765 762)
4(612 763 8766 8615)
4(762 8765 8766 763)
4(613 764 8767 8616)
4(763 8766 8767 764)
4(614 765 8768 8617)
4(764 8767 8768 765)
4(615 766 8769 8618)
4(765 8768 8769 766)
4(616 767 8770 8619)
4(766 8769 8770 767)
4(617 768 8771 8620)
4(767 8770 8771 768)
4(618 769 8772 8621)
4(768 8771 8772 769)
4(619 770 8773 8622)
4(769 8772 8773 770)
4(620 771 8774 8623)
4(770 8773 8774 771)
4(621 772 8775 8624)
4(771 8774 8775 772)
4(622 773 8776 8625)
4(772 8775 8776 773)
4(623 774 8777 8626)
4(773 8776 8777 774)
4(624 775 8778 8627)
4(774 8777 8778 775)
4(625 776 8779 8628)
4(775 8778 8779 776)
4(626 777 8780 8629)
4(776 8779 8780 777)
4(627 778 8781 8630)
4(777 8780 8781 778)
4(628 779 8782 8631)
4(778 8781 8782 779)
4(629 780 8783 8632)
4(779 8782 8783 780)
4(630 781 8784 8633)
4(780 8783 8784 781)
4(631 782 8785 8634)
4(781 8784 8785 782)
4(632 783 8786 8635)
4(782 8785 8786 783)
4(633 784 8787 8636)
4(783 8786 8787 784)
4(634 785 8788 8637)
4(784 8787 8788 785)
4(635 786 8789 8638)
4(785 8788 8789 786)
4(636 787 8790 8639)
4(786 8789 8790 787)
4(637 788 8791 8640)
4(787 8790 8791 788)
4(638 789 8792 8641)
4(788 8791 8792 789)
4(639 790 8793 8642)
4(789 8792 8793 790)
4(640 791 8794 8643)
4(790 8793 8794 791)
4(641 792 8795 8644)
4(791 8794 8795 792)
4(642 793 8796 8645)
4(792 8795 8796 793)
4(643 794 8797 8646)
4(793 8796 8797 794)
4(644 795 8798 8647)
4(794 8797 8798 795)
4(645 796 8799 8648)
4(795 8798 8799 796)
4(646 797 8800 8649)
4(796 8799 8800 797)
4(647 798 8801 8650)
4(797 8800 8801 798)
4(648 799 8802 8651)
4(798 8801 8802 799)
4(649 800 8803 8652)
4(799 8802 8803 800)
4(650 801 8804 8653)
4(800 8803 8804 801)
4(651 802 8805 8654)
4(801 8804 8805 802)
4(652 803 8806 8655)
4(802 8805 8806 803)
4(653 804 8807 8656)
4(803 8806 8807 804)
4(654 805 8808 8657)
4(804 8807 8808 805)
4(655 806 8809 8658)
4(805 8808 8809 806)
4(656 807 8810 8659)
4(806 8809 8810 807)
4(657 808 8811 8660)
4(807 8810 8811 808)
4(658 809 8812 8661)
4(808 8811 8812 809)
4(659 810 8813 8662)
4(809 8812 8813 810)
4(660 811 8814 8663)
4(810 8813 8814 811)
4(661 812 8815 8664)
4(811 8814 8815 812)
4(662 813 8816 8665)
4(812 8815 8816 813)
4(663 814 8817 8666)
4(813 8816 8817 814)
4(664 815 8818 8667)
4(814 8817 8818 815)
4(665 816 8819 8668)
4(815 8818 8819 816)
4(666 817 8820 8669)
4(816 8819 8820 817)
4(667 818 8821 8670)
4(817 8820 8821 818)
4(668 819 8822 8671)
4(818 8821 8822 819)
4(669 820 8823 8672)
4(819 8822 8823 820)
4(670 821 8824 8673)
4(820 8823 8824 821)
4(671 822 8825 8674)
4(821 8824 8825 822)
4(672 823 8826 8675)
4(822 8825 8826 823)
4(673 824 8827 8676)
4(823 8826 8827 824)
4(674 825 8828 8677)
4(824 8827 8828 825)
4(675 826 8829 8678)
4(825 8828 8829 826)
4(676 827 8830 8679)
4(826 8829 8830 827)
4(677 828 8831 8680)
4(827 8830 8831 828)
4(678 829 8832 8681)
4(828 8831 8832 829)
4(679 830 8833 8682)
4(829 8832 8833 830)
4(680 831 8834 8683)
4(830 8833 8834 831)
4(681 832 8835 8684)
4(831 8834 8835 832)
4(682 833 8836 8685)
4(832 8835 8836 833)
4(683 834 8837 8686)
4(833 8836 8837 834)
4(684 835 8838 8687)
4(834 8837 8838 835)
4(685 836 8839 8688)
4(835 8838 8839 836)
4(686 837 8840 8689)
4(836 8839 8840 837)
4(687 838 8841 8690)
4(837 8840 8841 838)
4(688 839 8842 8691)
4(838 8841 8842 839)
4(689 840 8843 8692)
4(839 8842 8843 840)
4(690 841 8844 8693)
4(840 8843 8844 841)
4(691 842 8845 8694)
4(841 8844 8845 842)
4(692 843 8846 8695)
4(842 8845 8846 843)
4(693 844 8847 8696)
4(843 8846 8847 844)
4(694 845 8848 8697)
4(844 8847 8848 845)
4(695 846 8849 8698)
4(845 8848 8849 846)
4(696 847 8850 8699)
4(846 8849 8850 847)
4(697 848 8851 8700)
4(847 8850 8851 848)
4(698 849 8852 8701)
4(848 8851 8852 849)
4(699 850 8853 8702)
4(849 8852 8853 850)
4(700 851 8854 8703)
4(850 8853 8854 851)
4(701 852 8855 8704)
4(851 8854 8855 852)
4(702 853 8856 8705)
4(852 8855 8856 853)
4(703 854 8857 8706)
4(853 8856 8857 854)
4(704 855 8858 8707)
4(854 8857 8858 855)
4(705 856 8859 8708)
4(855 8858 8859 856)
4(706 857 8860 8709)
4(856 8859 8860 857)
4(707 858 8861 8710)
4(857 8860 8861 858)
4(708 859 8862 8711)
4(858 8861 8862 859)
4(709 860 8863 8712)
4(859 8862 8863 860)
4(710 861 8864 8713)
4(860 8863 8864 861)
4(711 862 8865 8714)
4(861 8864 8865 862)
4(712 863 8866 8715)
4(862 8865 8866 863)
4(713 864 8867 8716)
4(863 8866 8867 864)
4(714 865 8868 8717)
4(864 8867 8868 865)
4(715 866 8869 8718)
4(865 8868 8869 866)
4(716 867 8870 8719)
4(866 8869 8870 867)
4(717 868 8871 8720)
4(867 8870 8871 868)
4(718 869 8872 8721)
4(868 8871 8872 869)
4(719 870 8873 8722)
4(869 8872 8873 870)
4(720 871 8874 8723)
4(870 8873 8874 871)
4(721 872 8875 8724)
4(871 8874 8875 872)
4(722 873 8876 8725)
4(872 8875 8876 873)
4(723 874 8877 8726)
4(873 8876 8877 874)
4(724 875 8878 8727)
4(874 8877 8878 875)
4(725 876 8879 8728)
4(875 8878 8879 876)
4(726 877 8880 8729)
4(876 8879 8880 877)
4(727 878 8881 8730)
4(877 8880 8881 878)
4(728 879 8882 8731)
4(878 8881 8882 879)
4(729 880 8883 8732)
4(879 8882 8883 880)
4(730 881 8884 8733)
4(880 8883 8884 881)
4(731 882 8885 8734)
4(881 8884 8885 882)
4(732 883 8886 8735)
4(882 8885 8886 883)
4(733 884 8887 8736)
4(883 8886 8887 884)
4(734 885 8888 8737)
4(884 8887 8888 885)
4(735 886 8889 8738)
4(885 8888 8889 886)
4(736 887 8890 8739)
4(886 8889 8890 887)
4(737 888 8891 8740)
4(887 8890 8891 888)
4(738 889 8892 8741)
4(888 8891 8892 889)
4(739 890 8893 8742)
4(889 8892 8893 890)
4(740 891 8894 8743)
4(890 8893 8894 891)
4(741 892 8895 8744)
4(891 8894 8895 892)
4(742 893 8896 8745)
4(892 8895 8896 893)
4(743 894 8897 8746)
4(893 8896 8897 894)
4(744 895 8898 8747)
4(894 8897 8898 895)
4(745 896 8899 8748)
4(895 8898 8899 896)
4(746 897 8900 8749)
4(896 8899 8900 897)
4(747 898 8901 8750)
4(897 8900 8901 898)
4(748 899 8902 8751)
4(898 8901 8902 899)
4(749 900 8903 8752)
4(899 8902 8903 900)
4(750 901 8904 8753)
4(900 8903 8904 901)
4(751 902 8905 8754)
4(901 8904 8905 902)
4(752 903 8906 8755)
4(902 8905 8906 903)
4(753 904 8907 8756)
4(903 8906 8907 904)
4(904 8907 8908 905)
4(756 907 8910 8759)
4(906 8909 8910 907)
4(757 908 8911 8760)
4(907 8910 8911 908)
4(758 909 8912 8761)
4(908 8911 8912 909)
4(759 910 8913 8762)
4(909 8912 8913 910)
4(760 911 8914 8763)
4(910 8913 8914 911)
4(761 912 8915 8764)
4(911 8914 8915 912)
4(762 913 8916 8765)
4(912 8915 8916 913)
4(763 914 8917 8766)
4(913 8916 8917 914)
4(764 915 8918 8767)
4(914 8917 8918 915)
4(765 916 8919 8768)
4(915 8918 8919 916)
4(766 917 8920 8769)
4(916 8919 8920 917)
4(767 918 8921 8770)
4(917 8920 8921 918)
4(768 919 8922 8771)
4(918 8921 8922 919)
4(769 920 8923 8772)
4(919 8922 8923 920)
4(770 921 8924 8773)
4(920 8923 8924 921)
4(771 922 8925 8774)
4(921 8924 8925 922)
4(772 923 8926 8775)
4(922 8925 8926 923)
4(773 924 8927 8776)
4(923 8926 8927 924)
4(774 925 8928 8777)
4(924 8927 8928 925)
4(775 926 8929 8778)
4(925 8928 8929 926)
4(776 927 8930 8779)
4(926 8929 8930 927)
4(777 928 8931 8780)
4(927 8930 8931 928)
4(778 929 8932 8781)
4(928 8931 8932 929)
4(779 930 8933 8782)
4(929 8932 8933 930)
4(780 931 8934 8783)
4(930 8933 8934 931)
4(781 932 8935 8784)
4(931 8934 8935 932)
4(782 933 8936 8785)
4(932 8935 8936 933)
4(783 934 8937 8786)
4(933 8936 8937 934)
4(784 935 8938 8787)
4(934 8937 8938 935)
4(785 936 8939 8788)
4(935 8938 8939 936)
4(786 937 8940 8789)
4(936 8939 8940 937)
4(787 938 8941 8790)
4(937 8940 8941 938)
4(788 939 8942 8791)
4(938 8941 8942 939)
4(789 940 8943 8792)
4(939 8942 8943 940)
4(790 941 8944 8793)
4(940 8943 8944 941)
4(791 942 8945 8794)
4(941 8944 8945 942)
4(792 943 8946 8795)
4(942 8945 8946 943)
4(793 944 8947 8796)
4(943 8946 8947 944)
4(794 945 8948 8797)
4(944 8947 8948 945)
4(795 946 8949 8798)
4(945 8948 8949 946)
4(796 947 8950 8799)
4(946 8949 8950 947)
4(797 948 8951 8800)
4(947 8950 8951 948)
4(798 949 8952 8801)
4(948 8951 8952 949)
4(799 950 8953 8802)
4(949 8952 8953 950)
4(800 951 8954 8803)
4(950 8953 8954 951)
4(801 952 8955 8804)
4(951 8954 8955 952)
4(802 953 8956 8805)
4(952 8955 8956 953)
4(803 954 8957 8806)
4(953 8956 8957 954)
4(804 955 8958 8807)
4(954 8957 8958 955)
4(805 956 8959 8808)
4(955 8958 8959 956)
4(806 957 8960 8809)
4(956 8959 8960 957)
4(807 958 8961 8810)
4(957 8960 8961 958)
4(808 959 8962 8811)
4(958 8961 8962 959)
4(809 960 8963 8812)
4(959 8962 8963 960)
4(810 961 8964 8813)
4(960 8963 8964 961)
4(811 962 8965 8814)
4(961 8964 8965 962)
4(812 963 8966 8815)
4(962 8965 8966 963)
4(813 964 8967 8816)
4(963 8966 8967 964)
4(814 965 8968 8817)
4(964 8967 8968 965)
4(815 966 8969 8818)
4(965 8968 8969 966)
4(816 967 8970 8819)
4(966 8969 8970 967)
4(817 968 8971 8820)
4(967 8970 8971 968)
4(818 969 8972 8821)
4(968 8971 8972 969)
4(819 970 8973 8822)
4(969 8972 8973 970)
4(820 971 8974 8823)
4(970 8973 8974 971)
4(821 972 8975 8824)
4(971 8974 8975 972)
4(822 973 8976 8825)
4(972 8975 8976 973)
4(823 974 8977 8826)
4(973 8976 8977 974)
4(824 975 8978 8827)
4(974 8977 8978 975)
4(825 976 8979 8828)
4(975 8978 8979 976)
4(826 977 8980 8829)
4(976 8979 8980 977)
4(827 978 8981 8830)
4(977 8980 8981 978)
4(828 979 8982 8831)
4(978 8981 8982 979)
4(829 980 8983 8832)
4(979 8982 8983 980)
4(830 981 8984 8833)
4(980 8983 8984 981)
4(831 982 8985 8834)
4(981 8984 8985 982)
4(832 983 8986 8835)
4(982 8985 8986 983)
4(833 984 8987 8836)
4(983 8986 8987 984)
4(834 985 8988 8837)
4(984 8987 8988 985)
4(835 986 8989 8838)
4(985 8988 8989 986)
4(836 987 8990 8839)
4(986 8989 8990 987)
4(837 988 8991 8840)
4(987 8990 8991 988)
4(838 989 8992 8841)
4(988 8991 8992 989)
4(839 990 8993 8842)
4(989 8992 8993 990)
4(840 991 8994 8843)
4(990 8993 8994 991)
4(841 992 8995 8844)
4(991 8994 8995 992)
4(842 993 8996 8845)
4(992 8995 8996 993)
4(843 994 8997 8846)
4(993 8996 8997 994)
4(844 995 8998 8847)
4(994 8997 8998 995)
4(845 996 8999 8848)
4(995 8998 8999 996)
4(846 997 9000 8849)
4(996 8999 9000 997)
4(847 998 9001 8850)
4(997 9000 9001 998)
4(848 999 9002 8851)
4(998 9001 9002 999)
4(849 1000 9003 8852)
4(999 9002 9003 1000)
4(850 1001 9004 8853)
4(1000 9003 9004 1001)
4(851 1002 9005 8854)
4(1001 9004 9005 1002)
4(852 1003 9006 8855)
4(1002 9005 9006 1003)
4(853 1004 9007 8856)
4(1003 9006 9007 1004)
4(854 1005 9008 8857)
4(1004 9007 9008 1005)
4(855 1006 9009 8858)
4(1005 9008 9009 1006)
4(856 1007 9010 8859)
4(1006 9009 9010 1007)
4(857 1008 9011 8860)
4(1007 9010 9011 1008)
4(858 1009 9012 8861)
4(1008 9011 9012 1009)
4(859 1010 9013 8862)
4(1009 9012 9013 1010)
4(860 1011 9014 8863)
4(1010 9013 9014 1011)
4(861 1012 9015 8864)
4(1011 9014 9015 1012)
4(862 1013 9016 8865)
4(1012 9015 9016 1013)
4(863 1014 9017 8866)
4(1013 9016 9017 1014)
4(864 1015 9018 8867)
4(1014 9017 9018 1015)
4(865 1016 9019 8868)
4(1015 9018 9019 1016)
4(866 1017 9020 8869)
4(1016 9019 9020 1017)
4(867 1018 9021 8870)
4(1017 9020 9021 1018)
4(868 1019 9022 8871)
4(1018 9021 9022 1019)
4(869 1020 9023 8872)
4(1019 9022 9023 1020)
4(870 1021 9024 8873)
4(1020 9023 9024 1021)
4(871 1022 9025 8874)
4(1021 9024 9025 1022)
4(872 1023 9026 8875)
4(1022 9025 9026 1023)
4(873 1024 9027 8876)
4(1023 9026 9027 1024)
4(874 1025 9028 8877)
4(1024 9027 9028 1025)
4(875 1026 9029 8878)
4(1025 9028 9029 1026)
4(876 1027 9030 8879)
4(1026 9029 9030 1027)
4(877 1028 9031 8880)
4(1027 9030 9031 1028)
4(878 1029 9032 8881)
4(1028 9031 9032 1029)
4(879 1030 9033 8882)
4(1029 9032 9033 1030)
4(880 1031 9034 8883)
4(1030 9033 9034 1031)
4(881 1032 9035 8884)
4(1031 9034 9035 1032)
4(882 1033 9036 8885)
4(1032 9035 9036 1033)
4(883 1034 9037 8886)
4(1033 9036 9037 1034)
4(884 1035 9038 8887)
4(1034 9037 9038 1035)
4(885 1036 9039 8888)
4(1035 9038 9039 1036)
4(886 1037 9040 8889)
4(1036 9039 9040 1037)
4(887 1038 9041 8890)
4(1037 9040 9041 1038)
4(888 1039 9042 8891)
4(1038 9041 9042 1039)
4(889 1040 9043 8892)
4(1039 9042 9043 1040)
4(890 1041 9044 8893)
4(1040 9043 9044 1041)
4(891 1042 9045 8894)
4(1041 9044 9045 1042)
4(892 1043 9046 8895)
4(1042 9045 9046 1043)
4(893 1044 9047 8896)
4(1043 9046 9047 1044)
4(894 1045 9048 8897)
4(1044 9047 9048 1045)
4(895 1046 9049 8898)
4(1045 9048 9049 1046)
4(896 1047 9050 8899)
4(1046 9049 9050 1047)
4(897 1048 9051 8900)
4(1047 9050 9051 1048)
4(898 1049 9052 8901)
4(1048 9051 9052 1049)
4(899 1050 9053 8902)
4(1049 9052 9053 1050)
4(900 1051 9054 8903)
4(1050 9053 9054 1051)
4(901 1052 9055 8904)
4(1051 9054 9055 1052)
4(902 1053 9056 8905)
4(1052 9055 9056 1053)
4(903 1054 9057 8906)
4(1053 9056 9057 1054)
4(904 1055 9058 8907)
4(1054 9057 9058 1055)
4(1055 9058 9059 1056)
4(907 1058 9061 8910)
4(1057 9060 9061 1058)
4(908 1059 9062 8911)
4(1058 9061 9062 1059)
4(909 1060 9063 8912)
4(1059 9062 9063 1060)
4(910 1061 9064 8913)
4(1060 9063 9064 1061)
4(911 1062 9065 8914)
4(1061 9064 9065 1062)
4(912 1063 9066 8915)
4(1062 9065 9066 1063)
4(913 1064 9067 8916)
4(1063 9066 9067 1064)
4(914 1065 9068 8917)
4(1064 9067 9068 1065)
4(915 1066 9069 8918)
4(1065 9068 9069 1066)
4(916 1067 9070 8919)
4(1066 9069 9070 1067)
4(917 1068 9071 8920)
4(1067 9070 9071 1068)
4(918 1069 9072 8921)
4(1068 9071 9072 1069)
4(919 1070 9073 8922)
4(1069 9072 9073 1070)
4(920 1071 9074 8923)
4(1070 9073 9074 1071)
4(921 1072 9075 8924)
4(1071 9074 9075 1072)
4(922 1073 9076 8925)
4(1072 9075 9076 1073)
4(923 1074 9077 8926)
4(1073 9076 9077 1074)
4(924 1075 9078 8927)
4(1074 9077 9078 1075)
4(925 1076 9079 8928)
4(1075 9078 9079 1076)
4(926 1077 9080 8929)
4(1076 9079 9080 1077)
4(927 1078 9081 8930)
4(1077 9080 9081 1078)
4(928 1079 9082 8931)
4(1078 9081 9082 1079)
4(929 1080 9083 8932)
4(1079 9082 9083 1080)
4(930 1081 9084 8933)
4(1080 9083 9084 1081)
4(931 1082 9085 8934)
4(1081 9084 9085 1082)
4(932 1083 9086 8935)
4(1082 9085 9086 1083)
4(933 1084 9087 8936)
4(1083 9086 9087 1084)
4(934 1085 9088 8937)
4(1084 9087 9088 1085)
4(935 1086 9089 8938)
4(1085 9088 9089 1086)
4(936 1087 9090 8939)
4(1086 9089 9090 1087)
4(937 1088 9091 8940)
4(1087 9090 9091 1088)
4(938 1089 9092 8941)
4(1088 9091 9092 1089)
4(939 1090 9093 8942)
4(1089 9092 9093 1090)
4(940 1091 9094 8943)
4(1090 9093 9094 1091)
4(941 1092 9095 8944)
4(1091 9094 9095 1092)
4(942 1093 9096 8945)
4(1092 9095 9096 1093)
4(943 1094 9097 8946)
4(1093 9096 9097 1094)
4(944 1095 9098 8947)
4(1094 9097 9098 1095)
4(945 1096 9099 8948)
4(1095 9098 9099 1096)
4(946 1097 9100 8949)
4(1096 9099 9100 1097)
4(947 1098 9101 8950)
4(1097 9100 9101 1098)
4(948 1099 9102 8951)
4(1098 9101 9102 1099)
4(949 1100 9103 8952)
4(1099 9102 9103 1100)
4(950 1101 9104 8953)
4(1100 9103 9104 1101)
4(951 1102 9105 8954)
4(1101 9104 9105 1102)
4(952 1103 9106 8955)
4(1102 9105 9106 1103)
4(953 1104 9107 8956)
4(1103 9106 9107 1104)
4(954 1105 9108 8957)
4(1104 9107 9108 1105)
4(955 1106 9109 8958)
4(1105 9108 9109 1106)
4(956 1107 9110 8959)
4(1106 9109 9110 1107)
4(957 1108 9111 8960)
4(1107 9110 9111 1108)
4(958 1109 9112 8961)
4(1108 9111 9112 1109)
4(959 1110 9113 8962)
4(1109 9112 9113 1110)
4(960 1111 9114 8963)
4(1110 9113 9114 1111)
4(961 1112 9115 8964)
4(1111 9114 9115 1112)
4(962 1113 9116 8965)
4(1112 9115 9116 1113)
4(963 1114 9117 8966)
4(1113 9116 9117 1114)
4(964 1115 9118 8967)
4(1114 9117 9118 1115)
4(965 1116 9119 8968)
4(1115 9118 9119 1116)
4(966 1117 9120 8969)
4(1116 9119 9120 1117)
4(967 1118 9121 8970)
4(1117 9120 9121 1118)
4(968 1119 9122 8971)
4(1118 9121 9122 1119)
4(969 1120 9123 8972)
4(1119 9122 9123 1120)
4(970 1121 9124 8973)
4(1120 9123 9124 1121)
4(971 1122 9125 8974)
4(1121 9124 9125 1122)
4(972 1123 9126 8975)
4(1122 9125 9126 1123)
4(973 1124 9127 8976)
4(1123 9126 9127 1124)
4(974 1125 9128 8977)
4(1124 9127 9128 1125)
4(975 1126 9129 8978)
4(1125 9128 9129 1126)
4(976 1127 9130 8979)
4(1126 9129 9130 1127)
4(977 1128 9131 8980)
4(1127 9130 9131 1128)
4(978 1129 9132 8981)
4(1128 9131 9132 1129)
4(979 1130 9133 8982)
4(1129 9132 9133 1130)
4(980 1131 9134 8983)
4(1130 9133 9134 1131)
4(981 1132 9135 8984)
4(1131 9134 9135 1132)
4(982 1133 9136 8985)
4(1132 9135 9136 1133)
4(983 1134 9137 8986)
4(1133 9136 9137 1134)
4(984 1135 9138 8987)
4(1134 9137 9138 1135)
4(985 1136 9139 8988)
4(1135 9138 9139 1136)
4(986 1137 9140 8989)
4(1136 9139 9140 1137)
4(987 1138 9141 8990)
4(1137 9140 9141 1138)
4(988 1139 9142 8991)
4(1138 9141 9142 1139)
4(989 1140 9143 8992)
4(1139 9142 9143 1140)
4(990 1141 9144 8993)
4(1140 9143 9144 1141)
4(991 1142 9145 8994)
4(1141 9144 9145 1142)
4(992 1143 9146 8995)
4(1142 9145 9146 1143)
4(993 1144 9147 8996)
4(1143 9146 9147 1144)
4(994 1145 9148 8997)
4(1144 9147 9148 1145)
4(995 1146 9149 8998)
4(1145 9148 9149 1146)
4(996 1147 9150 8999)
4(1146 9149 9150 1147)
4(997 1148 9151 9000)
4(1147 9150 9151 1148)
4(998 1149 9152 9001)
4(1148 9151 9152 1149)
4(999 1150 9153 9002)
4(1149 9152 9153 1150)
4(1000 1151 9154 9003)
4(1150 9153 9154 1151)
4(1001 1152 9155 9004)
4(1151 9154 9155 1152)
4(1002 1153 9156 9005)
4(1152 9155 9156 1153)
4(1003 1154 9157 9006)
4(1153 9156 9157 1154)
4(1004 1155 9158 9007)
4(1154 9157 9158 1155)
4(1005 1156 9159 9008)
4(1155 9158 9159 1156)
4(1006 1157 9160 9009)
4(1156 9159 9160 1157)
4(1007 1158 9161 9010)
4(1157 9160 9161 1158)
4(1008 1159 9162 9011)
4(1158 9161 9162 1159)
4(1009 1160 9163 9012)
4(1159 9162 9163 1160)
4(1010 1161 9164 9013)
4(1160 9163 9164 1161)
4(1011 1162 9165 9014)
4(1161 9164 9165 1162)
4(1012 1163 9166 9015)
4(1162 9165 9166 1163)
4(1013 1164 9167 9016)
4(1163 9166 9167 1164)
4(1014 1165 9168 9017)
4(1164 9167 9168 1165)
4(1015 1166 9169 9018)
4(1165 9168 9169 1166)
4(1016 1167 9170 9019)
4(1166 9169 9170 1167)
4(1017 1168 9171 9020)
4(1167 9170 9171 1168)
4(1018 1169 9172 9021)
4(1168 9171 9172 1169)
4(1019 1170 9173 9022)
4(1169 9172 9173 1170)
4(1020 1171 9174 9023)
4(1170 9173 9174 1171)
4(1021 1172 9175 9024)
4(1171 9174 9175 1172)
4(1022 1173 9176 9025)
4(1172 9175 9176 1173)
4(1023 1174 9177 9026)
4(1173 9176 9177 1174)
4(1024 1175 9178 9027)
4(1174 9177 9178 1175)
4(1025 1176 9179 9028)
4(1175 9178 9179 1176)
4(1026 1177 9180 9029)
4(1176 9179 9180 1177)
4(1027 1178 9181 9030)
4(1177 9180 9181 1178)
4(1028 1179 9182 9031)
4(1178 9181 9182 1179)
4(1029 1180 9183 9032)
4(1179 9182 9183 1180)
4(1030 1181 9184 9033)
4(1180 9183 9184 1181)
4(1031 1182 9185 9034)
4(1181 9184 9185 1182)
4(1032 1183 9186 9035)
4(1182 9185 9186 1183)
4(1033 1184 9187 9036)
4(1183 9186 9187 1184)
4(1034 1185 9188 9037)
4(1184 9187 9188 1185)
4(1035 1186 9189 9038)
4(1185 9188 9189 1186)
4(1036 1187 9190 9039)
4(1186 9189 9190 1187)
4(1037 1188 9191 9040)
4(1187 9190 9191 1188)
4(1038 1189 9192 9041)
4(1188 9191 9192 1189)
4(1039 1190 9193 9042)
4(1189 9192 9193 1190)
4(1040 1191 9194 9043)
4(1190 9193 9194 1191)
4(1041 1192 9195 9044)
4(1191 9194 9195 1192)
4(1042 1193 9196 9045)
4(1192 9195 9196 1193)
4(1043 1194 9197 9046)
4(1193 9196 9197 1194)
4(1044 1195 9198 9047)
4(1194 9197 9198 1195)
4(1045 1196 9199 9048)
4(1195 9198 9199 1196)
4(1046 1197 9200 9049)
4(1196 9199 9200 1197)
4(1047 1198 9201 9050)
4(1197 9200 9201 1198)
4(1048 1199 9202 9051)
4(1198 9201 9202 1199)
4(1049 1200 9203 9052)
4(1199 9202 9203 1200)
4(1050 1201 9204 9053)
4(1200 9203 9204 1201)
4(1051 1202 9205 9054)
4(1201 9204 9205 1202)
4(1052 1203 9206 9055)
4(1202 9205 9206 1203)
4(1053 1204 9207 9056)
4(1203 9206 9207 1204)
4(1054 1205 9208 9057)
4(1204 9207 9208 1205)
4(1055 1206 9209 9058)
4(1205 9208 9209 1206)
4(1206 9209 9210 1207)
4(1058 1209 9212 9061)
4(1208 9211 9212 1209)
4(1059 1210 9213 9062)
4(1209 9212 9213 1210)
4(1060 1211 9214 9063)
4(1210 9213 9214 1211)
4(1061 1212 9215 9064)
4(1211 9214 9215 1212)
4(1062 1213 9216 9065)
4(1212 9215 9216 1213)
4(1063 1214 9217 9066)
4(1213 9216 9217 1214)
4(1064 1215 9218 9067)
4(1214 9217 9218 1215)
4(1065 1216 9219 9068)
4(1215 9218 9219 1216)
4(1066 1217 9220 9069)
4(1216 9219 9220 1217)
4(1067 1218 9221 9070)
4(1217 9220 9221 1218)
4(1068 1219 9222 9071)
4(1218 9221 9222 1219)
4(1069 1220 9223 9072)
4(1219 9222 9223 1220)
4(1070 1221 9224 9073)
4(1220 9223 9224 1221)
4(1071 1222 9225 9074)
4(1221 9224 9225 1222)
4(1072 1223 9226 9075)
4(1222 9225 9226 1223)
4(1073 1224 9227 9076)
4(1223 9226 9227 1224)
4(1074 1225 9228 9077)
4(1224 9227 9228 1225)
4(1075 1226 9229 9078)
4(1225 9228 9229 1226)
4(1076 1227 9230 9079)
4(1226 9229 9230 1227)
4(1077 1228 9231 9080)
4(1227 9230 9231 1228)
4(1078 1229 9232 9081)
4(1228 9231 9232 1229)
4(1079 1230 9233 9082)
4(1229 9232 9233 1230)
4(1080 1231 9234 9083)
4(1230 9233 9234 1231)
4(1081 1232 9235 9084)
4(1231 9234 9235 1232)
4(1082 1233 9236 9085)
4(1232 9235 9236 1233)
4(1083 1234 9237 9086)
4(1233 9236 9237 1234)
4(1084 1235 9238 9087)
4(1234 9237 9238 1235)
4(1085 1236 9239 9088)
4(1235 9238 9239 1236)
4(1086 1237 9240 9089)
4(1236 9239 9240 1237)
4(1087 1238 9241 9090)
4(1237 9240 9241 1238)
4(1088 1239 9242 9091)
4(1238 9241 9242 1239)
4(1089 1240 9243 9092)
4(1239 9242 9243 1240)
4(1090 1241 9244 9093)
4(1240 9243 9244 1241)
4(1091 1242 9245 9094)
4(1241 9244 9245 1242)
4(1092 1243 9246 9095)
4(1242 9245 9246 1243)
4(1093 1244 9247 9096)
4(1243 9246 9247 1244)
4(1094 1245 9248 9097)
4(1244 9247 9248 1245)
4(1095 1246 9249 9098)
4(1245 9248 9249 1246)
4(1096 1247 9250 9099)
4(1246 9249 9250 1247)
4(1097 1248 9251 9100)
4(1247 9250 9251 1248)
4(1098 1249 9252 9101)
4(1248 9251 9252 1249)
4(1099 1250 9253 9102)
4(1249 9252 9253 1250)
4(1100 1251 9254 9103)
4(1250 9253 9254 1251)
4(1101 1252 9255 9104)
4(1251 9254 9255 1252)
4(1102 1253 9256 9105)
4(1252 9255 9256 1253)
4(1103 1254 9257 9106)
4(1253 9256 9257 1254)
4(1104 1255 9258 9107)
4(1254 9257 9258 1255)
4(1105 1256 9259 9108)
4(1255 9258 9259 1256)
4(1106 1257 9260 9109)
4(1256 9259 9260 1257)
4(1107 1258 9261 9110)
4(1257 9260 9261 1258)
4(1108 1259 9262 9111)
4(1258 9261 9262 1259)
4(1109 1260 9263 9112)
4(1259 9262 9263 1260)
4(1110 1261 9264 9113)
4(1260 9263 9264 1261)
4(1111 1262 9265 9114)
4(1261 9264 9265 1262)
4(1112 1263 9266 9115)
4(1262 9265 9266 1263)
4(1113 1264 9267 9116)
4(1263 9266 9267 1264)
4(1114 1265 9268 9117)
4(1264 9267 9268 1265)
4(1115 1266 9269 9118)
4(1265 9268 9269 1266)
4(1116 1267 9270 9119)
4(1266 9269 9270 1267)
4(1117 1268 9271 9120)
4(1267 9270 9271 1268)
4(1118 1269 9272 9121)
4(1268 9271 9272 1269)
4(1119 1270 9273 9122)
4(1269 9272 9273 1270)
4(1120 1271 9274 9123)
4(1270 9273 9274 1271)
4(1121 1272 9275 9124)
4(1271 9274 9275 1272)
4(1122 1273 9276 9125)
4(1272 9275 9276 1273)
4(1123 1274 9277 9126)
4(1273 9276 9277 1274)
4(1124 1275 9278 9127)
4(1274 9277 9278 1275)
4(1125 1276 9279 9128)
4(1275 9278 9279 1276)
4(1126 1277 9280 9129)
4(1276 9279 9280 1277)
4(1127 1278 9281 9130)
4(1277 9280 9281 1278)
4(1128 1279 9282 9131)
4(1278 9281 9282 1279)
4(1129 1280 9283 9132)
4(1279 9282 9283 1280)
4(1130 1281 9284 9133)
4(1280 9283 9284 1281)
4(1131 1282 9285 9134)
4(1281 9284 9285 1282)
4(1132 1283 9286 9135)
4(1282 9285 9286 1283)
4(1133 1284 9287 9136)
4(1283 9286 9287 1284)
4(1134 1285 9288 9137)
4(1284 9287 9288 1285)
4(1135 1286 9289 9138)
4(1285 9288 9289 1286)
4(1136 1287 9290 9139)
4(1286 9289 9290 1287)
4(1137 1288 9291 9140)
4(1287 9290 9291 1288)
4(1138 1289 9292 9141)
4(1288 9291 9292 1289)
4(1139 1290 9293 9142)
4(1289 9292 9293 1290)
4(1140 1291 9294 9143)
4(1290 9293 9294 1291)
4(1141 1292 9295 9144)
4(1291 9294 9295 1292)
4(1142 1293 9296 9145)
4(1292 9295 9296 1293)
4(1143 1294 9297 9146)
4(1293 9296 9297 1294)
4(1144 1295 9298 9147)
4(1294 9297 9298 1295)
4(1145 1296 9299 9148)
4(1295 9298 9299 1296)
4(1146 1297 9300 9149)
4(1296 9299 9300 1297)
4(1147 1298 9301 9150)
4(1297 9300 9301 1298)
4(1148 1299 9302 9151)
4(1298 9301 9302 1299)
4(1149 1300 9303 9152)
4(1299 9302 9303 1300)
4(1150 1301 9304 9153)
4(1300 9303 9304 1301)
4(1151 1302 9305 9154)
4(1301 9304 9305 1302)
4(1152 1303 9306 9155)
4(1302 9305 9306 1303)
4(1153 1304 9307 9156)
4(1303 9306 9307 1304)
4(1154 1305 9308 9157)
4(1304 9307 9308 1305)
4(1155 1306 9309 9158)
4(1305 9308 9309 1306)
4(1156 1307 9310 9159)
4(1306 9309 9310 1307)
4(1157 1308 9311 9160)
4(1307 9310 9311 1308)
4(1158 1309 9312 9161)
4(1308 9311 9312 1309)
4(1159 1310 9313 9162)
4(1309 9312 9313 1310)
4(1160 1311 9314 9163)
4(1310 9313 9314 1311)
4(1161 1312 9315 9164)
4(1311 9314 9315 1312)
4(1162 1313 9316 9165)
4(1312 9315 9316 1313)
4(1163 1314 9317 9166)
4(1313 9316 9317 1314)
4(1164 1315 9318 9167)
4(1314 9317 9318 1315)
4(1165 1316 9319 9168)
4(1315 9318 9319 1316)
4(1166 1317 9320 9169)
4(1316 9319 9320 1317)
4(1167 1318 9321 9170)
4(1317 9320 9321 1318)
4(1168 1319 9322 9171)
4(1318 9321 9322 1319)
4(1169 1320 9323 9172)
4(1319 9322 9323 1320)
4(1170 1321 9324 9173)
4(1320 9323 9324 1321)
4(1171 1322 9325 9174)
4(1321 9324 9325 1322)
4(1172 1323 9326 9175)
4(1322 9325 9326 1323)
4(1173 1324 9327 9176)
4(1323 9326 9327 1324)
4(1174 1325 9328 9177)
4(1324 9327 9328 1325)
4(1175 1326 9329 9178)
4(1325 9328 9329 1326)
4(1176 1327 9330 9179)
4(1326 9329 9330 1327)
4(1177 1328 9331 9180)
4(1327 9330 9331 1328)
4(1178 1329 9332 9181)
4(1328 9331 9332 1329)
4(1179 1330 9333 9182)
4(1329 9332 9333 1330)
4(1180 1331 9334 9183)
4(1330 9333 9334 1331)
4(1181 1332 9335 9184)
4(1331 9334 9335 1332)
4(1182 1333 9336 9185)
4(1332 9335 9336 1333)
4(1183 1334 9337 9186)
4(1333 9336 9337 1334)
4(1184 1335 9338 9187)
4(1334 9337 9338 1335)
4(1185 1336 9339 9188)
4(1335 9338 9339 1336)
4(1186 1337 9340 9189)
4(1336 9339 9340 1337)
4(1187 1338 9341 9190)
4(1337 9340 9341 1338)
4(1188 1339 9342 9191)
4(1338 9341 9342 1339)
4(1189 1340 9343 9192)
4(1339 9342 9343 1340)
4(1190 1341 9344 9193)
4(1340 9343 9344 1341)
4(1191 1342 9345 9194)
4(1341 9344 9345 1342)
4(1192 1343 9346 9195)
4(1342 9345 9346 1343)
4(1193 1344 9347 9196)
4(1343 9346 9347 1344)
4(1194 1345 9348 9197)
4(1344 9347 9348 1345)
4(1195 1346 9349 9198)
4(1345 9348 9349 1346)
4(1196 1347 9350 9199)
4(1346 9349 9350 1347)
4(1197 1348 9351 9200)
4(1347 9350 9351 1348)
4(1198 1349 9352 9201)
4(1348 9351 9352 1349)
4(1199 1350 9353 9202)
4(1349 9352 9353 1350)
4(1200 1351 9354 9203)
4(1350 9353 9354 1351)
4(1201 1352 9355 9204)
4(1351 9354 9355 1352)
4(1202 1353 9356 9205)
4(1352 9355 9356 1353)
4(1203 1354 9357 9206)
4(1353 9356 9357 1354)
4(1204 1355 9358 9207)
4(1354 9357 9358 1355)
4(1205 1356 9359 9208)
4(1355 9358 9359 1356)
4(1206 1357 9360 9209)
4(1356 9359 9360 1357)
4(1357 9360 9361 1358)
4(1209 1360 9363 9212)
4(1359 9362 9363 1360)
4(1210 1361 9364 9213)
4(1360 9363 9364 1361)
4(1211 1362 9365 9214)
4(1361 9364 9365 1362)
4(1212 1363 9366 9215)
4(1362 9365 9366 1363)
4(1213 1364 9367 9216)
4(1363 9366 9367 1364)
4(1214 1365 9368 9217)
4(1364 9367 9368 1365)
4(1215 1366 9369 9218)
4(1365 9368 9369 1366)
4(1216 1367 9370 9219)
4(1366 9369 9370 1367)
4(1217 1368 9371 9220)
4(1367 9370 9371 1368)
4(1218 1369 9372 9221)
4(1368 9371 9372 1369)
4(1219 1370 9373 9222)
4(1369 9372 9373 1370)
4(1220 1371 9374 9223)
4(1370 9373 9374 1371)
4(1221 1372 9375 9224)
4(1371 9374 9375 1372)
4(1222 1373 9376 9225)
4(1372 9375 9376 1373)
4(1223 1374 9377 9226)
4(1373 9376 9377 1374)
4(1224 1375 9378 9227)
4(1374 9377 9378 1375)
4(1225 1376 9379 9228)
4(1375 9378 9379 1376)
4(1226 1377 9380 9229)
4(1376 9379 9380 1377)
4(1227 1378 9381 9230)
4(1377 9380 9381 1378)
4(1228 1379 9382 9231)
4(1378 9381 9382 1379)
4(1229 1380 9383 9232)
4(1379 9382 9383 1380)
4(1230 1381 9384 9233)
4(1380 9383 9384 1381)
4(1231 1382 9385 9234)
4(1381 9384 9385 1382)
4(1232 1383 9386 9235)
4(1382 9385 9386 1383)
4(1233 1384 9387 9236)
4(1383 9386 9387 1384)
4(1234 1385 9388 9237)
4(1384 9387 9388 1385)
4(1235 1386 9389 9238)
4(1385 9388 9389 1386)
4(1236 1387 9390 9239)
4(1386 9389 9390 1387)
4(1237 1388 9391 9240)
4(1387 9390 9391 1388)
4(1238 1389 9392 9241)
4(1388 9391 9392 1389)
4(1239 1390 9393 9242)
4(1389 9392 9393 1390)
4(1240 1391 9394 9243)
4(1390 9393 9394 1391)
4(1241 1392 9395 9244)
4(1391 9394 9395 1392)
4(1242 1393 9396 9245)
4(1392 9395 9396 1393)
4(1243 1394 9397 9246)
4(1393 9396 9397 1394)
4(1244 1395 9398 9247)
4(1394 9397 9398 1395)
4(1245 1396 9399 9248)
4(1395 9398 9399 1396)
4(1246 1397 9400 9249)
4(1396 9399 9400 1397)
4(1247 1398 9401 9250)
4(1397 9400 9401 1398)
4(1248 1399 9402 9251)
4(1398 9401 9402 1399)
4(1249 1400 9403 9252)
4(1399 9402 9403 1400)
4(1250 1401 9404 9253)
4(1400 9403 9404 1401)
4(1251 1402 9405 9254)
4(1401 9404 9405 1402)
4(1252 1403 9406 9255)
4(1402 9405 9406 1403)
4(1253 1404 9407 9256)
4(1403 9406 9407 1404)
4(1254 1405 9408 9257)
4(1404 9407 9408 1405)
4(1255 1406 9409 9258)
4(1405 9408 9409 1406)
4(1256 1407 9410 9259)
4(1406 9409 9410 1407)
4(1257 1408 9411 9260)
4(1407 9410 9411 1408)
4(1258 1409 9412 9261)
4(1408 9411 9412 1409)
4(1259 1410 9413 9262)
4(1409 9412 9413 1410)
4(1260 1411 9414 9263)
4(1410 9413 9414 1411)
4(1261 1412 9415 9264)
4(1411 9414 9415 1412)
4(1262 1413 9416 9265)
4(1412 9415 9416 1413)
4(1263 1414 9417 9266)
4(1413 9416 9417 1414)
4(1264 1415 9418 9267)
4(1414 9417 9418 1415)
4(1265 1416 9419 9268)
4(1415 9418 9419 1416)
4(1266 1417 9420 9269)
4(1416 9419 9420 1417)
4(1267 1418 9421 9270)
4(1417 9420 9421 1418)
4(1268 1419 9422 9271)
4(1418 9421 9422 1419)
4(1269 1420 9423 9272)
4(1419 9422 9423 1420)
4(1270 1421 9424 9273)
4(1420 9423 9424 1421)
4(1271 1422 9425 9274)
4(1421 9424 9425 1422)
4(1272 1423 9426 9275)
4(1422 9425 9426 1423)
4(1273 1424 9427 9276)
4(1423 9426 9427 1424)
4(1274 1425 9428 9277)
4(1424 9427 9428 1425)
4(1275 1426 9429 9278)
4(1425 9428 9429 1426)
4(1276 1427 9430 9279)
4(1426 9429 9430 1427)
4(1277 1428 9431 9280)
4(1427 9430 9431 1428)
4(1278 1429 9432 9281)
4(1428 9431 9432 1429)
4(1279 1430 9433 9282)
4(1429 9432 9433 1430)
4(1280 1431 9434 9283)
4(1430 9433 9434 1431)
4(1281 1432 9435 9284)
4(1431 9434 9435 1432)
4(1282 1433 9436 9285)
4(1432 9435 9436 1433)
4(1283 1434 9437 9286)
4(1433 9436 9437 1434)
4(1284 1435 9438 9287)
4(1434 9437 9438 1435)
4(1285 1436 9439 9288)
4(1435 9438 9439 1436)
4(1286 1437 9440 9289)
4(1436 9439 9440 1437)
4(1287 1438 9441 9290)
4(1437 9440 9441 1438)
4(1288 1439 9442 9291)
4(1438 9441 9442 1439)
4(1289 1440 9443 9292)
4(1439 9442 9443 1440)
4(1290 1441 9444 9293)
4(1440 9443 9444 1441)
4(1291 1442 9445 9294)
4(1441 9444 9445 1442)
4(1292 1443 9446 9295)
4(1442 9445 9446 1443)
4(1293 1444 9447 9296)
4(1443 9446 9447 1444)
4(1294 1445 9448 9297)
4(1444 9447 9448 1445)
4(1295 1446 9449 9298)
4(1445 9448 9449 1446)
4(1296 1447 9450 9299)
4(1446 9449 9450 1447)
4(1297 1448 9451 9300)
4(1447 9450 9451 1448)
4(1298 1449 9452 9301)
4(1448 9451 9452 1449)
4(1299 1450 9453 9302)
4(1449 9452 9453 1450)
4(1300 1451 9454 9303)
4(1450 9453 9454 1451)
4(1301 1452 9455 9304)
4(1451 9454 9455 1452)
4(1302 1453 9456 9305)
4(1452 9455 9456 1453)
4(1303 1454 9457 9306)
4(1453 9456 9457 1454)
4(1304 1455 9458 9307)
4(1454 9457 9458 1455)
4(1305 1456 9459 9308)
4(1455 9458 9459 1456)
4(1306 1457 9460 9309)
4(1456 9459 9460 1457)
4(1307 1458 9461 9310)
4(1457 9460 9461 1458)
4(1308 1459 9462 9311)
4(1458 9461 9462 1459)
4(1309 1460 9463 9312)
4(1459 9462 9463 1460)
4(1310 1461 9464 9313)
4(1460 9463 9464 1461)
4(1311 1462 9465 9314)
4(1461 9464 9465 1462)
4(1312 1463 9466 9315)
4(1462 9465 9466 1463)
4(1313 1464 9467 9316)
4(1463 9466 9467 1464)
4(1314 1465 9468 9317)
4(1464 9467 9468 1465)
4(1315 1466 9469 9318)
4(1465 9468 9469 1466)
4(1316 1467 9470 9319)
4(1466 9469 9470 1467)
4(1317 1468 9471 9320)
4(1467 9470 9471 1468)
4(1318 1469 9472 9321)
4(1468 9471 9472 1469)
4(1319 1470 9473 9322)
4(1469 9472 9473 1470)
4(1320 1471 9474 9323)
4(1470 9473 9474 1471)
4(1321 1472 9475 9324)
4(1471 9474 9475 1472)
4(1322 1473 9476 9325)
4(1472 9475 9476 1473)
4(1323 1474 9477 9326)
4(1473 9476 9477 1474)
4(1324 1475 9478 9327)
4(1474 9477 9478 1475)
4(1325 1476 9479 9328)
4(1475 9478 9479 1476)
4(1326 1477 9480 9329)
4(1476 9479 9480 1477)
4(1327 1478 9481 9330)
4(1477 9480 9481 1478)
4(1328 1479 9482 9331)
4(1478 9481 9482 1479)
4(1329 1480 9483 9332)
4(1479 9482 9483 1480)
4(1330 1481 9484 9333)
4(1480 9483 9484 1481)
4(1331 1482 9485 9334)
4(1481 9484 9485 1482)
4(1332 1483 9486 9335)
4(1482 9485 9486 1483)
4(1333 1484 9487 9336)
4(1483 9486 9487 1484)
4(1334 1485 9488 9337)
4(1484 9487 9488 1485)
4(1335 1486 9489 9338)
4(1485 9488 9489 1486)
4(1336 1487 9490 9339)
4(1486 9489 9490 1487)
4(1337 1488 9491 9340)
4(1487 9490 9491 1488)
4(1338 1489 9492 9341)
4(1488 9491 9492 1489)
4(1339 1490 9493 9342)
4(1489 9492 9493 1490)
4(1340 1491 9494 9343)
4(1490 9493 9494 1491)
4(1341 1492 9495 9344)
4(1491 9494 9495 1492)
4(1342 1493 9496 9345)
4(1492 9495 9496 1493)
4(1343 1494 9497 9346)
4(1493 9496 9497 1494)
4(1344 1495 9498 9347)
4(1494 9497 9498 1495)
4(1345 1496 9499 9348)
4(1495 9498 9499 1496)
4(1346 1497 9500 9349)
4(1496 9499 9500 1497)
4(1347 1498 9501 9350)
4(1497 9500 9501 1498)
4(1348 1499 9502 9351)
4(1498 9501 9502 1499)
4(1349 1500 9503 9352)
4(1499 9502 9503 1500)
4(1350 1501 9504 9353)
4(1500 9503 9504 1501)
4(1351 1502 9505 9354)
4(1501 9504 9505 1502)
4(1352 1503 9506 9355)
4(1502 9505 9506 1503)
4(1353 1504 9507 9356)
4(1503 9506 9507 1504)
4(1354 1505 9508 9357)
4(1504 9507 9508 1505)
4(1355 1506 9509 9358)
4(1505 9508 9509 1506)
4(1356 1507 9510 9359)
4(1506 9509 9510 1507)
4(1357 1508 9511 9360)
4(1507 9510 9511 1508)
4(1508 9511 9512 1509)
4(1360 1511 9514 9363)
4(1510 9513 9514 1511)
4(1361 1512 9515 9364)
4(1511 9514 9515 1512)
4(1362 1513 9516 9365)
4(1512 9515 9516 1513)
4(1363 1514 9517 9366)
4(1513 9516 9517 1514)
4(1364 1515 9518 9367)
4(1514 9517 9518 1515)
4(1365 1516 9519 9368)
4(1515 9518 9519 1516)
4(1366 1517 9520 9369)
4(1516 9519 9520 1517)
4(1367 1518 9521 9370)
4(1517 9520 9521 1518)
4(1368 1519 9522 9371)
4(1518 9521 9522 1519)
4(1369 1520 9523 9372)
4(1519 9522 9523 1520)
4(1370 1521 9524 9373)
4(1520 9523 9524 1521)
4(1371 1522 9525 9374)
4(1521 9524 9525 1522)
4(1372 1523 9526 9375)
4(1522 9525 9526 1523)
4(1373 1524 9527 9376)
4(1523 9526 9527 1524)
4(1374 1525 9528 9377)
4(1524 9527 9528 1525)
4(1375 1526 9529 9378)
4(1525 9528 9529 1526)
4(1376 1527 9530 9379)
4(1526 9529 9530 1527)
4(1377 1528 9531 9380)
4(1527 9530 9531 1528)
4(1378 1529 9532 9381)
4(1528 9531 9532 1529)
4(1379 1530 9533 9382)
4(1529 9532 9533 1530)
4(1380 1531 9534 9383)
4(1530 9533 9534 1531)
4(1381 1532 9535 9384)
4(1531 9534 9535 1532)
4(1382 1533 9536 9385)
4(1532 9535 9536 1533)
4(1383 1534 9537 9386)
4(1533 9536 9537 1534)
4(1384 1535 9538 9387)
4(1534 9537 9538 1535)
4(1385 1536 9539 9388)
4(1535 9538 9539 1536)
4(1386 1537 9540 9389)
4(1536 9539 9540 1537)
4(1387 1538 9541 9390)
4(1537 9540 9541 1538)
4(1388 1539 9542 9391)
4(1538 9541 9542 1539)
4(1389 1540 9543 9392)
4(1539 9542 9543 1540)
4(1390 1541 9544 9393)
4(1540 9543 9544 1541)
4(1391 1542 9545 9394)
4(1541 9544 9545 1542)
4(1392 1543 9546 9395)
4(1542 9545 9546 1543)
4(1393 1544 9547 9396)
4(1543 9546 9547 1544)
4(1394 1545 9548 9397)
4(1544 9547 9548 1545)
4(1395 1546 9549 9398)
4(1545 9548 9549 1546)
4(1396 1547 9550 9399)
4(1546 9549 9550 1547)
4(1397 1548 9551 9400)
4(1547 9550 9551 1548)
4(1398 1549 9552 9401)
4(1548 9551 9552 1549)
4(1399 1550 9553 9402)
4(1549 9552 9553 1550)
4(1400 1551 9554 9403)
4(1550 9553 9554 1551)
4(1401 1552 9555 9404)
4(1551 9554 9555 1552)
4(1402 1553 9556 9405)
4(1552 9555 9556 1553)
4(1403 1554 9557 9406)
4(1553 9556 9557 1554)
4(1404 1555 9558 9407)
4(1554 9557 9558 1555)
4(1405 1556 9559 9408)
4(1555 9558 9559 1556)
4(1406 1557 9560 9409)
4(1556 9559 9560 1557)
4(1407 1558 9561 9410)
4(1557 9560 9561 1558)
4(1408 1559 9562 9411)
4(1558 9561 9562 1559)
4(1409 1560 9563 9412)
4(1559 9562 9563 1560)
4(1410 1561 9564 9413)
4(1560 9563 9564 1561)
4(1411 1562 9565 9414)
4(1561 9564 9565 1562)
4(1412 1563 9566 9415)
4(1562 9565 9566 1563)
4(1413 1564 9567 9416)
4(1563 9566 9567 1564)
4(1414 1565 9568 9417)
4(1564 9567 9568 1565)
4(1415 1566 9569 9418)
4(1565 9568 9569 1566)
4(1416 1567 9570 9419)
4(1566 9569 9570 1567)
4(1417 1568 9571 9420)
4(1567 9570 9571 1568)
4(1418 1569 9572 9421)
4(1568 9571 9572 1569)
4(1419 1570 9573 9422)
4(1569 9572 9573 1570)
4(1420 1571 9574 9423)
4(1570 9573 9574 1571)
4(1421 1572 9575 9424)
4(1571 9574 9575 1572)
4(1422 1573 9576 9425)
4(1572 9575 9576 1573)
4(1423 1574 9577 9426)
4(1573 9576 9577 1574)
4(1424 1575 9578 9427)
4(1574 9577 9578 1575)
4(1425 1576 9579 9428)
4(1575 9578 9579 1576)
4(1426 1577 9580 9429)
4(1576 9579 9580 1577)
4(1427 1578 9581 9430)
4(1577 9580 9581 1578)
4(1428 1579 9582 9431)
4(1578 9581 9582 1579)
4(1429 1580 9583 9432)
4(1579 9582 9583 1580)
4(1430 1581 9584 9433)
4(1580 9583 9584 1581)
4(1431 1582 9585 9434)
4(1581 9584 9585 1582)
4(1432 1583 9586 9435)
4(1582 9585 9586 1583)
4(1433 1584 9587 9436)
4(1583 9586 9587 1584)
4(1434 1585 9588 9437)
4(1584 9587 9588 1585)
4(1435 1586 9589 9438)
4(1585 9588 9589 1586)
4(1436 1587 9590 9439)
4(1586 9589 9590 1587)
4(1437 1588 9591 9440)
4(1587 9590 9591 1588)
4(1438 1589 9592 9441)
4(1588 9591 9592 1589)
4(1439 1590 9593 9442)
4(1589 9592 9593 1590)
4(1440 1591 9594 9443)
4(1590 9593 9594 1591)
4(1441 1592 9595 9444)
4(1591 9594 9595 1592)
4(1442 1593 9596 9445)
4(1592 9595 9596 1593)
4(1443 1594 9597 9446)
4(1593 9596 9597 1594)
4(1444 1595 9598 9447)
4(1594 9597 9598 1595)
4(1445 1596 9599 9448)
4(1595 9598 9599 1596)
4(1446 1597 9600 9449)
4(1596 9599 9600 1597)
4(1447 1598 9601 9450)
4(1597 9600 9601 1598)
4(1448 1599 9602 9451)
4(1598 9601 9602 1599)
4(1449 1600 9603 9452)
4(1599 9602 9603 1600)
4(1450 1601 9604 9453)
4(1600 9603 9604 1601)
4(1451 1602 9605 9454)
4(1601 9604 9605 1602)
4(1452 1603 9606 9455)
4(1602 9605 9606 1603)
4(1453 1604 9607 9456)
4(1603 9606 9607 1604)
4(1454 1605 9608 9457)
4(1604 9607 9608 1605)
4(1455 1606 9609 9458)
4(1605 9608 9609 1606)
4(1456 1607 9610 9459)
4(1606 9609 9610 1607)
4(1457 1608 9611 9460)
4(1607 9610 9611 1608)
4(1458 1609 9612 9461)
4(1608 9611 9612 1609)
4(1459 1610 9613 9462)
4(1609 9612 9613 1610)
4(1460 1611 9614 9463)
4(1610 9613 9614 1611)
4(1461 1612 9615 9464)
4(1611 9614 9615 1612)
4(1462 1613 9616 9465)
4(1612 9615 9616 1613)
4(1463 1614 9617 9466)
4(1613 9616 9617 1614)
4(1464 1615 9618 9467)
4(1614 9617 9618 1615)
4(1465 1616 9619 9468)
4(1615 9618 9619 1616)
4(1466 1617 9620 9469)
4(1616 9619 9620 1617)
4(1467 1618 9621 9470)
4(1617 9620 9621 1618)
4(1468 1619 9622 9471)
4(1618 9621 9622 1619)
4(1469 1620 9623 9472)
4(1619 9622 9623 1620)
4(1470 1621 9624 9473)
4(1620 9623 9624 1621)
4(1471 1622 9625 9474)
4(1621 9624 9625 1622)
4(1472 1623 9626 9475)
4(1622 9625 9626 1623)
4(1473 1624 9627 9476)
4(1623 9626 9627 1624)
4(1474 1625 9628 9477)
4(1624 9627 9628 1625)
4(1475 1626 9629 9478)
4(1625 9628 9629 1626)
4(1476 1627 9630 9479)
4(1626 9629 9630 1627)
4(1477 1628 9631 9480)
4(1627 9630 9631 1628)
4(1478 1629 9632 9481)
4(1628 9631 9632 1629)
4(1479 1630 9633 9482)
4(1629 9632 9633 1630)
4(1480 1631 9634 9483)
4(1630 9633 9634 1631)
4(1481 1632 9635 9484)
4(1631 9634 9635 1632)
4(1482 1633 9636 9485)
4(1632 9635 9636 1633)
4(1483 1634 9637 9486)
4(1633 9636 9637 1634)
4(1484 1635 9638 9487)
4(1634 9637 9638 1635)
4(1485 1636 9639 9488)
4(1635 9638 9639 1636)
4(1486 1637 9640 9489)
4(1636 9639 9640 1637)
4(1487 1638 9641 9490)
4(1637 9640 9641 1638)
4(1488 1639 9642 9491)
4(1638 9641 9642 1639)
4(1489 1640 9643 9492)
4(1639 9642 9643 1640)
4(1490 1641 9644 9493)
4(1640 9643 9644 1641)
4(1491 1642 9645 9494)
4(1641 9644 9645 1642)
4(1492 1643 9646 9495)
4(1642 9645 9646 1643)
4(1493 1644 9647 9496)
4(1643 9646 9647 1644)
4(1494 1645 9648 9497)
4(1644 9647 9648 1645)
4(1495 1646 9649 9498)
4(1645 9648 9649 1646)
4(1496 1647 9650 9499)
4(1646 9649 9650 1647)
4(1497 1648 9651 9500)
4(1647 9650 9651 1648)
4(1498 1649 9652 9501)
4(1648 9651 9652 1649)
4(1499 1650 9653 9502)
4(1649 9652 9653 1650)
4(1500 1651 9654 9503)
4(1650 9653 9654 1651)
4(1501 1652 9655 9504)
4(1651 9654 9655 1652)
4(1502 1653 9656 9505)
4(1652 9655 9656 1653)
4(1503 1654 9657 9506)
4(1653 9656 9657 1654)
4(1504 1655 9658 9507)
4(1654 9657 9658 1655)
4(1505 1656 9659 9508)
4(1655 9658 9659 1656)
4(1506 1657 9660 9509)
4(1656 9659 9660 1657)
4(1507 1658 9661 9510)
4(1657 9660 9661 1658)
4(1508 1659 9662 9511)
4(1658 9661 9662 1659)
4(1659 9662 9663 1660)
4(1511 1662 9665 9514)
4(1661 9664 9665 1662)
4(1512 1663 9666 9515)
4(1662 9665 9666 1663)
4(1513 1664 9667 9516)
4(1663 9666 9667 1664)
4(1514 1665 9668 9517)
4(1664 9667 9668 1665)
4(1515 1666 9669 9518)
4(1665 9668 9669 1666)
4(1516 1667 9670 9519)
4(1666 9669 9670 1667)
4(1517 1668 9671 9520)
4(1667 9670 9671 1668)
4(1518 1669 9672 9521)
4(1668 9671 9672 1669)
4(1519 1670 9673 9522)
4(1669 9672 9673 1670)
4(1520 1671 9674 9523)
4(1670 9673 9674 1671)
4(1521 1672 9675 9524)
4(1671 9674 9675 1672)
4(1522 1673 9676 9525)
4(1672 9675 9676 1673)
4(1523 1674 9677 9526)
4(1673 9676 9677 1674)
4(1524 1675 9678 9527)
4(1674 9677 9678 1675)
4(1525 1676 9679 9528)
4(1675 9678 9679 1676)
4(1526 1677 9680 9529)
4(1676 9679 9680 1677)
4(1527 1678 9681 9530)
4(1677 9680 9681 1678)
4(1528 1679 9682 9531)
4(1678 9681 9682 1679)
4(1529 1680 9683 9532)
4(1679 9682 9683 1680)
4(1530 1681 9684 9533)
4(1680 9683 9684 1681)
4(1531 1682 9685 9534)
4(1681 9684 9685 1682)
4(1532 1683 9686 9535)
4(1682 9685 9686 1683)
4(1533 1684 9687 9536)
4(1683 9686 9687 1684)
4(1534 1685 9688 9537)
4(1684 9687 9688 1685)
4(1535 1686 9689 9538)
4(1685 9688 9689 1686)
4(1536 1687 9690 9539)
4(1686 9689 9690 1687)
4(1537 1688 9691 9540)
4(1687 9690 9691 1688)
4(1538 1689 9692 9541)
4(1688 9691 9692 1689)
4(1539 1690 9693 9542)
4(1689 9692 9693 1690)
4(1540 1691 9694 9543)
4(1690 9693 9694 1691)
4(1541 1692 9695 9544)
4(1691 9694 9695 1692)
4(1542 1693 9696 9545)
4(1692 9695 9696 1693)
4(1543 1694 9697 9546)
4(1693 9696 9697 1694)
4(1544 1695 9698 9547)
4(1694 9697 9698 1695)
4(1545 1696 9699 9548)
4(1695 9698 9699 1696)
4(1546 1697 9700 9549)
4(1696 9699 9700 1697)
4(1547 1698 9701 9550)
4(1697 9700 9701 1698)
4(1548 1699 9702 9551)
4(1698 9701 9702 1699)
4(1549 1700 9703 9552)
4(1699 9702 9703 1700)
4(1550 1701 9704 9553)
4(1700 9703 9704 1701)
4(1551 1702 9705 9554)
4(1701 9704 9705 1702)
4(1552 1703 9706 9555)
4(1702 9705 9706 1703)
4(1553 1704 9707 9556)
4(1703 9706 9707 1704)
4(1554 1705 9708 9557)
4(1704 9707 9708 1705)
4(1555 1706 9709 9558)
4(1705 9708 9709 1706)
4(1556 1707 9710 9559)
4(1706 9709 9710 1707)
4(1557 1708 9711 9560)
4(1707 9710 9711 1708)
4(1558 1709 9712 9561)
4(1708 9711 9712 1709)
4(1559 1710 9713 9562)
4(1709 9712 9713 1710)
4(1560 1711 9714 9563)
4(1710 9713 9714 1711)
4(1561 1712 9715 9564)
4(1711 9714 9715 1712)
4(1562 1713 9716 9565)
4(1712 9715 9716 1713)
4(1563 1714 9717 9566)
4(1713 9716 9717 1714)
4(1564 1715 9718 9567)
4(1714 9717 9718 1715)
4(1565 1716 9719 9568)
4(1715 9718 9719 1716)
4(1566 1717 9720 9569)
4(1716 9719 9720 1717)
4(1567 1718 9721 9570)
4(1717 9720 9721 1718)
4(1568 1719 9722 9571)
4(1718 9721 9722 1719)
4(1569 1720 9723 9572)
4(1719 9722 9723 1720)
4(1570 1721 9724 9573)
4(1720 9723 9724 1721)
4(1571 1722 9725 9574)
4(1721 9724 9725 1722)
4(1572 1723 9726 9575)
4(1722 9725 9726 1723)
4(1573 1724 9727 9576)
4(1723 9726 9727 1724)
4(1574 1725 9728 9577)
4(1724 9727 9728 1725)
4(1575 1726 9729 9578)
4(1725 9728 9729 1726)
4(1576 1727 9730 9579)
4(1726 9729 9730 1727)
4(1577 1728 9731 9580)
4(1727 9730 9731 1728)
4(1578 1729 9732 9581)
4(1728 9731 9732 1729)
4(1579 1730 9733 9582)
4(1729 9732 9733 1730)
4(1580 1731 9734 9583)
4(1730 9733 9734 1731)
4(1581 1732 9735 9584)
4(1731 9734 9735 1732)
4(1582 1733 9736 9585)
4(1732 9735 9736 1733)
4(1583 1734 9737 9586)
4(1733 9736 9737 1734)
4(1584 1735 9738 9587)
4(1734 9737 9738 1735)
4(1585 1736 9739 9588)
4(1735 9738 9739 1736)
4(1586 1737 9740 9589)
4(1736 9739 9740 1737)
4(1587 1738 9741 9590)
4(1737 9740 9741 1738)
4(1588 1739 9742 9591)
4(1738 9741 9742 1739)
4(1589 1740 9743 9592)
4(1739 9742 9743 1740)
4(1590 1741 9744 9593)
4(1740 9743 9744 1741)
4(1591 1742 9745 9594)
4(1741 9744 9745 1742)
4(1592 1743 9746 9595)
4(1742 9745 9746 1743)
4(1593 1744 9747 9596)
4(1743 9746 9747 1744)
4(1594 1745 9748 9597)
4(1744 9747 9748 1745)
4(1595 1746 9749 9598)
4(1745 9748 9749 1746)
4(1596 1747 9750 9599)
4(1746 9749 9750 1747)
4(1597 1748 9751 9600)
4(1747 9750 9751 1748)
4(1598 1749 9752 9601)
4(1748 9751 9752 1749)
4(1599 1750 9753 9602)
4(1749 9752 9753 1750)
4(1600 1751 9754 9603)
4(1750 9753 9754 1751)
4(1601 1752 9755 9604)
4(1751 9754 9755 1752)
4(1602 1753 9756 9605)
4(1752 9755 9756 1753)
4(1603 1754 9757 9606)
4(1753 9756 9757 1754)
4(1604 1755 9758 9607)
4(1754 9757 9758 1755)
4(1605 1756 9759 9608)
4(1755 9758 9759 1756)
4(1606 1757 9760 9609)
4(1756 9759 9760 1757)
4(1607 1758 9761 9610)
4(1757 9760 9761 1758)
4(1608 1759 9762 9611)
4(1758 9761 9762 1759)
4(1609 1760 9763 9612)
4(1759 9762 9763 1760)
4(1610 1761 9764 9613)
4(1760 9763 9764 1761)
4(1611 1762 9765 9614)
4(1761 9764 9765 1762)
4(1612 1763 9766 9615)
4(1762 9765 9766 1763)
4(1613 1764 9767 9616)
4(1763 9766 9767 1764)
4(1614 1765 9768 9617)
4(1764 9767 9768 1765)
4(1615 1766 9769 9618)
4(1765 9768 9769 1766)
4(1616 1767 9770 9619)
4(1766 9769 9770 1767)
4(1617 1768 9771 9620)
4(1767 9770 9771 1768)
4(1618 1769 9772 9621)
4(1768 9771 9772 1769)
4(1619 1770 9773 9622)
4(1769 9772 9773 1770)
4(1620 1771 9774 9623)
4(1770 9773 9774 1771)
4(1621 1772 9775 9624)
4(1771 9774 9775 1772)
4(1622 1773 9776 9625)
4(1772 9775 9776 1773)
4(1623 1774 9777 9626)
4(1773 9776 9777 1774)
4(1624 1775 9778 9627)
4(1774 9777 9778 1775)
4(1625 1776 9779 9628)
4(1775 9778 9779 1776)
4(1626 1777 9780 9629)
4(1776 9779 9780 1777)
4(1627 1778 9781 9630)
4(1777 9780 9781 1778)
4(1628 1779 9782 9631)
4(1778 9781 9782 1779)
4(1629 1780 9783 9632)
4(1779 9782 9783 1780)
4(1630 1781 9784 9633)
4(1780 9783 9784 1781)
4(1631 1782 9785 9634)
4(1781 9784 9785 1782)
4(1632 1783 9786 9635)
4(1782 9785 9786 1783)
4(1633 1784 9787 9636)
4(1783 9786 9787 1784)
4(1634 1785 9788 9637)
4(1784 9787 9788 1785)
4(1635 1786 9789 9638)
4(1785 9788 9789 1786)
4(1636 1787 9790 9639)
4(1786 9789 9790 1787)
4(1637 1788 9791 9640)
4(1787 9790 9791 1788)
4(1638 1789 9792 9641)
4(1788 9791 9792 1789)
4(1639 1790 9793 9642)
4(1789 9792 9793 1790)
4(1640 1791 9794 9643)
4(1790 9793 9794 1791)
4(1641 1792 9795 9644)
4(1791 9794 9795 1792)
4(1642 1793 9796 9645)
4(1792 9795 9796 1793)
4(1643 1794 9797 9646)
4(1793 9796 9797 1794)
4(1644 1795 9798 9647)
4(1794 9797 9798 1795)
4(1645 1796 9799 9648)
4(1795 9798 9799 1796)
4(1646 1797 9800 9649)
4(1796 9799 9800 1797)
4(1647 1798 9801 9650)
4(1797 9800 9801 1798)
4(1648 1799 9802 9651)
4(1798 9801 9802 1799)
4(1649 1800 9803 9652)
4(1799 9802 9803 1800)
4(1650 1801 9804 9653)
4(1800 9803 9804 1801)
4(1651 1802 9805 9654)
4(1801 9804 9805 1802)
4(1652 1803 9806 9655)
4(1802 9805 9806 1803)
4(1653 1804 9807 9656)
4(1803 9806 9807 1804)
4(1654 1805 9808 9657)
4(1804 9807 9808 1805)
4(1655 1806 9809 9658)
4(1805 9808 9809 1806)
4(1656 1807 9810 9659)
4(1806 9809 9810 1807)
4(1657 1808 9811 9660)
4(1807 9810 9811 1808)
4(1658 1809 9812 9661)
4(1808 9811 9812 1809)
4(1659 1810 9813 9662)
4(1809 9812 9813 1810)
4(1810 9813 9814 1811)
4(1662 1813 9816 9665)
4(1812 9815 9816 1813)
4(1663 1814 9817 9666)
4(1813 9816 9817 1814)
4(1664 1815 9818 9667)
4(1814 9817 9818 1815)
4(1665 1816 9819 9668)
4(1815 9818 9819 1816)
4(1666 1817 9820 9669)
4(1816 9819 9820 1817)
4(1667 1818 9821 9670)
4(1817 9820 9821 1818)
4(1668 1819 9822 9671)
4(1818 9821 9822 1819)
4(1669 1820 9823 9672)
4(1819 9822 9823 1820)
4(1670 1821 9824 9673)
4(1820 9823 9824 1821)
4(1671 1822 9825 9674)
4(1821 9824 9825 1822)
4(1672 1823 9826 9675)
4(1822 9825 9826 1823)
4(1673 1824 9827 9676)
4(1823 9826 9827 1824)
4(1674 1825 9828 9677)
4(1824 9827 9828 1825)
4(1675 1826 9829 9678)
4(1825 9828 9829 1826)
4(1676 1827 9830 9679)
4(1826 9829 9830 1827)
4(1677 1828 9831 9680)
4(1827 9830 9831 1828)
4(1678 1829 9832 9681)
4(1828 9831 9832 1829)
4(1679 1830 9833 9682)
4(1829 9832 9833 1830)
4(1680 1831 9834 9683)
4(1830 9833 9834 1831)
4(1681 1832 9835 9684)
4(1831 9834 9835 1832)
4(1682 1833 9836 9685)
4(1832 9835 9836 1833)
4(1683 1834 9837 9686)
4(1833 9836 9837 1834)
4(1684 1835 9838 9687)
4(1834 9837 9838 1835)
4(1685 1836 9839 9688)
4(1835 9838 9839 1836)
4(1686 1837 9840 9689)
4(1836 9839 9840 1837)
4(1687 1838 9841 9690)
4(1837 9840 9841 1838)
4(1688 1839 9842 9691)
4(1838 9841 9842 1839)
4(1689 1840 9843 9692)
4(1839 9842 9843 1840)
4(1690 1841 9844 9693)
4(1840 9843 9844 1841)
4(1691 1842 9845 9694)
4(1841 9844 9845 1842)
4(1692 1843 9846 9695)
4(1842 9845 9846 1843)
4(1693 1844 9847 9696)
4(1843 9846 9847 1844)
4(1694 1845 9848 9697)
4(1844 9847 9848 1845)
4(1695 1846 9849 9698)
4(1845 9848 9849 1846)
4(1696 1847 9850 9699)
4(1846 9849 9850 1847)
4(1697 1848 9851 9700)
4(1847 9850 9851 1848)
4(1698 1849 9852 9701)
4(1848 9851 9852 1849)
4(1699 1850 9853 9702)
4(1849 9852 9853 1850)
4(1700 1851 9854 9703)
4(1850 9853 9854 1851)
4(1701 1852 9855 9704)
4(1851 9854 9855 1852)
4(1702 1853 9856 9705)
4(1852 9855 9856 1853)
4(1703 1854 9857 9706)
4(1853 9856 9857 1854)
4(1704 1855 9858 9707)
4(1854 9857 9858 1855)
4(1705 1856 9859 9708)
4(1855 9858 9859 1856)
4(1706 1857 9860 9709)
4(1856 9859 9860 1857)
4(1707 1858 9861 9710)
4(1857 9860 9861 1858)
4(1708 1859 9862 9711)
4(1858 9861 9862 1859)
4(1709 1860 9863 9712)
4(1859 9862 9863 1860)
4(1710 1861 9864 9713)
4(1860 9863 9864 1861)
4(1711 1862 9865 9714)
4(1861 9864 9865 1862)
4(1712 1863 9866 9715)
4(1862 9865 9866 1863)
4(1713 1864 9867 9716)
4(1863 9866 9867 1864)
4(1714 1865 9868 9717)
4(1864 9867 9868 1865)
4(1715 1866 9869 9718)
4(1865 9868 9869 1866)
4(1716 1867 9870 9719)
4(1866 9869 9870 1867)
4(1717 1868 9871 9720)
4(1867 9870 9871 1868)
4(1718 1869 9872 9721)
4(1868 9871 9872 1869)
4(1719 1870 9873 9722)
4(1869 9872 9873 1870)
4(1720 1871 9874 9723)
4(1870 9873 9874 1871)
4(1721 1872 9875 9724)
4(1871 9874 9875 1872)
4(1722 1873 9876 9725)
4(1872 9875 9876 1873)
4(1723 1874 9877 9726)
4(1873 9876 9877 1874)
4(1724 1875 9878 9727)
4(1874 9877 9878 1875)
4(1725 1876 9879 9728)
4(1875 9878 9879 1876)
4(1726 1877 9880 9729)
4(1876 9879 9880 1877)
4(1727 1878 9881 9730)
4(1877 9880 9881 1878)
4(1728 1879 9882 9731)
4(1878 9881 9882 1879)
4(1729 1880 9883 9732)
4(1879 9882 9883 1880)
4(1730 1881 9884 9733)
4(1880 9883 9884 1881)
4(1731 1882 9885 9734)
4(1881 9884 9885 1882)
4(1732 1883 9886 9735)
4(1882 9885 9886 1883)
4(1733 1884 9887 9736)
4(1883 9886 9887 1884)
4(1734 1885 9888 9737)
4(1884 9887 9888 1885)
4(1735 1886 9889 9738)
4(1885 9888 9889 1886)
4(1736 1887 9890 9739)
4(1886 9889 9890 1887)
4(1737 1888 9891 9740)
4(1887 9890 9891 1888)
4(1738 1889 9892 9741)
4(1888 9891 9892 1889)
4(1739 1890 9893 9742)
4(1889 9892 9893 1890)
4(1740 1891 9894 9743)
4(1890 9893 9894 1891)
4(1741 1892 9895 9744)
4(1891 9894 9895 1892)
4(1742 1893 9896 9745)
4(1892 9895 9896 1893)
4(1743 1894 9897 9746)
4(1893 9896 9897 1894)
4(1744 1895 9898 9747)
4(1894 9897 9898 1895)
4(1745 1896 9899 9748)
4(1895 9898 9899 1896)
4(1746 1897 9900 9749)
4(1896 9899 9900 1897)
4(1747 1898 9901 9750)
4(1897 9900 9901 1898)
4(1748 1899 9902 9751)
4(1898 9901 9902 1899)
4(1749 1900 9903 9752)
4(1899 9902 9903 1900)
4(1750 1901 9904 9753)
4(1900 9903 9904 1901)
4(1751 1902 9905 9754)
4(1901 9904 9905 1902)
4(1752 1903 9906 9755)
4(1902 9905 9906 1903)
4(1753 1904 9907 9756)
4(1903 9906 9907 1904)
4(1754 1905 9908 9757)
4(1904 9907 9908 1905)
4(1755 1906 9909 9758)
4(1905 9908 9909 1906)
4(1756 1907 9910 9759)
4(1906 9909 9910 1907)
4(1757 1908 9911 9760)
4(1907 9910 9911 1908)
4(1758 1909 9912 9761)
4(1908 9911 9912 1909)
4(1759 1910 9913 9762)
4(1909 9912 9913 1910)
4(1760 1911 9914 9763)
4(1910 9913 9914 1911)
4(1761 1912 9915 9764)
4(1911 9914 9915 1912)
4(1762 1913 9916 9765)
4(1912 9915 9916 1913)
4(1763 1914 9917 9766)
4(1913 9916 9917 1914)
4(1764 1915 9918 9767)
4(1914 9917 9918 1915)
4(1765 1916 9919 9768)
4(1915 9918 9919 1916)
4(1766 1917 9920 9769)
4(1916 9919 9920 1917)
4(1767 1918 9921 9770)
4(1917 9920 9921 1918)
4(1768 1919 9922 9771)
4(1918 9921 9922 1919)
4(1769 1920 9923 9772)
4(1919 9922 9923 1920)
4(1770 1921 9924 9773)
4(1920 9923 9924 1921)
4(1771 1922 9925 9774)
4(1921 9924 9925 1922)
4(1772 1923 9926 9775)
4(1922 9925 9926 1923)
4(1773 1924 9927 9776)
4(1923 9926 9927 1924)
4(1774 1925 9928 9777)
4(1924 9927 9928 1925)
4(1775 1926 9929 9778)
4(1925 9928 9929 1926)
4(1776 1927 9930 9779)
4(1926 9929 9930 1927)
4(1777 1928 9931 9780)
4(1927 9930 9931 1928)
4(1778 1929 9932 9781)
4(1928 9931 9932 1929)
4(1779 1930 9933 9782)
4(1929 9932 9933 1930)
4(1780 1931 9934 9783)
4(1930 9933 9934 1931)
4(1781 1932 9935 9784)
4(1931 9934 9935 1932)
4(1782 1933 9936 9785)
4(1932 9935 9936 1933)
4(1783 1934 9937 9786)
4(1933 9936 9937 1934)
4(1784 1935 9938 9787)
4(1934 9937 9938 1935)
4(1785 1936 9939 9788)
4(1935 9938 9939 1936)
4(1786 1937 9940 9789)
4(1936 9939 9940 1937)
4(1787 1938 9941 9790)
4(1937 9940 9941 1938)
4(1788 1939 9942 9791)
4(1938 9941 9942 1939)
4(1789 1940 9943 9792)
4(1939 9942 9943 1940)
4(1790 1941 9944 9793)
4(1940 9943 9944 1941)
4(1791 1942 9945 9794)
4(1941 9944 9945 1942)
4(1792 1943 9946 9795)
4(1942 9945 9946 1943)
4(1793 1944 9947 9796)
4(1943 9946 9947 1944)
4(1794 1945 9948 9797)
4(1944 9947 9948 1945)
4(1795 1946 9949 9798)
4(1945 9948 9949 1946)
4(1796 1947 9950 9799)
4(1946 9949 9950 1947)
4(1797 1948 9951 9800)
4(1947 9950 9951 1948)
4(1798 1949 9952 9801)
4(1948 9951 9952 1949)
4(1799 1950 9953 9802)
4(1949 9952 9953 1950)
4(1800 1951 9954 9803)
4(1950 9953 9954 1951)
4(1801 1952 9955 9804)
4(1951 9954 9955 1952)
4(1802 1953 9956 9805)
4(1952 9955 9956 1953)
4(1803 1954 9957 9806)
4(1953 9956 9957 1954)
4(1804 1955 9958 9807)
4(1954 9957 9958 1955)
4(1805 1956 9959 9808)
4(1955 9958 9959 1956)
4(1806 1957 9960 9809)
4(1956 9959 9960 1957)
4(1807 1958 9961 9810)
4(1957 9960 9961 1958)
4(1808 1959 9962 9811)
4(1958 9961 9962 1959)
4(1809 1960 9963 9812)
4(1959 9962 9963 1960)
4(1810 1961 9964 9813)
4(1960 9963 9964 1961)
4(1961 9964 9965 1962)
4(1813 1964 9967 9816)
4(1963 9966 9967 1964)
4(1814 1965 9968 9817)
4(1964 9967 9968 1965)
4(1815 1966 9969 9818)
4(1965 9968 9969 1966)
4(1816 1967 9970 9819)
4(1966 9969 9970 1967)
4(1817 1968 9971 9820)
4(1967 9970 9971 1968)
4(1818 1969 9972 9821)
4(1968 9971 9972 1969)
4(1819 1970 9973 9822)
4(1969 9972 9973 1970)
4(1820 1971 9974 9823)
4(1970 9973 9974 1971)
4(1821 1972 9975 9824)
4(1971 9974 9975 1972)
4(1822 1973 9976 9825)
4(1972 9975 9976 1973)
4(1823 1974 9977 9826)
4(1973 9976 9977 1974)
4(1824 1975 9978 9827)
4(1974 9977 9978 1975)
4(1825 1976 9979 9828)
4(1975 9978 9979 1976)
4(1826 1977 9980 9829)
4(1976 9979 9980 1977)
4(1827 1978 9981 9830)
4(1977 9980 9981 1978)
4(1828 1979 9982 9831)
4(1978 9981 9982 1979)
4(1829 1980 9983 9832)
4(1979 9982 9983 1980)
4(1830 1981 9984 9833)
4(1980 9983 9984 1981)
4(1831 1982 9985 9834)
4(1981 9984 9985 1982)
4(1832 1983 9986 9835)
4(1982 9985 9986 1983)
4(1833 1984 9987 9836)
4(1983 9986 9987 1984)
4(1834 1985 9988 9837)
4(1984 9987 9988 1985)
4(1835 1986 9989 9838)
4(1985 9988 9989 1986)
4(1836 1987 9990 9839)
4(1986 9989 9990 1987)
4(1837 1988 9991 9840)
4(1987 9990 9991 1988)
4(1838 1989 9992 9841)
4(1988 9991 9992 1989)
4(1839 1990 9993 9842)
4(1989 9992 9993 1990)
4(1840 1991 9994 9843)
4(1990 9993 9994 1991)
4(1841 1992 9995 9844)
4(1991 9994 9995 1992)
4(1842 1993 9996 9845)
4(1992 9995 9996 1993)
4(1843 1994 9997 9846)
4(1993 9996 9997 1994)
4(1844 1995 9998 9847)
4(1994 9997 9998 1995)
4(1845 1996 9999 9848)
4(1995 9998 9999 1996)
4(1846 1997 10000 9849)
4(1996 9999 10000 1997)
4(1847 1998 10001 9850)
4(1997 10000 10001 1998)
4(1848 1999 10002 9851)
4(1998 10001 10002 1999)
4(1849 2000 10003 9852)
4(1999 10002 10003 2000)
4(1850 2001 10004 9853)
4(2000 10003 10004 2001)
4(1851 2002 10005 9854)
4(2001 10004 10005 2002)
4(1852 2003 10006 9855)
4(2002 10005 10006 2003)
4(1853 2004 10007 9856)
4(2003 10006 10007 2004)
4(1854 2005 10008 9857)
4(2004 10007 10008 2005)
4(1855 2006 10009 9858)
4(2005 10008 10009 2006)
4(1856 2007 10010 9859)
4(2006 10009 10010 2007)
4(1857 2008 10011 9860)
4(2007 10010 10011 2008)
4(1858 2009 10012 9861)
4(2008 10011 10012 2009)
4(1859 2010 10013 9862)
4(2009 10012 10013 2010)
4(1860 2011 10014 9863)
4(2010 10013 10014 2011)
4(1861 2012 10015 9864)
4(2011 10014 10015 2012)
4(1862 2013 10016 9865)
4(2012 10015 10016 2013)
4(1863 2014 10017 9866)
4(2013 10016 10017 2014)
4(1864 2015 10018 9867)
4(2014 10017 10018 2015)
4(1865 2016 10019 9868)
4(2015 10018 10019 2016)
4(1866 2017 10020 9869)
4(2016 10019 10020 2017)
4(1867 2018 10021 9870)
4(2017 10020 10021 2018)
4(1868 2019 10022 9871)
4(2018 10021 10022 2019)
4(1869 2020 10023 9872)
4(2019 10022 10023 2020)
4(1870 2021 10024 9873)
4(2020 10023 10024 2021)
4(1871 2022 10025 9874)
4(2021 10024 10025 2022)
4(1872 2023 10026 9875)
4(2022 10025 10026 2023)
4(1873 2024 10027 9876)
4(2023 10026 10027 2024)
4(1874 2025 10028 9877)
4(2024 10027 10028 2025)
4(1875 2026 10029 9878)
4(2025 10028 10029 2026)
4(1876 2027 10030 9879)
4(2026 10029 10030 2027)
4(1877 2028 10031 9880)
4(2027 10030 10031 2028)
4(1878 2029 10032 9881)
4(2028 10031 10032 2029)
4(1879 2030 10033 9882)
4(2029 10032 10033 2030)
4(1880 2031 10034 9883)
4(2030 10033 10034 2031)
4(1881 2032 10035 9884)
4(2031 10034 10035 2032)
4(1882 2033 10036 9885)
4(2032 10035 10036 2033)
4(1883 2034 10037 9886)
4(2033 10036 10037 2034)
4(1884 2035 10038 9887)
4(2034 10037 10038 2035)
4(1885 2036 10039 9888)
4(2035 10038 10039 2036)
4(1886 2037 10040 9889)
4(2036 10039 10040 2037)
4(1887 2038 10041 9890)
4(2037 10040 10041 2038)
4(1888 2039 10042 9891)
4(2038 10041 10042 2039)
4(1889 2040 10043 9892)
4(2039 10042 10043 2040)
4(1890 2041 10044 9893)
4(2040 10043 10044 2041)
4(1891 2042 10045 9894)
4(2041 10044 10045 2042)
4(1892 2043 10046 9895)
4(2042 10045 10046 2043)
4(1893 2044 10047 9896)
4(2043 10046 10047 2044)
4(1894 2045 10048 9897)
4(2044 10047 10048 2045)
4(1895 2046 10049 9898)
4(2045 10048 10049 2046)
4(1896 2047 10050 9899)
4(2046 10049 10050 2047)
4(1897 2048 10051 9900)
4(2047 10050 10051 2048)
4(1898 2049 10052 9901)
4(2048 10051 10052 2049)
4(1899 2050 10053 9902)
4(2049 10052 10053 2050)
4(1900 2051 10054 9903)
4(2050 10053 10054 2051)
4(1901 2052 10055 9904)
4(2051 10054 10055 2052)
4(1902 2053 10056 9905)
4(2052 10055 10056 2053)
4(1903 2054 10057 9906)
4(2053 10056 10057 2054)
4(1904 2055 10058 9907)
4(2054 10057 10058 2055)
4(1905 2056 10059 9908)
4(2055 10058 10059 2056)
4(1906 2057 10060 9909)
4(2056 10059 10060 2057)
4(1907 2058 10061 9910)
4(2057 10060 10061 2058)
4(1908 2059 10062 9911)
4(2058 10061 10062 2059)
4(1909 2060 10063 9912)
4(2059 10062 10063 2060)
4(1910 2061 10064 9913)
4(2060 10063 10064 2061)
4(1911 2062 10065 9914)
4(2061 10064 10065 2062)
4(1912 2063 10066 9915)
4(2062 10065 10066 2063)
4(1913 2064 10067 9916)
4(2063 10066 10067 2064)
4(1914 2065 10068 9917)
4(2064 10067 10068 2065)
4(1915 2066 10069 9918)
4(2065 10068 10069 2066)
4(1916 2067 10070 9919)
4(2066 10069 10070 2067)
4(1917 2068 10071 9920)
4(2067 10070 10071 2068)
4(1918 2069 10072 9921)
4(2068 10071 10072 2069)
4(1919 2070 10073 9922)
4(2069 10072 10073 2070)
4(1920 2071 10074 9923)
4(2070 10073 10074 2071)
4(1921 2072 10075 9924)
4(2071 10074 10075 2072)
4(1922 2073 10076 9925)
4(2072 10075 10076 2073)
4(1923 2074 10077 9926)
4(2073 10076 10077 2074)
4(1924 2075 10078 9927)
4(2074 10077 10078 2075)
4(1925 2076 10079 9928)
4(2075 10078 10079 2076)
4(1926 2077 10080 9929)
4(2076 10079 10080 2077)
4(1927 2078 10081 9930)
4(2077 10080 10081 2078)
4(1928 2079 10082 9931)
4(2078 10081 10082 2079)
4(1929 2080 10083 9932)
4(2079 10082 10083 2080)
4(1930 2081 10084 9933)
4(2080 10083 10084 2081)
4(1931 2082 10085 9934)
4(2081 10084 10085 2082)
4(1932 2083 10086 9935)
4(2082 10085 10086 2083)
4(1933 2084 10087 9936)
4(2083 10086 10087 2084)
4(1934 2085 10088 9937)
4(2084 10087 10088 2085)
4(1935 2086 10089 9938)
4(2085 10088 10089 2086)
4(1936 2087 10090 9939)
4(2086 10089 10090 2087)
4(1937 2088 10091 9940)
4(2087 10090 10091 2088)
4(1938 2089 10092 9941)
4(2088 10091 10092 2089)
4(1939 2090 10093 9942)
4(2089 10092 10093 2090)
4(1940 2091 10094 9943)
4(2090 10093 10094 2091)
4(1941 2092 10095 9944)
4(2091 10094 10095 2092)
4(1942 2093 10096 9945)
4(2092 10095 10096 2093)
4(1943 2094 10097 9946)
4(2093 10096 10097 2094)
4(1944 2095 10098 9947)
4(2094 10097 10098 2095)
4(1945 2096 10099 9948)
4(2095 10098 10099 2096)
4(1946 2097 10100 9949)
4(2096 10099 10100 2097)
4(1947 2098 10101 9950)
4(2097 10100 10101 2098)
4(1948 2099 10102 9951)
4(2098 10101 10102 2099)
4(1949 2100 10103 9952)
4(2099 10102 10103 2100)
4(1950 2101 10104 9953)
4(2100 10103 10104 2101)
4(1951 2102 10105 9954)
4(2101 10104 10105 2102)
4(1952 2103 10106 9955)
4(2102 10105 10106 2103)
4(1953 2104 10107 9956)
4(2103 10106 10107 2104)
4(1954 2105 10108 9957)
4(2104 10107 10108 2105)
4(1955 2106 10109 9958)
4(2105 10108 10109 2106)
4(1956 2107 10110 9959)
4(2106 10109 10110 2107)
4(1957 2108 10111 9960)
4(2107 10110 10111 2108)
4(1958 2109 10112 9961)
4(2108 10111 10112 2109)
4(1959 2110 10113 9962)
4(2109 10112 10113 2110)
4(1960 2111 10114 9963)
4(2110 10113 10114 2111)
4(1961 2112 10115 9964)
4(2111 10114 10115 2112)
4(2112 10115 10116 2113)
4(1964 2115 10118 9967)
4(2114 10117 10118 2115)
4(1965 2116 10119 9968)
4(2115 10118 10119 2116)
4(1966 2117 10120 9969)
4(2116 10119 10120 2117)
4(1967 2118 10121 9970)
4(2117 10120 10121 2118)
4(1968 2119 10122 9971)
4(2118 10121 10122 2119)
4(1969 2120 10123 9972)
4(2119 10122 10123 2120)
4(1970 2121 10124 9973)
4(2120 10123 10124 2121)
4(1971 2122 10125 9974)
4(2121 10124 10125 2122)
4(1972 2123 10126 9975)
4(2122 10125 10126 2123)
4(1973 2124 10127 9976)
4(2123 10126 10127 2124)
4(1974 2125 10128 9977)
4(2124 10127 10128 2125)
4(1975 2126 10129 9978)
4(2125 10128 10129 2126)
4(1976 2127 10130 9979)
4(2126 10129 10130 2127)
4(1977 2128 10131 9980)
4(2127 10130 10131 2128)
4(1978 2129 10132 9981)
4(2128 10131 10132 2129)
4(1979 2130 10133 9982)
4(2129 10132 10133 2130)
4(1980 2131 10134 9983)
4(2130 10133 10134 2131)
4(1981 2132 10135 9984)
4(2131 10134 10135 2132)
4(1982 2133 10136 9985)
4(2132 10135 10136 2133)
4(1983 2134 10137 9986)
4(2133 10136 10137 2134)
4(1984 2135 10138 9987)
4(2134 10137 10138 2135)
4(1985 2136 10139 9988)
4(2135 10138 10139 2136)
4(1986 2137 10140 9989)
4(2136 10139 10140 2137)
4(1987 2138 10141 9990)
4(2137 10140 10141 2138)
4(1988 2139 10142 9991)
4(2138 10141 10142 2139)
4(1989 2140 10143 9992)
4(2139 10142 10143 2140)
4(1990 2141 10144 9993)
4(2140 10143 10144 2141)
4(1991 2142 10145 9994)
4(2141 10144 10145 2142)
4(1992 2143 10146 9995)
4(2142 10145 10146 2143)
4(1993 2144 10147 9996)
4(2143 10146 10147 2144)
4(1994 2145 10148 9997)
4(2144 10147 10148 2145)
4(1995 2146 10149 9998)
4(2145 10148 10149 2146)
4(1996 2147 10150 9999)
4(2146 10149 10150 2147)
4(1997 2148 10151 10000)
4(2147 10150 10151 2148)
4(1998 2149 10152 10001)
4(2148 10151 10152 2149)
4(1999 2150 10153 10002)
4(2149 10152 10153 2150)
4(2000 2151 10154 10003)
4(2150 10153 10154 2151)
4(2001 2152 10155 10004)
4(2151 10154 10155 2152)
4(2002 2153 10156 10005)
4(2152 10155 10156 2153)
4(2003 2154 10157 10006)
4(2153 10156 10157 2154)
4(2004 2155 10158 10007)
4(2154 10157 10158 2155)
4(2005 2156 10159 10008)
4(2155 10158 10159 2156)
4(2006 2157 10160 10009)
4(2156 10159 10160 2157)
4(2007 2158 10161 10010)
4(2157 10160 10161 2158)
4(2008 2159 10162 10011)
4(2158 10161 10162 2159)
4(2009 2160 10163 10012)
4(2159 10162 10163 2160)
4(2010 2161 10164 10013)
4(2160 10163 10164 2161)
4(2011 2162 10165 10014)
4(2161 10164 10165 2162)
4(2012 2163 10166 10015)
4(2162 10165 10166 2163)
4(2013 2164 10167 10016)
4(2163 10166 10167 2164)
4(2014 2165 10168 10017)
4(2164 10167 10168 2165)
4(2015 2166 10169 10018)
4(2165 10168 10169 2166)
4(2016 2167 10170 10019)
4(2166 10169 10170 2167)
4(2017 2168 10171 10020)
4(2167 10170 10171 2168)
4(2018 2169 10172 10021)
4(2168 10171 10172 2169)
4(2019 2170 10173 10022)
4(2169 10172 10173 2170)
4(2020 2171 10174 10023)
4(2170 10173 10174 2171)
4(2021 2172 10175 10024)
4(2171 10174 10175 2172)
4(2022 2173 10176 10025)
4(2172 10175 10176 2173)
4(2023 2174 10177 10026)
4(2173 10176 10177 2174)
4(2024 2175 10178 10027)
4(2174 10177 10178 2175)
4(2025 2176 10179 10028)
4(2175 10178 10179 2176)
4(2026 2177 10180 10029)
4(2176 10179 10180 2177)
4(2027 2178 10181 10030)
4(2177 10180 10181 2178)
4(2028 2179 10182 10031)
4(2178 10181 10182 2179)
4(2029 2180 10183 10032)
4(2179 10182 10183 2180)
4(2030 2181 10184 10033)
4(2180 10183 10184 2181)
4(2031 2182 10185 10034)
4(2181 10184 10185 2182)
4(2032 2183 10186 10035)
4(2182 10185 10186 2183)
4(2033 2184 10187 10036)
4(2183 10186 10187 2184)
4(2034 2185 10188 10037)
4(2184 10187 10188 2185)
4(2035 2186 10189 10038)
4(2185 10188 10189 2186)
4(2036 2187 10190 10039)
4(2186 10189 10190 2187)
4(2037 2188 10191 10040)
4(2187 10190 10191 2188)
4(2038 2189 10192 10041)
4(2188 10191 10192 2189)
4(2039 2190 10193 10042)
4(2189 10192 10193 2190)
4(2040 2191 10194 10043)
4(2190 10193 10194 2191)
4(2041 2192 10195 10044)
4(2191 10194 10195 2192)
4(2042 2193 10196 10045)
4(2192 10195 10196 2193)
4(2043 2194 10197 10046)
4(2193 10196 10197 2194)
4(2044 2195 10198 10047)
4(2194 10197 10198 2195)
4(2045 2196 10199 10048)
4(2195 10198 10199 2196)
4(2046 2197 10200 10049)
4(2196 10199 10200 2197)
4(2047 2198 10201 10050)
4(2197 10200 10201 2198)
4(2048 2199 10202 10051)
4(2198 10201 10202 2199)
4(2049 2200 10203 10052)
4(2199 10202 10203 2200)
4(2050 2201 10204 10053)
4(2200 10203 10204 2201)
4(2051 2202 10205 10054)
4(2201 10204 10205 2202)
4(2052 2203 10206 10055)
4(2202 10205 10206 2203)
4(2053 2204 10207 10056)
4(2203 10206 10207 2204)
4(2054 2205 10208 10057)
4(2204 10207 10208 2205)
4(2055 2206 10209 10058)
4(2205 10208 10209 2206)
4(2056 2207 10210 10059)
4(2206 10209 10210 2207)
4(2057 2208 10211 10060)
4(2207 10210 10211 2208)
4(2058 2209 10212 10061)
4(2208 10211 10212 2209)
4(2059 2210 10213 10062)
4(2209 10212 10213 2210)
4(2060 2211 10214 10063)
4(2210 10213 10214 2211)
4(2061 2212 10215 10064)
4(2211 10214 10215 2212)
4(2062 2213 10216 10065)
4(2212 10215 10216 2213)
4(2063 2214 10217 10066)
4(2213 10216 10217 2214)
4(2064 2215 10218 10067)
4(2214 10217 10218 2215)
4(2065 2216 10219 10068)
4(2215 10218 10219 2216)
4(2066 2217 10220 10069)
4(2216 10219 10220 2217)
4(2067 2218 10221 10070)
4(2217 10220 10221 2218)
4(2068 2219 10222 10071)
4(2218 10221 10222 2219)
4(2069 2220 10223 10072)
4(2219 10222 10223 2220)
4(2070 2221 10224 10073)
4(2220 10223 10224 2221)
4(2071 2222 10225 10074)
4(2221 10224 10225 2222)
4(2072 2223 10226 10075)
4(2222 10225 10226 2223)
4(2073 2224 10227 10076)
4(2223 10226 10227 2224)
4(2074 2225 10228 10077)
4(2224 10227 10228 2225)
4(2075 2226 10229 10078)
4(2225 10228 10229 2226)
4(2076 2227 10230 10079)
4(2226 10229 10230 2227)
4(2077 2228 10231 10080)
4(2227 10230 10231 2228)
4(2078 2229 10232 10081)
4(2228 10231 10232 2229)
4(2079 2230 10233 10082)
4(2229 10232 10233 2230)
4(2080 2231 10234 10083)
4(2230 10233 10234 2231)
4(2081 2232 10235 10084)
4(2231 10234 10235 2232)
4(2082 2233 10236 10085)
4(2232 10235 10236 2233)
4(2083 2234 10237 10086)
4(2233 10236 10237 2234)
4(2084 2235 10238 10087)
4(2234 10237 10238 2235)
4(2085 2236 10239 10088)
4(2235 10238 10239 2236)
4(2086 2237 10240 10089)
4(2236 10239 10240 2237)
4(2087 2238 10241 10090)
4(2237 10240 10241 2238)
4(2088 2239 10242 10091)
4(2238 10241 10242 2239)
4(2089 2240 10243 10092)
4(2239 10242 10243 2240)
4(2090 2241 10244 10093)
4(2240 10243 10244 2241)
4(2091 2242 10245 10094)
4(2241 10244 10245 2242)
4(2092 2243 10246 10095)
4(2242 10245 10246 2243)
4(2093 2244 10247 10096)
4(2243 10246 10247 2244)
4(2094 2245 10248 10097)
4(2244 10247 10248 2245)
4(2095 2246 10249 10098)
4(2245 10248 10249 2246)
4(2096 2247 10250 10099)
4(2246 10249 10250 2247)
4(2097 2248 10251 10100)
4(2247 10250 10251 2248)
4(2098 2249 10252 10101)
4(2248 10251 10252 2249)
4(2099 2250 10253 10102)
4(2249 10252 10253 2250)
4(2100 2251 10254 10103)
4(2250 10253 10254 2251)
4(2101 2252 10255 10104)
4(2251 10254 10255 2252)
4(2102 2253 10256 10105)
4(2252 10255 10256 2253)
4(2103 2254 10257 10106)
4(2253 10256 10257 2254)
4(2104 2255 10258 10107)
4(2254 10257 10258 2255)
4(2105 2256 10259 10108)
4(2255 10258 10259 2256)
4(2106 2257 10260 10109)
4(2256 10259 10260 2257)
4(2107 2258 10261 10110)
4(2257 10260 10261 2258)
4(2108 2259 10262 10111)
4(2258 10261 10262 2259)
4(2109 2260 10263 10112)
4(2259 10262 10263 2260)
4(2110 2261 10264 10113)
4(2260 10263 10264 2261)
4(2111 2262 10265 10114)
4(2261 10264 10265 2262)
4(2112 2263 10266 10115)
4(2262 10265 10266 2263)
4(2263 10266 10267 2264)
4(2115 2266 10269 10118)
4(2265 10268 10269 2266)
4(2116 2267 10270 10119)
4(2266 10269 10270 2267)
4(2117 2268 10271 10120)
4(2267 10270 10271 2268)
4(2118 2269 10272 10121)
4(2268 10271 10272 2269)
4(2119 2270 10273 10122)
4(2269 10272 10273 2270)
4(2120 2271 10274 10123)
4(2270 10273 10274 2271)
4(2121 2272 10275 10124)
4(2271 10274 10275 2272)
4(2122 2273 10276 10125)
4(2272 10275 10276 2273)
4(2123 2274 10277 10126)
4(2273 10276 10277 2274)
4(2124 2275 10278 10127)
4(2274 10277 10278 2275)
4(2125 2276 10279 10128)
4(2275 10278 10279 2276)
4(2126 2277 10280 10129)
4(2276 10279 10280 2277)
4(2127 2278 10281 10130)
4(2277 10280 10281 2278)
4(2128 2279 10282 10131)
4(2278 10281 10282 2279)
4(2129 2280 10283 10132)
4(2279 10282 10283 2280)
4(2130 2281 10284 10133)
4(2280 10283 10284 2281)
4(2131 2282 10285 10134)
4(2281 10284 10285 2282)
4(2132 2283 10286 10135)
4(2282 10285 10286 2283)
4(2133 2284 10287 10136)
4(2283 10286 10287 2284)
4(2134 2285 10288 10137)
4(2284 10287 10288 2285)
4(2135 2286 10289 10138)
4(2285 10288 10289 2286)
4(2136 2287 10290 10139)
4(2286 10289 10290 2287)
4(2137 2288 10291 10140)
4(2287 10290 10291 2288)
4(2138 2289 10292 10141)
4(2288 10291 10292 2289)
4(2139 2290 10293 10142)
4(2289 10292 10293 2290)
4(2140 2291 10294 10143)
4(2290 10293 10294 2291)
4(2141 2292 10295 10144)
4(2291 10294 10295 2292)
4(2142 2293 10296 10145)
4(2292 10295 10296 2293)
4(2143 2294 10297 10146)
4(2293 10296 10297 2294)
4(2144 2295 10298 10147)
4(2294 10297 10298 2295)
4(2145 2296 10299 10148)
4(2295 10298 10299 2296)
4(2146 2297 10300 10149)
4(2296 10299 10300 2297)
4(2147 2298 10301 10150)
4(2297 10300 10301 2298)
4(2148 2299 10302 10151)
4(2298 10301 10302 2299)
4(2149 2300 10303 10152)
4(2299 10302 10303 2300)
4(2150 2301 10304 10153)
4(2300 10303 10304 2301)
4(2151 2302 10305 10154)
4(2301 10304 10305 2302)
4(2152 2303 10306 10155)
4(2302 10305 10306 2303)
4(2153 2304 10307 10156)
4(2303 10306 10307 2304)
4(2154 2305 10308 10157)
4(2304 10307 10308 2305)
4(2155 2306 10309 10158)
4(2305 10308 10309 2306)
4(2156 2307 10310 10159)
4(2306 10309 10310 2307)
4(2157 2308 10311 10160)
4(2307 10310 10311 2308)
4(2158 2309 10312 10161)
4(2308 10311 10312 2309)
4(2159 2310 10313 10162)
4(2309 10312 10313 2310)
4(2160 2311 10314 10163)
4(2310 10313 10314 2311)
4(2161 2312 10315 10164)
4(2311 10314 10315 2312)
4(2162 2313 10316 10165)
4(2312 10315 10316 2313)
4(2163 2314 10317 10166)
4(2313 10316 10317 2314)
4(2164 2315 10318 10167)
4(2314 10317 10318 2315)
4(2165 2316 10319 10168)
4(2315 10318 10319 2316)
4(2166 2317 10320 10169)
4(2316 10319 10320 2317)
4(2167 2318 10321 10170)
4(2317 10320 10321 2318)
4(2168 2319 10322 10171)
4(2318 10321 10322 2319)
4(2169 2320 10323 10172)
4(2319 10322 10323 2320)
4(2170 2321 10324 10173)
4(2320 10323 10324 2321)
4(2171 2322 10325 10174)
4(2321 10324 10325 2322)
4(2172 2323 10326 10175)
4(2322 10325 10326 2323)
4(2173 2324 10327 10176)
4(2323 10326 10327 2324)
4(2174 2325 10328 10177)
4(2324 10327 10328 2325)
4(2175 2326 10329 10178)
4(2325 10328 10329 2326)
4(2176 2327 10330 10179)
4(2326 10329 10330 2327)
4(2177 2328 10331 10180)
4(2327 10330 10331 2328)
4(2178 2329 10332 10181)
4(2328 10331 10332 2329)
4(2179 2330 10333 10182)
4(2329 10332 10333 2330)
4(2180 2331 10334 10183)
4(2330 10333 10334 2331)
4(2181 2332 10335 10184)
4(2331 10334 10335 2332)
4(2182 2333 10336 10185)
4(2332 10335 10336 2333)
4(2183 2334 10337 10186)
4(2333 10336 10337 2334)
4(2184 2335 10338 10187)
4(2334 10337 10338 2335)
4(2185 2336 10339 10188)
4(2335 10338 10339 2336)
4(2186 2337 10340 10189)
4(2336 10339 10340 2337)
4(2187 2338 10341 10190)
4(2337 10340 10341 2338)
4(2188 2339 10342 10191)
4(2338 10341 10342 2339)
4(2189 2340 10343 10192)
4(2339 10342 10343 2340)
4(2190 2341 10344 10193)
4(2340 10343 10344 2341)
4(2191 2342 10345 10194)
4(2341 10344 10345 2342)
4(2192 2343 10346 10195)
4(2342 10345 10346 2343)
4(2193 2344 10347 10196)
4(2343 10346 10347 2344)
4(2194 2345 10348 10197)
4(2344 10347 10348 2345)
4(2195 2346 10349 10198)
4(2345 10348 10349 2346)
4(2196 2347 10350 10199)
4(2346 10349 10350 2347)
4(2197 2348 10351 10200)
4(2347 10350 10351 2348)
4(2198 2349 10352 10201)
4(2348 10351 10352 2349)
4(2199 2350 10353 10202)
4(2349 10352 10353 2350)
4(2200 2351 10354 10203)
4(2350 10353 10354 2351)
4(2201 2352 10355 10204)
4(2351 10354 10355 2352)
4(2202 2353 10356 10205)
4(2352 10355 10356 2353)
4(2203 2354 10357 10206)
4(2353 10356 10357 2354)
4(2204 2355 10358 10207)
4(2354 10357 10358 2355)
4(2205 2356 10359 10208)
4(2355 10358 10359 2356)
4(2206 2357 10360 10209)
4(2356 10359 10360 2357)
4(2207 2358 10361 10210)
4(2357 10360 10361 2358)
4(2208 2359 10362 10211)
4(2358 10361 10362 2359)
4(2209 2360 10363 10212)
4(2359 10362 10363 2360)
4(2210 2361 10364 10213)
4(2360 10363 10364 2361)
4(2211 2362 10365 10214)
4(2361 10364 10365 2362)
4(2212 2363 10366 10215)
4(2362 10365 10366 2363)
4(2213 2364 10367 10216)
4(2363 10366 10367 2364)
4(2214 2365 10368 10217)
4(2364 10367 10368 2365)
4(2215 2366 10369 10218)
4(2365 10368 10369 2366)
4(2216 2367 10370 10219)
4(2366 10369 10370 2367)
4(2217 2368 10371 10220)
4(2367 10370 10371 2368)
4(2218 2369 10372 10221)
4(2368 10371 10372 2369)
4(2219 2370 10373 10222)
4(2369 10372 10373 2370)
4(2220 2371 10374 10223)
4(2370 10373 10374 2371)
4(2221 2372 10375 10224)
4(2371 10374 10375 2372)
4(2222 2373 10376 10225)
4(2372 10375 10376 2373)
4(2223 2374 10377 10226)
4(2373 10376 10377 2374)
4(2224 2375 10378 10227)
4(2374 10377 10378 2375)
4(2225 2376 10379 10228)
4(2375 10378 10379 2376)
4(2226 2377 10380 10229)
4(2376 10379 10380 2377)
4(2227 2378 10381 10230)
4(2377 10380 10381 2378)
4(2228 2379 10382 10231)
4(2378 10381 10382 2379)
4(2229 2380 10383 10232)
4(2379 10382 10383 2380)
4(2230 2381 10384 10233)
4(2380 10383 10384 2381)
4(2231 2382 10385 10234)
4(2381 10384 10385 2382)
4(2232 2383 10386 10235)
4(2382 10385 10386 2383)
4(2233 2384 10387 10236)
4(2383 10386 10387 2384)
4(2234 2385 10388 10237)
4(2384 10387 10388 2385)
4(2235 2386 10389 10238)
4(2385 10388 10389 2386)
4(2236 2387 10390 10239)
4(2386 10389 10390 2387)
4(2237 2388 10391 10240)
4(2387 10390 10391 2388)
4(2238 2389 10392 10241)
4(2388 10391 10392 2389)
4(2239 2390 10393 10242)
4(2389 10392 10393 2390)
4(2240 2391 10394 10243)
4(2390 10393 10394 2391)
4(2241 2392 10395 10244)
4(2391 10394 10395 2392)
4(2242 2393 10396 10245)
4(2392 10395 10396 2393)
4(2243 2394 10397 10246)
4(2393 10396 10397 2394)
4(2244 2395 10398 10247)
4(2394 10397 10398 2395)
4(2245 2396 10399 10248)
4(2395 10398 10399 2396)
4(2246 2397 10400 10249)
4(2396 10399 10400 2397)
4(2247 2398 10401 10250)
4(2397 10400 10401 2398)
4(2248 2399 10402 10251)
4(2398 10401 10402 2399)
4(2249 2400 10403 10252)
4(2399 10402 10403 2400)
4(2250 2401 10404 10253)
4(2400 10403 10404 2401)
4(2251 2402 10405 10254)
4(2401 10404 10405 2402)
4(2252 2403 10406 10255)
4(2402 10405 10406 2403)
4(2253 2404 10407 10256)
4(2403 10406 10407 2404)
4(2254 2405 10408 10257)
4(2404 10407 10408 2405)
4(2255 2406 10409 10258)
4(2405 10408 10409 2406)
4(2256 2407 10410 10259)
4(2406 10409 10410 2407)
4(2257 2408 10411 10260)
4(2407 10410 10411 2408)
4(2258 2409 10412 10261)
4(2408 10411 10412 2409)
4(2259 2410 10413 10262)
4(2409 10412 10413 2410)
4(2260 2411 10414 10263)
4(2410 10413 10414 2411)
4(2261 2412 10415 10264)
4(2411 10414 10415 2412)
4(2262 2413 10416 10265)
4(2412 10415 10416 2413)
4(2263 2414 10417 10266)
4(2413 10416 10417 2414)
4(2414 10417 10418 2415)
4(2266 2417 10420 10269)
4(2416 10419 10420 2417)
4(2267 2418 10421 10270)
4(2417 10420 10421 2418)
4(2268 2419 10422 10271)
4(2418 10421 10422 2419)
4(2269 2420 10423 10272)
4(2419 10422 10423 2420)
4(2270 2421 10424 10273)
4(2420 10423 10424 2421)
4(2271 2422 10425 10274)
4(2421 10424 10425 2422)
4(2272 2423 10426 10275)
4(2422 10425 10426 2423)
4(2273 2424 10427 10276)
4(2423 10426 10427 2424)
4(2274 2425 10428 10277)
4(2424 10427 10428 2425)
4(2275 2426 10429 10278)
4(2425 10428 10429 2426)
4(2276 2427 10430 10279)
4(2426 10429 10430 2427)
4(2277 2428 10431 10280)
4(2427 10430 10431 2428)
4(2278 2429 10432 10281)
4(2428 10431 10432 2429)
4(2279 2430 10433 10282)
4(2429 10432 10433 2430)
4(2280 2431 10434 10283)
4(2430 10433 10434 2431)
4(2281 2432 10435 10284)
4(2431 10434 10435 2432)
4(2282 2433 10436 10285)
4(2432 10435 10436 2433)
4(2283 2434 10437 10286)
4(2433 10436 10437 2434)
4(2284 2435 10438 10287)
4(2434 10437 10438 2435)
4(2285 2436 10439 10288)
4(2435 10438 10439 2436)
4(2286 2437 10440 10289)
4(2436 10439 10440 2437)
4(2287 2438 10441 10290)
4(2437 10440 10441 2438)
4(2288 2439 10442 10291)
4(2438 10441 10442 2439)
4(2289 2440 10443 10292)
4(2439 10442 10443 2440)
4(2290 2441 10444 10293)
4(2440 10443 10444 2441)
4(2291 2442 10445 10294)
4(2441 10444 10445 2442)
4(2292 2443 10446 10295)
4(2442 10445 10446 2443)
4(2293 2444 10447 10296)
4(2443 10446 10447 2444)
4(2294 2445 10448 10297)
4(2444 10447 10448 2445)
4(2295 2446 10449 10298)
4(2445 10448 10449 2446)
4(2296 2447 10450 10299)
4(2446 10449 10450 2447)
4(2297 2448 10451 10300)
4(2447 10450 10451 2448)
4(2298 2449 10452 10301)
4(2448 10451 10452 2449)
4(2299 2450 10453 10302)
4(2449 10452 10453 2450)
4(2300 2451 10454 10303)
4(2450 10453 10454 2451)
4(2301 2452 10455 10304)
4(2451 10454 10455 2452)
4(2302 2453 10456 10305)
4(2452 10455 10456 2453)
4(2303 2454 10457 10306)
4(2453 10456 10457 2454)
4(2304 2455 10458 10307)
4(2454 10457 10458 2455)
4(2305 2456 10459 10308)
4(2455 10458 10459 2456)
4(2306 2457 10460 10309)
4(2456 10459 10460 2457)
4(2307 2458 10461 10310)
4(2457 10460 10461 2458)
4(2308 2459 10462 10311)
4(2458 10461 10462 2459)
4(2309 2460 10463 10312)
4(2459 10462 10463 2460)
4(2310 2461 10464 10313)
4(2460 10463 10464 2461)
4(2311 2462 10465 10314)
4(2461 10464 10465 2462)
4(2312 2463 10466 10315)
4(2462 10465 10466 2463)
4(2313 2464 10467 10316)
4(2463 10466 10467 2464)
4(2314 2465 10468 10317)
4(2464 10467 10468 2465)
4(2315 2466 10469 10318)
4(2465 10468 10469 2466)
4(2316 2467 10470 10319)
4(2466 10469 10470 2467)
4(2317 2468 10471 10320)
4(2467 10470 10471 2468)
4(2318 2469 10472 10321)
4(2468 10471 10472 2469)
4(2319 2470 10473 10322)
4(2469 10472 10473 2470)
4(2320 2471 10474 10323)
4(2470 10473 10474 2471)
4(2321 2472 10475 10324)
4(2471 10474 10475 2472)
4(2322 2473 10476 10325)
4(2472 10475 10476 2473)
4(2323 2474 10477 10326)
4(2473 10476 10477 2474)
4(2324 2475 10478 10327)
4(2474 10477 10478 2475)
4(2325 2476 10479 10328)
4(2475 10478 10479 2476)
4(2326 2477 10480 10329)
4(2476 10479 10480 2477)
4(2327 2478 10481 10330)
4(2477 10480 10481 2478)
4(2328 2479 10482 10331)
4(2478 10481 10482 2479)
4(2329 2480 10483 10332)
4(2479 10482 10483 2480)
4(2330 2481 10484 10333)
4(2480 10483 10484 2481)
4(2331 2482 10485 10334)
4(2481 10484 10485 2482)
4(2332 2483 10486 10335)
4(2482 10485 10486 2483)
4(2333 2484 10487 10336)
4(2483 10486 10487 2484)
4(2334 2485 10488 10337)
4(2484 10487 10488 2485)
4(2335 2486 10489 10338)
4(2485 10488 10489 2486)
4(2336 2487 10490 10339)
4(2486 10489 10490 2487)
4(2337 2488 10491 10340)
4(2487 10490 10491 2488)
4(2338 2489 10492 10341)
4(2488 10491 10492 2489)
4(2339 2490 10493 10342)
4(2489 10492 10493 2490)
4(2340 2491 10494 10343)
4(2490 10493 10494 2491)
4(2341 2492 10495 10344)
4(2491 10494 10495 2492)
4(2342 2493 10496 10345)
4(2492 10495 10496 2493)
4(2343 2494 10497 10346)
4(2493 10496 10497 2494)
4(2344 2495 10498 10347)
4(2494 10497 10498 2495)
4(2345 2496 10499 10348)
4(2495 10498 10499 2496)
4(2346 2497 10500 10349)
4(2496 10499 10500 2497)
4(2347 2498 10501 10350)
4(2497 10500 10501 2498)
4(2348 2499 10502 10351)
4(2498 10501 10502 2499)
4(2349 2500 10503 10352)
4(2499 10502 10503 2500)
4(2350 2501 10504 10353)
4(2500 10503 10504 2501)
4(2351 2502 10505 10354)
4(2501 10504 10505 2502)
4(2352 2503 10506 10355)
4(2502 10505 10506 2503)
4(2353 2504 10507 10356)
4(2503 10506 10507 2504)
4(2354 2505 10508 10357)
4(2504 10507 10508 2505)
4(2355 2506 10509 10358)
4(2505 10508 10509 2506)
4(2356 2507 10510 10359)
4(2506 10509 10510 2507)
4(2357 2508 10511 10360)
4(2507 10510 10511 2508)
4(2358 2509 10512 10361)
4(2508 10511 10512 2509)
4(2359 2510 10513 10362)
4(2509 10512 10513 2510)
4(2360 2511 10514 10363)
4(2510 10513 10514 2511)
4(2361 2512 10515 10364)
4(2511 10514 10515 2512)
4(2362 2513 10516 10365)
4(2512 10515 10516 2513)
4(2363 2514 10517 10366)
4(2513 10516 10517 2514)
4(2364 2515 10518 10367)
4(2514 10517 10518 2515)
4(2365 2516 10519 10368)
4(2515 10518 10519 2516)
4(2366 2517 10520 10369)
4(2516 10519 10520 2517)
4(2367 2518 10521 10370)
4(2517 10520 10521 2518)
4(2368 2519 10522 10371)
4(2518 10521 10522 2519)
4(2369 2520 10523 10372)
4(2519 10522 10523 2520)
4(2370 2521 10524 10373)
4(2520 10523 10524 2521)
4(2371 2522 10525 10374)
4(2521 10524 10525 2522)
4(2372 2523 10526 10375)
4(2522 10525 10526 2523)
4(2373 2524 10527 10376)
4(2523 10526 10527 2524)
4(2374 2525 10528 10377)
4(2524 10527 10528 2525)
4(2375 2526 10529 10378)
4(2525 10528 10529 2526)
4(2376 2527 10530 10379)
4(2526 10529 10530 2527)
4(2377 2528 10531 10380)
4(2527 10530 10531 2528)
4(2378 2529 10532 10381)
4(2528 10531 10532 2529)
4(2379 2530 10533 10382)
4(2529 10532 10533 2530)
4(2380 2531 10534 10383)
4(2530 10533 10534 2531)
4(2381 2532 10535 10384)
4(2531 10534 10535 2532)
4(2382 2533 10536 10385)
4(2532 10535 10536 2533)
4(2383 2534 10537 10386)
4(2533 10536 10537 2534)
4(2384 2535 10538 10387)
4(2534 10537 10538 2535)
4(2385 2536 10539 10388)
4(2535 10538 10539 2536)
4(2386 2537 10540 10389)
4(2536 10539 10540 2537)
4(2387 2538 10541 10390)
4(2537 10540 10541 2538)
4(2388 2539 10542 10391)
4(2538 10541 10542 2539)
4(2389 2540 10543 10392)
4(2539 10542 10543 2540)
4(2390 2541 10544 10393)
4(2540 10543 10544 2541)
4(2391 2542 10545 10394)
4(2541 10544 10545 2542)
4(2392 2543 10546 10395)
4(2542 10545 10546 2543)
4(2393 2544 10547 10396)
4(2543 10546 10547 2544)
4(2394 2545 10548 10397)
4(2544 10547 10548 2545)
4(2395 2546 10549 10398)
4(2545 10548 10549 2546)
4(2396 2547 10550 10399)
4(2546 10549 10550 2547)
4(2397 2548 10551 10400)
4(2547 10550 10551 2548)
4(2398 2549 10552 10401)
4(2548 10551 10552 2549)
4(2399 2550 10553 10402)
4(2549 10552 10553 2550)
4(2400 2551 10554 10403)
4(2550 10553 10554 2551)
4(2401 2552 10555 10404)
4(2551 10554 10555 2552)
4(2402 2553 10556 10405)
4(2552 10555 10556 2553)
4(2403 2554 10557 10406)
4(2553 10556 10557 2554)
4(2404 2555 10558 10407)
4(2554 10557 10558 2555)
4(2405 2556 10559 10408)
4(2555 10558 10559 2556)
4(2406 2557 10560 10409)
4(2556 10559 10560 2557)
4(2407 2558 10561 10410)
4(2557 10560 10561 2558)
4(2408 2559 10562 10411)
4(2558 10561 10562 2559)
4(2409 2560 10563 10412)
4(2559 10562 10563 2560)
4(2410 2561 10564 10413)
4(2560 10563 10564 2561)
4(2411 2562 10565 10414)
4(2561 10564 10565 2562)
4(2412 2563 10566 10415)
4(2562 10565 10566 2563)
4(2413 2564 10567 10416)
4(2563 10566 10567 2564)
4(2414 2565 10568 10417)
4(2564 10567 10568 2565)
4(2565 10568 10569 2566)
4(2417 2568 10571 10420)
4(2567 10570 10571 2568)
4(2418 2569 10572 10421)
4(2568 10571 10572 2569)
4(2419 2570 10573 10422)
4(2569 10572 10573 2570)
4(2420 2571 10574 10423)
4(2570 10573 10574 2571)
4(2421 2572 10575 10424)
4(2571 10574 10575 2572)
4(2422 2573 10576 10425)
4(2572 10575 10576 2573)
4(2423 2574 10577 10426)
4(2573 10576 10577 2574)
4(2424 2575 10578 10427)
4(2574 10577 10578 2575)
4(2425 2576 10579 10428)
4(2575 10578 10579 2576)
4(2426 2577 10580 10429)
4(2576 10579 10580 2577)
4(2427 2578 10581 10430)
4(2577 10580 10581 2578)
4(2428 2579 10582 10431)
4(2578 10581 10582 2579)
4(2429 2580 10583 10432)
4(2579 10582 10583 2580)
4(2430 2581 10584 10433)
4(2580 10583 10584 2581)
4(2431 2582 10585 10434)
4(2581 10584 10585 2582)
4(2432 2583 10586 10435)
4(2582 10585 10586 2583)
4(2433 2584 10587 10436)
4(2583 10586 10587 2584)
4(2434 2585 10588 10437)
4(2584 10587 10588 2585)
4(2435 2586 10589 10438)
4(2585 10588 10589 2586)
4(2436 2587 10590 10439)
4(2586 10589 10590 2587)
4(2437 2588 10591 10440)
4(2587 10590 10591 2588)
4(2438 2589 10592 10441)
4(2588 10591 10592 2589)
4(2439 2590 10593 10442)
4(2589 10592 10593 2590)
4(2440 2591 10594 10443)
4(2590 10593 10594 2591)
4(2441 2592 10595 10444)
4(2591 10594 10595 2592)
4(2442 2593 10596 10445)
4(2592 10595 10596 2593)
4(2443 2594 10597 10446)
4(2593 10596 10597 2594)
4(2444 2595 10598 10447)
4(2594 10597 10598 2595)
4(2445 2596 10599 10448)
4(2595 10598 10599 2596)
4(2446 2597 10600 10449)
4(2596 10599 10600 2597)
4(2447 2598 10601 10450)
4(2597 10600 10601 2598)
4(2448 2599 10602 10451)
4(2598 10601 10602 2599)
4(2449 2600 10603 10452)
4(2599 10602 10603 2600)
4(2450 2601 10604 10453)
4(2600 10603 10604 2601)
4(2451 2602 10605 10454)
4(2601 10604 10605 2602)
4(2452 2603 10606 10455)
4(2602 10605 10606 2603)
4(2453 2604 10607 10456)
4(2603 10606 10607 2604)
4(2454 2605 10608 10457)
4(2604 10607 10608 2605)
4(2455 2606 10609 10458)
4(2605 10608 10609 2606)
4(2456 2607 10610 10459)
4(2606 10609 10610 2607)
4(2457 2608 10611 10460)
4(2607 10610 10611 2608)
4(2458 2609 10612 10461)
4(2608 10611 10612 2609)
4(2459 2610 10613 10462)
4(2609 10612 10613 2610)
4(2460 2611 10614 10463)
4(2610 10613 10614 2611)
4(2461 2612 10615 10464)
4(2611 10614 10615 2612)
4(2462 2613 10616 10465)
4(2612 10615 10616 2613)
4(2463 2614 10617 10466)
4(2613 10616 10617 2614)
4(2464 2615 10618 10467)
4(2614 10617 10618 2615)
4(2465 2616 10619 10468)
4(2615 10618 10619 2616)
4(2466 2617 10620 10469)
4(2616 10619 10620 2617)
4(2467 2618 10621 10470)
4(2617 10620 10621 2618)
4(2468 2619 10622 10471)
4(2618 10621 10622 2619)
4(2469 2620 10623 10472)
4(2619 10622 10623 2620)
4(2470 2621 10624 10473)
4(2620 10623 10624 2621)
4(2471 2622 10625 10474)
4(2621 10624 10625 2622)
4(2472 2623 10626 10475)
4(2622 10625 10626 2623)
4(2473 2624 10627 10476)
4(2623 10626 10627 2624)
4(2474 2625 10628 10477)
4(2624 10627 10628 2625)
4(2475 2626 10629 10478)
4(2625 10628 10629 2626)
4(2476 2627 10630 10479)
4(2626 10629 10630 2627)
4(2477 2628 10631 10480)
4(2627 10630 10631 2628)
4(2478 2629 10632 10481)
4(2628 10631 10632 2629)
4(2479 2630 10633 10482)
4(2629 10632 10633 2630)
4(2480 2631 10634 10483)
4(2630 10633 10634 2631)
4(2481 2632 10635 10484)
4(2631 10634 10635 2632)
4(2482 2633 10636 10485)
4(2632 10635 10636 2633)
4(2483 2634 10637 10486)
4(2633 10636 10637 2634)
4(2484 2635 10638 10487)
4(2634 10637 10638 2635)
4(2485 2636 10639 10488)
4(2635 10638 10639 2636)
4(2486 2637 10640 10489)
4(2636 10639 10640 2637)
4(2487 2638 10641 10490)
4(2637 10640 10641 2638)
4(2488 2639 10642 10491)
4(2638 10641 10642 2639)
4(2489 2640 10643 10492)
4(2639 10642 10643 2640)
4(2490 2641 10644 10493)
4(2640 10643 10644 2641)
4(2491 2642 10645 10494)
4(2641 10644 10645 2642)
4(2492 2643 10646 10495)
4(2642 10645 10646 2643)
4(2493 2644 10647 10496)
4(2643 10646 10647 2644)
4(2494 2645 10648 10497)
4(2644 10647 10648 2645)
4(2495 2646 10649 10498)
4(2645 10648 10649 2646)
4(2496 2647 10650 10499)
4(2646 10649 10650 2647)
4(2497 2648 10651 10500)
4(2647 10650 10651 2648)
4(2498 2649 10652 10501)
4(2648 10651 10652 2649)
4(2499 2650 10653 10502)
4(2649 10652 10653 2650)
4(2500 2651 10654 10503)
4(2650 10653 10654 2651)
4(2501 2652 10655 10504)
4(2651 10654 10655 2652)
4(2502 2653 10656 10505)
4(2652 10655 10656 2653)
4(2503 2654 10657 10506)
4(2653 10656 10657 2654)
4(2504 2655 10658 10507)
4(2654 10657 10658 2655)
4(2505 2656 10659 10508)
4(2655 10658 10659 2656)
4(2506 2657 10660 10509)
4(2656 10659 10660 2657)
4(2507 2658 10661 10510)
4(2657 10660 10661 2658)
4(2508 2659 10662 10511)
4(2658 10661 10662 2659)
4(2509 2660 10663 10512)
4(2659 10662 10663 2660)
4(2510 2661 10664 10513)
4(2660 10663 10664 2661)
4(2511 2662 10665 10514)
4(2661 10664 10665 2662)
4(2512 2663 10666 10515)
4(2662 10665 10666 2663)
4(2513 2664 10667 10516)
4(2663 10666 10667 2664)
4(2514 2665 10668 10517)
4(2664 10667 10668 2665)
4(2515 2666 10669 10518)
4(2665 10668 10669 2666)
4(2516 2667 10670 10519)
4(2666 10669 10670 2667)
4(2517 2668 10671 10520)
4(2667 10670 10671 2668)
4(2518 2669 10672 10521)
4(2668 10671 10672 2669)
4(2519 2670 10673 10522)
4(2669 10672 10673 2670)
4(2520 2671 10674 10523)
4(2670 10673 10674 2671)
4(2521 2672 10675 10524)
4(2671 10674 10675 2672)
4(2522 2673 10676 10525)
4(2672 10675 10676 2673)
4(2523 2674 10677 10526)
4(2673 10676 10677 2674)
4(2524 2675 10678 10527)
4(2674 10677 10678 2675)
4(2525 2676 10679 10528)
4(2675 10678 10679 2676)
4(2526 2677 10680 10529)
4(2676 10679 10680 2677)
4(2527 2678 10681 10530)
4(2677 10680 10681 2678)
4(2528 2679 10682 10531)
4(2678 10681 10682 2679)
4(2529 2680 10683 10532)
4(2679 10682 10683 2680)
4(2530 2681 10684 10533)
4(2680 10683 10684 2681)
4(2531 2682 10685 10534)
4(2681 10684 10685 2682)
4(2532 2683 10686 10535)
4(2682 10685 10686 2683)
4(2533 2684 10687 10536)
4(2683 10686 10687 2684)
4(2534 2685 10688 10537)
4(2684 10687 10688 2685)
4(2535 2686 10689 10538)
4(2685 10688 10689 2686)
4(2536 2687 10690 10539)
4(2686 10689 10690 2687)
4(2537 2688 10691 10540)
4(2687 10690 10691 2688)
4(2538 2689 10692 10541)
4(2688 10691 10692 2689)
4(2539 2690 10693 10542)
4(2689 10692 10693 2690)
4(2540 2691 10694 10543)
4(2690 10693 10694 2691)
4(2541 2692 10695 10544)
4(2691 10694 10695 2692)
4(2542 2693 10696 10545)
4(2692 10695 10696 2693)
4(2543 2694 10697 10546)
4(2693 10696 10697 2694)
4(2544 2695 10698 10547)
4(2694 10697 10698 2695)
4(2545 2696 10699 10548)
4(2695 10698 10699 2696)
4(2546 2697 10700 10549)
4(2696 10699 10700 2697)
4(2547 2698 10701 10550)
4(2697 10700 10701 2698)
4(2548 2699 10702 10551)
4(2698 10701 10702 2699)
4(2549 2700 10703 10552)
4(2699 10702 10703 2700)
4(2550 2701 10704 10553)
4(2700 10703 10704 2701)
4(2551 2702 10705 10554)
4(2701 10704 10705 2702)
4(2552 2703 10706 10555)
4(2702 10705 10706 2703)
4(2553 2704 10707 10556)
4(2703 10706 10707 2704)
4(2554 2705 10708 10557)
4(2704 10707 10708 2705)
4(2555 2706 10709 10558)
4(2705 10708 10709 2706)
4(2556 2707 10710 10559)
4(2706 10709 10710 2707)
4(2557 2708 10711 10560)
4(2707 10710 10711 2708)
4(2558 2709 10712 10561)
4(2708 10711 10712 2709)
4(2559 2710 10713 10562)
4(2709 10712 10713 2710)
4(2560 2711 10714 10563)
4(2710 10713 10714 2711)
4(2561 2712 10715 10564)
4(2711 10714 10715 2712)
4(2562 2713 10716 10565)
4(2712 10715 10716 2713)
4(2563 2714 10717 10566)
4(2713 10716 10717 2714)
4(2564 2715 10718 10567)
4(2714 10717 10718 2715)
4(2565 2716 10719 10568)
4(2715 10718 10719 2716)
4(2716 10719 10720 2717)
4(2568 2719 10722 10571)
4(2718 10721 10722 2719)
4(2569 2720 10723 10572)
4(2719 10722 10723 2720)
4(2570 2721 10724 10573)
4(2720 10723 10724 2721)
4(2571 2722 10725 10574)
4(2721 10724 10725 2722)
4(2572 2723 10726 10575)
4(2722 10725 10726 2723)
4(2573 2724 10727 10576)
4(2723 10726 10727 2724)
4(2574 2725 10728 10577)
4(2724 10727 10728 2725)
4(2575 2726 10729 10578)
4(2725 10728 10729 2726)
4(2576 2727 10730 10579)
4(2726 10729 10730 2727)
4(2577 2728 10731 10580)
4(2727 10730 10731 2728)
4(2578 2729 10732 10581)
4(2728 10731 10732 2729)
4(2579 2730 10733 10582)
4(2729 10732 10733 2730)
4(2580 2731 10734 10583)
4(2730 10733 10734 2731)
4(2581 2732 10735 10584)
4(2731 10734 10735 2732)
4(2582 2733 10736 10585)
4(2732 10735 10736 2733)
4(2583 2734 10737 10586)
4(2733 10736 10737 2734)
4(2584 2735 10738 10587)
4(2734 10737 10738 2735)
4(2585 2736 10739 10588)
4(2735 10738 10739 2736)
4(2586 2737 10740 10589)
4(2736 10739 10740 2737)
4(2587 2738 10741 10590)
4(2737 10740 10741 2738)
4(2588 2739 10742 10591)
4(2738 10741 10742 2739)
4(2589 2740 10743 10592)
4(2739 10742 10743 2740)
4(2590 2741 10744 10593)
4(2740 10743 10744 2741)
4(2591 2742 10745 10594)
4(2741 10744 10745 2742)
4(2592 2743 10746 10595)
4(2742 10745 10746 2743)
4(2593 2744 10747 10596)
4(2743 10746 10747 2744)
4(2594 2745 10748 10597)
4(2744 10747 10748 2745)
4(2595 2746 10749 10598)
4(2745 10748 10749 2746)
4(2596 2747 10750 10599)
4(2746 10749 10750 2747)
4(2597 2748 10751 10600)
4(2747 10750 10751 2748)
4(2598 2749 10752 10601)
4(2748 10751 10752 2749)
4(2599 2750 10753 10602)
4(2749 10752 10753 2750)
4(2600 2751 10754 10603)
4(2750 10753 10754 2751)
4(2601 2752 10755 10604)
4(2751 10754 10755 2752)
4(2602 2753 10756 10605)
4(2752 10755 10756 2753)
4(2603 2754 10757 10606)
4(2753 10756 10757 2754)
4(2604 2755 10758 10607)
4(2754 10757 10758 2755)
4(2605 2756 10759 10608)
4(2755 10758 10759 2756)
4(2606 2757 10760 10609)
4(2756 10759 10760 2757)
4(2607 2758 10761 10610)
4(2757 10760 10761 2758)
4(2608 2759 10762 10611)
4(2758 10761 10762 2759)
4(2609 2760 10763 10612)
4(2759 10762 10763 2760)
4(2610 2761 10764 10613)
4(2760 10763 10764 2761)
4(2611 2762 10765 10614)
4(2761 10764 10765 2762)
4(2612 2763 10766 10615)
4(2762 10765 10766 2763)
4(2613 2764 10767 10616)
4(2763 10766 10767 2764)
4(2614 2765 10768 10617)
4(2764 10767 10768 2765)
4(2615 2766 10769 10618)
4(2765 10768 10769 2766)
4(2616 2767 10770 10619)
4(2766 10769 10770 2767)
4(2617 2768 10771 10620)
4(2767 10770 10771 2768)
4(2618 2769 10772 10621)
4(2768 10771 10772 2769)
4(2619 2770 10773 10622)
4(2769 10772 10773 2770)
4(2620 2771 10774 10623)
4(2770 10773 10774 2771)
4(2621 2772 10775 10624)
4(2771 10774 10775 2772)
4(2622 2773 10776 10625)
4(2772 10775 10776 2773)
4(2623 2774 10777 10626)
4(2773 10776 10777 2774)
4(2624 2775 10778 10627)
4(2774 10777 10778 2775)
4(2625 2776 10779 10628)
4(2775 10778 10779 2776)
4(2626 2777 10780 10629)
4(2776 10779 10780 2777)
4(2627 2778 10781 10630)
4(2777 10780 10781 2778)
4(2628 2779 10782 10631)
4(2778 10781 10782 2779)
4(2629 2780 10783 10632)
4(2779 10782 10783 2780)
4(2630 2781 10784 10633)
4(2780 10783 10784 2781)
4(2631 2782 10785 10634)
4(2781 10784 10785 2782)
4(2632 2783 10786 10635)
4(2782 10785 10786 2783)
4(2633 2784 10787 10636)
4(2783 10786 10787 2784)
4(2634 2785 10788 10637)
4(2784 10787 10788 2785)
4(2635 2786 10789 10638)
4(2785 10788 10789 2786)
4(2636 2787 10790 10639)
4(2786 10789 10790 2787)
4(2637 2788 10791 10640)
4(2787 10790 10791 2788)
4(2638 2789 10792 10641)
4(2788 10791 10792 2789)
4(2639 2790 10793 10642)
4(2789 10792 10793 2790)
4(2640 2791 10794 10643)
4(2790 10793 10794 2791)
4(2641 2792 10795 10644)
4(2791 10794 10795 2792)
4(2642 2793 10796 10645)
4(2792 10795 10796 2793)
4(2643 2794 10797 10646)
4(2793 10796 10797 2794)
4(2644 2795 10798 10647)
4(2794 10797 10798 2795)
4(2645 2796 10799 10648)
4(2795 10798 10799 2796)
4(2646 2797 10800 10649)
4(2796 10799 10800 2797)
4(2647 2798 10801 10650)
4(2797 10800 10801 2798)
4(2648 2799 10802 10651)
4(2798 10801 10802 2799)
4(2649 2800 10803 10652)
4(2799 10802 10803 2800)
4(2650 2801 10804 10653)
4(2800 10803 10804 2801)
4(2651 2802 10805 10654)
4(2801 10804 10805 2802)
4(2652 2803 10806 10655)
4(2802 10805 10806 2803)
4(2653 2804 10807 10656)
4(2803 10806 10807 2804)
4(2654 2805 10808 10657)
4(2804 10807 10808 2805)
4(2655 2806 10809 10658)
4(2805 10808 10809 2806)
4(2656 2807 10810 10659)
4(2806 10809 10810 2807)
4(2657 2808 10811 10660)
4(2807 10810 10811 2808)
4(2658 2809 10812 10661)
4(2808 10811 10812 2809)
4(2659 2810 10813 10662)
4(2809 10812 10813 2810)
4(2660 2811 10814 10663)
4(2810 10813 10814 2811)
4(2661 2812 10815 10664)
4(2811 10814 10815 2812)
4(2662 2813 10816 10665)
4(2812 10815 10816 2813)
4(2663 2814 10817 10666)
4(2813 10816 10817 2814)
4(2664 2815 10818 10667)
4(2814 10817 10818 2815)
4(2665 2816 10819 10668)
4(2815 10818 10819 2816)
4(2666 2817 10820 10669)
4(2816 10819 10820 2817)
4(2667 2818 10821 10670)
4(2817 10820 10821 2818)
4(2668 2819 10822 10671)
4(2818 10821 10822 2819)
4(2669 2820 10823 10672)
4(2819 10822 10823 2820)
4(2670 2821 10824 10673)
4(2820 10823 10824 2821)
4(2671 2822 10825 10674)
4(2821 10824 10825 2822)
4(2672 2823 10826 10675)
4(2822 10825 10826 2823)
4(2673 2824 10827 10676)
4(2823 10826 10827 2824)
4(2674 2825 10828 10677)
4(2824 10827 10828 2825)
4(2675 2826 10829 10678)
4(2825 10828 10829 2826)
4(2676 2827 10830 10679)
4(2826 10829 10830 2827)
4(2677 2828 10831 10680)
4(2827 10830 10831 2828)
4(2678 2829 10832 10681)
4(2828 10831 10832 2829)
4(2679 2830 10833 10682)
4(2829 10832 10833 2830)
4(2680 2831 10834 10683)
4(2830 10833 10834 2831)
4(2681 2832 10835 10684)
4(2831 10834 10835 2832)
4(2682 2833 10836 10685)
4(2832 10835 10836 2833)
4(2683 2834 10837 10686)
4(2833 10836 10837 2834)
4(2684 2835 10838 10687)
4(2834 10837 10838 2835)
4(2685 2836 10839 10688)
4(2835 10838 10839 2836)
4(2686 2837 10840 10689)
4(2836 10839 10840 2837)
4(2687 2838 10841 10690)
4(2837 10840 10841 2838)
4(2688 2839 10842 10691)
4(2838 10841 10842 2839)
4(2689 2840 10843 10692)
4(2839 10842 10843 2840)
4(2690 2841 10844 10693)
4(2840 10843 10844 2841)
4(2691 2842 10845 10694)
4(2841 10844 10845 2842)
4(2692 2843 10846 10695)
4(2842 10845 10846 2843)
4(2693 2844 10847 10696)
4(2843 10846 10847 2844)
4(2694 2845 10848 10697)
4(2844 10847 10848 2845)
4(2695 2846 10849 10698)
4(2845 10848 10849 2846)
4(2696 2847 10850 10699)
4(2846 10849 10850 2847)
4(2697 2848 10851 10700)
4(2847 10850 10851 2848)
4(2698 2849 10852 10701)
4(2848 10851 10852 2849)
4(2699 2850 10853 10702)
4(2849 10852 10853 2850)
4(2700 2851 10854 10703)
4(2850 10853 10854 2851)
4(2701 2852 10855 10704)
4(2851 10854 10855 2852)
4(2702 2853 10856 10705)
4(2852 10855 10856 2853)
4(2703 2854 10857 10706)
4(2853 10856 10857 2854)
4(2704 2855 10858 10707)
4(2854 10857 10858 2855)
4(2705 2856 10859 10708)
4(2855 10858 10859 2856)
4(2706 2857 10860 10709)
4(2856 10859 10860 2857)
4(2707 2858 10861 10710)
4(2857 10860 10861 2858)
4(2708 2859 10862 10711)
4(2858 10861 10862 2859)
4(2709 2860 10863 10712)
4(2859 10862 10863 2860)
4(2710 2861 10864 10713)
4(2860 10863 10864 2861)
4(2711 2862 10865 10714)
4(2861 10864 10865 2862)
4(2712 2863 10866 10715)
4(2862 10865 10866 2863)
4(2713 2864 10867 10716)
4(2863 10866 10867 2864)
4(2714 2865 10868 10717)
4(2864 10867 10868 2865)
4(2715 2866 10869 10718)
4(2865 10868 10869 2866)
4(2716 2867 10870 10719)
4(2866 10869 10870 2867)
4(2867 10870 10871 2868)
4(2719 2870 10873 10722)
4(2869 10872 10873 2870)
4(2720 2871 10874 10723)
4(2870 10873 10874 2871)
4(2721 2872 10875 10724)
4(2871 10874 10875 2872)
4(2722 2873 10876 10725)
4(2872 10875 10876 2873)
4(2723 2874 10877 10726)
4(2873 10876 10877 2874)
4(2724 2875 10878 10727)
4(2874 10877 10878 2875)
4(2725 2876 10879 10728)
4(2875 10878 10879 2876)
4(2726 2877 10880 10729)
4(2876 10879 10880 2877)
4(2727 2878 10881 10730)
4(2877 10880 10881 2878)
4(2728 2879 10882 10731)
4(2878 10881 10882 2879)
4(2729 2880 10883 10732)
4(2879 10882 10883 2880)
4(2730 2881 10884 10733)
4(2880 10883 10884 2881)
4(2731 2882 10885 10734)
4(2881 10884 10885 2882)
4(2732 2883 10886 10735)
4(2882 10885 10886 2883)
4(2733 2884 10887 10736)
4(2883 10886 10887 2884)
4(2734 2885 10888 10737)
4(2884 10887 10888 2885)
4(2735 2886 10889 10738)
4(2885 10888 10889 2886)
4(2736 2887 10890 10739)
4(2886 10889 10890 2887)
4(2737 2888 10891 10740)
4(2887 10890 10891 2888)
4(2738 2889 10892 10741)
4(2888 10891 10892 2889)
4(2739 2890 10893 10742)
4(2889 10892 10893 2890)
4(2740 2891 10894 10743)
4(2890 10893 10894 2891)
4(2741 2892 10895 10744)
4(2891 10894 10895 2892)
4(2742 2893 10896 10745)
4(2892 10895 10896 2893)
4(2743 2894 10897 10746)
4(2893 10896 10897 2894)
4(2744 2895 10898 10747)
4(2894 10897 10898 2895)
4(2745 2896 10899 10748)
4(2895 10898 10899 2896)
4(2746 2897 10900 10749)
4(2896 10899 10900 2897)
4(2747 2898 10901 10750)
4(2897 10900 10901 2898)
4(2748 2899 10902 10751)
4(2898 10901 10902 2899)
4(2749 2900 10903 10752)
4(2899 10902 10903 2900)
4(2750 2901 10904 10753)
4(2900 10903 10904 2901)
4(2751 2902 10905 10754)
4(2901 10904 10905 2902)
4(2752 2903 10906 10755)
4(2902 10905 10906 2903)
4(2753 2904 10907 10756)
4(2903 10906 10907 2904)
4(2754 2905 10908 10757)
4(2904 10907 10908 2905)
4(2755 2906 10909 10758)
4(2905 10908 10909 2906)
4(2756 2907 10910 10759)
4(2906 10909 10910 2907)
4(2757 2908 10911 10760)
4(2907 10910 10911 2908)
4(2758 2909 10912 10761)
4(2908 10911 10912 2909)
4(2759 2910 10913 10762)
4(2909 10912 10913 2910)
4(2760 2911 10914 10763)
4(2910 10913 10914 2911)
4(2761 2912 10915 10764)
4(2911 10914 10915 2912)
4(2762 2913 10916 10765)
4(2912 10915 10916 2913)
4(2763 2914 10917 10766)
4(2913 10916 10917 2914)
4(2764 2915 10918 10767)
4(2914 10917 10918 2915)
4(2765 2916 10919 10768)
4(2915 10918 10919 2916)
4(2766 2917 10920 10769)
4(2916 10919 10920 2917)
4(2767 2918 10921 10770)
4(2917 10920 10921 2918)
4(2768 2919 10922 10771)
4(2918 10921 10922 2919)
4(2769 2920 10923 10772)
4(2919 10922 10923 2920)
4(2770 2921 10924 10773)
4(2920 10923 10924 2921)
4(2771 2922 10925 10774)
4(2921 10924 10925 2922)
4(2772 2923 10926 10775)
4(2922 10925 10926 2923)
4(2773 2924 10927 10776)
4(2923 10926 10927 2924)
4(2774 2925 10928 10777)
4(2924 10927 10928 2925)
4(2775 2926 10929 10778)
4(2925 10928 10929 2926)
4(2776 2927 10930 10779)
4(2926 10929 10930 2927)
4(2777 2928 10931 10780)
4(2927 10930 10931 2928)
4(2778 2929 10932 10781)
4(2928 10931 10932 2929)
4(2779 2930 10933 10782)
4(2929 10932 10933 2930)
4(2780 2931 10934 10783)
4(2930 10933 10934 2931)
4(2781 2932 10935 10784)
4(2931 10934 10935 2932)
4(2782 2933 10936 10785)
4(2932 10935 10936 2933)
4(2783 2934 10937 10786)
4(2933 10936 10937 2934)
4(2784 2935 10938 10787)
4(2934 10937 10938 2935)
4(2785 2936 10939 10788)
4(2935 10938 10939 2936)
4(2786 2937 10940 10789)
4(2936 10939 10940 2937)
4(2787 2938 10941 10790)
4(2937 10940 10941 2938)
4(2788 2939 10942 10791)
4(2938 10941 10942 2939)
4(2789 2940 10943 10792)
4(2939 10942 10943 2940)
4(2790 2941 10944 10793)
4(2940 10943 10944 2941)
4(2791 2942 10945 10794)
4(2941 10944 10945 2942)
4(2792 2943 10946 10795)
4(2942 10945 10946 2943)
4(2793 2944 10947 10796)
4(2943 10946 10947 2944)
4(2794 2945 10948 10797)
4(2944 10947 10948 2945)
4(2795 2946 10949 10798)
4(2945 10948 10949 2946)
4(2796 2947 10950 10799)
4(2946 10949 10950 2947)
4(2797 2948 10951 10800)
4(2947 10950 10951 2948)
4(2798 2949 10952 10801)
4(2948 10951 10952 2949)
4(2799 2950 10953 10802)
4(2949 10952 10953 2950)
4(2800 2951 10954 10803)
4(2950 10953 10954 2951)
4(2801 2952 10955 10804)
4(2951 10954 10955 2952)
4(2802 2953 10956 10805)
4(2952 10955 10956 2953)
4(2803 2954 10957 10806)
4(2953 10956 10957 2954)
4(2804 2955 10958 10807)
4(2954 10957 10958 2955)
4(2805 2956 10959 10808)
4(2955 10958 10959 2956)
4(2806 2957 10960 10809)
4(2956 10959 10960 2957)
4(2807 2958 10961 10810)
4(2957 10960 10961 2958)
4(2808 2959 10962 10811)
4(2958 10961 10962 2959)
4(2809 2960 10963 10812)
4(2959 10962 10963 2960)
4(2810 2961 10964 10813)
4(2960 10963 10964 2961)
4(2811 2962 10965 10814)
4(2961 10964 10965 2962)
4(2812 2963 10966 10815)
4(2962 10965 10966 2963)
4(2813 2964 10967 10816)
4(2963 10966 10967 2964)
4(2814 2965 10968 10817)
4(2964 10967 10968 2965)
4(2815 2966 10969 10818)
4(2965 10968 10969 2966)
4(2816 2967 10970 10819)
4(2966 10969 10970 2967)
4(2817 2968 10971 10820)
4(2967 10970 10971 2968)
4(2818 2969 10972 10821)
4(2968 10971 10972 2969)
4(2819 2970 10973 10822)
4(2969 10972 10973 2970)
4(2820 2971 10974 10823)
4(2970 10973 10974 2971)
4(2821 2972 10975 10824)
4(2971 10974 10975 2972)
4(2822 2973 10976 10825)
4(2972 10975 10976 2973)
4(2823 2974 10977 10826)
4(2973 10976 10977 2974)
4(2824 2975 10978 10827)
4(2974 10977 10978 2975)
4(2825 2976 10979 10828)
4(2975 10978 10979 2976)
4(2826 2977 10980 10829)
4(2976 10979 10980 2977)
4(2827 2978 10981 10830)
4(2977 10980 10981 2978)
4(2828 2979 10982 10831)
4(2978 10981 10982 2979)
4(2829 2980 10983 10832)
4(2979 10982 10983 2980)
4(2830 2981 10984 10833)
4(2980 10983 10984 2981)
4(2831 2982 10985 10834)
4(2981 10984 10985 2982)
4(2832 2983 10986 10835)
4(2982 10985 10986 2983)
4(2833 2984 10987 10836)
4(2983 10986 10987 2984)
4(2834 2985 10988 10837)
4(2984 10987 10988 2985)
4(2835 2986 10989 10838)
4(2985 10988 10989 2986)
4(2836 2987 10990 10839)
4(2986 10989 10990 2987)
4(2837 2988 10991 10840)
4(2987 10990 10991 2988)
4(2838 2989 10992 10841)
4(2988 10991 10992 2989)
4(2839 2990 10993 10842)
4(2989 10992 10993 2990)
4(2840 2991 10994 10843)
4(2990 10993 10994 2991)
4(2841 2992 10995 10844)
4(2991 10994 10995 2992)
4(2842 2993 10996 10845)
4(2992 10995 10996 2993)
4(2843 2994 10997 10846)
4(2993 10996 10997 2994)
4(2844 2995 10998 10847)
4(2994 10997 10998 2995)
4(2845 2996 10999 10848)
4(2995 10998 10999 2996)
4(2846 2997 11000 10849)
4(2996 10999 11000 2997)
4(2847 2998 11001 10850)
4(2997 11000 11001 2998)
4(2848 2999 11002 10851)
4(2998 11001 11002 2999)
4(2849 3000 11003 10852)
4(2999 11002 11003 3000)
4(2850 3001 11004 10853)
4(3000 11003 11004 3001)
4(2851 3002 11005 10854)
4(3001 11004 11005 3002)
4(2852 3003 11006 10855)
4(3002 11005 11006 3003)
4(2853 3004 11007 10856)
4(3003 11006 11007 3004)
4(2854 3005 11008 10857)
4(3004 11007 11008 3005)
4(2855 3006 11009 10858)
4(3005 11008 11009 3006)
4(2856 3007 11010 10859)
4(3006 11009 11010 3007)
4(2857 3008 11011 10860)
4(3007 11010 11011 3008)
4(2858 3009 11012 10861)
4(3008 11011 11012 3009)
4(2859 3010 11013 10862)
4(3009 11012 11013 3010)
4(2860 3011 11014 10863)
4(3010 11013 11014 3011)
4(2861 3012 11015 10864)
4(3011 11014 11015 3012)
4(2862 3013 11016 10865)
4(3012 11015 11016 3013)
4(2863 3014 11017 10866)
4(3013 11016 11017 3014)
4(2864 3015 11018 10867)
4(3014 11017 11018 3015)
4(2865 3016 11019 10868)
4(3015 11018 11019 3016)
4(2866 3017 11020 10869)
4(3016 11019 11020 3017)
4(2867 3018 11021 10870)
4(3017 11020 11021 3018)
4(3018 11021 11022 3019)
4(2870 3021 11024 10873)
4(3020 11023 11024 3021)
4(2871 3022 11025 10874)
4(3021 11024 11025 3022)
4(2872 3023 11026 10875)
4(3022 11025 11026 3023)
4(2873 3024 11027 10876)
4(3023 11026 11027 3024)
4(2874 3025 11028 10877)
4(3024 11027 11028 3025)
4(2875 3026 11029 10878)
4(3025 11028 11029 3026)
4(2876 3027 11030 10879)
4(3026 11029 11030 3027)
4(2877 3028 11031 10880)
4(3027 11030 11031 3028)
4(2878 3029 11032 10881)
4(3028 11031 11032 3029)
4(2879 3030 11033 10882)
4(3029 11032 11033 3030)
4(2880 3031 11034 10883)
4(3030 11033 11034 3031)
4(2881 3032 11035 10884)
4(3031 11034 11035 3032)
4(2882 3033 11036 10885)
4(3032 11035 11036 3033)
4(2883 3034 11037 10886)
4(3033 11036 11037 3034)
4(2884 3035 11038 10887)
4(3034 11037 11038 3035)
4(2885 3036 11039 10888)
4(3035 11038 11039 3036)
4(2886 3037 11040 10889)
4(3036 11039 11040 3037)
4(2887 3038 11041 10890)
4(3037 11040 11041 3038)
4(2888 3039 11042 10891)
4(3038 11041 11042 3039)
4(2889 3040 11043 10892)
4(3039 11042 11043 3040)
4(2890 3041 11044 10893)
4(3040 11043 11044 3041)
4(2891 3042 11045 10894)
4(3041 11044 11045 3042)
4(2892 3043 11046 10895)
4(3042 11045 11046 3043)
4(2893 3044 11047 10896)
4(3043 11046 11047 3044)
4(2894 3045 11048 10897)
4(3044 11047 11048 3045)
4(2895 3046 11049 10898)
4(3045 11048 11049 3046)
4(2896 3047 11050 10899)
4(3046 11049 11050 3047)
4(2897 3048 11051 10900)
4(3047 11050 11051 3048)
4(2898 3049 11052 10901)
4(3048 11051 11052 3049)
4(2899 3050 11053 10902)
4(3049 11052 11053 3050)
4(2900 3051 11054 10903)
4(3050 11053 11054 3051)
4(2901 3052 11055 10904)
4(3051 11054 11055 3052)
4(2902 3053 11056 10905)
4(3052 11055 11056 3053)
4(2903 3054 11057 10906)
4(3053 11056 11057 3054)
4(2904 3055 11058 10907)
4(3054 11057 11058 3055)
4(2905 3056 11059 10908)
4(3055 11058 11059 3056)
4(2906 3057 11060 10909)
4(3056 11059 11060 3057)
4(2907 3058 11061 10910)
4(3057 11060 11061 3058)
4(2908 3059 11062 10911)
4(3058 11061 11062 3059)
4(2909 3060 11063 10912)
4(3059 11062 11063 3060)
4(2910 3061 11064 10913)
4(3060 11063 11064 3061)
4(2911 3062 11065 10914)
4(3061 11064 11065 3062)
4(2912 3063 11066 10915)
4(3062 11065 11066 3063)
4(2913 3064 11067 10916)
4(3063 11066 11067 3064)
4(2914 3065 11068 10917)
4(3064 11067 11068 3065)
4(2915 3066 11069 10918)
4(3065 11068 11069 3066)
4(2916 3067 11070 10919)
4(3066 11069 11070 3067)
4(2917 3068 11071 10920)
4(3067 11070 11071 3068)
4(2918 3069 11072 10921)
4(3068 11071 11072 3069)
4(2919 3070 11073 10922)
4(3069 11072 11073 3070)
4(2920 3071 11074 10923)
4(3070 11073 11074 3071)
4(2921 3072 11075 10924)
4(3071 11074 11075 3072)
4(2922 3073 11076 10925)
4(3072 11075 11076 3073)
4(2923 3074 11077 10926)
4(3073 11076 11077 3074)
4(2924 3075 11078 10927)
4(3074 11077 11078 3075)
4(2925 3076 11079 10928)
4(3075 11078 11079 3076)
4(2926 3077 11080 10929)
4(3076 11079 11080 3077)
4(2927 3078 11081 10930)
4(3077 11080 11081 3078)
4(2928 3079 11082 10931)
4(3078 11081 11082 3079)
4(2929 3080 11083 10932)
4(3079 11082 11083 3080)
4(2930 3081 11084 10933)
4(3080 11083 11084 3081)
4(2931 3082 11085 10934)
4(3081 11084 11085 3082)
4(2932 3083 11086 10935)
4(3082 11085 11086 3083)
4(2933 3084 11087 10936)
4(3083 11086 11087 3084)
4(2934 3085 11088 10937)
4(3084 11087 11088 3085)
4(2935 3086 11089 10938)
4(3085 11088 11089 3086)
4(2936 3087 11090 10939)
4(3086 11089 11090 3087)
4(2937 3088 11091 10940)
4(3087 11090 11091 3088)
4(2938 3089 11092 10941)
4(3088 11091 11092 3089)
4(2939 3090 11093 10942)
4(3089 11092 11093 3090)
4(2940 3091 11094 10943)
4(3090 11093 11094 3091)
4(2941 3092 11095 10944)
4(3091 11094 11095 3092)
4(2942 3093 11096 10945)
4(3092 11095 11096 3093)
4(2943 3094 11097 10946)
4(3093 11096 11097 3094)
4(2944 3095 11098 10947)
4(3094 11097 11098 3095)
4(2945 3096 11099 10948)
4(3095 11098 11099 3096)
4(2946 3097 11100 10949)
4(3096 11099 11100 3097)
4(2947 3098 11101 10950)
4(3097 11100 11101 3098)
4(2948 3099 11102 10951)
4(3098 11101 11102 3099)
4(2949 3100 11103 10952)
4(3099 11102 11103 3100)
4(2950 3101 11104 10953)
4(3100 11103 11104 3101)
4(2951 3102 11105 10954)
4(3101 11104 11105 3102)
4(2952 3103 11106 10955)
4(3102 11105 11106 3103)
4(2953 3104 11107 10956)
4(3103 11106 11107 3104)
4(2954 3105 11108 10957)
4(3104 11107 11108 3105)
4(2955 3106 11109 10958)
4(3105 11108 11109 3106)
4(2956 3107 11110 10959)
4(3106 11109 11110 3107)
4(2957 3108 11111 10960)
4(3107 11110 11111 3108)
4(2958 3109 11112 10961)
4(3108 11111 11112 3109)
4(2959 3110 11113 10962)
4(3109 11112 11113 3110)
4(2960 3111 11114 10963)
4(3110 11113 11114 3111)
4(2961 3112 11115 10964)
4(3111 11114 11115 3112)
4(2962 3113 11116 10965)
4(3112 11115 11116 3113)
4(2963 3114 11117 10966)
4(3113 11116 11117 3114)
4(2964 3115 11118 10967)
4(3114 11117 11118 3115)
4(2965 3116 11119 10968)
4(3115 11118 11119 3116)
4(2966 3117 11120 10969)
4(3116 11119 11120 3117)
4(2967 3118 11121 10970)
4(3117 11120 11121 3118)
4(2968 3119 11122 10971)
4(3118 11121 11122 3119)
4(2969 3120 11123 10972)
4(3119 11122 11123 3120)
4(2970 3121 11124 10973)
4(3120 11123 11124 3121)
4(2971 3122 11125 10974)
4(3121 11124 11125 3122)
4(2972 3123 11126 10975)
4(3122 11125 11126 3123)
4(2973 3124 11127 10976)
4(3123 11126 11127 3124)
4(2974 3125 11128 10977)
4(3124 11127 11128 3125)
4(2975 3126 11129 10978)
4(3125 11128 11129 3126)
4(2976 3127 11130 10979)
4(3126 11129 11130 3127)
4(2977 3128 11131 10980)
4(3127 11130 11131 3128)
4(2978 3129 11132 10981)
4(3128 11131 11132 3129)
4(2979 3130 11133 10982)
4(3129 11132 11133 3130)
4(2980 3131 11134 10983)
4(3130 11133 11134 3131)
4(2981 3132 11135 10984)
4(3131 11134 11135 3132)
4(2982 3133 11136 10985)
4(3132 11135 11136 3133)
4(2983 3134 11137 10986)
4(3133 11136 11137 3134)
4(2984 3135 11138 10987)
4(3134 11137 11138 3135)
4(2985 3136 11139 10988)
4(3135 11138 11139 3136)
4(2986 3137 11140 10989)
4(3136 11139 11140 3137)
4(2987 3138 11141 10990)
4(3137 11140 11141 3138)
4(2988 3139 11142 10991)
4(3138 11141 11142 3139)
4(2989 3140 11143 10992)
4(3139 11142 11143 3140)
4(2990 3141 11144 10993)
4(3140 11143 11144 3141)
4(2991 3142 11145 10994)
4(3141 11144 11145 3142)
4(2992 3143 11146 10995)
4(3142 11145 11146 3143)
4(2993 3144 11147 10996)
4(3143 11146 11147 3144)
4(2994 3145 11148 10997)
4(3144 11147 11148 3145)
4(2995 3146 11149 10998)
4(3145 11148 11149 3146)
4(2996 3147 11150 10999)
4(3146 11149 11150 3147)
4(2997 3148 11151 11000)
4(3147 11150 11151 3148)
4(2998 3149 11152 11001)
4(3148 11151 11152 3149)
4(2999 3150 11153 11002)
4(3149 11152 11153 3150)
4(3000 3151 11154 11003)
4(3150 11153 11154 3151)
4(3001 3152 11155 11004)
4(3151 11154 11155 3152)
4(3002 3153 11156 11005)
4(3152 11155 11156 3153)
4(3003 3154 11157 11006)
4(3153 11156 11157 3154)
4(3004 3155 11158 11007)
4(3154 11157 11158 3155)
4(3005 3156 11159 11008)
4(3155 11158 11159 3156)
4(3006 3157 11160 11009)
4(3156 11159 11160 3157)
4(3007 3158 11161 11010)
4(3157 11160 11161 3158)
4(3008 3159 11162 11011)
4(3158 11161 11162 3159)
4(3009 3160 11163 11012)
4(3159 11162 11163 3160)
4(3010 3161 11164 11013)
4(3160 11163 11164 3161)
4(3011 3162 11165 11014)
4(3161 11164 11165 3162)
4(3012 3163 11166 11015)
4(3162 11165 11166 3163)
4(3013 3164 11167 11016)
4(3163 11166 11167 3164)
4(3014 3165 11168 11017)
4(3164 11167 11168 3165)
4(3015 3166 11169 11018)
4(3165 11168 11169 3166)
4(3016 3167 11170 11019)
4(3166 11169 11170 3167)
4(3017 3168 11171 11020)
4(3167 11170 11171 3168)
4(3018 3169 11172 11021)
4(3168 11171 11172 3169)
4(3169 11172 11173 3170)
4(3021 3172 11175 11024)
4(3171 11174 11175 3172)
4(3022 3173 11176 11025)
4(3172 11175 11176 3173)
4(3023 3174 11177 11026)
4(3173 11176 11177 3174)
4(3024 3175 11178 11027)
4(3174 11177 11178 3175)
4(3025 3176 11179 11028)
4(3175 11178 11179 3176)
4(3026 3177 11180 11029)
4(3176 11179 11180 3177)
4(3027 3178 11181 11030)
4(3177 11180 11181 3178)
4(3028 3179 11182 11031)
4(3178 11181 11182 3179)
4(3029 3180 11183 11032)
4(3179 11182 11183 3180)
4(3030 3181 11184 11033)
4(3180 11183 11184 3181)
4(3031 3182 11185 11034)
4(3181 11184 11185 3182)
4(3032 3183 11186 11035)
4(3182 11185 11186 3183)
4(3033 3184 11187 11036)
4(3183 11186 11187 3184)
4(3034 3185 11188 11037)
4(3184 11187 11188 3185)
4(3035 3186 11189 11038)
4(3185 11188 11189 3186)
4(3036 3187 11190 11039)
4(3186 11189 11190 3187)
4(3037 3188 11191 11040)
4(3187 11190 11191 3188)
4(3038 3189 11192 11041)
4(3188 11191 11192 3189)
4(3039 3190 11193 11042)
4(3189 11192 11193 3190)
4(3040 3191 11194 11043)
4(3190 11193 11194 3191)
4(3041 3192 11195 11044)
4(3191 11194 11195 3192)
4(3042 3193 11196 11045)
4(3192 11195 11196 3193)
4(3043 3194 11197 11046)
4(3193 11196 11197 3194)
4(3044 3195 11198 11047)
4(3194 11197 11198 3195)
4(3045 3196 11199 11048)
4(3195 11198 11199 3196)
4(3046 3197 11200 11049)
4(3196 11199 11200 3197)
4(3047 3198 11201 11050)
4(3197 11200 11201 3198)
4(3048 3199 11202 11051)
4(3198 11201 11202 3199)
4(3049 3200 11203 11052)
4(3199 11202 11203 3200)
4(3050 3201 11204 11053)
4(3200 11203 11204 3201)
4(3051 3202 11205 11054)
4(3201 11204 11205 3202)
4(3052 3203 11206 11055)
4(3202 11205 11206 3203)
4(3053 3204 11207 11056)
4(3203 11206 11207 3204)
4(3054 3205 11208 11057)
4(3204 11207 11208 3205)
4(3055 3206 11209 11058)
4(3205 11208 11209 3206)
4(3056 3207 11210 11059)
4(3206 11209 11210 3207)
4(3057 3208 11211 11060)
4(3207 11210 11211 3208)
4(3058 3209 11212 11061)
4(3208 11211 11212 3209)
4(3059 3210 11213 11062)
4(3209 11212 11213 3210)
4(3060 3211 11214 11063)
4(3210 11213 11214 3211)
4(3061 3212 11215 11064)
4(3211 11214 11215 3212)
4(3062 3213 11216 11065)
4(3212 11215 11216 3213)
4(3063 3214 11217 11066)
4(3213 11216 11217 3214)
4(3064 3215 11218 11067)
4(3214 11217 11218 3215)
4(3065 3216 11219 11068)
4(3215 11218 11219 3216)
4(3066 3217 11220 11069)
4(3216 11219 11220 3217)
4(3067 3218 11221 11070)
4(3217 11220 11221 3218)
4(3068 3219 11222 11071)
4(3218 11221 11222 3219)
4(3069 3220 11223 11072)
4(3219 11222 11223 3220)
4(3070 3221 11224 11073)
4(3220 11223 11224 3221)
4(3071 3222 11225 11074)
4(3221 11224 11225 3222)
4(3072 3223 11226 11075)
4(3222 11225 11226 3223)
4(3073 3224 11227 11076)
4(3223 11226 11227 3224)
4(3074 3225 11228 11077)
4(3224 11227 11228 3225)
4(3075 3226 11229 11078)
4(3225 11228 11229 3226)
4(3076 3227 11230 11079)
4(3226 11229 11230 3227)
4(3077 3228 11231 11080)
4(3227 11230 11231 3228)
4(3078 3229 11232 11081)
4(3228 11231 11232 3229)
4(3079 3230 11233 11082)
4(3229 11232 11233 3230)
4(3080 3231 11234 11083)
4(3230 11233 11234 3231)
4(3081 3232 11235 11084)
4(3231 11234 11235 3232)
4(3082 3233 11236 11085)
4(3232 11235 11236 3233)
4(3083 3234 11237 11086)
4(3233 11236 11237 3234)
4(3084 3235 11238 11087)
4(3234 11237 11238 3235)
4(3085 3236 11239 11088)
4(3235 11238 11239 3236)
4(3086 3237 11240 11089)
4(3236 11239 11240 3237)
4(3087 3238 11241 11090)
4(3237 11240 11241 3238)
4(3088 3239 11242 11091)
4(3238 11241 11242 3239)
4(3089 3240 11243 11092)
4(3239 11242 11243 3240)
4(3090 3241 11244 11093)
4(3240 11243 11244 3241)
4(3091 3242 11245 11094)
4(3241 11244 11245 3242)
4(3092 3243 11246 11095)
4(3242 11245 11246 3243)
4(3093 3244 11247 11096)
4(3243 11246 11247 3244)
4(3094 3245 11248 11097)
4(3244 11247 11248 3245)
4(3095 3246 11249 11098)
4(3245 11248 11249 3246)
4(3096 3247 11250 11099)
4(3246 11249 11250 3247)
4(3097 3248 11251 11100)
4(3247 11250 11251 3248)
4(3098 3249 11252 11101)
4(3248 11251 11252 3249)
4(3099 3250 11253 11102)
4(3249 11252 11253 3250)
4(3100 3251 11254 11103)
4(3250 11253 11254 3251)
4(3101 3252 11255 11104)
4(3251 11254 11255 3252)
4(3102 3253 11256 11105)
4(3252 11255 11256 3253)
4(3103 3254 11257 11106)
4(3253 11256 11257 3254)
4(3104 3255 11258 11107)
4(3254 11257 11258 3255)
4(3105 3256 11259 11108)
4(3255 11258 11259 3256)
4(3106 3257 11260 11109)
4(3256 11259 11260 3257)
4(3107 3258 11261 11110)
4(3257 11260 11261 3258)
4(3108 3259 11262 11111)
4(3258 11261 11262 3259)
4(3109 3260 11263 11112)
4(3259 11262 11263 3260)
4(3110 3261 11264 11113)
4(3260 11263 11264 3261)
4(3111 3262 11265 11114)
4(3261 11264 11265 3262)
4(3112 3263 11266 11115)
4(3262 11265 11266 3263)
4(3113 3264 11267 11116)
4(3263 11266 11267 3264)
4(3114 3265 11268 11117)
4(3264 11267 11268 3265)
4(3115 3266 11269 11118)
4(3265 11268 11269 3266)
4(3116 3267 11270 11119)
4(3266 11269 11270 3267)
4(3117 3268 11271 11120)
4(3267 11270 11271 3268)
4(3118 3269 11272 11121)
4(3268 11271 11272 3269)
4(3119 3270 11273 11122)
4(3269 11272 11273 3270)
4(3120 3271 11274 11123)
4(3270 11273 11274 3271)
4(3121 3272 11275 11124)
4(3271 11274 11275 3272)
4(3122 3273 11276 11125)
4(3272 11275 11276 3273)
4(3123 3274 11277 11126)
4(3273 11276 11277 3274)
4(3124 3275 11278 11127)
4(3274 11277 11278 3275)
4(3125 3276 11279 11128)
4(3275 11278 11279 3276)
4(3126 3277 11280 11129)
4(3276 11279 11280 3277)
4(3127 3278 11281 11130)
4(3277 11280 11281 3278)
4(3128 3279 11282 11131)
4(3278 11281 11282 3279)
4(3129 3280 11283 11132)
4(3279 11282 11283 3280)
4(3130 3281 11284 11133)
4(3280 11283 11284 3281)
4(3131 3282 11285 11134)
4(3281 11284 11285 3282)
4(3132 3283 11286 11135)
4(3282 11285 11286 3283)
4(3133 3284 11287 11136)
4(3283 11286 11287 3284)
4(3134 3285 11288 11137)
4(3284 11287 11288 3285)
4(3135 3286 11289 11138)
4(3285 11288 11289 3286)
4(3136 3287 11290 11139)
4(3286 11289 11290 3287)
4(3137 3288 11291 11140)
4(3287 11290 11291 3288)
4(3138 3289 11292 11141)
4(3288 11291 11292 3289)
4(3139 3290 11293 11142)
4(3289 11292 11293 3290)
4(3140 3291 11294 11143)
4(3290 11293 11294 3291)
4(3141 3292 11295 11144)
4(3291 11294 11295 3292)
4(3142 3293 11296 11145)
4(3292 11295 11296 3293)
4(3143 3294 11297 11146)
4(3293 11296 11297 3294)
4(3144 3295 11298 11147)
4(3294 11297 11298 3295)
4(3145 3296 11299 11148)
4(3295 11298 11299 3296)
4(3146 3297 11300 11149)
4(3296 11299 11300 3297)
4(3147 3298 11301 11150)
4(3297 11300 11301 3298)
4(3148 3299 11302 11151)
4(3298 11301 11302 3299)
4(3149 3300 11303 11152)
4(3299 11302 11303 3300)
4(3150 3301 11304 11153)
4(3300 11303 11304 3301)
4(3151 3302 11305 11154)
4(3301 11304 11305 3302)
4(3152 3303 11306 11155)
4(3302 11305 11306 3303)
4(3153 3304 11307 11156)
4(3303 11306 11307 3304)
4(3154 3305 11308 11157)
4(3304 11307 11308 3305)
4(3155 3306 11309 11158)
4(3305 11308 11309 3306)
4(3156 3307 11310 11159)
4(3306 11309 11310 3307)
4(3157 3308 11311 11160)
4(3307 11310 11311 3308)
4(3158 3309 11312 11161)
4(3308 11311 11312 3309)
4(3159 3310 11313 11162)
4(3309 11312 11313 3310)
4(3160 3311 11314 11163)
4(3310 11313 11314 3311)
4(3161 3312 11315 11164)
4(3311 11314 11315 3312)
4(3162 3313 11316 11165)
4(3312 11315 11316 3313)
4(3163 3314 11317 11166)
4(3313 11316 11317 3314)
4(3164 3315 11318 11167)
4(3314 11317 11318 3315)
4(3165 3316 11319 11168)
4(3315 11318 11319 3316)
4(3166 3317 11320 11169)
4(3316 11319 11320 3317)
4(3167 3318 11321 11170)
4(3317 11320 11321 3318)
4(3168 3319 11322 11171)
4(3318 11321 11322 3319)
4(3169 3320 11323 11172)
4(3319 11322 11323 3320)
4(3320 11323 11324 3321)
4(3172 3323 11326 11175)
4(3322 11325 11326 3323)
4(3173 3324 11327 11176)
4(3323 11326 11327 3324)
4(3174 3325 11328 11177)
4(3324 11327 11328 3325)
4(3175 3326 11329 11178)
4(3325 11328 11329 3326)
4(3176 3327 11330 11179)
4(3326 11329 11330 3327)
4(3177 3328 11331 11180)
4(3327 11330 11331 3328)
4(3178 3329 11332 11181)
4(3328 11331 11332 3329)
4(3179 3330 11333 11182)
4(3329 11332 11333 3330)
4(3180 3331 11334 11183)
4(3330 11333 11334 3331)
4(3181 3332 11335 11184)
4(3331 11334 11335 3332)
4(3182 3333 11336 11185)
4(3332 11335 11336 3333)
4(3183 3334 11337 11186)
4(3333 11336 11337 3334)
4(3184 3335 11338 11187)
4(3334 11337 11338 3335)
4(3185 3336 11339 11188)
4(3335 11338 11339 3336)
4(3186 3337 11340 11189)
4(3336 11339 11340 3337)
4(3187 3338 11341 11190)
4(3337 11340 11341 3338)
4(3188 3339 11342 11191)
4(3338 11341 11342 3339)
4(3189 3340 11343 11192)
4(3339 11342 11343 3340)
4(3190 3341 11344 11193)
4(3340 11343 11344 3341)
4(3191 3342 11345 11194)
4(3341 11344 11345 3342)
4(3192 3343 11346 11195)
4(3342 11345 11346 3343)
4(3193 3344 11347 11196)
4(3343 11346 11347 3344)
4(3194 3345 11348 11197)
4(3344 11347 11348 3345)
4(3195 3346 11349 11198)
4(3345 11348 11349 3346)
4(3196 3347 11350 11199)
4(3346 11349 11350 3347)
4(3197 3348 11351 11200)
4(3347 11350 11351 3348)
4(3198 3349 11352 11201)
4(3348 11351 11352 3349)
4(3199 3350 11353 11202)
4(3349 11352 11353 3350)
4(3200 3351 11354 11203)
4(3350 11353 11354 3351)
4(3201 3352 11355 11204)
4(3351 11354 11355 3352)
4(3202 3353 11356 11205)
4(3352 11355 11356 3353)
4(3203 3354 11357 11206)
4(3353 11356 11357 3354)
4(3204 3355 11358 11207)
4(3354 11357 11358 3355)
4(3205 3356 11359 11208)
4(3355 11358 11359 3356)
4(3206 3357 11360 11209)
4(3356 11359 11360 3357)
4(3207 3358 11361 11210)
4(3357 11360 11361 3358)
4(3208 3359 11362 11211)
4(3358 11361 11362 3359)
4(3209 3360 11363 11212)
4(3359 11362 11363 3360)
4(3210 3361 11364 11213)
4(3360 11363 11364 3361)
4(3211 3362 11365 11214)
4(3361 11364 11365 3362)
4(3212 3363 11366 11215)
4(3362 11365 11366 3363)
4(3213 3364 11367 11216)
4(3363 11366 11367 3364)
4(3214 3365 11368 11217)
4(3364 11367 11368 3365)
4(3215 3366 11369 11218)
4(3365 11368 11369 3366)
4(3216 3367 11370 11219)
4(3366 11369 11370 3367)
4(3217 3368 11371 11220)
4(3367 11370 11371 3368)
4(3218 3369 11372 11221)
4(3368 11371 11372 3369)
4(3219 3370 11373 11222)
4(3369 11372 11373 3370)
4(3220 3371 11374 11223)
4(3370 11373 11374 3371)
4(3221 3372 11375 11224)
4(3371 11374 11375 3372)
4(3222 3373 11376 11225)
4(3372 11375 11376 3373)
4(3223 3374 11377 11226)
4(3373 11376 11377 3374)
4(3224 3375 11378 11227)
4(3374 11377 11378 3375)
4(3225 3376 11379 11228)
4(3375 11378 11379 3376)
4(3226 3377 11380 11229)
4(3376 11379 11380 3377)
4(3227 3378 11381 11230)
4(3377 11380 11381 3378)
4(3228 3379 11382 11231)
4(3378 11381 11382 3379)
4(3229 3380 11383 11232)
4(3379 11382 11383 3380)
4(3230 3381 11384 11233)
4(3380 11383 11384 3381)
4(3231 3382 11385 11234)
4(3381 11384 11385 3382)
4(3232 3383 11386 11235)
4(3382 11385 11386 3383)
4(3233 3384 11387 11236)
4(3383 11386 11387 3384)
4(3234 3385 11388 11237)
4(3384 11387 11388 3385)
4(3235 3386 11389 11238)
4(3385 11388 11389 3386)
4(3236 3387 11390 11239)
4(3386 11389 11390 3387)
4(3237 3388 11391 11240)
4(3387 11390 11391 3388)
4(3238 3389 11392 11241)
4(3388 11391 11392 3389)
4(3239 3390 11393 11242)
4(3389 11392 11393 3390)
4(3240 3391 11394 11243)
4(3390 11393 11394 3391)
4(3241 3392 11395 11244)
4(3391 11394 11395 3392)
4(3242 3393 11396 11245)
4(3392 11395 11396 3393)
4(3243 3394 11397 11246)
4(3393 11396 11397 3394)
4(3244 3395 11398 11247)
4(3394 11397 11398 3395)
4(3245 3396 11399 11248)
4(3395 11398 11399 3396)
4(3246 3397 11400 11249)
4(3396 11399 11400 3397)
4(3247 3398 11401 11250)
4(3397 11400 11401 3398)
4(3248 3399 11402 11251)
4(3398 11401 11402 3399)
4(3249 3400 11403 11252)
4(3399 11402 11403 3400)
4(3250 3401 11404 11253)
4(3400 11403 11404 3401)
4(3251 3402 11405 11254)
4(3401 11404 11405 3402)
4(3252 3403 11406 11255)
4(3402 11405 11406 3403)
4(3253 3404 11407 11256)
4(3403 11406 11407 3404)
4(3254 3405 11408 11257)
4(3404 11407 11408 3405)
4(3255 3406 11409 11258)
4(3405 11408 11409 3406)
4(3256 3407 11410 11259)
4(3406 11409 11410 3407)
4(3257 3408 11411 11260)
4(3407 11410 11411 3408)
4(3258 3409 11412 11261)
4(3408 11411 11412 3409)
4(3259 3410 11413 11262)
4(3409 11412 11413 3410)
4(3260 3411 11414 11263)
4(3410 11413 11414 3411)
4(3261 3412 11415 11264)
4(3411 11414 11415 3412)
4(3262 3413 11416 11265)
4(3412 11415 11416 3413)
4(3263 3414 11417 11266)
4(3413 11416 11417 3414)
4(3264 3415 11418 11267)
4(3414 11417 11418 3415)
4(3265 3416 11419 11268)
4(3415 11418 11419 3416)
4(3266 3417 11420 11269)
4(3416 11419 11420 3417)
4(3267 3418 11421 11270)
4(3417 11420 11421 3418)
4(3268 3419 11422 11271)
4(3418 11421 11422 3419)
4(3269 3420 11423 11272)
4(3419 11422 11423 3420)
4(3270 3421 11424 11273)
4(3420 11423 11424 3421)
4(3271 3422 11425 11274)
4(3421 11424 11425 3422)
4(3272 3423 11426 11275)
4(3422 11425 11426 3423)
4(3273 3424 11427 11276)
4(3423 11426 11427 3424)
4(3274 3425 11428 11277)
4(3424 11427 11428 3425)
4(3275 3426 11429 11278)
4(3425 11428 11429 3426)
4(3276 3427 11430 11279)
4(3426 11429 11430 3427)
4(3277 3428 11431 11280)
4(3427 11430 11431 3428)
4(3278 3429 11432 11281)
4(3428 11431 11432 3429)
4(3279 3430 11433 11282)
4(3429 11432 11433 3430)
4(3280 3431 11434 11283)
4(3430 11433 11434 3431)
4(3281 3432 11435 11284)
4(3431 11434 11435 3432)
4(3282 3433 11436 11285)
4(3432 11435 11436 3433)
4(3283 3434 11437 11286)
4(3433 11436 11437 3434)
4(3284 3435 11438 11287)
4(3434 11437 11438 3435)
4(3285 3436 11439 11288)
4(3435 11438 11439 3436)
4(3286 3437 11440 11289)
4(3436 11439 11440 3437)
4(3287 3438 11441 11290)
4(3437 11440 11441 3438)
4(3288 3439 11442 11291)
4(3438 11441 11442 3439)
4(3289 3440 11443 11292)
4(3439 11442 11443 3440)
4(3290 3441 11444 11293)
4(3440 11443 11444 3441)
4(3291 3442 11445 11294)
4(3441 11444 11445 3442)
4(3292 3443 11446 11295)
4(3442 11445 11446 3443)
4(3293 3444 11447 11296)
4(3443 11446 11447 3444)
4(3294 3445 11448 11297)
4(3444 11447 11448 3445)
4(3295 3446 11449 11298)
4(3445 11448 11449 3446)
4(3296 3447 11450 11299)
4(3446 11449 11450 3447)
4(3297 3448 11451 11300)
4(3447 11450 11451 3448)
4(3298 3449 11452 11301)
4(3448 11451 11452 3449)
4(3299 3450 11453 11302)
4(3449 11452 11453 3450)
4(3300 3451 11454 11303)
4(3450 11453 11454 3451)
4(3301 3452 11455 11304)
4(3451 11454 11455 3452)
4(3302 3453 11456 11305)
4(3452 11455 11456 3453)
4(3303 3454 11457 11306)
4(3453 11456 11457 3454)
4(3304 3455 11458 11307)
4(3454 11457 11458 3455)
4(3305 3456 11459 11308)
4(3455 11458 11459 3456)
4(3306 3457 11460 11309)
4(3456 11459 11460 3457)
4(3307 3458 11461 11310)
4(3457 11460 11461 3458)
4(3308 3459 11462 11311)
4(3458 11461 11462 3459)
4(3309 3460 11463 11312)
4(3459 11462 11463 3460)
4(3310 3461 11464 11313)
4(3460 11463 11464 3461)
4(3311 3462 11465 11314)
4(3461 11464 11465 3462)
4(3312 3463 11466 11315)
4(3462 11465 11466 3463)
4(3313 3464 11467 11316)
4(3463 11466 11467 3464)
4(3314 3465 11468 11317)
4(3464 11467 11468 3465)
4(3315 3466 11469 11318)
4(3465 11468 11469 3466)
4(3316 3467 11470 11319)
4(3466 11469 11470 3467)
4(3317 3468 11471 11320)
4(3467 11470 11471 3468)
4(3318 3469 11472 11321)
4(3468 11471 11472 3469)
4(3319 3470 11473 11322)
4(3469 11472 11473 3470)
4(3320 3471 11474 11323)
4(3470 11473 11474 3471)
4(3471 11474 11475 3472)
4(3323 3474 11477 11326)
4(3473 11476 11477 3474)
4(3324 3475 11478 11327)
4(3474 11477 11478 3475)
4(3325 3476 11479 11328)
4(3475 11478 11479 3476)
4(3326 3477 11480 11329)
4(3476 11479 11480 3477)
4(3327 3478 11481 11330)
4(3477 11480 11481 3478)
4(3328 3479 11482 11331)
4(3478 11481 11482 3479)
4(3329 3480 11483 11332)
4(3479 11482 11483 3480)
4(3330 3481 11484 11333)
4(3480 11483 11484 3481)
4(3331 3482 11485 11334)
4(3481 11484 11485 3482)
4(3332 3483 11486 11335)
4(3482 11485 11486 3483)
4(3333 3484 11487 11336)
4(3483 11486 11487 3484)
4(3334 3485 11488 11337)
4(3484 11487 11488 3485)
4(3335 3486 11489 11338)
4(3485 11488 11489 3486)
4(3336 3487 11490 11339)
4(3486 11489 11490 3487)
4(3337 3488 11491 11340)
4(3487 11490 11491 3488)
4(3338 3489 11492 11341)
4(3488 11491 11492 3489)
4(3339 3490 11493 11342)
4(3489 11492 11493 3490)
4(3340 3491 11494 11343)
4(3490 11493 11494 3491)
4(3341 3492 11495 11344)
4(3491 11494 11495 3492)
4(3342 3493 11496 11345)
4(3492 11495 11496 3493)
4(3343 3494 11497 11346)
4(3493 11496 11497 3494)
4(3344 3495 11498 11347)
4(3494 11497 11498 3495)
4(3345 3496 11499 11348)
4(3495 11498 11499 3496)
4(3346 3497 11500 11349)
4(3496 11499 11500 3497)
4(3347 3498 11501 11350)
4(3497 11500 11501 3498)
4(3348 3499 11502 11351)
4(3498 11501 11502 3499)
4(3349 3500 11503 11352)
4(3499 11502 11503 3500)
4(3350 3501 11504 11353)
4(3500 11503 11504 3501)
4(3351 3502 11505 11354)
4(3501 11504 11505 3502)
4(3352 3503 11506 11355)
4(3502 11505 11506 3503)
4(3353 3504 11507 11356)
4(3503 11506 11507 3504)
4(3354 3505 11508 11357)
4(3504 11507 11508 3505)
4(3355 3506 11509 11358)
4(3505 11508 11509 3506)
4(3356 3507 11510 11359)
4(3506 11509 11510 3507)
4(3357 3508 11511 11360)
4(3507 11510 11511 3508)
4(3358 3509 11512 11361)
4(3508 11511 11512 3509)
4(3359 3510 11513 11362)
4(3509 11512 11513 3510)
4(3360 3511 11514 11363)
4(3510 11513 11514 3511)
4(3361 3512 11515 11364)
4(3511 11514 11515 3512)
4(3362 3513 11516 11365)
4(3512 11515 11516 3513)
4(3363 3514 11517 11366)
4(3513 11516 11517 3514)
4(3364 3515 11518 11367)
4(3514 11517 11518 3515)
4(3365 3516 11519 11368)
4(3515 11518 11519 3516)
4(3366 3517 11520 11369)
4(3516 11519 11520 3517)
4(3367 3518 11521 11370)
4(3517 11520 11521 3518)
4(3368 3519 11522 11371)
4(3518 11521 11522 3519)
4(3369 3520 11523 11372)
4(3519 11522 11523 3520)
4(3370 3521 11524 11373)
4(3520 11523 11524 3521)
4(3371 3522 11525 11374)
4(3521 11524 11525 3522)
4(3372 3523 11526 11375)
4(3522 11525 11526 3523)
4(3373 3524 11527 11376)
4(3523 11526 11527 3524)
4(3374 3525 11528 11377)
4(3524 11527 11528 3525)
4(3375 3526 11529 11378)
4(3525 11528 11529 3526)
4(3376 3527 11530 11379)
4(3526 11529 11530 3527)
4(3377 3528 11531 11380)
4(3527 11530 11531 3528)
4(3378 3529 11532 11381)
4(3528 11531 11532 3529)
4(3379 3530 11533 11382)
4(3529 11532 11533 3530)
4(3380 3531 11534 11383)
4(3530 11533 11534 3531)
4(3381 3532 11535 11384)
4(3531 11534 11535 3532)
4(3382 3533 11536 11385)
4(3532 11535 11536 3533)
4(3383 3534 11537 11386)
4(3533 11536 11537 3534)
4(3384 3535 11538 11387)
4(3534 11537 11538 3535)
4(3385 3536 11539 11388)
4(3535 11538 11539 3536)
4(3386 3537 11540 11389)
4(3536 11539 11540 3537)
4(3387 3538 11541 11390)
4(3537 11540 11541 3538)
4(3388 3539 11542 11391)
4(3538 11541 11542 3539)
4(3389 3540 11543 11392)
4(3539 11542 11543 3540)
4(3390 3541 11544 11393)
4(3540 11543 11544 3541)
4(3391 3542 11545 11394)
4(3541 11544 11545 3542)
4(3392 3543 11546 11395)
4(3542 11545 11546 3543)
4(3393 3544 11547 11396)
4(3543 11546 11547 3544)
4(3394 3545 11548 11397)
4(3544 11547 11548 3545)
4(3395 3546 11549 11398)
4(3545 11548 11549 3546)
4(3396 3547 11550 11399)
4(3546 11549 11550 3547)
4(3397 3548 11551 11400)
4(3547 11550 11551 3548)
4(3398 3549 11552 11401)
4(3548 11551 11552 3549)
4(3399 3550 11553 11402)
4(3549 11552 11553 3550)
4(3400 3551 11554 11403)
4(3550 11553 11554 3551)
4(3401 3552 11555 11404)
4(3551 11554 11555 3552)
4(3402 3553 11556 11405)
4(3552 11555 11556 3553)
4(3403 3554 11557 11406)
4(3553 11556 11557 3554)
4(3404 3555 11558 11407)
4(3554 11557 11558 3555)
4(3405 3556 11559 11408)
4(3555 11558 11559 3556)
4(3406 3557 11560 11409)
4(3556 11559 11560 3557)
4(3407 3558 11561 11410)
4(3557 11560 11561 3558)
4(3408 3559 11562 11411)
4(3558 11561 11562 3559)
4(3409 3560 11563 11412)
4(3559 11562 11563 3560)
4(3410 3561 11564 11413)
4(3560 11563 11564 3561)
4(3411 3562 11565 11414)
4(3561 11564 11565 3562)
4(3412 3563 11566 11415)
4(3562 11565 11566 3563)
4(3413 3564 11567 11416)
4(3563 11566 11567 3564)
4(3414 3565 11568 11417)
4(3564 11567 11568 3565)
4(3415 3566 11569 11418)
4(3565 11568 11569 3566)
4(3416 3567 11570 11419)
4(3566 11569 11570 3567)
4(3417 3568 11571 11420)
4(3567 11570 11571 3568)
4(3418 3569 11572 11421)
4(3568 11571 11572 3569)
4(3419 3570 11573 11422)
4(3569 11572 11573 3570)
4(3420 3571 11574 11423)
4(3570 11573 11574 3571)
4(3421 3572 11575 11424)
4(3571 11574 11575 3572)
4(3422 3573 11576 11425)
4(3572 11575 11576 3573)
4(3423 3574 11577 11426)
4(3573 11576 11577 3574)
4(3424 3575 11578 11427)
4(3574 11577 11578 3575)
4(3425 3576 11579 11428)
4(3575 11578 11579 3576)
4(3426 3577 11580 11429)
4(3576 11579 11580 3577)
4(3427 3578 11581 11430)
4(3577 11580 11581 3578)
4(3428 3579 11582 11431)
4(3578 11581 11582 3579)
4(3429 3580 11583 11432)
4(3579 11582 11583 3580)
4(3430 3581 11584 11433)
4(3580 11583 11584 3581)
4(3431 3582 11585 11434)
4(3581 11584 11585 3582)
4(3432 3583 11586 11435)
4(3582 11585 11586 3583)
4(3433 3584 11587 11436)
4(3583 11586 11587 3584)
4(3434 3585 11588 11437)
4(3584 11587 11588 3585)
4(3435 3586 11589 11438)
4(3585 11588 11589 3586)
4(3436 3587 11590 11439)
4(3586 11589 11590 3587)
4(3437 3588 11591 11440)
4(3587 11590 11591 3588)
4(3438 3589 11592 11441)
4(3588 11591 11592 3589)
4(3439 3590 11593 11442)
4(3589 11592 11593 3590)
4(3440 3591 11594 11443)
4(3590 11593 11594 3591)
4(3441 3592 11595 11444)
4(3591 11594 11595 3592)
4(3442 3593 11596 11445)
4(3592 11595 11596 3593)
4(3443 3594 11597 11446)
4(3593 11596 11597 3594)
4(3444 3595 11598 11447)
4(3594 11597 11598 3595)
4(3445 3596 11599 11448)
4(3595 11598 11599 3596)
4(3446 3597 11600 11449)
4(3596 11599 11600 3597)
4(3447 3598 11601 11450)
4(3597 11600 11601 3598)
4(3448 3599 11602 11451)
4(3598 11601 11602 3599)
4(3449 3600 11603 11452)
4(3599 11602 11603 3600)
4(3450 3601 11604 11453)
4(3600 11603 11604 3601)
4(3451 3602 11605 11454)
4(3601 11604 11605 3602)
4(3452 3603 11606 11455)
4(3602 11605 11606 3603)
4(3453 3604 11607 11456)
4(3603 11606 11607 3604)
4(3454 3605 11608 11457)
4(3604 11607 11608 3605)
4(3455 3606 11609 11458)
4(3605 11608 11609 3606)
4(3456 3607 11610 11459)
4(3606 11609 11610 3607)
4(3457 3608 11611 11460)
4(3607 11610 11611 3608)
4(3458 3609 11612 11461)
4(3608 11611 11612 3609)
4(3459 3610 11613 11462)
4(3609 11612 11613 3610)
4(3460 3611 11614 11463)
4(3610 11613 11614 3611)
4(3461 3612 11615 11464)
4(3611 11614 11615 3612)
4(3462 3613 11616 11465)
4(3612 11615 11616 3613)
4(3463 3614 11617 11466)
4(3613 11616 11617 3614)
4(3464 3615 11618 11467)
4(3614 11617 11618 3615)
4(3465 3616 11619 11468)
4(3615 11618 11619 3616)
4(3466 3617 11620 11469)
4(3616 11619 11620 3617)
4(3467 3618 11621 11470)
4(3617 11620 11621 3618)
4(3468 3619 11622 11471)
4(3618 11621 11622 3619)
4(3469 3620 11623 11472)
4(3619 11622 11623 3620)
4(3470 3621 11624 11473)
4(3620 11623 11624 3621)
4(3471 3622 11625 11474)
4(3621 11624 11625 3622)
4(3622 11625 11626 3623)
4(3474 3625 11628 11477)
4(3624 11627 11628 3625)
4(3475 3626 11629 11478)
4(3625 11628 11629 3626)
4(3476 3627 11630 11479)
4(3626 11629 11630 3627)
4(3477 3628 11631 11480)
4(3627 11630 11631 3628)
4(3478 3629 11632 11481)
4(3628 11631 11632 3629)
4(3479 3630 11633 11482)
4(3629 11632 11633 3630)
4(3480 3631 11634 11483)
4(3630 11633 11634 3631)
4(3481 3632 11635 11484)
4(3631 11634 11635 3632)
4(3482 3633 11636 11485)
4(3632 11635 11636 3633)
4(3483 3634 11637 11486)
4(3633 11636 11637 3634)
4(3484 3635 11638 11487)
4(3634 11637 11638 3635)
4(3485 3636 11639 11488)
4(3635 11638 11639 3636)
4(3486 3637 11640 11489)
4(3636 11639 11640 3637)
4(3487 3638 11641 11490)
4(3637 11640 11641 3638)
4(3488 3639 11642 11491)
4(3638 11641 11642 3639)
4(3489 3640 11643 11492)
4(3639 11642 11643 3640)
4(3490 3641 11644 11493)
4(3640 11643 11644 3641)
4(3491 3642 11645 11494)
4(3641 11644 11645 3642)
4(3492 3643 11646 11495)
4(3642 11645 11646 3643)
4(3493 3644 11647 11496)
4(3643 11646 11647 3644)
4(3494 3645 11648 11497)
4(3644 11647 11648 3645)
4(3495 3646 11649 11498)
4(3645 11648 11649 3646)
4(3496 3647 11650 11499)
4(3646 11649 11650 3647)
4(3497 3648 11651 11500)
4(3647 11650 11651 3648)
4(3498 3649 11652 11501)
4(3648 11651 11652 3649)
4(3499 3650 11653 11502)
4(3649 11652 11653 3650)
4(3500 3651 11654 11503)
4(3650 11653 11654 3651)
4(3501 3652 11655 11504)
4(3651 11654 11655 3652)
4(3502 3653 11656 11505)
4(3652 11655 11656 3653)
4(3503 3654 11657 11506)
4(3653 11656 11657 3654)
4(3504 3655 11658 11507)
4(3654 11657 11658 3655)
4(3505 3656 11659 11508)
4(3655 11658 11659 3656)
4(3506 3657 11660 11509)
4(3656 11659 11660 3657)
4(3507 3658 11661 11510)
4(3657 11660 11661 3658)
4(3508 3659 11662 11511)
4(3658 11661 11662 3659)
4(3509 3660 11663 11512)
4(3659 11662 11663 3660)
4(3510 3661 11664 11513)
4(3660 11663 11664 3661)
4(3511 3662 11665 11514)
4(3661 11664 11665 3662)
4(3512 3663 11666 11515)
4(3662 11665 11666 3663)
4(3513 3664 11667 11516)
4(3663 11666 11667 3664)
4(3514 3665 11668 11517)
4(3664 11667 11668 3665)
4(3515 3666 11669 11518)
4(3665 11668 11669 3666)
4(3516 3667 11670 11519)
4(3666 11669 11670 3667)
4(3517 3668 11671 11520)
4(3667 11670 11671 3668)
4(3518 3669 11672 11521)
4(3668 11671 11672 3669)
4(3519 3670 11673 11522)
4(3669 11672 11673 3670)
4(3520 3671 11674 11523)
4(3670 11673 11674 3671)
4(3521 3672 11675 11524)
4(3671 11674 11675 3672)
4(3522 3673 11676 11525)
4(3672 11675 11676 3673)
4(3523 3674 11677 11526)
4(3673 11676 11677 3674)
4(3524 3675 11678 11527)
4(3674 11677 11678 3675)
4(3525 3676 11679 11528)
4(3675 11678 11679 3676)
4(3526 3677 11680 11529)
4(3676 11679 11680 3677)
4(3527 3678 11681 11530)
4(3677 11680 11681 3678)
4(3528 3679 11682 11531)
4(3678 11681 11682 3679)
4(3529 3680 11683 11532)
4(3679 11682 11683 3680)
4(3530 3681 11684 11533)
4(3680 11683 11684 3681)
4(3531 3682 11685 11534)
4(3681 11684 11685 3682)
4(3532 3683 11686 11535)
4(3682 11685 11686 3683)
4(3533 3684 11687 11536)
4(3683 11686 11687 3684)
4(3534 3685 11688 11537)
4(3684 11687 11688 3685)
4(3535 3686 11689 11538)
4(3685 11688 11689 3686)
4(3536 3687 11690 11539)
4(3686 11689 11690 3687)
4(3537 3688 11691 11540)
4(3687 11690 11691 3688)
4(3538 3689 11692 11541)
4(3688 11691 11692 3689)
4(3539 3690 11693 11542)
4(3689 11692 11693 3690)
4(3540 3691 11694 11543)
4(3690 11693 11694 3691)
4(3541 3692 11695 11544)
4(3691 11694 11695 3692)
4(3542 3693 11696 11545)
4(3692 11695 11696 3693)
4(3543 3694 11697 11546)
4(3693 11696 11697 3694)
4(3544 3695 11698 11547)
4(3694 11697 11698 3695)
4(3545 3696 11699 11548)
4(3695 11698 11699 3696)
4(3546 3697 11700 11549)
4(3696 11699 11700 3697)
4(3547 3698 11701 11550)
4(3697 11700 11701 3698)
4(3548 3699 11702 11551)
4(3698 11701 11702 3699)
4(3549 3700 11703 11552)
4(3699 11702 11703 3700)
4(3550 3701 11704 11553)
4(3700 11703 11704 3701)
4(3551 3702 11705 11554)
4(3701 11704 11705 3702)
4(3552 3703 11706 11555)
4(3702 11705 11706 3703)
4(3553 3704 11707 11556)
4(3703 11706 11707 3704)
4(3554 3705 11708 11557)
4(3704 11707 11708 3705)
4(3555 3706 11709 11558)
4(3705 11708 11709 3706)
4(3556 3707 11710 11559)
4(3706 11709 11710 3707)
4(3557 3708 11711 11560)
4(3707 11710 11711 3708)
4(3558 3709 11712 11561)
4(3708 11711 11712 3709)
4(3559 3710 11713 11562)
4(3709 11712 11713 3710)
4(3560 3711 11714 11563)
4(3710 11713 11714 3711)
4(3561 3712 11715 11564)
4(3711 11714 11715 3712)
4(3562 3713 11716 11565)
4(3712 11715 11716 3713)
4(3563 3714 11717 11566)
4(3713 11716 11717 3714)
4(3564 3715 11718 11567)
4(3714 11717 11718 3715)
4(3565 3716 11719 11568)
4(3715 11718 11719 3716)
4(3566 3717 11720 11569)
4(3716 11719 11720 3717)
4(3567 3718 11721 11570)
4(3717 11720 11721 3718)
4(3568 3719 11722 11571)
4(3718 11721 11722 3719)
4(3569 3720 11723 11572)
4(3719 11722 11723 3720)
4(3570 3721 11724 11573)
4(3720 11723 11724 3721)
4(3571 3722 11725 11574)
4(3721 11724 11725 3722)
4(3572 3723 11726 11575)
4(3722 11725 11726 3723)
4(3573 3724 11727 11576)
4(3723 11726 11727 3724)
4(3574 3725 11728 11577)
4(3724 11727 11728 3725)
4(3575 3726 11729 11578)
4(3725 11728 11729 3726)
4(3576 3727 11730 11579)
4(3726 11729 11730 3727)
4(3577 3728 11731 11580)
4(3727 11730 11731 3728)
4(3578 3729 11732 11581)
4(3728 11731 11732 3729)
4(3579 3730 11733 11582)
4(3729 11732 11733 3730)
4(3580 3731 11734 11583)
4(3730 11733 11734 3731)
4(3581 3732 11735 11584)
4(3731 11734 11735 3732)
4(3582 3733 11736 11585)
4(3732 11735 11736 3733)
4(3583 3734 11737 11586)
4(3733 11736 11737 3734)
4(3584 3735 11738 11587)
4(3734 11737 11738 3735)
4(3585 3736 11739 11588)
4(3735 11738 11739 3736)
4(3586 3737 11740 11589)
4(3736 11739 11740 3737)
4(3587 3738 11741 11590)
4(3737 11740 11741 3738)
4(3588 3739 11742 11591)
4(3738 11741 11742 3739)
4(3589 3740 11743 11592)
4(3739 11742 11743 3740)
4(3590 3741 11744 11593)
4(3740 11743 11744 3741)
4(3591 3742 11745 11594)
4(3741 11744 11745 3742)
4(3592 3743 11746 11595)
4(3742 11745 11746 3743)
4(3593 3744 11747 11596)
4(3743 11746 11747 3744)
4(3594 3745 11748 11597)
4(3744 11747 11748 3745)
4(3595 3746 11749 11598)
4(3745 11748 11749 3746)
4(3596 3747 11750 11599)
4(3746 11749 11750 3747)
4(3597 3748 11751 11600)
4(3747 11750 11751 3748)
4(3598 3749 11752 11601)
4(3748 11751 11752 3749)
4(3599 3750 11753 11602)
4(3749 11752 11753 3750)
4(3600 3751 11754 11603)
4(3750 11753 11754 3751)
4(3601 3752 11755 11604)
4(3751 11754 11755 3752)
4(3602 3753 11756 11605)
4(3752 11755 11756 3753)
4(3603 3754 11757 11606)
4(3753 11756 11757 3754)
4(3604 3755 11758 11607)
4(3754 11757 11758 3755)
4(3605 3756 11759 11608)
4(3755 11758 11759 3756)
4(3606 3757 11760 11609)
4(3756 11759 11760 3757)
4(3607 3758 11761 11610)
4(3757 11760 11761 3758)
4(3608 3759 11762 11611)
4(3758 11761 11762 3759)
4(3609 3760 11763 11612)
4(3759 11762 11763 3760)
4(3610 3761 11764 11613)
4(3760 11763 11764 3761)
4(3611 3762 11765 11614)
4(3761 11764 11765 3762)
4(3612 3763 11766 11615)
4(3762 11765 11766 3763)
4(3613 3764 11767 11616)
4(3763 11766 11767 3764)
4(3614 3765 11768 11617)
4(3764 11767 11768 3765)
4(3615 3766 11769 11618)
4(3765 11768 11769 3766)
4(3616 3767 11770 11619)
4(3766 11769 11770 3767)
4(3617 3768 11771 11620)
4(3767 11770 11771 3768)
4(3618 3769 11772 11621)
4(3768 11771 11772 3769)
4(3619 3770 11773 11622)
4(3769 11772 11773 3770)
4(3620 3771 11774 11623)
4(3770 11773 11774 3771)
4(3621 3772 11775 11624)
4(3771 11774 11775 3772)
4(3622 3773 11776 11625)
4(3772 11775 11776 3773)
4(3773 11776 11777 3774)
4(3625 3776 11779 11628)
4(3775 11778 11779 3776)
4(3626 3777 11780 11629)
4(3776 11779 11780 3777)
4(3627 3778 11781 11630)
4(3777 11780 11781 3778)
4(3628 3779 11782 11631)
4(3778 11781 11782 3779)
4(3629 3780 11783 11632)
4(3779 11782 11783 3780)
4(3630 3781 11784 11633)
4(3780 11783 11784 3781)
4(3631 3782 11785 11634)
4(3781 11784 11785 3782)
4(3632 3783 11786 11635)
4(3782 11785 11786 3783)
4(3633 3784 11787 11636)
4(3783 11786 11787 3784)
4(3634 3785 11788 11637)
4(3784 11787 11788 3785)
4(3635 3786 11789 11638)
4(3785 11788 11789 3786)
4(3636 3787 11790 11639)
4(3786 11789 11790 3787)
4(3637 3788 11791 11640)
4(3787 11790 11791 3788)
4(3638 3789 11792 11641)
4(3788 11791 11792 3789)
4(3639 3790 11793 11642)
4(3789 11792 11793 3790)
4(3640 3791 11794 11643)
4(3790 11793 11794 3791)
4(3641 3792 11795 11644)
4(3791 11794 11795 3792)
4(3642 3793 11796 11645)
4(3792 11795 11796 3793)
4(3643 3794 11797 11646)
4(3793 11796 11797 3794)
4(3644 3795 11798 11647)
4(3794 11797 11798 3795)
4(3645 3796 11799 11648)
4(3795 11798 11799 3796)
4(3646 3797 11800 11649)
4(3796 11799 11800 3797)
4(3647 3798 11801 11650)
4(3797 11800 11801 3798)
4(3648 3799 11802 11651)
4(3798 11801 11802 3799)
4(3649 3800 11803 11652)
4(3799 11802 11803 3800)
4(3650 3801 11804 11653)
4(3800 11803 11804 3801)
4(3651 3802 11805 11654)
4(3801 11804 11805 3802)
4(3652 3803 11806 11655)
4(3802 11805 11806 3803)
4(3653 3804 11807 11656)
4(3803 11806 11807 3804)
4(3654 3805 11808 11657)
4(3804 11807 11808 3805)
4(3655 3806 11809 11658)
4(3805 11808 11809 3806)
4(3656 3807 11810 11659)
4(3806 11809 11810 3807)
4(3657 3808 11811 11660)
4(3807 11810 11811 3808)
4(3658 3809 11812 11661)
4(3808 11811 11812 3809)
4(3659 3810 11813 11662)
4(3809 11812 11813 3810)
4(3660 3811 11814 11663)
4(3810 11813 11814 3811)
4(3661 3812 11815 11664)
4(3811 11814 11815 3812)
4(3662 3813 11816 11665)
4(3812 11815 11816 3813)
4(3663 3814 11817 11666)
4(3813 11816 11817 3814)
4(3664 3815 11818 11667)
4(3814 11817 11818 3815)
4(3665 3816 11819 11668)
4(3815 11818 11819 3816)
4(3666 3817 11820 11669)
4(3816 11819 11820 3817)
4(3667 3818 11821 11670)
4(3817 11820 11821 3818)
4(3668 3819 11822 11671)
4(3818 11821 11822 3819)
4(3669 3820 11823 11672)
4(3819 11822 11823 3820)
4(3670 3821 11824 11673)
4(3820 11823 11824 3821)
4(3671 3822 11825 11674)
4(3821 11824 11825 3822)
4(3672 3823 11826 11675)
4(3822 11825 11826 3823)
4(3673 3824 11827 11676)
4(3823 11826 11827 3824)
4(3674 3825 11828 11677)
4(3824 11827 11828 3825)
4(3675 3826 11829 11678)
4(3825 11828 11829 3826)
4(3676 3827 11830 11679)
4(3826 11829 11830 3827)
4(3677 3828 11831 11680)
4(3827 11830 11831 3828)
4(3678 3829 11832 11681)
4(3828 11831 11832 3829)
4(3679 3830 11833 11682)
4(3829 11832 11833 3830)
4(3680 3831 11834 11683)
4(3830 11833 11834 3831)
4(3681 3832 11835 11684)
4(3831 11834 11835 3832)
4(3682 3833 11836 11685)
4(3832 11835 11836 3833)
4(3683 3834 11837 11686)
4(3833 11836 11837 3834)
4(3684 3835 11838 11687)
4(3834 11837 11838 3835)
4(3685 3836 11839 11688)
4(3835 11838 11839 3836)
4(3686 3837 11840 11689)
4(3836 11839 11840 3837)
4(3687 3838 11841 11690)
4(3837 11840 11841 3838)
4(3688 3839 11842 11691)
4(3838 11841 11842 3839)
4(3689 3840 11843 11692)
4(3839 11842 11843 3840)
4(3690 3841 11844 11693)
4(3840 11843 11844 3841)
4(3691 3842 11845 11694)
4(3841 11844 11845 3842)
4(3692 3843 11846 11695)
4(3842 11845 11846 3843)
4(3693 3844 11847 11696)
4(3843 11846 11847 3844)
4(3694 3845 11848 11697)
4(3844 11847 11848 3845)
4(3695 3846 11849 11698)
4(3845 11848 11849 3846)
4(3696 3847 11850 11699)
4(3846 11849 11850 3847)
4(3697 3848 11851 11700)
4(3847 11850 11851 3848)
4(3698 3849 11852 11701)
4(3848 11851 11852 3849)
4(3699 3850 11853 11702)
4(3849 11852 11853 3850)
4(3700 3851 11854 11703)
4(3850 11853 11854 3851)
4(3701 3852 11855 11704)
4(3851 11854 11855 3852)
4(3702 3853 11856 11705)
4(3852 11855 11856 3853)
4(3703 3854 11857 11706)
4(3853 11856 11857 3854)
4(3704 3855 11858 11707)
4(3854 11857 11858 3855)
4(3705 3856 11859 11708)
4(3855 11858 11859 3856)
4(3706 3857 11860 11709)
4(3856 11859 11860 3857)
4(3707 3858 11861 11710)
4(3857 11860 11861 3858)
4(3708 3859 11862 11711)
4(3858 11861 11862 3859)
4(3709 3860 11863 11712)
4(3859 11862 11863 3860)
4(3710 3861 11864 11713)
4(3860 11863 11864 3861)
4(3711 3862 11865 11714)
4(3861 11864 11865 3862)
4(3712 3863 11866 11715)
4(3862 11865 11866 3863)
4(3713 3864 11867 11716)
4(3863 11866 11867 3864)
4(3714 3865 11868 11717)
4(3864 11867 11868 3865)
4(3715 3866 11869 11718)
4(3865 11868 11869 3866)
4(3716 3867 11870 11719)
4(3866 11869 11870 3867)
4(3717 3868 11871 11720)
4(3867 11870 11871 3868)
4(3718 3869 11872 11721)
4(3868 11871 11872 3869)
4(3719 3870 11873 11722)
4(3869 11872 11873 3870)
4(3720 3871 11874 11723)
4(3870 11873 11874 3871)
4(3721 3872 11875 11724)
4(3871 11874 11875 3872)
4(3722 3873 11876 11725)
4(3872 11875 11876 3873)
4(3723 3874 11877 11726)
4(3873 11876 11877 3874)
4(3724 3875 11878 11727)
4(3874 11877 11878 3875)
4(3725 3876 11879 11728)
4(3875 11878 11879 3876)
4(3726 3877 11880 11729)
4(3876 11879 11880 3877)
4(3727 3878 11881 11730)
4(3877 11880 11881 3878)
4(3728 3879 11882 11731)
4(3878 11881 11882 3879)
4(3729 3880 11883 11732)
4(3879 11882 11883 3880)
4(3730 3881 11884 11733)
4(3880 11883 11884 3881)
4(3731 3882 11885 11734)
4(3881 11884 11885 3882)
4(3732 3883 11886 11735)
4(3882 11885 11886 3883)
4(3733 3884 11887 11736)
4(3883 11886 11887 3884)
4(3734 3885 11888 11737)
4(3884 11887 11888 3885)
4(3735 3886 11889 11738)
4(3885 11888 11889 3886)
4(3736 3887 11890 11739)
4(3886 11889 11890 3887)
4(3737 3888 11891 11740)
4(3887 11890 11891 3888)
4(3738 3889 11892 11741)
4(3888 11891 11892 3889)
4(3739 3890 11893 11742)
4(3889 11892 11893 3890)
4(3740 3891 11894 11743)
4(3890 11893 11894 3891)
4(3741 3892 11895 11744)
4(3891 11894 11895 3892)
4(3742 3893 11896 11745)
4(3892 11895 11896 3893)
4(3743 3894 11897 11746)
4(3893 11896 11897 3894)
4(3744 3895 11898 11747)
4(3894 11897 11898 3895)
4(3745 3896 11899 11748)
4(3895 11898 11899 3896)
4(3746 3897 11900 11749)
4(3896 11899 11900 3897)
4(3747 3898 11901 11750)
4(3897 11900 11901 3898)
4(3748 3899 11902 11751)
4(3898 11901 11902 3899)
4(3749 3900 11903 11752)
4(3899 11902 11903 3900)
4(3750 3901 11904 11753)
4(3900 11903 11904 3901)
4(3751 3902 11905 11754)
4(3901 11904 11905 3902)
4(3752 3903 11906 11755)
4(3902 11905 11906 3903)
4(3753 3904 11907 11756)
4(3903 11906 11907 3904)
4(3754 3905 11908 11757)
4(3904 11907 11908 3905)
4(3755 3906 11909 11758)
4(3905 11908 11909 3906)
4(3756 3907 11910 11759)
4(3906 11909 11910 3907)
4(3757 3908 11911 11760)
4(3907 11910 11911 3908)
4(3758 3909 11912 11761)
4(3908 11911 11912 3909)
4(3759 3910 11913 11762)
4(3909 11912 11913 3910)
4(3760 3911 11914 11763)
4(3910 11913 11914 3911)
4(3761 3912 11915 11764)
4(3911 11914 11915 3912)
4(3762 3913 11916 11765)
4(3912 11915 11916 3913)
4(3763 3914 11917 11766)
4(3913 11916 11917 3914)
4(3764 3915 11918 11767)
4(3914 11917 11918 3915)
4(3765 3916 11919 11768)
4(3915 11918 11919 3916)
4(3766 3917 11920 11769)
4(3916 11919 11920 3917)
4(3767 3918 11921 11770)
4(3917 11920 11921 3918)
4(3768 3919 11922 11771)
4(3918 11921 11922 3919)
4(3769 3920 11923 11772)
4(3919 11922 11923 3920)
4(3770 3921 11924 11773)
4(3920 11923 11924 3921)
4(3771 3922 11925 11774)
4(3921 11924 11925 3922)
4(3772 3923 11926 11775)
4(3922 11925 11926 3923)
4(3773 3924 11927 11776)
4(3923 11926 11927 3924)
4(3924 11927 11928 3925)
4(3776 3927 11930 11779)
4(3926 11929 11930 3927)
4(3777 3928 11931 11780)
4(3927 11930 11931 3928)
4(3778 3929 11932 11781)
4(3928 11931 11932 3929)
4(3779 3930 11933 11782)
4(3929 11932 11933 3930)
4(3780 3931 11934 11783)
4(3930 11933 11934 3931)
4(3781 3932 11935 11784)
4(3931 11934 11935 3932)
4(3782 3933 11936 11785)
4(3932 11935 11936 3933)
4(3783 3934 11937 11786)
4(3933 11936 11937 3934)
4(3784 3935 11938 11787)
4(3934 11937 11938 3935)
4(3785 3936 11939 11788)
4(3935 11938 11939 3936)
4(3786 3937 11940 11789)
4(3936 11939 11940 3937)
4(3787 3938 11941 11790)
4(3937 11940 11941 3938)
4(3788 3939 11942 11791)
4(3938 11941 11942 3939)
4(3789 3940 11943 11792)
4(3939 11942 11943 3940)
4(3790 3941 11944 11793)
4(3940 11943 11944 3941)
4(3791 3942 11945 11794)
4(3941 11944 11945 3942)
4(3792 3943 11946 11795)
4(3942 11945 11946 3943)
4(3793 3944 11947 11796)
4(3943 11946 11947 3944)
4(3794 3945 11948 11797)
4(3944 11947 11948 3945)
4(3795 3946 11949 11798)
4(3945 11948 11949 3946)
4(3796 3947 11950 11799)
4(3946 11949 11950 3947)
4(3797 3948 11951 11800)
4(3947 11950 11951 3948)
4(3798 3949 11952 11801)
4(3948 11951 11952 3949)
4(3799 3950 11953 11802)
4(3949 11952 11953 3950)
4(3800 3951 11954 11803)
4(3950 11953 11954 3951)
4(3801 3952 11955 11804)
4(3951 11954 11955 3952)
4(3802 3953 11956 11805)
4(3952 11955 11956 3953)
4(3803 3954 11957 11806)
4(3953 11956 11957 3954)
4(3804 3955 11958 11807)
4(3954 11957 11958 3955)
4(3805 3956 11959 11808)
4(3955 11958 11959 3956)
4(3806 3957 11960 11809)
4(3956 11959 11960 3957)
4(3807 3958 11961 11810)
4(3957 11960 11961 3958)
4(3808 3959 11962 11811)
4(3958 11961 11962 3959)
4(3809 3960 11963 11812)
4(3959 11962 11963 3960)
4(3810 3961 11964 11813)
4(3960 11963 11964 3961)
4(3811 3962 11965 11814)
4(3961 11964 11965 3962)
4(3812 3963 11966 11815)
4(3962 11965 11966 3963)
4(3813 3964 11967 11816)
4(3963 11966 11967 3964)
4(3814 3965 11968 11817)
4(3964 11967 11968 3965)
4(3815 3966 11969 11818)
4(3965 11968 11969 3966)
4(3816 3967 11970 11819)
4(3966 11969 11970 3967)
4(3817 3968 11971 11820)
4(3967 11970 11971 3968)
4(3818 3969 11972 11821)
4(3968 11971 11972 3969)
4(3819 3970 11973 11822)
4(3969 11972 11973 3970)
4(3820 3971 11974 11823)
4(3970 11973 11974 3971)
4(3821 3972 11975 11824)
4(3971 11974 11975 3972)
4(3822 3973 11976 11825)
4(3972 11975 11976 3973)
4(3823 3974 11977 11826)
4(3973 11976 11977 3974)
4(3824 3975 11978 11827)
4(3974 11977 11978 3975)
4(3825 3976 11979 11828)
4(3975 11978 11979 3976)
4(3826 3977 11980 11829)
4(3976 11979 11980 3977)
4(3827 3978 11981 11830)
4(3977 11980 11981 3978)
4(3828 3979 11982 11831)
4(3978 11981 11982 3979)
4(3829 3980 11983 11832)
4(3979 11982 11983 3980)
4(3830 3981 11984 11833)
4(3980 11983 11984 3981)
4(3831 3982 11985 11834)
4(3981 11984 11985 3982)
4(3832 3983 11986 11835)
4(3982 11985 11986 3983)
4(3833 3984 11987 11836)
4(3983 11986 11987 3984)
4(3834 3985 11988 11837)
4(3984 11987 11988 3985)
4(3835 3986 11989 11838)
4(3985 11988 11989 3986)
4(3836 3987 11990 11839)
4(3986 11989 11990 3987)
4(3837 3988 11991 11840)
4(3987 11990 11991 3988)
4(3838 3989 11992 11841)
4(3988 11991 11992 3989)
4(3839 3990 11993 11842)
4(3989 11992 11993 3990)
4(3840 3991 11994 11843)
4(3990 11993 11994 3991)
4(3841 3992 11995 11844)
4(3991 11994 11995 3992)
4(3842 3993 11996 11845)
4(3992 11995 11996 3993)
4(3843 3994 11997 11846)
4(3993 11996 11997 3994)
4(3844 3995 11998 11847)
4(3994 11997 11998 3995)
4(3845 3996 11999 11848)
4(3995 11998 11999 3996)
4(3846 3997 12000 11849)
4(3996 11999 12000 3997)
4(3847 3998 12001 11850)
4(3997 12000 12001 3998)
4(3848 3999 12002 11851)
4(3998 12001 12002 3999)
4(3849 4000 12003 11852)
4(3999 12002 12003 4000)
4(3850 4001 12004 11853)
4(4000 12003 12004 4001)
4(3851 4002 12005 11854)
4(4001 12004 12005 4002)
4(3852 4003 12006 11855)
4(4002 12005 12006 4003)
4(3853 4004 12007 11856)
4(4003 12006 12007 4004)
4(3854 4005 12008 11857)
4(4004 12007 12008 4005)
4(3855 4006 12009 11858)
4(4005 12008 12009 4006)
4(3856 4007 12010 11859)
4(4006 12009 12010 4007)
4(3857 4008 12011 11860)
4(4007 12010 12011 4008)
4(3858 4009 12012 11861)
4(4008 12011 12012 4009)
4(3859 4010 12013 11862)
4(4009 12012 12013 4010)
4(3860 4011 12014 11863)
4(4010 12013 12014 4011)
4(3861 4012 12015 11864)
4(4011 12014 12015 4012)
4(3862 4013 12016 11865)
4(4012 12015 12016 4013)
4(3863 4014 12017 11866)
4(4013 12016 12017 4014)
4(3864 4015 12018 11867)
4(4014 12017 12018 4015)
4(3865 4016 12019 11868)
4(4015 12018 12019 4016)
4(3866 4017 12020 11869)
4(4016 12019 12020 4017)
4(3867 4018 12021 11870)
4(4017 12020 12021 4018)
4(3868 4019 12022 11871)
4(4018 12021 12022 4019)
4(3869 4020 12023 11872)
4(4019 12022 12023 4020)
4(3870 4021 12024 11873)
4(4020 12023 12024 4021)
4(3871 4022 12025 11874)
4(4021 12024 12025 4022)
4(3872 4023 12026 11875)
4(4022 12025 12026 4023)
4(3873 4024 12027 11876)
4(4023 12026 12027 4024)
4(3874 4025 12028 11877)
4(4024 12027 12028 4025)
4(3875 4026 12029 11878)
4(4025 12028 12029 4026)
4(3876 4027 12030 11879)
4(4026 12029 12030 4027)
4(3877 4028 12031 11880)
4(4027 12030 12031 4028)
4(3878 4029 12032 11881)
4(4028 12031 12032 4029)
4(3879 4030 12033 11882)
4(4029 12032 12033 4030)
4(3880 4031 12034 11883)
4(4030 12033 12034 4031)
4(3881 4032 12035 11884)
4(4031 12034 12035 4032)
4(3882 4033 12036 11885)
4(4032 12035 12036 4033)
4(3883 4034 12037 11886)
4(4033 12036 12037 4034)
4(3884 4035 12038 11887)
4(4034 12037 12038 4035)
4(3885 4036 12039 11888)
4(4035 12038 12039 4036)
4(3886 4037 12040 11889)
4(4036 12039 12040 4037)
4(3887 4038 12041 11890)
4(4037 12040 12041 4038)
4(3888 4039 12042 11891)
4(4038 12041 12042 4039)
4(3889 4040 12043 11892)
4(4039 12042 12043 4040)
4(3890 4041 12044 11893)
4(4040 12043 12044 4041)
4(3891 4042 12045 11894)
4(4041 12044 12045 4042)
4(3892 4043 12046 11895)
4(4042 12045 12046 4043)
4(3893 4044 12047 11896)
4(4043 12046 12047 4044)
4(3894 4045 12048 11897)
4(4044 12047 12048 4045)
4(3895 4046 12049 11898)
4(4045 12048 12049 4046)
4(3896 4047 12050 11899)
4(4046 12049 12050 4047)
4(3897 4048 12051 11900)
4(4047 12050 12051 4048)
4(3898 4049 12052 11901)
4(4048 12051 12052 4049)
4(3899 4050 12053 11902)
4(4049 12052 12053 4050)
4(3900 4051 12054 11903)
4(4050 12053 12054 4051)
4(3901 4052 12055 11904)
4(4051 12054 12055 4052)
4(3902 4053 12056 11905)
4(4052 12055 12056 4053)
4(3903 4054 12057 11906)
4(4053 12056 12057 4054)
4(3904 4055 12058 11907)
4(4054 12057 12058 4055)
4(3905 4056 12059 11908)
4(4055 12058 12059 4056)
4(3906 4057 12060 11909)
4(4056 12059 12060 4057)
4(3907 4058 12061 11910)
4(4057 12060 12061 4058)
4(3908 4059 12062 11911)
4(4058 12061 12062 4059)
4(3909 4060 12063 11912)
4(4059 12062 12063 4060)
4(3910 4061 12064 11913)
4(4060 12063 12064 4061)
4(3911 4062 12065 11914)
4(4061 12064 12065 4062)
4(3912 4063 12066 11915)
4(4062 12065 12066 4063)
4(3913 4064 12067 11916)
4(4063 12066 12067 4064)
4(3914 4065 12068 11917)
4(4064 12067 12068 4065)
4(3915 4066 12069 11918)
4(4065 12068 12069 4066)
4(3916 4067 12070 11919)
4(4066 12069 12070 4067)
4(3917 4068 12071 11920)
4(4067 12070 12071 4068)
4(3918 4069 12072 11921)
4(4068 12071 12072 4069)
4(3919 4070 12073 11922)
4(4069 12072 12073 4070)
4(3920 4071 12074 11923)
4(4070 12073 12074 4071)
4(3921 4072 12075 11924)
4(4071 12074 12075 4072)
4(3922 4073 12076 11925)
4(4072 12075 12076 4073)
4(3923 4074 12077 11926)
4(4073 12076 12077 4074)
4(3924 4075 12078 11927)
4(4074 12077 12078 4075)
4(4075 12078 12079 4076)
4(3927 4078 12081 11930)
4(4077 12080 12081 4078)
4(3928 4079 12082 11931)
4(4078 12081 12082 4079)
4(3929 4080 12083 11932)
4(4079 12082 12083 4080)
4(3930 4081 12084 11933)
4(4080 12083 12084 4081)
4(3931 4082 12085 11934)
4(4081 12084 12085 4082)
4(3932 4083 12086 11935)
4(4082 12085 12086 4083)
4(3933 4084 12087 11936)
4(4083 12086 12087 4084)
4(3934 4085 12088 11937)
4(4084 12087 12088 4085)
4(3935 4086 12089 11938)
4(4085 12088 12089 4086)
4(3936 4087 12090 11939)
4(4086 12089 12090 4087)
4(3937 4088 12091 11940)
4(4087 12090 12091 4088)
4(3938 4089 12092 11941)
4(4088 12091 12092 4089)
4(3939 4090 12093 11942)
4(4089 12092 12093 4090)
4(3940 4091 12094 11943)
4(4090 12093 12094 4091)
4(3941 4092 12095 11944)
4(4091 12094 12095 4092)
4(3942 4093 12096 11945)
4(4092 12095 12096 4093)
4(3943 4094 12097 11946)
4(4093 12096 12097 4094)
4(3944 4095 12098 11947)
4(4094 12097 12098 4095)
4(3945 4096 12099 11948)
4(4095 12098 12099 4096)
4(3946 4097 12100 11949)
4(4096 12099 12100 4097)
4(3947 4098 12101 11950)
4(4097 12100 12101 4098)
4(3948 4099 12102 11951)
4(4098 12101 12102 4099)
4(3949 4100 12103 11952)
4(4099 12102 12103 4100)
4(3950 4101 12104 11953)
4(4100 12103 12104 4101)
4(3951 4102 12105 11954)
4(4101 12104 12105 4102)
4(3952 4103 12106 11955)
4(4102 12105 12106 4103)
4(3953 4104 12107 11956)
4(4103 12106 12107 4104)
4(3954 4105 12108 11957)
4(4104 12107 12108 4105)
4(3955 4106 12109 11958)
4(4105 12108 12109 4106)
4(3956 4107 12110 11959)
4(4106 12109 12110 4107)
4(3957 4108 12111 11960)
4(4107 12110 12111 4108)
4(3958 4109 12112 11961)
4(4108 12111 12112 4109)
4(3959 4110 12113 11962)
4(4109 12112 12113 4110)
4(3960 4111 12114 11963)
4(4110 12113 12114 4111)
4(3961 4112 12115 11964)
4(4111 12114 12115 4112)
4(3962 4113 12116 11965)
4(4112 12115 12116 4113)
4(3963 4114 12117 11966)
4(4113 12116 12117 4114)
4(3964 4115 12118 11967)
4(4114 12117 12118 4115)
4(3965 4116 12119 11968)
4(4115 12118 12119 4116)
4(3966 4117 12120 11969)
4(4116 12119 12120 4117)
4(3967 4118 12121 11970)
4(4117 12120 12121 4118)
4(3968 4119 12122 11971)
4(4118 12121 12122 4119)
4(3969 4120 12123 11972)
4(4119 12122 12123 4120)
4(3970 4121 12124 11973)
4(4120 12123 12124 4121)
4(3971 4122 12125 11974)
4(4121 12124 12125 4122)
4(3972 4123 12126 11975)
4(4122 12125 12126 4123)
4(3973 4124 12127 11976)
4(4123 12126 12127 4124)
4(3974 4125 12128 11977)
4(4124 12127 12128 4125)
4(3975 4126 12129 11978)
4(4125 12128 12129 4126)
4(3976 4127 12130 11979)
4(4126 12129 12130 4127)
4(3977 4128 12131 11980)
4(4127 12130 12131 4128)
4(3978 4129 12132 11981)
4(4128 12131 12132 4129)
4(3979 4130 12133 11982)
4(4129 12132 12133 4130)
4(3980 4131 12134 11983)
4(4130 12133 12134 4131)
4(3981 4132 12135 11984)
4(4131 12134 12135 4132)
4(3982 4133 12136 11985)
4(4132 12135 12136 4133)
4(3983 4134 12137 11986)
4(4133 12136 12137 4134)
4(3984 4135 12138 11987)
4(4134 12137 12138 4135)
4(3985 4136 12139 11988)
4(4135 12138 12139 4136)
4(3986 4137 12140 11989)
4(4136 12139 12140 4137)
4(3987 4138 12141 11990)
4(4137 12140 12141 4138)
4(3988 4139 12142 11991)
4(4138 12141 12142 4139)
4(3989 4140 12143 11992)
4(4139 12142 12143 4140)
4(3990 4141 12144 11993)
4(4140 12143 12144 4141)
4(3991 4142 12145 11994)
4(4141 12144 12145 4142)
4(3992 4143 12146 11995)
4(4142 12145 12146 4143)
4(3993 4144 12147 11996)
4(4143 12146 12147 4144)
4(3994 4145 12148 11997)
4(4144 12147 12148 4145)
4(3995 4146 12149 11998)
4(4145 12148 12149 4146)
4(3996 4147 12150 11999)
4(4146 12149 12150 4147)
4(3997 4148 12151 12000)
4(4147 12150 12151 4148)
4(3998 4149 12152 12001)
4(4148 12151 12152 4149)
4(3999 4150 12153 12002)
4(4149 12152 12153 4150)
4(4000 4151 12154 12003)
4(4150 12153 12154 4151)
4(4001 4152 12155 12004)
4(4151 12154 12155 4152)
4(4002 4153 12156 12005)
4(4152 12155 12156 4153)
4(4003 4154 12157 12006)
4(4153 12156 12157 4154)
4(4004 4155 12158 12007)
4(4154 12157 12158 4155)
4(4005 4156 12159 12008)
4(4155 12158 12159 4156)
4(4006 4157 12160 12009)
4(4156 12159 12160 4157)
4(4007 4158 12161 12010)
4(4157 12160 12161 4158)
4(4008 4159 12162 12011)
4(4158 12161 12162 4159)
4(4009 4160 12163 12012)
4(4159 12162 12163 4160)
4(4010 4161 12164 12013)
4(4160 12163 12164 4161)
4(4011 4162 12165 12014)
4(4161 12164 12165 4162)
4(4012 4163 12166 12015)
4(4162 12165 12166 4163)
4(4013 4164 12167 12016)
4(4163 12166 12167 4164)
4(4014 4165 12168 12017)
4(4164 12167 12168 4165)
4(4015 4166 12169 12018)
4(4165 12168 12169 4166)
4(4016 4167 12170 12019)
4(4166 12169 12170 4167)
4(4017 4168 12171 12020)
4(4167 12170 12171 4168)
4(4018 4169 12172 12021)
4(4168 12171 12172 4169)
4(4019 4170 12173 12022)
4(4169 12172 12173 4170)
4(4020 4171 12174 12023)
4(4170 12173 12174 4171)
4(4021 4172 12175 12024)
4(4171 12174 12175 4172)
4(4022 4173 12176 12025)
4(4172 12175 12176 4173)
4(4023 4174 12177 12026)
4(4173 12176 12177 4174)
4(4024 4175 12178 12027)
4(4174 12177 12178 4175)
4(4025 4176 12179 12028)
4(4175 12178 12179 4176)
4(4026 4177 12180 12029)
4(4176 12179 12180 4177)
4(4027 4178 12181 12030)
4(4177 12180 12181 4178)
4(4028 4179 12182 12031)
4(4178 12181 12182 4179)
4(4029 4180 12183 12032)
4(4179 12182 12183 4180)
4(4030 4181 12184 12033)
4(4180 12183 12184 4181)
4(4031 4182 12185 12034)
4(4181 12184 12185 4182)
4(4032 4183 12186 12035)
4(4182 12185 12186 4183)
4(4033 4184 12187 12036)
4(4183 12186 12187 4184)
4(4034 4185 12188 12037)
4(4184 12187 12188 4185)
4(4035 4186 12189 12038)
4(4185 12188 12189 4186)
4(4036 4187 12190 12039)
4(4186 12189 12190 4187)
4(4037 4188 12191 12040)
4(4187 12190 12191 4188)
4(4038 4189 12192 12041)
4(4188 12191 12192 4189)
4(4039 4190 12193 12042)
4(4189 12192 12193 4190)
4(4040 4191 12194 12043)
4(4190 12193 12194 4191)
4(4041 4192 12195 12044)
4(4191 12194 12195 4192)
4(4042 4193 12196 12045)
4(4192 12195 12196 4193)
4(4043 4194 12197 12046)
4(4193 12196 12197 4194)
4(4044 4195 12198 12047)
4(4194 12197 12198 4195)
4(4045 4196 12199 12048)
4(4195 12198 12199 4196)
4(4046 4197 12200 12049)
4(4196 12199 12200 4197)
4(4047 4198 12201 12050)
4(4197 12200 12201 4198)
4(4048 4199 12202 12051)
4(4198 12201 12202 4199)
4(4049 4200 12203 12052)
4(4199 12202 12203 4200)
4(4050 4201 12204 12053)
4(4200 12203 12204 4201)
4(4051 4202 12205 12054)
4(4201 12204 12205 4202)
4(4052 4203 12206 12055)
4(4202 12205 12206 4203)
4(4053 4204 12207 12056)
4(4203 12206 12207 4204)
4(4054 4205 12208 12057)
4(4204 12207 12208 4205)
4(4055 4206 12209 12058)
4(4205 12208 12209 4206)
4(4056 4207 12210 12059)
4(4206 12209 12210 4207)
4(4057 4208 12211 12060)
4(4207 12210 12211 4208)
4(4058 4209 12212 12061)
4(4208 12211 12212 4209)
4(4059 4210 12213 12062)
4(4209 12212 12213 4210)
4(4060 4211 12214 12063)
4(4210 12213 12214 4211)
4(4061 4212 12215 12064)
4(4211 12214 12215 4212)
4(4062 4213 12216 12065)
4(4212 12215 12216 4213)
4(4063 4214 12217 12066)
4(4213 12216 12217 4214)
4(4064 4215 12218 12067)
4(4214 12217 12218 4215)
4(4065 4216 12219 12068)
4(4215 12218 12219 4216)
4(4066 4217 12220 12069)
4(4216 12219 12220 4217)
4(4067 4218 12221 12070)
4(4217 12220 12221 4218)
4(4068 4219 12222 12071)
4(4218 12221 12222 4219)
4(4069 4220 12223 12072)
4(4219 12222 12223 4220)
4(4070 4221 12224 12073)
4(4220 12223 12224 4221)
4(4071 4222 12225 12074)
4(4221 12224 12225 4222)
4(4072 4223 12226 12075)
4(4222 12225 12226 4223)
4(4073 4224 12227 12076)
4(4223 12226 12227 4224)
4(4074 4225 12228 12077)
4(4224 12227 12228 4225)
4(4075 4226 12229 12078)
4(4225 12228 12229 4226)
4(4226 12229 12230 4227)
4(4078 4229 12232 12081)
4(4228 12231 12232 4229)
4(4079 4230 12233 12082)
4(4229 12232 12233 4230)
4(4080 4231 12234 12083)
4(4230 12233 12234 4231)
4(4081 4232 12235 12084)
4(4231 12234 12235 4232)
4(4082 4233 12236 12085)
4(4232 12235 12236 4233)
4(4083 4234 12237 12086)
4(4233 12236 12237 4234)
4(4084 4235 12238 12087)
4(4234 12237 12238 4235)
4(4085 4236 12239 12088)
4(4235 12238 12239 4236)
4(4086 4237 12240 12089)
4(4236 12239 12240 4237)
4(4087 4238 12241 12090)
4(4237 12240 12241 4238)
4(4088 4239 12242 12091)
4(4238 12241 12242 4239)
4(4089 4240 12243 12092)
4(4239 12242 12243 4240)
4(4090 4241 12244 12093)
4(4240 12243 12244 4241)
4(4091 4242 12245 12094)
4(4241 12244 12245 4242)
4(4092 4243 12246 12095)
4(4242 12245 12246 4243)
4(4093 4244 12247 12096)
4(4243 12246 12247 4244)
4(4094 4245 12248 12097)
4(4244 12247 12248 4245)
4(4095 4246 12249 12098)
4(4245 12248 12249 4246)
4(4096 4247 12250 12099)
4(4246 12249 12250 4247)
4(4097 4248 12251 12100)
4(4247 12250 12251 4248)
4(4098 4249 12252 12101)
4(4248 12251 12252 4249)
4(4099 4250 12253 12102)
4(4249 12252 12253 4250)
4(4100 4251 12254 12103)
4(4250 12253 12254 4251)
4(4101 4252 12255 12104)
4(4251 12254 12255 4252)
4(4102 4253 12256 12105)
4(4252 12255 12256 4253)
4(4103 4254 12257 12106)
4(4253 12256 12257 4254)
4(4104 4255 12258 12107)
4(4254 12257 12258 4255)
4(4105 4256 12259 12108)
4(4255 12258 12259 4256)
4(4106 4257 12260 12109)
4(4256 12259 12260 4257)
4(4107 4258 12261 12110)
4(4257 12260 12261 4258)
4(4108 4259 12262 12111)
4(4258 12261 12262 4259)
4(4109 4260 12263 12112)
4(4259 12262 12263 4260)
4(4110 4261 12264 12113)
4(4260 12263 12264 4261)
4(4111 4262 12265 12114)
4(4261 12264 12265 4262)
4(4112 4263 12266 12115)
4(4262 12265 12266 4263)
4(4113 4264 12267 12116)
4(4263 12266 12267 4264)
4(4114 4265 12268 12117)
4(4264 12267 12268 4265)
4(4115 4266 12269 12118)
4(4265 12268 12269 4266)
4(4116 4267 12270 12119)
4(4266 12269 12270 4267)
4(4117 4268 12271 12120)
4(4267 12270 12271 4268)
4(4118 4269 12272 12121)
4(4268 12271 12272 4269)
4(4119 4270 12273 12122)
4(4269 12272 12273 4270)
4(4120 4271 12274 12123)
4(4270 12273 12274 4271)
4(4121 4272 12275 12124)
4(4271 12274 12275 4272)
4(4122 4273 12276 12125)
4(4272 12275 12276 4273)
4(4123 4274 12277 12126)
4(4273 12276 12277 4274)
4(4124 4275 12278 12127)
4(4274 12277 12278 4275)
4(4125 4276 12279 12128)
4(4275 12278 12279 4276)
4(4126 4277 12280 12129)
4(4276 12279 12280 4277)
4(4127 4278 12281 12130)
4(4277 12280 12281 4278)
4(4128 4279 12282 12131)
4(4278 12281 12282 4279)
4(4129 4280 12283 12132)
4(4279 12282 12283 4280)
4(4130 4281 12284 12133)
4(4280 12283 12284 4281)
4(4131 4282 12285 12134)
4(4281 12284 12285 4282)
4(4132 4283 12286 12135)
4(4282 12285 12286 4283)
4(4133 4284 12287 12136)
4(4283 12286 12287 4284)
4(4134 4285 12288 12137)
4(4284 12287 12288 4285)
4(4135 4286 12289 12138)
4(4285 12288 12289 4286)
4(4136 4287 12290 12139)
4(4286 12289 12290 4287)
4(4137 4288 12291 12140)
4(4287 12290 12291 4288)
4(4138 4289 12292 12141)
4(4288 12291 12292 4289)
4(4139 4290 12293 12142)
4(4289 12292 12293 4290)
4(4140 4291 12294 12143)
4(4290 12293 12294 4291)
4(4141 4292 12295 12144)
4(4291 12294 12295 4292)
4(4142 4293 12296 12145)
4(4292 12295 12296 4293)
4(4143 4294 12297 12146)
4(4293 12296 12297 4294)
4(4144 4295 12298 12147)
4(4294 12297 12298 4295)
4(4145 4296 12299 12148)
4(4295 12298 12299 4296)
4(4146 4297 12300 12149)
4(4296 12299 12300 4297)
4(4147 4298 12301 12150)
4(4297 12300 12301 4298)
4(4148 4299 12302 12151)
4(4298 12301 12302 4299)
4(4149 4300 12303 12152)
4(4299 12302 12303 4300)
4(4150 4301 12304 12153)
4(4300 12303 12304 4301)
4(4151 4302 12305 12154)
4(4301 12304 12305 4302)
4(4152 4303 12306 12155)
4(4302 12305 12306 4303)
4(4153 4304 12307 12156)
4(4303 12306 12307 4304)
4(4154 4305 12308 12157)
4(4304 12307 12308 4305)
4(4155 4306 12309 12158)
4(4305 12308 12309 4306)
4(4156 4307 12310 12159)
4(4306 12309 12310 4307)
4(4157 4308 12311 12160)
4(4307 12310 12311 4308)
4(4158 4309 12312 12161)
4(4308 12311 12312 4309)
4(4159 4310 12313 12162)
4(4309 12312 12313 4310)
4(4160 4311 12314 12163)
4(4310 12313 12314 4311)
4(4161 4312 12315 12164)
4(4311 12314 12315 4312)
4(4162 4313 12316 12165)
4(4312 12315 12316 4313)
4(4163 4314 12317 12166)
4(4313 12316 12317 4314)
4(4164 4315 12318 12167)
4(4314 12317 12318 4315)
4(4165 4316 12319 12168)
4(4315 12318 12319 4316)
4(4166 4317 12320 12169)
4(4316 12319 12320 4317)
4(4167 4318 12321 12170)
4(4317 12320 12321 4318)
4(4168 4319 12322 12171)
4(4318 12321 12322 4319)
4(4169 4320 12323 12172)
4(4319 12322 12323 4320)
4(4170 4321 12324 12173)
4(4320 12323 12324 4321)
4(4171 4322 12325 12174)
4(4321 12324 12325 4322)
4(4172 4323 12326 12175)
4(4322 12325 12326 4323)
4(4173 4324 12327 12176)
4(4323 12326 12327 4324)
4(4174 4325 12328 12177)
4(4324 12327 12328 4325)
4(4175 4326 12329 12178)
4(4325 12328 12329 4326)
4(4176 4327 12330 12179)
4(4326 12329 12330 4327)
4(4177 4328 12331 12180)
4(4327 12330 12331 4328)
4(4178 4329 12332 12181)
4(4328 12331 12332 4329)
4(4179 4330 12333 12182)
4(4329 12332 12333 4330)
4(4180 4331 12334 12183)
4(4330 12333 12334 4331)
4(4181 4332 12335 12184)
4(4331 12334 12335 4332)
4(4182 4333 12336 12185)
4(4332 12335 12336 4333)
4(4183 4334 12337 12186)
4(4333 12336 12337 4334)
4(4184 4335 12338 12187)
4(4334 12337 12338 4335)
4(4185 4336 12339 12188)
4(4335 12338 12339 4336)
4(4186 4337 12340 12189)
4(4336 12339 12340 4337)
4(4187 4338 12341 12190)
4(4337 12340 12341 4338)
4(4188 4339 12342 12191)
4(4338 12341 12342 4339)
4(4189 4340 12343 12192)
4(4339 12342 12343 4340)
4(4190 4341 12344 12193)
4(4340 12343 12344 4341)
4(4191 4342 12345 12194)
4(4341 12344 12345 4342)
4(4192 4343 12346 12195)
4(4342 12345 12346 4343)
4(4193 4344 12347 12196)
4(4343 12346 12347 4344)
4(4194 4345 12348 12197)
4(4344 12347 12348 4345)
4(4195 4346 12349 12198)
4(4345 12348 12349 4346)
4(4196 4347 12350 12199)
4(4346 12349 12350 4347)
4(4197 4348 12351 12200)
4(4347 12350 12351 4348)
4(4198 4349 12352 12201)
4(4348 12351 12352 4349)
4(4199 4350 12353 12202)
4(4349 12352 12353 4350)
4(4200 4351 12354 12203)
4(4350 12353 12354 4351)
4(4201 4352 12355 12204)
4(4351 12354 12355 4352)
4(4202 4353 12356 12205)
4(4352 12355 12356 4353)
4(4203 4354 12357 12206)
4(4353 12356 12357 4354)
4(4204 4355 12358 12207)
4(4354 12357 12358 4355)
4(4205 4356 12359 12208)
4(4355 12358 12359 4356)
4(4206 4357 12360 12209)
4(4356 12359 12360 4357)
4(4207 4358 12361 12210)
4(4357 12360 12361 4358)
4(4208 4359 12362 12211)
4(4358 12361 12362 4359)
4(4209 4360 12363 12212)
4(4359 12362 12363 4360)
4(4210 4361 12364 12213)
4(4360 12363 12364 4361)
4(4211 4362 12365 12214)
4(4361 12364 12365 4362)
4(4212 4363 12366 12215)
4(4362 12365 12366 4363)
4(4213 4364 12367 12216)
4(4363 12366 12367 4364)
4(4214 4365 12368 12217)
4(4364 12367 12368 4365)
4(4215 4366 12369 12218)
4(4365 12368 12369 4366)
4(4216 4367 12370 12219)
4(4366 12369 12370 4367)
4(4217 4368 12371 12220)
4(4367 12370 12371 4368)
4(4218 4369 12372 12221)
4(4368 12371 12372 4369)
4(4219 4370 12373 12222)
4(4369 12372 12373 4370)
4(4220 4371 12374 12223)
4(4370 12373 12374 4371)
4(4221 4372 12375 12224)
4(4371 12374 12375 4372)
4(4222 4373 12376 12225)
4(4372 12375 12376 4373)
4(4223 4374 12377 12226)
4(4373 12376 12377 4374)
4(4224 4375 12378 12227)
4(4374 12377 12378 4375)
4(4225 4376 12379 12228)
4(4375 12378 12379 4376)
4(4226 4377 12380 12229)
4(4376 12379 12380 4377)
4(4377 12380 12381 4378)
4(4229 4380 12383 12232)
4(4379 12382 12383 4380)
4(4230 4381 12384 12233)
4(4380 12383 12384 4381)
4(4231 4382 12385 12234)
4(4381 12384 12385 4382)
4(4232 4383 12386 12235)
4(4382 12385 12386 4383)
4(4233 4384 12387 12236)
4(4383 12386 12387 4384)
4(4234 4385 12388 12237)
4(4384 12387 12388 4385)
4(4235 4386 12389 12238)
4(4385 12388 12389 4386)
4(4236 4387 12390 12239)
4(4386 12389 12390 4387)
4(4237 4388 12391 12240)
4(4387 12390 12391 4388)
4(4238 4389 12392 12241)
4(4388 12391 12392 4389)
4(4239 4390 12393 12242)
4(4389 12392 12393 4390)
4(4240 4391 12394 12243)
4(4390 12393 12394 4391)
4(4241 4392 12395 12244)
4(4391 12394 12395 4392)
4(4242 4393 12396 12245)
4(4392 12395 12396 4393)
4(4243 4394 12397 12246)
4(4393 12396 12397 4394)
4(4244 4395 12398 12247)
4(4394 12397 12398 4395)
4(4245 4396 12399 12248)
4(4395 12398 12399 4396)
4(4246 4397 12400 12249)
4(4396 12399 12400 4397)
4(4247 4398 12401 12250)
4(4397 12400 12401 4398)
4(4248 4399 12402 12251)
4(4398 12401 12402 4399)
4(4249 4400 12403 12252)
4(4399 12402 12403 4400)
4(4250 4401 12404 12253)
4(4400 12403 12404 4401)
4(4251 4402 12405 12254)
4(4401 12404 12405 4402)
4(4252 4403 12406 12255)
4(4402 12405 12406 4403)
4(4253 4404 12407 12256)
4(4403 12406 12407 4404)
4(4254 4405 12408 12257)
4(4404 12407 12408 4405)
4(4255 4406 12409 12258)
4(4405 12408 12409 4406)
4(4256 4407 12410 12259)
4(4406 12409 12410 4407)
4(4257 4408 12411 12260)
4(4407 12410 12411 4408)
4(4258 4409 12412 12261)
4(4408 12411 12412 4409)
4(4259 4410 12413 12262)
4(4409 12412 12413 4410)
4(4260 4411 12414 12263)
4(4410 12413 12414 4411)
4(4261 4412 12415 12264)
4(4411 12414 12415 4412)
4(4262 4413 12416 12265)
4(4412 12415 12416 4413)
4(4263 4414 12417 12266)
4(4413 12416 12417 4414)
4(4264 4415 12418 12267)
4(4414 12417 12418 4415)
4(4265 4416 12419 12268)
4(4415 12418 12419 4416)
4(4266 4417 12420 12269)
4(4416 12419 12420 4417)
4(4267 4418 12421 12270)
4(4417 12420 12421 4418)
4(4268 4419 12422 12271)
4(4418 12421 12422 4419)
4(4269 4420 12423 12272)
4(4419 12422 12423 4420)
4(4270 4421 12424 12273)
4(4420 12423 12424 4421)
4(4271 4422 12425 12274)
4(4421 12424 12425 4422)
4(4272 4423 12426 12275)
4(4422 12425 12426 4423)
4(4273 4424 12427 12276)
4(4423 12426 12427 4424)
4(4274 4425 12428 12277)
4(4424 12427 12428 4425)
4(4275 4426 12429 12278)
4(4425 12428 12429 4426)
4(4276 4427 12430 12279)
4(4426 12429 12430 4427)
4(4277 4428 12431 12280)
4(4427 12430 12431 4428)
4(4278 4429 12432 12281)
4(4428 12431 12432 4429)
4(4279 4430 12433 12282)
4(4429 12432 12433 4430)
4(4280 4431 12434 12283)
4(4430 12433 12434 4431)
4(4281 4432 12435 12284)
4(4431 12434 12435 4432)
4(4282 4433 12436 12285)
4(4432 12435 12436 4433)
4(4283 4434 12437 12286)
4(4433 12436 12437 4434)
4(4284 4435 12438 12287)
4(4434 12437 12438 4435)
4(4285 4436 12439 12288)
4(4435 12438 12439 4436)
4(4286 4437 12440 12289)
4(4436 12439 12440 4437)
4(4287 4438 12441 12290)
4(4437 12440 12441 4438)
4(4288 4439 12442 12291)
4(4438 12441 12442 4439)
4(4289 4440 12443 12292)
4(4439 12442 12443 4440)
4(4290 4441 12444 12293)
4(4440 12443 12444 4441)
4(4291 4442 12445 12294)
4(4441 12444 12445 4442)
4(4292 4443 12446 12295)
4(4442 12445 12446 4443)
4(4293 4444 12447 12296)
4(4443 12446 12447 4444)
4(4294 4445 12448 12297)
4(4444 12447 12448 4445)
4(4295 4446 12449 12298)
4(4445 12448 12449 4446)
4(4296 4447 12450 12299)
4(4446 12449 12450 4447)
4(4297 4448 12451 12300)
4(4447 12450 12451 4448)
4(4298 4449 12452 12301)
4(4448 12451 12452 4449)
4(4299 4450 12453 12302)
4(4449 12452 12453 4450)
4(4300 4451 12454 12303)
4(4450 12453 12454 4451)
4(4301 4452 12455 12304)
4(4451 12454 12455 4452)
4(4302 4453 12456 12305)
4(4452 12455 12456 4453)
4(4303 4454 12457 12306)
4(4453 12456 12457 4454)
4(4304 4455 12458 12307)
4(4454 12457 12458 4455)
4(4305 4456 12459 12308)
4(4455 12458 12459 4456)
4(4306 4457 12460 12309)
4(4456 12459 12460 4457)
4(4307 4458 12461 12310)
4(4457 12460 12461 4458)
4(4308 4459 12462 12311)
4(4458 12461 12462 4459)
4(4309 4460 12463 12312)
4(4459 12462 12463 4460)
4(4310 4461 12464 12313)
4(4460 12463 12464 4461)
4(4311 4462 12465 12314)
4(4461 12464 12465 4462)
4(4312 4463 12466 12315)
4(4462 12465 12466 4463)
4(4313 4464 12467 12316)
4(4463 12466 12467 4464)
4(4314 4465 12468 12317)
4(4464 12467 12468 4465)
4(4315 4466 12469 12318)
4(4465 12468 12469 4466)
4(4316 4467 12470 12319)
4(4466 12469 12470 4467)
4(4317 4468 12471 12320)
4(4467 12470 12471 4468)
4(4318 4469 12472 12321)
4(4468 12471 12472 4469)
4(4319 4470 12473 12322)
4(4469 12472 12473 4470)
4(4320 4471 12474 12323)
4(4470 12473 12474 4471)
4(4321 4472 12475 12324)
4(4471 12474 12475 4472)
4(4322 4473 12476 12325)
4(4472 12475 12476 4473)
4(4323 4474 12477 12326)
4(4473 12476 12477 4474)
4(4324 4475 12478 12327)
4(4474 12477 12478 4475)
4(4325 4476 12479 12328)
4(4475 12478 12479 4476)
4(4326 4477 12480 12329)
4(4476 12479 12480 4477)
4(4327 4478 12481 12330)
4(4477 12480 12481 4478)
4(4328 4479 12482 12331)
4(4478 12481 12482 4479)
4(4329 4480 12483 12332)
4(4479 12482 12483 4480)
4(4330 4481 12484 12333)
4(4480 12483 12484 4481)
4(4331 4482 12485 12334)
4(4481 12484 12485 4482)
4(4332 4483 12486 12335)
4(4482 12485 12486 4483)
4(4333 4484 12487 12336)
4(4483 12486 12487 4484)
4(4334 4485 12488 12337)
4(4484 12487 12488 4485)
4(4335 4486 12489 12338)
4(4485 12488 12489 4486)
4(4336 4487 12490 12339)
4(4486 12489 12490 4487)
4(4337 4488 12491 12340)
4(4487 12490 12491 4488)
4(4338 4489 12492 12341)
4(4488 12491 12492 4489)
4(4339 4490 12493 12342)
4(4489 12492 12493 4490)
4(4340 4491 12494 12343)
4(4490 12493 12494 4491)
4(4341 4492 12495 12344)
4(4491 12494 12495 4492)
4(4342 4493 12496 12345)
4(4492 12495 12496 4493)
4(4343 4494 12497 12346)
4(4493 12496 12497 4494)
4(4344 4495 12498 12347)
4(4494 12497 12498 4495)
4(4345 4496 12499 12348)
4(4495 12498 12499 4496)
4(4346 4497 12500 12349)
4(4496 12499 12500 4497)
4(4347 4498 12501 12350)
4(4497 12500 12501 4498)
4(4348 4499 12502 12351)
4(4498 12501 12502 4499)
4(4349 4500 12503 12352)
4(4499 12502 12503 4500)
4(4350 4501 12504 12353)
4(4500 12503 12504 4501)
4(4351 4502 12505 12354)
4(4501 12504 12505 4502)
4(4352 4503 12506 12355)
4(4502 12505 12506 4503)
4(4353 4504 12507 12356)
4(4503 12506 12507 4504)
4(4354 4505 12508 12357)
4(4504 12507 12508 4505)
4(4355 4506 12509 12358)
4(4505 12508 12509 4506)
4(4356 4507 12510 12359)
4(4506 12509 12510 4507)
4(4357 4508 12511 12360)
4(4507 12510 12511 4508)
4(4358 4509 12512 12361)
4(4508 12511 12512 4509)
4(4359 4510 12513 12362)
4(4509 12512 12513 4510)
4(4360 4511 12514 12363)
4(4510 12513 12514 4511)
4(4361 4512 12515 12364)
4(4511 12514 12515 4512)
4(4362 4513 12516 12365)
4(4512 12515 12516 4513)
4(4363 4514 12517 12366)
4(4513 12516 12517 4514)
4(4364 4515 12518 12367)
4(4514 12517 12518 4515)
4(4365 4516 12519 12368)
4(4515 12518 12519 4516)
4(4366 4517 12520 12369)
4(4516 12519 12520 4517)
4(4367 4518 12521 12370)
4(4517 12520 12521 4518)
4(4368 4519 12522 12371)
4(4518 12521 12522 4519)
4(4369 4520 12523 12372)
4(4519 12522 12523 4520)
4(4370 4521 12524 12373)
4(4520 12523 12524 4521)
4(4371 4522 12525 12374)
4(4521 12524 12525 4522)
4(4372 4523 12526 12375)
4(4522 12525 12526 4523)
4(4373 4524 12527 12376)
4(4523 12526 12527 4524)
4(4374 4525 12528 12377)
4(4524 12527 12528 4525)
4(4375 4526 12529 12378)
4(4525 12528 12529 4526)
4(4376 4527 12530 12379)
4(4526 12529 12530 4527)
4(4377 4528 12531 12380)
4(4527 12530 12531 4528)
4(4528 12531 12532 4529)
4(4380 4531 12534 12383)
4(4530 12533 12534 4531)
4(4381 4532 12535 12384)
4(4531 12534 12535 4532)
4(4382 4533 12536 12385)
4(4532 12535 12536 4533)
4(4383 4534 12537 12386)
4(4533 12536 12537 4534)
4(4384 4535 12538 12387)
4(4534 12537 12538 4535)
4(4385 4536 12539 12388)
4(4535 12538 12539 4536)
4(4386 4537 12540 12389)
4(4536 12539 12540 4537)
4(4387 4538 12541 12390)
4(4537 12540 12541 4538)
4(4388 4539 12542 12391)
4(4538 12541 12542 4539)
4(4389 4540 12543 12392)
4(4539 12542 12543 4540)
4(4390 4541 12544 12393)
4(4540 12543 12544 4541)
4(4391 4542 12545 12394)
4(4541 12544 12545 4542)
4(4392 4543 12546 12395)
4(4542 12545 12546 4543)
4(4393 4544 12547 12396)
4(4543 12546 12547 4544)
4(4394 4545 12548 12397)
4(4544 12547 12548 4545)
4(4395 4546 12549 12398)
4(4545 12548 12549 4546)
4(4396 4547 12550 12399)
4(4546 12549 12550 4547)
4(4397 4548 12551 12400)
4(4547 12550 12551 4548)
4(4398 4549 12552 12401)
4(4548 12551 12552 4549)
4(4399 4550 12553 12402)
4(4549 12552 12553 4550)
4(4400 4551 12554 12403)
4(4550 12553 12554 4551)
4(4401 4552 12555 12404)
4(4551 12554 12555 4552)
4(4402 4553 12556 12405)
4(4552 12555 12556 4553)
4(4403 4554 12557 12406)
4(4553 12556 12557 4554)
4(4404 4555 12558 12407)
4(4554 12557 12558 4555)
4(4405 4556 12559 12408)
4(4555 12558 12559 4556)
4(4406 4557 12560 12409)
4(4556 12559 12560 4557)
4(4407 4558 12561 12410)
4(4557 12560 12561 4558)
4(4408 4559 12562 12411)
4(4558 12561 12562 4559)
4(4409 4560 12563 12412)
4(4559 12562 12563 4560)
4(4410 4561 12564 12413)
4(4560 12563 12564 4561)
4(4411 4562 12565 12414)
4(4561 12564 12565 4562)
4(4412 4563 12566 12415)
4(4562 12565 12566 4563)
4(4413 4564 12567 12416)
4(4563 12566 12567 4564)
4(4414 4565 12568 12417)
4(4564 12567 12568 4565)
4(4415 4566 12569 12418)
4(4565 12568 12569 4566)
4(4416 4567 12570 12419)
4(4566 12569 12570 4567)
4(4417 4568 12571 12420)
4(4567 12570 12571 4568)
4(4418 4569 12572 12421)
4(4568 12571 12572 4569)
4(4419 4570 12573 12422)
4(4569 12572 12573 4570)
4(4420 4571 12574 12423)
4(4570 12573 12574 4571)
4(4421 4572 12575 12424)
4(4571 12574 12575 4572)
4(4422 4573 12576 12425)
4(4572 12575 12576 4573)
4(4423 4574 12577 12426)
4(4573 12576 12577 4574)
4(4424 4575 12578 12427)
4(4574 12577 12578 4575)
4(4425 4576 12579 12428)
4(4575 12578 12579 4576)
4(4426 4577 12580 12429)
4(4576 12579 12580 4577)
4(4427 4578 12581 12430)
4(4577 12580 12581 4578)
4(4428 4579 12582 12431)
4(4578 12581 12582 4579)
4(4429 4580 12583 12432)
4(4579 12582 12583 4580)
4(4430 4581 12584 12433)
4(4580 12583 12584 4581)
4(4431 4582 12585 12434)
4(4581 12584 12585 4582)
4(4432 4583 12586 12435)
4(4582 12585 12586 4583)
4(4433 4584 12587 12436)
4(4583 12586 12587 4584)
4(4434 4585 12588 12437)
4(4584 12587 12588 4585)
4(4435 4586 12589 12438)
4(4585 12588 12589 4586)
4(4436 4587 12590 12439)
4(4586 12589 12590 4587)
4(4437 4588 12591 12440)
4(4587 12590 12591 4588)
4(4438 4589 12592 12441)
4(4588 12591 12592 4589)
4(4439 4590 12593 12442)
4(4589 12592 12593 4590)
4(4440 4591 12594 12443)
4(4590 12593 12594 4591)
4(4441 4592 12595 12444)
4(4591 12594 12595 4592)
4(4442 4593 12596 12445)
4(4592 12595 12596 4593)
4(4443 4594 12597 12446)
4(4593 12596 12597 4594)
4(4444 4595 12598 12447)
4(4594 12597 12598 4595)
4(4445 4596 12599 12448)
4(4595 12598 12599 4596)
4(4446 4597 12600 12449)
4(4596 12599 12600 4597)
4(4447 4598 12601 12450)
4(4597 12600 12601 4598)
4(4448 4599 12602 12451)
4(4598 12601 12602 4599)
4(4449 4600 12603 12452)
4(4599 12602 12603 4600)
4(4450 4601 12604 12453)
4(4600 12603 12604 4601)
4(4451 4602 12605 12454)
4(4601 12604 12605 4602)
4(4452 4603 12606 12455)
4(4602 12605 12606 4603)
4(4453 4604 12607 12456)
4(4603 12606 12607 4604)
4(4454 4605 12608 12457)
4(4604 12607 12608 4605)
4(4455 4606 12609 12458)
4(4605 12608 12609 4606)
4(4456 4607 12610 12459)
4(4606 12609 12610 4607)
4(4457 4608 12611 12460)
4(4607 12610 12611 4608)
4(4458 4609 12612 12461)
4(4608 12611 12612 4609)
4(4459 4610 12613 12462)
4(4609 12612 12613 4610)
4(4460 4611 12614 12463)
4(4610 12613 12614 4611)
4(4461 4612 12615 12464)
4(4611 12614 12615 4612)
4(4462 4613 12616 12465)
4(4612 12615 12616 4613)
4(4463 4614 12617 12466)
4(4613 12616 12617 4614)
4(4464 4615 12618 12467)
4(4614 12617 12618 4615)
4(4465 4616 12619 12468)
4(4615 12618 12619 4616)
4(4466 4617 12620 12469)
4(4616 12619 12620 4617)
4(4467 4618 12621 12470)
4(4617 12620 12621 4618)
4(4468 4619 12622 12471)
4(4618 12621 12622 4619)
4(4469 4620 12623 12472)
4(4619 12622 12623 4620)
4(4470 4621 12624 12473)
4(4620 12623 12624 4621)
4(4471 4622 12625 12474)
4(4621 12624 12625 4622)
4(4472 4623 12626 12475)
4(4622 12625 12626 4623)
4(4473 4624 12627 12476)
4(4623 12626 12627 4624)
4(4474 4625 12628 12477)
4(4624 12627 12628 4625)
4(4475 4626 12629 12478)
4(4625 12628 12629 4626)
4(4476 4627 12630 12479)
4(4626 12629 12630 4627)
4(4477 4628 12631 12480)
4(4627 12630 12631 4628)
4(4478 4629 12632 12481)
4(4628 12631 12632 4629)
4(4479 4630 12633 12482)
4(4629 12632 12633 4630)
4(4480 4631 12634 12483)
4(4630 12633 12634 4631)
4(4481 4632 12635 12484)
4(4631 12634 12635 4632)
4(4482 4633 12636 12485)
4(4632 12635 12636 4633)
4(4483 4634 12637 12486)
4(4633 12636 12637 4634)
4(4484 4635 12638 12487)
4(4634 12637 12638 4635)
4(4485 4636 12639 12488)
4(4635 12638 12639 4636)
4(4486 4637 12640 12489)
4(4636 12639 12640 4637)
4(4487 4638 12641 12490)
4(4637 12640 12641 4638)
4(4488 4639 12642 12491)
4(4638 12641 12642 4639)
4(4489 4640 12643 12492)
4(4639 12642 12643 4640)
4(4490 4641 12644 12493)
4(4640 12643 12644 4641)
4(4491 4642 12645 12494)
4(4641 12644 12645 4642)
4(4492 4643 12646 12495)
4(4642 12645 12646 4643)
4(4493 4644 12647 12496)
4(4643 12646 12647 4644)
4(4494 4645 12648 12497)
4(4644 12647 12648 4645)
4(4495 4646 12649 12498)
4(4645 12648 12649 4646)
4(4496 4647 12650 12499)
4(4646 12649 12650 4647)
4(4497 4648 12651 12500)
4(4647 12650 12651 4648)
4(4498 4649 12652 12501)
4(4648 12651 12652 4649)
4(4499 4650 12653 12502)
4(4649 12652 12653 4650)
4(4500 4651 12654 12503)
4(4650 12653 12654 4651)
4(4501 4652 12655 12504)
4(4651 12654 12655 4652)
4(4502 4653 12656 12505)
4(4652 12655 12656 4653)
4(4503 4654 12657 12506)
4(4653 12656 12657 4654)
4(4504 4655 12658 12507)
4(4654 12657 12658 4655)
4(4505 4656 12659 12508)
4(4655 12658 12659 4656)
4(4506 4657 12660 12509)
4(4656 12659 12660 4657)
4(4507 4658 12661 12510)
4(4657 12660 12661 4658)
4(4508 4659 12662 12511)
4(4658 12661 12662 4659)
4(4509 4660 12663 12512)
4(4659 12662 12663 4660)
4(4510 4661 12664 12513)
4(4660 12663 12664 4661)
4(4511 4662 12665 12514)
4(4661 12664 12665 4662)
4(4512 4663 12666 12515)
4(4662 12665 12666 4663)
4(4513 4664 12667 12516)
4(4663 12666 12667 4664)
4(4514 4665 12668 12517)
4(4664 12667 12668 4665)
4(4515 4666 12669 12518)
4(4665 12668 12669 4666)
4(4516 4667 12670 12519)
4(4666 12669 12670 4667)
4(4517 4668 12671 12520)
4(4667 12670 12671 4668)
4(4518 4669 12672 12521)
4(4668 12671 12672 4669)
4(4519 4670 12673 12522)
4(4669 12672 12673 4670)
4(4520 4671 12674 12523)
4(4670 12673 12674 4671)
4(4521 4672 12675 12524)
4(4671 12674 12675 4672)
4(4522 4673 12676 12525)
4(4672 12675 12676 4673)
4(4523 4674 12677 12526)
4(4673 12676 12677 4674)
4(4524 4675 12678 12527)
4(4674 12677 12678 4675)
4(4525 4676 12679 12528)
4(4675 12678 12679 4676)
4(4526 4677 12680 12529)
4(4676 12679 12680 4677)
4(4527 4678 12681 12530)
4(4677 12680 12681 4678)
4(4528 4679 12682 12531)
4(4678 12681 12682 4679)
4(4679 12682 12683 4680)
4(4531 4682 12685 12534)
4(4681 12684 12685 4682)
4(4532 4683 12686 12535)
4(4682 12685 12686 4683)
4(4533 4684 12687 12536)
4(4683 12686 12687 4684)
4(4534 4685 12688 12537)
4(4684 12687 12688 4685)
4(4535 4686 12689 12538)
4(4685 12688 12689 4686)
4(4536 4687 12690 12539)
4(4686 12689 12690 4687)
4(4537 4688 12691 12540)
4(4687 12690 12691 4688)
4(4538 4689 12692 12541)
4(4688 12691 12692 4689)
4(4539 4690 12693 12542)
4(4689 12692 12693 4690)
4(4540 4691 12694 12543)
4(4690 12693 12694 4691)
4(4541 4692 12695 12544)
4(4691 12694 12695 4692)
4(4542 4693 12696 12545)
4(4692 12695 12696 4693)
4(4543 4694 12697 12546)
4(4693 12696 12697 4694)
4(4544 4695 12698 12547)
4(4694 12697 12698 4695)
4(4545 4696 12699 12548)
4(4695 12698 12699 4696)
4(4546 4697 12700 12549)
4(4696 12699 12700 4697)
4(4547 4698 12701 12550)
4(4697 12700 12701 4698)
4(4548 4699 12702 12551)
4(4698 12701 12702 4699)
4(4549 4700 12703 12552)
4(4699 12702 12703 4700)
4(4550 4701 12704 12553)
4(4700 12703 12704 4701)
4(4551 4702 12705 12554)
4(4701 12704 12705 4702)
4(4552 4703 12706 12555)
4(4702 12705 12706 4703)
4(4553 4704 12707 12556)
4(4703 12706 12707 4704)
4(4554 4705 12708 12557)
4(4704 12707 12708 4705)
4(4555 4706 12709 12558)
4(4705 12708 12709 4706)
4(4556 4707 12710 12559)
4(4706 12709 12710 4707)
4(4557 4708 12711 12560)
4(4707 12710 12711 4708)
4(4558 4709 12712 12561)
4(4708 12711 12712 4709)
4(4559 4710 12713 12562)
4(4709 12712 12713 4710)
4(4560 4711 12714 12563)
4(4710 12713 12714 4711)
4(4561 4712 12715 12564)
4(4711 12714 12715 4712)
4(4562 4713 12716 12565)
4(4712 12715 12716 4713)
4(4563 4714 12717 12566)
4(4713 12716 12717 4714)
4(4564 4715 12718 12567)
4(4714 12717 12718 4715)
4(4565 4716 12719 12568)
4(4715 12718 12719 4716)
4(4566 4717 12720 12569)
4(4716 12719 12720 4717)
4(4567 4718 12721 12570)
4(4717 12720 12721 4718)
4(4568 4719 12722 12571)
4(4718 12721 12722 4719)
4(4569 4720 12723 12572)
4(4719 12722 12723 4720)
4(4570 4721 12724 12573)
4(4720 12723 12724 4721)
4(4571 4722 12725 12574)
4(4721 12724 12725 4722)
4(4572 4723 12726 12575)
4(4722 12725 12726 4723)
4(4573 4724 12727 12576)
4(4723 12726 12727 4724)
4(4574 4725 12728 12577)
4(4724 12727 12728 4725)
4(4575 4726 12729 12578)
4(4725 12728 12729 4726)
4(4576 4727 12730 12579)
4(4726 12729 12730 4727)
4(4577 4728 12731 12580)
4(4727 12730 12731 4728)
4(4578 4729 12732 12581)
4(4728 12731 12732 4729)
4(4579 4730 12733 12582)
4(4729 12732 12733 4730)
4(4580 4731 12734 12583)
4(4730 12733 12734 4731)
4(4581 4732 12735 12584)
4(4731 12734 12735 4732)
4(4582 4733 12736 12585)
4(4732 12735 12736 4733)
4(4583 4734 12737 12586)
4(4733 12736 12737 4734)
4(4584 4735 12738 12587)
4(4734 12737 12738 4735)
4(4585 4736 12739 12588)
4(4735 12738 12739 4736)
4(4586 4737 12740 12589)
4(4736 12739 12740 4737)
4(4587 4738 12741 12590)
4(4737 12740 12741 4738)
4(4588 4739 12742 12591)
4(4738 12741 12742 4739)
4(4589 4740 12743 12592)
4(4739 12742 12743 4740)
4(4590 4741 12744 12593)
4(4740 12743 12744 4741)
4(4591 4742 12745 12594)
4(4741 12744 12745 4742)
4(4592 4743 12746 12595)
4(4742 12745 12746 4743)
4(4593 4744 12747 12596)
4(4743 12746 12747 4744)
4(4594 4745 12748 12597)
4(4744 12747 12748 4745)
4(4595 4746 12749 12598)
4(4745 12748 12749 4746)
4(4596 4747 12750 12599)
4(4746 12749 12750 4747)
4(4597 4748 12751 12600)
4(4747 12750 12751 4748)
4(4598 4749 12752 12601)
4(4748 12751 12752 4749)
4(4599 4750 12753 12602)
4(4749 12752 12753 4750)
4(4600 4751 12754 12603)
4(4750 12753 12754 4751)
4(4601 4752 12755 12604)
4(4751 12754 12755 4752)
4(4602 4753 12756 12605)
4(4752 12755 12756 4753)
4(4603 4754 12757 12606)
4(4753 12756 12757 4754)
4(4604 4755 12758 12607)
4(4754 12757 12758 4755)
4(4605 4756 12759 12608)
4(4755 12758 12759 4756)
4(4606 4757 12760 12609)
4(4756 12759 12760 4757)
4(4607 4758 12761 12610)
4(4757 12760 12761 4758)
4(4608 4759 12762 12611)
4(4758 12761 12762 4759)
4(4609 4760 12763 12612)
4(4759 12762 12763 4760)
4(4610 4761 12764 12613)
4(4760 12763 12764 4761)
4(4611 4762 12765 12614)
4(4761 12764 12765 4762)
4(4612 4763 12766 12615)
4(4762 12765 12766 4763)
4(4613 4764 12767 12616)
4(4763 12766 12767 4764)
4(4614 4765 12768 12617)
4(4764 12767 12768 4765)
4(4615 4766 12769 12618)
4(4765 12768 12769 4766)
4(4616 4767 12770 12619)
4(4766 12769 12770 4767)
4(4617 4768 12771 12620)
4(4767 12770 12771 4768)
4(4618 4769 12772 12621)
4(4768 12771 12772 4769)
4(4619 4770 12773 12622)
4(4769 12772 12773 4770)
4(4620 4771 12774 12623)
4(4770 12773 12774 4771)
4(4621 4772 12775 12624)
4(4771 12774 12775 4772)
4(4622 4773 12776 12625)
4(4772 12775 12776 4773)
4(4623 4774 12777 12626)
4(4773 12776 12777 4774)
4(4624 4775 12778 12627)
4(4774 12777 12778 4775)
4(4625 4776 12779 12628)
4(4775 12778 12779 4776)
4(4626 4777 12780 12629)
4(4776 12779 12780 4777)
4(4627 4778 12781 12630)
4(4777 12780 12781 4778)
4(4628 4779 12782 12631)
4(4778 12781 12782 4779)
4(4629 4780 12783 12632)
4(4779 12782 12783 4780)
4(4630 4781 12784 12633)
4(4780 12783 12784 4781)
4(4631 4782 12785 12634)
4(4781 12784 12785 4782)
4(4632 4783 12786 12635)
4(4782 12785 12786 4783)
4(4633 4784 12787 12636)
4(4783 12786 12787 4784)
4(4634 4785 12788 12637)
4(4784 12787 12788 4785)
4(4635 4786 12789 12638)
4(4785 12788 12789 4786)
4(4636 4787 12790 12639)
4(4786 12789 12790 4787)
4(4637 4788 12791 12640)
4(4787 12790 12791 4788)
4(4638 4789 12792 12641)
4(4788 12791 12792 4789)
4(4639 4790 12793 12642)
4(4789 12792 12793 4790)
4(4640 4791 12794 12643)
4(4790 12793 12794 4791)
4(4641 4792 12795 12644)
4(4791 12794 12795 4792)
4(4642 4793 12796 12645)
4(4792 12795 12796 4793)
4(4643 4794 12797 12646)
4(4793 12796 12797 4794)
4(4644 4795 12798 12647)
4(4794 12797 12798 4795)
4(4645 4796 12799 12648)
4(4795 12798 12799 4796)
4(4646 4797 12800 12649)
4(4796 12799 12800 4797)
4(4647 4798 12801 12650)
4(4797 12800 12801 4798)
4(4648 4799 12802 12651)
4(4798 12801 12802 4799)
4(4649 4800 12803 12652)
4(4799 12802 12803 4800)
4(4650 4801 12804 12653)
4(4800 12803 12804 4801)
4(4651 4802 12805 12654)
4(4801 12804 12805 4802)
4(4652 4803 12806 12655)
4(4802 12805 12806 4803)
4(4653 4804 12807 12656)
4(4803 12806 12807 4804)
4(4654 4805 12808 12657)
4(4804 12807 12808 4805)
4(4655 4806 12809 12658)
4(4805 12808 12809 4806)
4(4656 4807 12810 12659)
4(4806 12809 12810 4807)
4(4657 4808 12811 12660)
4(4807 12810 12811 4808)
4(4658 4809 12812 12661)
4(4808 12811 12812 4809)
4(4659 4810 12813 12662)
4(4809 12812 12813 4810)
4(4660 4811 12814 12663)
4(4810 12813 12814 4811)
4(4661 4812 12815 12664)
4(4811 12814 12815 4812)
4(4662 4813 12816 12665)
4(4812 12815 12816 4813)
4(4663 4814 12817 12666)
4(4813 12816 12817 4814)
4(4664 4815 12818 12667)
4(4814 12817 12818 4815)
4(4665 4816 12819 12668)
4(4815 12818 12819 4816)
4(4666 4817 12820 12669)
4(4816 12819 12820 4817)
4(4667 4818 12821 12670)
4(4817 12820 12821 4818)
4(4668 4819 12822 12671)
4(4818 12821 12822 4819)
4(4669 4820 12823 12672)
4(4819 12822 12823 4820)
4(4670 4821 12824 12673)
4(4820 12823 12824 4821)
4(4671 4822 12825 12674)
4(4821 12824 12825 4822)
4(4672 4823 12826 12675)
4(4822 12825 12826 4823)
4(4673 4824 12827 12676)
4(4823 12826 12827 4824)
4(4674 4825 12828 12677)
4(4824 12827 12828 4825)
4(4675 4826 12829 12678)
4(4825 12828 12829 4826)
4(4676 4827 12830 12679)
4(4826 12829 12830 4827)
4(4677 4828 12831 12680)
4(4827 12830 12831 4828)
4(4678 4829 12832 12681)
4(4828 12831 12832 4829)
4(4679 4830 12833 12682)
4(4829 12832 12833 4830)
4(4830 12833 12834 4831)
4(4682 4833 12836 12685)
4(4832 12835 12836 4833)
4(4683 4834 12837 12686)
4(4833 12836 12837 4834)
4(4684 4835 12838 12687)
4(4834 12837 12838 4835)
4(4685 4836 12839 12688)
4(4835 12838 12839 4836)
4(4686 4837 12840 12689)
4(4836 12839 12840 4837)
4(4687 4838 12841 12690)
4(4837 12840 12841 4838)
4(4688 4839 12842 12691)
4(4838 12841 12842 4839)
4(4689 4840 12843 12692)
4(4839 12842 12843 4840)
4(4690 4841 12844 12693)
4(4840 12843 12844 4841)
4(4691 4842 12845 12694)
4(4841 12844 12845 4842)
4(4692 4843 12846 12695)
4(4842 12845 12846 4843)
4(4693 4844 12847 12696)
4(4843 12846 12847 4844)
4(4694 4845 12848 12697)
4(4844 12847 12848 4845)
4(4695 4846 12849 12698)
4(4845 12848 12849 4846)
4(4696 4847 12850 12699)
4(4846 12849 12850 4847)
4(4697 4848 12851 12700)
4(4847 12850 12851 4848)
4(4698 4849 12852 12701)
4(4848 12851 12852 4849)
4(4699 4850 12853 12702)
4(4849 12852 12853 4850)
4(4700 4851 12854 12703)
4(4850 12853 12854 4851)
4(4701 4852 12855 12704)
4(4851 12854 12855 4852)
4(4702 4853 12856 12705)
4(4852 12855 12856 4853)
4(4703 4854 12857 12706)
4(4853 12856 12857 4854)
4(4704 4855 12858 12707)
4(4854 12857 12858 4855)
4(4705 4856 12859 12708)
4(4855 12858 12859 4856)
4(4706 4857 12860 12709)
4(4856 12859 12860 4857)
4(4707 4858 12861 12710)
4(4857 12860 12861 4858)
4(4708 4859 12862 12711)
4(4858 12861 12862 4859)
4(4709 4860 12863 12712)
4(4859 12862 12863 4860)
4(4710 4861 12864 12713)
4(4860 12863 12864 4861)
4(4711 4862 12865 12714)
4(4861 12864 12865 4862)
4(4712 4863 12866 12715)
4(4862 12865 12866 4863)
4(4713 4864 12867 12716)
4(4863 12866 12867 4864)
4(4714 4865 12868 12717)
4(4864 12867 12868 4865)
4(4715 4866 12869 12718)
4(4865 12868 12869 4866)
4(4716 4867 12870 12719)
4(4866 12869 12870 4867)
4(4717 4868 12871 12720)
4(4867 12870 12871 4868)
4(4718 4869 12872 12721)
4(4868 12871 12872 4869)
4(4719 4870 12873 12722)
4(4869 12872 12873 4870)
4(4720 4871 12874 12723)
4(4870 12873 12874 4871)
4(4721 4872 12875 12724)
4(4871 12874 12875 4872)
4(4722 4873 12876 12725)
4(4872 12875 12876 4873)
4(4723 4874 12877 12726)
4(4873 12876 12877 4874)
4(4724 4875 12878 12727)
4(4874 12877 12878 4875)
4(4725 4876 12879 12728)
4(4875 12878 12879 4876)
4(4726 4877 12880 12729)
4(4876 12879 12880 4877)
4(4727 4878 12881 12730)
4(4877 12880 12881 4878)
4(4728 4879 12882 12731)
4(4878 12881 12882 4879)
4(4729 4880 12883 12732)
4(4879 12882 12883 4880)
4(4730 4881 12884 12733)
4(4880 12883 12884 4881)
4(4731 4882 12885 12734)
4(4881 12884 12885 4882)
4(4732 4883 12886 12735)
4(4882 12885 12886 4883)
4(4733 4884 12887 12736)
4(4883 12886 12887 4884)
4(4734 4885 12888 12737)
4(4884 12887 12888 4885)
4(4735 4886 12889 12738)
4(4885 12888 12889 4886)
4(4736 4887 12890 12739)
4(4886 12889 12890 4887)
4(4737 4888 12891 12740)
4(4887 12890 12891 4888)
4(4738 4889 12892 12741)
4(4888 12891 12892 4889)
4(4739 4890 12893 12742)
4(4889 12892 12893 4890)
4(4740 4891 12894 12743)
4(4890 12893 12894 4891)
4(4741 4892 12895 12744)
4(4891 12894 12895 4892)
4(4742 4893 12896 12745)
4(4892 12895 12896 4893)
4(4743 4894 12897 12746)
4(4893 12896 12897 4894)
4(4744 4895 12898 12747)
4(4894 12897 12898 4895)
4(4745 4896 12899 12748)
4(4895 12898 12899 4896)
4(4746 4897 12900 12749)
4(4896 12899 12900 4897)
4(4747 4898 12901 12750)
4(4897 12900 12901 4898)
4(4748 4899 12902 12751)
4(4898 12901 12902 4899)
4(4749 4900 12903 12752)
4(4899 12902 12903 4900)
4(4750 4901 12904 12753)
4(4900 12903 12904 4901)
4(4751 4902 12905 12754)
4(4901 12904 12905 4902)
4(4752 4903 12906 12755)
4(4902 12905 12906 4903)
4(4753 4904 12907 12756)
4(4903 12906 12907 4904)
4(4754 4905 12908 12757)
4(4904 12907 12908 4905)
4(4755 4906 12909 12758)
4(4905 12908 12909 4906)
4(4756 4907 12910 12759)
4(4906 12909 12910 4907)
4(4757 4908 12911 12760)
4(4907 12910 12911 4908)
4(4758 4909 12912 12761)
4(4908 12911 12912 4909)
4(4759 4910 12913 12762)
4(4909 12912 12913 4910)
4(4760 4911 12914 12763)
4(4910 12913 12914 4911)
4(4761 4912 12915 12764)
4(4911 12914 12915 4912)
4(4762 4913 12916 12765)
4(4912 12915 12916 4913)
4(4763 4914 12917 12766)
4(4913 12916 12917 4914)
4(4764 4915 12918 12767)
4(4914 12917 12918 4915)
4(4765 4916 12919 12768)
4(4915 12918 12919 4916)
4(4766 4917 12920 12769)
4(4916 12919 12920 4917)
4(4767 4918 12921 12770)
4(4917 12920 12921 4918)
4(4768 4919 12922 12771)
4(4918 12921 12922 4919)
4(4769 4920 12923 12772)
4(4919 12922 12923 4920)
4(4770 4921 12924 12773)
4(4920 12923 12924 4921)
4(4771 4922 12925 12774)
4(4921 12924 12925 4922)
4(4772 4923 12926 12775)
4(4922 12925 12926 4923)
4(4773 4924 12927 12776)
4(4923 12926 12927 4924)
4(4774 4925 12928 12777)
4(4924 12927 12928 4925)
4(4775 4926 12929 12778)
4(4925 12928 12929 4926)
4(4776 4927 12930 12779)
4(4926 12929 12930 4927)
4(4777 4928 12931 12780)
4(4927 12930 12931 4928)
4(4778 4929 12932 12781)
4(4928 12931 12932 4929)
4(4779 4930 12933 12782)
4(4929 12932 12933 4930)
4(4780 4931 12934 12783)
4(4930 12933 12934 4931)
4(4781 4932 12935 12784)
4(4931 12934 12935 4932)
4(4782 4933 12936 12785)
4(4932 12935 12936 4933)
4(4783 4934 12937 12786)
4(4933 12936 12937 4934)
4(4784 4935 12938 12787)
4(4934 12937 12938 4935)
4(4785 4936 12939 12788)
4(4935 12938 12939 4936)
4(4786 4937 12940 12789)
4(4936 12939 12940 4937)
4(4787 4938 12941 12790)
4(4937 12940 12941 4938)
4(4788 4939 12942 12791)
4(4938 12941 12942 4939)
4(4789 4940 12943 12792)
4(4939 12942 12943 4940)
4(4790 4941 12944 12793)
4(4940 12943 12944 4941)
4(4791 4942 12945 12794)
4(4941 12944 12945 4942)
4(4792 4943 12946 12795)
4(4942 12945 12946 4943)
4(4793 4944 12947 12796)
4(4943 12946 12947 4944)
4(4794 4945 12948 12797)
4(4944 12947 12948 4945)
4(4795 4946 12949 12798)
4(4945 12948 12949 4946)
4(4796 4947 12950 12799)
4(4946 12949 12950 4947)
4(4797 4948 12951 12800)
4(4947 12950 12951 4948)
4(4798 4949 12952 12801)
4(4948 12951 12952 4949)
4(4799 4950 12953 12802)
4(4949 12952 12953 4950)
4(4800 4951 12954 12803)
4(4950 12953 12954 4951)
4(4801 4952 12955 12804)
4(4951 12954 12955 4952)
4(4802 4953 12956 12805)
4(4952 12955 12956 4953)
4(4803 4954 12957 12806)
4(4953 12956 12957 4954)
4(4804 4955 12958 12807)
4(4954 12957 12958 4955)
4(4805 4956 12959 12808)
4(4955 12958 12959 4956)
4(4806 4957 12960 12809)
4(4956 12959 12960 4957)
4(4807 4958 12961 12810)
4(4957 12960 12961 4958)
4(4808 4959 12962 12811)
4(4958 12961 12962 4959)
4(4809 4960 12963 12812)
4(4959 12962 12963 4960)
4(4810 4961 12964 12813)
4(4960 12963 12964 4961)
4(4811 4962 12965 12814)
4(4961 12964 12965 4962)
4(4812 4963 12966 12815)
4(4962 12965 12966 4963)
4(4813 4964 12967 12816)
4(4963 12966 12967 4964)
4(4814 4965 12968 12817)
4(4964 12967 12968 4965)
4(4815 4966 12969 12818)
4(4965 12968 12969 4966)
4(4816 4967 12970 12819)
4(4966 12969 12970 4967)
4(4817 4968 12971 12820)
4(4967 12970 12971 4968)
4(4818 4969 12972 12821)
4(4968 12971 12972 4969)
4(4819 4970 12973 12822)
4(4969 12972 12973 4970)
4(4820 4971 12974 12823)
4(4970 12973 12974 4971)
4(4821 4972 12975 12824)
4(4971 12974 12975 4972)
4(4822 4973 12976 12825)
4(4972 12975 12976 4973)
4(4823 4974 12977 12826)
4(4973 12976 12977 4974)
4(4824 4975 12978 12827)
4(4974 12977 12978 4975)
4(4825 4976 12979 12828)
4(4975 12978 12979 4976)
4(4826 4977 12980 12829)
4(4976 12979 12980 4977)
4(4827 4978 12981 12830)
4(4977 12980 12981 4978)
4(4828 4979 12982 12831)
4(4978 12981 12982 4979)
4(4829 4980 12983 12832)
4(4979 12982 12983 4980)
4(4830 4981 12984 12833)
4(4980 12983 12984 4981)
4(4981 12984 12985 4982)
4(4833 4984 12987 12836)
4(4983 12986 12987 4984)
4(4834 4985 12988 12837)
4(4984 12987 12988 4985)
4(4835 4986 12989 12838)
4(4985 12988 12989 4986)
4(4836 4987 12990 12839)
4(4986 12989 12990 4987)
4(4837 4988 12991 12840)
4(4987 12990 12991 4988)
4(4838 4989 12992 12841)
4(4988 12991 12992 4989)
4(4839 4990 12993 12842)
4(4989 12992 12993 4990)
4(4840 4991 12994 12843)
4(4990 12993 12994 4991)
4(4841 4992 12995 12844)
4(4991 12994 12995 4992)
4(4842 4993 12996 12845)
4(4992 12995 12996 4993)
4(4843 4994 12997 12846)
4(4993 12996 12997 4994)
4(4844 4995 12998 12847)
4(4994 12997 12998 4995)
4(4845 4996 12999 12848)
4(4995 12998 12999 4996)
4(4846 4997 13000 12849)
4(4996 12999 13000 4997)
4(4847 4998 13001 12850)
4(4997 13000 13001 4998)
4(4848 4999 13002 12851)
4(4998 13001 13002 4999)
4(4849 5000 13003 12852)
4(4999 13002 13003 5000)
4(4850 5001 13004 12853)
4(5000 13003 13004 5001)
4(4851 5002 13005 12854)
4(5001 13004 13005 5002)
4(4852 5003 13006 12855)
4(5002 13005 13006 5003)
4(4853 5004 13007 12856)
4(5003 13006 13007 5004)
4(4854 5005 13008 12857)
4(5004 13007 13008 5005)
4(4855 5006 13009 12858)
4(5005 13008 13009 5006)
4(4856 5007 13010 12859)
4(5006 13009 13010 5007)
4(4857 5008 13011 12860)
4(5007 13010 13011 5008)
4(4858 5009 13012 12861)
4(5008 13011 13012 5009)
4(4859 5010 13013 12862)
4(5009 13012 13013 5010)
4(4860 5011 13014 12863)
4(5010 13013 13014 5011)
4(4861 5012 13015 12864)
4(5011 13014 13015 5012)
4(4862 5013 13016 12865)
4(5012 13015 13016 5013)
4(4863 5014 13017 12866)
4(5013 13016 13017 5014)
4(4864 5015 13018 12867)
4(5014 13017 13018 5015)
4(4865 5016 13019 12868)
4(5015 13018 13019 5016)
4(4866 5017 13020 12869)
4(5016 13019 13020 5017)
4(4867 5018 13021 12870)
4(5017 13020 13021 5018)
4(4868 5019 13022 12871)
4(5018 13021 13022 5019)
4(4869 5020 13023 12872)
4(5019 13022 13023 5020)
4(4870 5021 13024 12873)
4(5020 13023 13024 5021)
4(4871 5022 13025 12874)
4(5021 13024 13025 5022)
4(4872 5023 13026 12875)
4(5022 13025 13026 5023)
4(4873 5024 13027 12876)
4(5023 13026 13027 5024)
4(4874 5025 13028 12877)
4(5024 13027 13028 5025)
4(4875 5026 13029 12878)
4(5025 13028 13029 5026)
4(4876 5027 13030 12879)
4(5026 13029 13030 5027)
4(4877 5028 13031 12880)
4(5027 13030 13031 5028)
4(4878 5029 13032 12881)
4(5028 13031 13032 5029)
4(4879 5030 13033 12882)
4(5029 13032 13033 5030)
4(4880 5031 13034 12883)
4(5030 13033 13034 5031)
4(4881 5032 13035 12884)
4(5031 13034 13035 5032)
4(4882 5033 13036 12885)
4(5032 13035 13036 5033)
4(4883 5034 13037 12886)
4(5033 13036 13037 5034)
4(4884 5035 13038 12887)
4(5034 13037 13038 5035)
4(4885 5036 13039 12888)
4(5035 13038 13039 5036)
4(4886 5037 13040 12889)
4(5036 13039 13040 5037)
4(4887 5038 13041 12890)
4(5037 13040 13041 5038)
4(4888 5039 13042 12891)
4(5038 13041 13042 5039)
4(4889 5040 13043 12892)
4(5039 13042 13043 5040)
4(4890 5041 13044 12893)
4(5040 13043 13044 5041)
4(4891 5042 13045 12894)
4(5041 13044 13045 5042)
4(4892 5043 13046 12895)
4(5042 13045 13046 5043)
4(4893 5044 13047 12896)
4(5043 13046 13047 5044)
4(4894 5045 13048 12897)
4(5044 13047 13048 5045)
4(4895 5046 13049 12898)
4(5045 13048 13049 5046)
4(4896 5047 13050 12899)
4(5046 13049 13050 5047)
4(4897 5048 13051 12900)
4(5047 13050 13051 5048)
4(4898 5049 13052 12901)
4(5048 13051 13052 5049)
4(4899 5050 13053 12902)
4(5049 13052 13053 5050)
4(4900 5051 13054 12903)
4(5050 13053 13054 5051)
4(4901 5052 13055 12904)
4(5051 13054 13055 5052)
4(4902 5053 13056 12905)
4(5052 13055 13056 5053)
4(4903 5054 13057 12906)
4(5053 13056 13057 5054)
4(4904 5055 13058 12907)
4(5054 13057 13058 5055)
4(4905 5056 13059 12908)
4(5055 13058 13059 5056)
4(4906 5057 13060 12909)
4(5056 13059 13060 5057)
4(4907 5058 13061 12910)
4(5057 13060 13061 5058)
4(4908 5059 13062 12911)
4(5058 13061 13062 5059)
4(4909 5060 13063 12912)
4(5059 13062 13063 5060)
4(4910 5061 13064 12913)
4(5060 13063 13064 5061)
4(4911 5062 13065 12914)
4(5061 13064 13065 5062)
4(4912 5063 13066 12915)
4(5062 13065 13066 5063)
4(4913 5064 13067 12916)
4(5063 13066 13067 5064)
4(4914 5065 13068 12917)
4(5064 13067 13068 5065)
4(4915 5066 13069 12918)
4(5065 13068 13069 5066)
4(4916 5067 13070 12919)
4(5066 13069 13070 5067)
4(4917 5068 13071 12920)
4(5067 13070 13071 5068)
4(4918 5069 13072 12921)
4(5068 13071 13072 5069)
4(4919 5070 13073 12922)
4(5069 13072 13073 5070)
4(4920 5071 13074 12923)
4(5070 13073 13074 5071)
4(4921 5072 13075 12924)
4(5071 13074 13075 5072)
4(4922 5073 13076 12925)
4(5072 13075 13076 5073)
4(4923 5074 13077 12926)
4(5073 13076 13077 5074)
4(4924 5075 13078 12927)
4(5074 13077 13078 5075)
4(4925 5076 13079 12928)
4(5075 13078 13079 5076)
4(4926 5077 13080 12929)
4(5076 13079 13080 5077)
4(4927 5078 13081 12930)
4(5077 13080 13081 5078)
4(4928 5079 13082 12931)
4(5078 13081 13082 5079)
4(4929 5080 13083 12932)
4(5079 13082 13083 5080)
4(4930 5081 13084 12933)
4(5080 13083 13084 5081)
4(4931 5082 13085 12934)
4(5081 13084 13085 5082)
4(4932 5083 13086 12935)
4(5082 13085 13086 5083)
4(4933 5084 13087 12936)
4(5083 13086 13087 5084)
4(4934 5085 13088 12937)
4(5084 13087 13088 5085)
4(4935 5086 13089 12938)
4(5085 13088 13089 5086)
4(4936 5087 13090 12939)
4(5086 13089 13090 5087)
4(4937 5088 13091 12940)
4(5087 13090 13091 5088)
4(4938 5089 13092 12941)
4(5088 13091 13092 5089)
4(4939 5090 13093 12942)
4(5089 13092 13093 5090)
4(4940 5091 13094 12943)
4(5090 13093 13094 5091)
4(4941 5092 13095 12944)
4(5091 13094 13095 5092)
4(4942 5093 13096 12945)
4(5092 13095 13096 5093)
4(4943 5094 13097 12946)
4(5093 13096 13097 5094)
4(4944 5095 13098 12947)
4(5094 13097 13098 5095)
4(4945 5096 13099 12948)
4(5095 13098 13099 5096)
4(4946 5097 13100 12949)
4(5096 13099 13100 5097)
4(4947 5098 13101 12950)
4(5097 13100 13101 5098)
4(4948 5099 13102 12951)
4(5098 13101 13102 5099)
4(4949 5100 13103 12952)
4(5099 13102 13103 5100)
4(4950 5101 13104 12953)
4(5100 13103 13104 5101)
4(4951 5102 13105 12954)
4(5101 13104 13105 5102)
4(4952 5103 13106 12955)
4(5102 13105 13106 5103)
4(4953 5104 13107 12956)
4(5103 13106 13107 5104)
4(4954 5105 13108 12957)
4(5104 13107 13108 5105)
4(4955 5106 13109 12958)
4(5105 13108 13109 5106)
4(4956 5107 13110 12959)
4(5106 13109 13110 5107)
4(4957 5108 13111 12960)
4(5107 13110 13111 5108)
4(4958 5109 13112 12961)
4(5108 13111 13112 5109)
4(4959 5110 13113 12962)
4(5109 13112 13113 5110)
4(4960 5111 13114 12963)
4(5110 13113 13114 5111)
4(4961 5112 13115 12964)
4(5111 13114 13115 5112)
4(4962 5113 13116 12965)
4(5112 13115 13116 5113)
4(4963 5114 13117 12966)
4(5113 13116 13117 5114)
4(4964 5115 13118 12967)
4(5114 13117 13118 5115)
4(4965 5116 13119 12968)
4(5115 13118 13119 5116)
4(4966 5117 13120 12969)
4(5116 13119 13120 5117)
4(4967 5118 13121 12970)
4(5117 13120 13121 5118)
4(4968 5119 13122 12971)
4(5118 13121 13122 5119)
4(4969 5120 13123 12972)
4(5119 13122 13123 5120)
4(4970 5121 13124 12973)
4(5120 13123 13124 5121)
4(4971 5122 13125 12974)
4(5121 13124 13125 5122)
4(4972 5123 13126 12975)
4(5122 13125 13126 5123)
4(4973 5124 13127 12976)
4(5123 13126 13127 5124)
4(4974 5125 13128 12977)
4(5124 13127 13128 5125)
4(4975 5126 13129 12978)
4(5125 13128 13129 5126)
4(4976 5127 13130 12979)
4(5126 13129 13130 5127)
4(4977 5128 13131 12980)
4(5127 13130 13131 5128)
4(4978 5129 13132 12981)
4(5128 13131 13132 5129)
4(4979 5130 13133 12982)
4(5129 13132 13133 5130)
4(4980 5131 13134 12983)
4(5130 13133 13134 5131)
4(4981 5132 13135 12984)
4(5131 13134 13135 5132)
4(5132 13135 13136 5133)
4(4984 5135 13138 12987)
4(5134 13137 13138 5135)
4(4985 5136 13139 12988)
4(5135 13138 13139 5136)
4(4986 5137 13140 12989)
4(5136 13139 13140 5137)
4(4987 5138 13141 12990)
4(5137 13140 13141 5138)
4(4988 5139 13142 12991)
4(5138 13141 13142 5139)
4(4989 5140 13143 12992)
4(5139 13142 13143 5140)
4(4990 5141 13144 12993)
4(5140 13143 13144 5141)
4(4991 5142 13145 12994)
4(5141 13144 13145 5142)
4(4992 5143 13146 12995)
4(5142 13145 13146 5143)
4(4993 5144 13147 12996)
4(5143 13146 13147 5144)
4(4994 5145 13148 12997)
4(5144 13147 13148 5145)
4(4995 5146 13149 12998)
4(5145 13148 13149 5146)
4(4996 5147 13150 12999)
4(5146 13149 13150 5147)
4(4997 5148 13151 13000)
4(5147 13150 13151 5148)
4(4998 5149 13152 13001)
4(5148 13151 13152 5149)
4(4999 5150 13153 13002)
4(5149 13152 13153 5150)
4(5000 5151 13154 13003)
4(5150 13153 13154 5151)
4(5001 5152 13155 13004)
4(5151 13154 13155 5152)
4(5002 5153 13156 13005)
4(5152 13155 13156 5153)
4(5003 5154 13157 13006)
4(5153 13156 13157 5154)
4(5004 5155 13158 13007)
4(5154 13157 13158 5155)
4(5005 5156 13159 13008)
4(5155 13158 13159 5156)
4(5006 5157 13160 13009)
4(5156 13159 13160 5157)
4(5007 5158 13161 13010)
4(5157 13160 13161 5158)
4(5008 5159 13162 13011)
4(5158 13161 13162 5159)
4(5009 5160 13163 13012)
4(5159 13162 13163 5160)
4(5010 5161 13164 13013)
4(5160 13163 13164 5161)
4(5011 5162 13165 13014)
4(5161 13164 13165 5162)
4(5012 5163 13166 13015)
4(5162 13165 13166 5163)
4(5013 5164 13167 13016)
4(5163 13166 13167 5164)
4(5014 5165 13168 13017)
4(5164 13167 13168 5165)
4(5015 5166 13169 13018)
4(5165 13168 13169 5166)
4(5016 5167 13170 13019)
4(5166 13169 13170 5167)
4(5017 5168 13171 13020)
4(5167 13170 13171 5168)
4(5018 5169 13172 13021)
4(5168 13171 13172 5169)
4(5019 5170 13173 13022)
4(5169 13172 13173 5170)
4(5020 5171 13174 13023)
4(5170 13173 13174 5171)
4(5021 5172 13175 13024)
4(5171 13174 13175 5172)
4(5022 5173 13176 13025)
4(5172 13175 13176 5173)
4(5023 5174 13177 13026)
4(5173 13176 13177 5174)
4(5024 5175 13178 13027)
4(5174 13177 13178 5175)
4(5025 5176 13179 13028)
4(5175 13178 13179 5176)
4(5026 5177 13180 13029)
4(5176 13179 13180 5177)
4(5027 5178 13181 13030)
4(5177 13180 13181 5178)
4(5028 5179 13182 13031)
4(5178 13181 13182 5179)
4(5029 5180 13183 13032)
4(5179 13182 13183 5180)
4(5030 5181 13184 13033)
4(5180 13183 13184 5181)
4(5031 5182 13185 13034)
4(5181 13184 13185 5182)
4(5032 5183 13186 13035)
4(5182 13185 13186 5183)
4(5033 5184 13187 13036)
4(5183 13186 13187 5184)
4(5034 5185 13188 13037)
4(5184 13187 13188 5185)
4(5035 5186 13189 13038)
4(5185 13188 13189 5186)
4(5036 5187 13190 13039)
4(5186 13189 13190 5187)
4(5037 5188 13191 13040)
4(5187 13190 13191 5188)
4(5038 5189 13192 13041)
4(5188 13191 13192 5189)
4(5039 5190 13193 13042)
4(5189 13192 13193 5190)
4(5040 5191 13194 13043)
4(5190 13193 13194 5191)
4(5041 5192 13195 13044)
4(5191 13194 13195 5192)
4(5042 5193 13196 13045)
4(5192 13195 13196 5193)
4(5043 5194 13197 13046)
4(5193 13196 13197 5194)
4(5044 5195 13198 13047)
4(5194 13197 13198 5195)
4(5045 5196 13199 13048)
4(5195 13198 13199 5196)
4(5046 5197 13200 13049)
4(5196 13199 13200 5197)
4(5047 5198 13201 13050)
4(5197 13200 13201 5198)
4(5048 5199 13202 13051)
4(5198 13201 13202 5199)
4(5049 5200 13203 13052)
4(5199 13202 13203 5200)
4(5050 5201 13204 13053)
4(5200 13203 13204 5201)
4(5051 5202 13205 13054)
4(5201 13204 13205 5202)
4(5052 5203 13206 13055)
4(5202 13205 13206 5203)
4(5053 5204 13207 13056)
4(5203 13206 13207 5204)
4(5054 5205 13208 13057)
4(5204 13207 13208 5205)
4(5055 5206 13209 13058)
4(5205 13208 13209 5206)
4(5056 5207 13210 13059)
4(5206 13209 13210 5207)
4(5057 5208 13211 13060)
4(5207 13210 13211 5208)
4(5058 5209 13212 13061)
4(5208 13211 13212 5209)
4(5059 5210 13213 13062)
4(5209 13212 13213 5210)
4(5060 5211 13214 13063)
4(5210 13213 13214 5211)
4(5061 5212 13215 13064)
4(5211 13214 13215 5212)
4(5062 5213 13216 13065)
4(5212 13215 13216 5213)
4(5063 5214 13217 13066)
4(5213 13216 13217 5214)
4(5064 5215 13218 13067)
4(5214 13217 13218 5215)
4(5065 5216 13219 13068)
4(5215 13218 13219 5216)
4(5066 5217 13220 13069)
4(5216 13219 13220 5217)
4(5067 5218 13221 13070)
4(5217 13220 13221 5218)
4(5068 5219 13222 13071)
4(5218 13221 13222 5219)
4(5069 5220 13223 13072)
4(5219 13222 13223 5220)
4(5070 5221 13224 13073)
4(5220 13223 13224 5221)
4(5071 5222 13225 13074)
4(5221 13224 13225 5222)
4(5072 5223 13226 13075)
4(5222 13225 13226 5223)
4(5073 5224 13227 13076)
4(5223 13226 13227 5224)
4(5074 5225 13228 13077)
4(5224 13227 13228 5225)
4(5075 5226 13229 13078)
4(5225 13228 13229 5226)
4(5076 5227 13230 13079)
4(5226 13229 13230 5227)
4(5077 5228 13231 13080)
4(5227 13230 13231 5228)
4(5078 5229 13232 13081)
4(5228 13231 13232 5229)
4(5079 5230 13233 13082)
4(5229 13232 13233 5230)
4(5080 5231 13234 13083)
4(5230 13233 13234 5231)
4(5081 5232 13235 13084)
4(5231 13234 13235 5232)
4(5082 5233 13236 13085)
4(5232 13235 13236 5233)
4(5083 5234 13237 13086)
4(5233 13236 13237 5234)
4(5084 5235 13238 13087)
4(5234 13237 13238 5235)
4(5085 5236 13239 13088)
4(5235 13238 13239 5236)
4(5086 5237 13240 13089)
4(5236 13239 13240 5237)
4(5087 5238 13241 13090)
4(5237 13240 13241 5238)
4(5088 5239 13242 13091)
4(5238 13241 13242 5239)
4(5089 5240 13243 13092)
4(5239 13242 13243 5240)
4(5090 5241 13244 13093)
4(5240 13243 13244 5241)
4(5091 5242 13245 13094)
4(5241 13244 13245 5242)
4(5092 5243 13246 13095)
4(5242 13245 13246 5243)
4(5093 5244 13247 13096)
4(5243 13246 13247 5244)
4(5094 5245 13248 13097)
4(5244 13247 13248 5245)
4(5095 5246 13249 13098)
4(5245 13248 13249 5246)
4(5096 5247 13250 13099)
4(5246 13249 13250 5247)
4(5097 5248 13251 13100)
4(5247 13250 13251 5248)
4(5098 5249 13252 13101)
4(5248 13251 13252 5249)
4(5099 5250 13253 13102)
4(5249 13252 13253 5250)
4(5100 5251 13254 13103)
4(5250 13253 13254 5251)
4(5101 5252 13255 13104)
4(5251 13254 13255 5252)
4(5102 5253 13256 13105)
4(5252 13255 13256 5253)
4(5103 5254 13257 13106)
4(5253 13256 13257 5254)
4(5104 5255 13258 13107)
4(5254 13257 13258 5255)
4(5105 5256 13259 13108)
4(5255 13258 13259 5256)
4(5106 5257 13260 13109)
4(5256 13259 13260 5257)
4(5107 5258 13261 13110)
4(5257 13260 13261 5258)
4(5108 5259 13262 13111)
4(5258 13261 13262 5259)
4(5109 5260 13263 13112)
4(5259 13262 13263 5260)
4(5110 5261 13264 13113)
4(5260 13263 13264 5261)
4(5111 5262 13265 13114)
4(5261 13264 13265 5262)
4(5112 5263 13266 13115)
4(5262 13265 13266 5263)
4(5113 5264 13267 13116)
4(5263 13266 13267 5264)
4(5114 5265 13268 13117)
4(5264 13267 13268 5265)
4(5115 5266 13269 13118)
4(5265 13268 13269 5266)
4(5116 5267 13270 13119)
4(5266 13269 13270 5267)
4(5117 5268 13271 13120)
4(5267 13270 13271 5268)
4(5118 5269 13272 13121)
4(5268 13271 13272 5269)
4(5119 5270 13273 13122)
4(5269 13272 13273 5270)
4(5120 5271 13274 13123)
4(5270 13273 13274 5271)
4(5121 5272 13275 13124)
4(5271 13274 13275 5272)
4(5122 5273 13276 13125)
4(5272 13275 13276 5273)
4(5123 5274 13277 13126)
4(5273 13276 13277 5274)
4(5124 5275 13278 13127)
4(5274 13277 13278 5275)
4(5125 5276 13279 13128)
4(5275 13278 13279 5276)
4(5126 5277 13280 13129)
4(5276 13279 13280 5277)
4(5127 5278 13281 13130)
4(5277 13280 13281 5278)
4(5128 5279 13282 13131)
4(5278 13281 13282 5279)
4(5129 5280 13283 13132)
4(5279 13282 13283 5280)
4(5130 5281 13284 13133)
4(5280 13283 13284 5281)
4(5131 5282 13285 13134)
4(5281 13284 13285 5282)
4(5132 5283 13286 13135)
4(5282 13285 13286 5283)
4(5283 13286 13287 5284)
4(5135 5286 13289 13138)
4(5285 13288 13289 5286)
4(5136 5287 13290 13139)
4(5286 13289 13290 5287)
4(5137 5288 13291 13140)
4(5287 13290 13291 5288)
4(5138 5289 13292 13141)
4(5288 13291 13292 5289)
4(5139 5290 13293 13142)
4(5289 13292 13293 5290)
4(5140 5291 13294 13143)
4(5290 13293 13294 5291)
4(5141 5292 13295 13144)
4(5291 13294 13295 5292)
4(5142 5293 13296 13145)
4(5292 13295 13296 5293)
4(5143 5294 13297 13146)
4(5293 13296 13297 5294)
4(5144 5295 13298 13147)
4(5294 13297 13298 5295)
4(5145 5296 13299 13148)
4(5295 13298 13299 5296)
4(5146 5297 13300 13149)
4(5296 13299 13300 5297)
4(5147 5298 13301 13150)
4(5297 13300 13301 5298)
4(5148 5299 13302 13151)
4(5298 13301 13302 5299)
4(5149 5300 13303 13152)
4(5299 13302 13303 5300)
4(5150 5301 13304 13153)
4(5300 13303 13304 5301)
4(5151 5302 13305 13154)
4(5301 13304 13305 5302)
4(5152 5303 13306 13155)
4(5302 13305 13306 5303)
4(5153 5304 13307 13156)
4(5303 13306 13307 5304)
4(5154 5305 13308 13157)
4(5304 13307 13308 5305)
4(5155 5306 13309 13158)
4(5305 13308 13309 5306)
4(5156 5307 13310 13159)
4(5306 13309 13310 5307)
4(5157 5308 13311 13160)
4(5307 13310 13311 5308)
4(5158 5309 13312 13161)
4(5308 13311 13312 5309)
4(5159 5310 13313 13162)
4(5309 13312 13313 5310)
4(5160 5311 13314 13163)
4(5310 13313 13314 5311)
4(5161 5312 13315 13164)
4(5311 13314 13315 5312)
4(5162 5313 13316 13165)
4(5312 13315 13316 5313)
4(5163 5314 13317 13166)
4(5313 13316 13317 5314)
4(5164 5315 13318 13167)
4(5314 13317 13318 5315)
4(5165 5316 13319 13168)
4(5315 13318 13319 5316)
4(5166 5317 13320 13169)
4(5316 13319 13320 5317)
4(5167 5318 13321 13170)
4(5317 13320 13321 5318)
4(5168 5319 13322 13171)
4(5318 13321 13322 5319)
4(5169 5320 13323 13172)
4(5319 13322 13323 5320)
4(5170 5321 13324 13173)
4(5320 13323 13324 5321)
4(5171 5322 13325 13174)
4(5321 13324 13325 5322)
4(5172 5323 13326 13175)
4(5322 13325 13326 5323)
4(5173 5324 13327 13176)
4(5323 13326 13327 5324)
4(5174 5325 13328 13177)
4(5324 13327 13328 5325)
4(5175 5326 13329 13178)
4(5325 13328 13329 5326)
4(5176 5327 13330 13179)
4(5326 13329 13330 5327)
4(5177 5328 13331 13180)
4(5327 13330 13331 5328)
4(5178 5329 13332 13181)
4(5328 13331 13332 5329)
4(5179 5330 13333 13182)
4(5329 13332 13333 5330)
4(5180 5331 13334 13183)
4(5330 13333 13334 5331)
4(5181 5332 13335 13184)
4(5331 13334 13335 5332)
4(5182 5333 13336 13185)
4(5332 13335 13336 5333)
4(5183 5334 13337 13186)
4(5333 13336 13337 5334)
4(5184 5335 13338 13187)
4(5334 13337 13338 5335)
4(5185 5336 13339 13188)
4(5335 13338 13339 5336)
4(5186 5337 13340 13189)
4(5336 13339 13340 5337)
4(5187 5338 13341 13190)
4(5337 13340 13341 5338)
4(5188 5339 13342 13191)
4(5338 13341 13342 5339)
4(5189 5340 13343 13192)
4(5339 13342 13343 5340)
4(5190 5341 13344 13193)
4(5340 13343 13344 5341)
4(5191 5342 13345 13194)
4(5341 13344 13345 5342)
4(5192 5343 13346 13195)
4(5342 13345 13346 5343)
4(5193 5344 13347 13196)
4(5343 13346 13347 5344)
4(5194 5345 13348 13197)
4(5344 13347 13348 5345)
4(5195 5346 13349 13198)
4(5345 13348 13349 5346)
4(5196 5347 13350 13199)
4(5346 13349 13350 5347)
4(5197 5348 13351 13200)
4(5347 13350 13351 5348)
4(5198 5349 13352 13201)
4(5348 13351 13352 5349)
4(5199 5350 13353 13202)
4(5349 13352 13353 5350)
4(5200 5351 13354 13203)
4(5350 13353 13354 5351)
4(5201 5352 13355 13204)
4(5351 13354 13355 5352)
4(5202 5353 13356 13205)
4(5352 13355 13356 5353)
4(5203 5354 13357 13206)
4(5353 13356 13357 5354)
4(5204 5355 13358 13207)
4(5354 13357 13358 5355)
4(5205 5356 13359 13208)
4(5355 13358 13359 5356)
4(5206 5357 13360 13209)
4(5356 13359 13360 5357)
4(5207 5358 13361 13210)
4(5357 13360 13361 5358)
4(5208 5359 13362 13211)
4(5358 13361 13362 5359)
4(5209 5360 13363 13212)
4(5359 13362 13363 5360)
4(5210 5361 13364 13213)
4(5360 13363 13364 5361)
4(5211 5362 13365 13214)
4(5361 13364 13365 5362)
4(5212 5363 13366 13215)
4(5362 13365 13366 5363)
4(5213 5364 13367 13216)
4(5363 13366 13367 5364)
4(5214 5365 13368 13217)
4(5364 13367 13368 5365)
4(5215 5366 13369 13218)
4(5365 13368 13369 5366)
4(5216 5367 13370 13219)
4(5366 13369 13370 5367)
4(5217 5368 13371 13220)
4(5367 13370 13371 5368)
4(5218 5369 13372 13221)
4(5368 13371 13372 5369)
4(5219 5370 13373 13222)
4(5369 13372 13373 5370)
4(5220 5371 13374 13223)
4(5370 13373 13374 5371)
4(5221 5372 13375 13224)
4(5371 13374 13375 5372)
4(5222 5373 13376 13225)
4(5372 13375 13376 5373)
4(5223 5374 13377 13226)
4(5373 13376 13377 5374)
4(5224 5375 13378 13227)
4(5374 13377 13378 5375)
4(5225 5376 13379 13228)
4(5375 13378 13379 5376)
4(5226 5377 13380 13229)
4(5376 13379 13380 5377)
4(5227 5378 13381 13230)
4(5377 13380 13381 5378)
4(5228 5379 13382 13231)
4(5378 13381 13382 5379)
4(5229 5380 13383 13232)
4(5379 13382 13383 5380)
4(5230 5381 13384 13233)
4(5380 13383 13384 5381)
4(5231 5382 13385 13234)
4(5381 13384 13385 5382)
4(5232 5383 13386 13235)
4(5382 13385 13386 5383)
4(5233 5384 13387 13236)
4(5383 13386 13387 5384)
4(5234 5385 13388 13237)
4(5384 13387 13388 5385)
4(5235 5386 13389 13238)
4(5385 13388 13389 5386)
4(5236 5387 13390 13239)
4(5386 13389 13390 5387)
4(5237 5388 13391 13240)
4(5387 13390 13391 5388)
4(5238 5389 13392 13241)
4(5388 13391 13392 5389)
4(5239 5390 13393 13242)
4(5389 13392 13393 5390)
4(5240 5391 13394 13243)
4(5390 13393 13394 5391)
4(5241 5392 13395 13244)
4(5391 13394 13395 5392)
4(5242 5393 13396 13245)
4(5392 13395 13396 5393)
4(5243 5394 13397 13246)
4(5393 13396 13397 5394)
4(5244 5395 13398 13247)
4(5394 13397 13398 5395)
4(5245 5396 13399 13248)
4(5395 13398 13399 5396)
4(5246 5397 13400 13249)
4(5396 13399 13400 5397)
4(5247 5398 13401 13250)
4(5397 13400 13401 5398)
4(5248 5399 13402 13251)
4(5398 13401 13402 5399)
4(5249 5400 13403 13252)
4(5399 13402 13403 5400)
4(5250 5401 13404 13253)
4(5400 13403 13404 5401)
4(5251 5402 13405 13254)
4(5401 13404 13405 5402)
4(5252 5403 13406 13255)
4(5402 13405 13406 5403)
4(5253 5404 13407 13256)
4(5403 13406 13407 5404)
4(5254 5405 13408 13257)
4(5404 13407 13408 5405)
4(5255 5406 13409 13258)
4(5405 13408 13409 5406)
4(5256 5407 13410 13259)
4(5406 13409 13410 5407)
4(5257 5408 13411 13260)
4(5407 13410 13411 5408)
4(5258 5409 13412 13261)
4(5408 13411 13412 5409)
4(5259 5410 13413 13262)
4(5409 13412 13413 5410)
4(5260 5411 13414 13263)
4(5410 13413 13414 5411)
4(5261 5412 13415 13264)
4(5411 13414 13415 5412)
4(5262 5413 13416 13265)
4(5412 13415 13416 5413)
4(5263 5414 13417 13266)
4(5413 13416 13417 5414)
4(5264 5415 13418 13267)
4(5414 13417 13418 5415)
4(5265 5416 13419 13268)
4(5415 13418 13419 5416)
4(5266 5417 13420 13269)
4(5416 13419 13420 5417)
4(5267 5418 13421 13270)
4(5417 13420 13421 5418)
4(5268 5419 13422 13271)
4(5418 13421 13422 5419)
4(5269 5420 13423 13272)
4(5419 13422 13423 5420)
4(5270 5421 13424 13273)
4(5420 13423 13424 5421)
4(5271 5422 13425 13274)
4(5421 13424 13425 5422)
4(5272 5423 13426 13275)
4(5422 13425 13426 5423)
4(5273 5424 13427 13276)
4(5423 13426 13427 5424)
4(5274 5425 13428 13277)
4(5424 13427 13428 5425)
4(5275 5426 13429 13278)
4(5425 13428 13429 5426)
4(5276 5427 13430 13279)
4(5426 13429 13430 5427)
4(5277 5428 13431 13280)
4(5427 13430 13431 5428)
4(5278 5429 13432 13281)
4(5428 13431 13432 5429)
4(5279 5430 13433 13282)
4(5429 13432 13433 5430)
4(5280 5431 13434 13283)
4(5430 13433 13434 5431)
4(5281 5432 13435 13284)
4(5431 13434 13435 5432)
4(5282 5433 13436 13285)
4(5432 13435 13436 5433)
4(5283 5434 13437 13286)
4(5433 13436 13437 5434)
4(5434 13437 13438 5435)
4(5286 5437 13440 13289)
4(5436 13439 13440 5437)
4(5287 5438 13441 13290)
4(5437 13440 13441 5438)
4(5288 5439 13442 13291)
4(5438 13441 13442 5439)
4(5289 5440 13443 13292)
4(5439 13442 13443 5440)
4(5290 5441 13444 13293)
4(5440 13443 13444 5441)
4(5291 5442 13445 13294)
4(5441 13444 13445 5442)
4(5292 5443 13446 13295)
4(5442 13445 13446 5443)
4(5293 5444 13447 13296)
4(5443 13446 13447 5444)
4(5294 5445 13448 13297)
4(5444 13447 13448 5445)
4(5295 5446 13449 13298)
4(5445 13448 13449 5446)
4(5296 5447 13450 13299)
4(5446 13449 13450 5447)
4(5297 5448 13451 13300)
4(5447 13450 13451 5448)
4(5298 5449 13452 13301)
4(5448 13451 13452 5449)
4(5299 5450 13453 13302)
4(5449 13452 13453 5450)
4(5300 5451 13454 13303)
4(5450 13453 13454 5451)
4(5301 5452 13455 13304)
4(5451 13454 13455 5452)
4(5302 5453 13456 13305)
4(5452 13455 13456 5453)
4(5303 5454 13457 13306)
4(5453 13456 13457 5454)
4(5304 5455 13458 13307)
4(5454 13457 13458 5455)
4(5305 5456 13459 13308)
4(5455 13458 13459 5456)
4(5306 5457 13460 13309)
4(5456 13459 13460 5457)
4(5307 5458 13461 13310)
4(5457 13460 13461 5458)
4(5308 5459 13462 13311)
4(5458 13461 13462 5459)
4(5309 5460 13463 13312)
4(5459 13462 13463 5460)
4(5310 5461 13464 13313)
4(5460 13463 13464 5461)
4(5311 5462 13465 13314)
4(5461 13464 13465 5462)
4(5312 5463 13466 13315)
4(5462 13465 13466 5463)
4(5313 5464 13467 13316)
4(5463 13466 13467 5464)
4(5314 5465 13468 13317)
4(5464 13467 13468 5465)
4(5315 5466 13469 13318)
4(5465 13468 13469 5466)
4(5316 5467 13470 13319)
4(5466 13469 13470 5467)
4(5317 5468 13471 13320)
4(5467 13470 13471 5468)
4(5318 5469 13472 13321)
4(5468 13471 13472 5469)
4(5319 5470 13473 13322)
4(5469 13472 13473 5470)
4(5320 5471 13474 13323)
4(5470 13473 13474 5471)
4(5321 5472 13475 13324)
4(5471 13474 13475 5472)
4(5322 5473 13476 13325)
4(5472 13475 13476 5473)
4(5323 5474 13477 13326)
4(5473 13476 13477 5474)
4(5324 5475 13478 13327)
4(5474 13477 13478 5475)
4(5325 5476 13479 13328)
4(5475 13478 13479 5476)
4(5326 5477 13480 13329)
4(5476 13479 13480 5477)
4(5327 5478 13481 13330)
4(5477 13480 13481 5478)
4(5328 5479 13482 13331)
4(5478 13481 13482 5479)
4(5329 5480 13483 13332)
4(5479 13482 13483 5480)
4(5330 5481 13484 13333)
4(5480 13483 13484 5481)
4(5331 5482 13485 13334)
4(5481 13484 13485 5482)
4(5332 5483 13486 13335)
4(5482 13485 13486 5483)
4(5333 5484 13487 13336)
4(5483 13486 13487 5484)
4(5334 5485 13488 13337)
4(5484 13487 13488 5485)
4(5335 5486 13489 13338)
4(5485 13488 13489 5486)
4(5336 5487 13490 13339)
4(5486 13489 13490 5487)
4(5337 5488 13491 13340)
4(5487 13490 13491 5488)
4(5338 5489 13492 13341)
4(5488 13491 13492 5489)
4(5339 5490 13493 13342)
4(5489 13492 13493 5490)
4(5340 5491 13494 13343)
4(5490 13493 13494 5491)
4(5341 5492 13495 13344)
4(5491 13494 13495 5492)
4(5342 5493 13496 13345)
4(5492 13495 13496 5493)
4(5343 5494 13497 13346)
4(5493 13496 13497 5494)
4(5344 5495 13498 13347)
4(5494 13497 13498 5495)
4(5345 5496 13499 13348)
4(5495 13498 13499 5496)
4(5346 5497 13500 13349)
4(5496 13499 13500 5497)
4(5347 5498 13501 13350)
4(5497 13500 13501 5498)
4(5348 5499 13502 13351)
4(5498 13501 13502 5499)
4(5349 5500 13503 13352)
4(5499 13502 13503 5500)
4(5350 5501 13504 13353)
4(5500 13503 13504 5501)
4(5351 5502 13505 13354)
4(5501 13504 13505 5502)
4(5352 5503 13506 13355)
4(5502 13505 13506 5503)
4(5353 5504 13507 13356)
4(5503 13506 13507 5504)
4(5354 5505 13508 13357)
4(5504 13507 13508 5505)
4(5355 5506 13509 13358)
4(5505 13508 13509 5506)
4(5356 5507 13510 13359)
4(5506 13509 13510 5507)
4(5357 5508 13511 13360)
4(5507 13510 13511 5508)
4(5358 5509 13512 13361)
4(5508 13511 13512 5509)
4(5359 5510 13513 13362)
4(5509 13512 13513 5510)
4(5360 5511 13514 13363)
4(5510 13513 13514 5511)
4(5361 5512 13515 13364)
4(5511 13514 13515 5512)
4(5362 5513 13516 13365)
4(5512 13515 13516 5513)
4(5363 5514 13517 13366)
4(5513 13516 13517 5514)
4(5364 5515 13518 13367)
4(5514 13517 13518 5515)
4(5365 5516 13519 13368)
4(5515 13518 13519 5516)
4(5366 5517 13520 13369)
4(5516 13519 13520 5517)
4(5367 5518 13521 13370)
4(5517 13520 13521 5518)
4(5368 5519 13522 13371)
4(5518 13521 13522 5519)
4(5369 5520 13523 13372)
4(5519 13522 13523 5520)
4(5370 5521 13524 13373)
4(5520 13523 13524 5521)
4(5371 5522 13525 13374)
4(5521 13524 13525 5522)
4(5372 5523 13526 13375)
4(5522 13525 13526 5523)
4(5373 5524 13527 13376)
4(5523 13526 13527 5524)
4(5374 5525 13528 13377)
4(5524 13527 13528 5525)
4(5375 5526 13529 13378)
4(5525 13528 13529 5526)
4(5376 5527 13530 13379)
4(5526 13529 13530 5527)
4(5377 5528 13531 13380)
4(5527 13530 13531 5528)
4(5378 5529 13532 13381)
4(5528 13531 13532 5529)
4(5379 5530 13533 13382)
4(5529 13532 13533 5530)
4(5380 5531 13534 13383)
4(5530 13533 13534 5531)
4(5381 5532 13535 13384)
4(5531 13534 13535 5532)
4(5382 5533 13536 13385)
4(5532 13535 13536 5533)
4(5383 5534 13537 13386)
4(5533 13536 13537 5534)
4(5384 5535 13538 13387)
4(5534 13537 13538 5535)
4(5385 5536 13539 13388)
4(5535 13538 13539 5536)
4(5386 5537 13540 13389)
4(5536 13539 13540 5537)
4(5387 5538 13541 13390)
4(5537 13540 13541 5538)
4(5388 5539 13542 13391)
4(5538 13541 13542 5539)
4(5389 5540 13543 13392)
4(5539 13542 13543 5540)
4(5390 5541 13544 13393)
4(5540 13543 13544 5541)
4(5391 5542 13545 13394)
4(5541 13544 13545 5542)
4(5392 5543 13546 13395)
4(5542 13545 13546 5543)
4(5393 5544 13547 13396)
4(5543 13546 13547 5544)
4(5394 5545 13548 13397)
4(5544 13547 13548 5545)
4(5395 5546 13549 13398)
4(5545 13548 13549 5546)
4(5396 5547 13550 13399)
4(5546 13549 13550 5547)
4(5397 5548 13551 13400)
4(5547 13550 13551 5548)
4(5398 5549 13552 13401)
4(5548 13551 13552 5549)
4(5399 5550 13553 13402)
4(5549 13552 13553 5550)
4(5400 5551 13554 13403)
4(5550 13553 13554 5551)
4(5401 5552 13555 13404)
4(5551 13554 13555 5552)
4(5402 5553 13556 13405)
4(5552 13555 13556 5553)
4(5403 5554 13557 13406)
4(5553 13556 13557 5554)
4(5404 5555 13558 13407)
4(5554 13557 13558 5555)
4(5405 5556 13559 13408)
4(5555 13558 13559 5556)
4(5406 5557 13560 13409)
4(5556 13559 13560 5557)
4(5407 5558 13561 13410)
4(5557 13560 13561 5558)
4(5408 5559 13562 13411)
4(5558 13561 13562 5559)
4(5409 5560 13563 13412)
4(5559 13562 13563 5560)
4(5410 5561 13564 13413)
4(5560 13563 13564 5561)
4(5411 5562 13565 13414)
4(5561 13564 13565 5562)
4(5412 5563 13566 13415)
4(5562 13565 13566 5563)
4(5413 5564 13567 13416)
4(5563 13566 13567 5564)
4(5414 5565 13568 13417)
4(5564 13567 13568 5565)
4(5415 5566 13569 13418)
4(5565 13568 13569 5566)
4(5416 5567 13570 13419)
4(5566 13569 13570 5567)
4(5417 5568 13571 13420)
4(5567 13570 13571 5568)
4(5418 5569 13572 13421)
4(5568 13571 13572 5569)
4(5419 5570 13573 13422)
4(5569 13572 13573 5570)
4(5420 5571 13574 13423)
4(5570 13573 13574 5571)
4(5421 5572 13575 13424)
4(5571 13574 13575 5572)
4(5422 5573 13576 13425)
4(5572 13575 13576 5573)
4(5423 5574 13577 13426)
4(5573 13576 13577 5574)
4(5424 5575 13578 13427)
4(5574 13577 13578 5575)
4(5425 5576 13579 13428)
4(5575 13578 13579 5576)
4(5426 5577 13580 13429)
4(5576 13579 13580 5577)
4(5427 5578 13581 13430)
4(5577 13580 13581 5578)
4(5428 5579 13582 13431)
4(5578 13581 13582 5579)
4(5429 5580 13583 13432)
4(5579 13582 13583 5580)
4(5430 5581 13584 13433)
4(5580 13583 13584 5581)
4(5431 5582 13585 13434)
4(5581 13584 13585 5582)
4(5432 5583 13586 13435)
4(5582 13585 13586 5583)
4(5433 5584 13587 13436)
4(5583 13586 13587 5584)
4(5434 5585 13588 13437)
4(5584 13587 13588 5585)
4(5585 13588 13589 5586)
4(5437 5588 13591 13440)
4(5587 13590 13591 5588)
4(5438 5589 13592 13441)
4(5588 13591 13592 5589)
4(5439 5590 13593 13442)
4(5589 13592 13593 5590)
4(5440 5591 13594 13443)
4(5590 13593 13594 5591)
4(5441 5592 13595 13444)
4(5591 13594 13595 5592)
4(5442 5593 13596 13445)
4(5592 13595 13596 5593)
4(5443 5594 13597 13446)
4(5593 13596 13597 5594)
4(5444 5595 13598 13447)
4(5594 13597 13598 5595)
4(5445 5596 13599 13448)
4(5595 13598 13599 5596)
4(5446 5597 13600 13449)
4(5596 13599 13600 5597)
4(5447 5598 13601 13450)
4(5597 13600 13601 5598)
4(5448 5599 13602 13451)
4(5598 13601 13602 5599)
4(5449 5600 13603 13452)
4(5599 13602 13603 5600)
4(5450 5601 13604 13453)
4(5600 13603 13604 5601)
4(5451 5602 13605 13454)
4(5601 13604 13605 5602)
4(5452 5603 13606 13455)
4(5602 13605 13606 5603)
4(5453 5604 13607 13456)
4(5603 13606 13607 5604)
4(5454 5605 13608 13457)
4(5604 13607 13608 5605)
4(5455 5606 13609 13458)
4(5605 13608 13609 5606)
4(5456 5607 13610 13459)
4(5606 13609 13610 5607)
4(5457 5608 13611 13460)
4(5607 13610 13611 5608)
4(5458 5609 13612 13461)
4(5608 13611 13612 5609)
4(5459 5610 13613 13462)
4(5609 13612 13613 5610)
4(5460 5611 13614 13463)
4(5610 13613 13614 5611)
4(5461 5612 13615 13464)
4(5611 13614 13615 5612)
4(5462 5613 13616 13465)
4(5612 13615 13616 5613)
4(5463 5614 13617 13466)
4(5613 13616 13617 5614)
4(5464 5615 13618 13467)
4(5614 13617 13618 5615)
4(5465 5616 13619 13468)
4(5615 13618 13619 5616)
4(5466 5617 13620 13469)
4(5616 13619 13620 5617)
4(5467 5618 13621 13470)
4(5617 13620 13621 5618)
4(5468 5619 13622 13471)
4(5618 13621 13622 5619)
4(5469 5620 13623 13472)
4(5619 13622 13623 5620)
4(5470 5621 13624 13473)
4(5620 13623 13624 5621)
4(5471 5622 13625 13474)
4(5621 13624 13625 5622)
4(5472 5623 13626 13475)
4(5622 13625 13626 5623)
4(5473 5624 13627 13476)
4(5623 13626 13627 5624)
4(5474 5625 13628 13477)
4(5624 13627 13628 5625)
4(5475 5626 13629 13478)
4(5625 13628 13629 5626)
4(5476 5627 13630 13479)
4(5626 13629 13630 5627)
4(5477 5628 13631 13480)
4(5627 13630 13631 5628)
4(5478 5629 13632 13481)
4(5628 13631 13632 5629)
4(5479 5630 13633 13482)
4(5629 13632 13633 5630)
4(5480 5631 13634 13483)
4(5630 13633 13634 5631)
4(5481 5632 13635 13484)
4(5631 13634 13635 5632)
4(5482 5633 13636 13485)
4(5632 13635 13636 5633)
4(5483 5634 13637 13486)
4(5633 13636 13637 5634)
4(5484 5635 13638 13487)
4(5634 13637 13638 5635)
4(5485 5636 13639 13488)
4(5635 13638 13639 5636)
4(5486 5637 13640 13489)
4(5636 13639 13640 5637)
4(5487 5638 13641 13490)
4(5637 13640 13641 5638)
4(5488 5639 13642 13491)
4(5638 13641 13642 5639)
4(5489 5640 13643 13492)
4(5639 13642 13643 5640)
4(5490 5641 13644 13493)
4(5640 13643 13644 5641)
4(5491 5642 13645 13494)
4(5641 13644 13645 5642)
4(5492 5643 13646 13495)
4(5642 13645 13646 5643)
4(5493 5644 13647 13496)
4(5643 13646 13647 5644)
4(5494 5645 13648 13497)
4(5644 13647 13648 5645)
4(5495 5646 13649 13498)
4(5645 13648 13649 5646)
4(5496 5647 13650 13499)
4(5646 13649 13650 5647)
4(5497 5648 13651 13500)
4(5647 13650 13651 5648)
4(5498 5649 13652 13501)
4(5648 13651 13652 5649)
4(5499 5650 13653 13502)
4(5649 13652 13653 5650)
4(5500 5651 13654 13503)
4(5650 13653 13654 5651)
4(5501 5652 13655 13504)
4(5651 13654 13655 5652)
4(5502 5653 13656 13505)
4(5652 13655 13656 5653)
4(5503 5654 13657 13506)
4(5653 13656 13657 5654)
4(5504 5655 13658 13507)
4(5654 13657 13658 5655)
4(5505 5656 13659 13508)
4(5655 13658 13659 5656)
4(5506 5657 13660 13509)
4(5656 13659 13660 5657)
4(5507 5658 13661 13510)
4(5657 13660 13661 5658)
4(5508 5659 13662 13511)
4(5658 13661 13662 5659)
4(5509 5660 13663 13512)
4(5659 13662 13663 5660)
4(5510 5661 13664 13513)
4(5660 13663 13664 5661)
4(5511 5662 13665 13514)
4(5661 13664 13665 5662)
4(5512 5663 13666 13515)
4(5662 13665 13666 5663)
4(5513 5664 13667 13516)
4(5663 13666 13667 5664)
4(5514 5665 13668 13517)
4(5664 13667 13668 5665)
4(5515 5666 13669 13518)
4(5665 13668 13669 5666)
4(5516 5667 13670 13519)
4(5666 13669 13670 5667)
4(5517 5668 13671 13520)
4(5667 13670 13671 5668)
4(5518 5669 13672 13521)
4(5668 13671 13672 5669)
4(5519 5670 13673 13522)
4(5669 13672 13673 5670)
4(5520 5671 13674 13523)
4(5670 13673 13674 5671)
4(5521 5672 13675 13524)
4(5671 13674 13675 5672)
4(5522 5673 13676 13525)
4(5672 13675 13676 5673)
4(5523 5674 13677 13526)
4(5673 13676 13677 5674)
4(5524 5675 13678 13527)
4(5674 13677 13678 5675)
4(5525 5676 13679 13528)
4(5675 13678 13679 5676)
4(5526 5677 13680 13529)
4(5676 13679 13680 5677)
4(5527 5678 13681 13530)
4(5677 13680 13681 5678)
4(5528 5679 13682 13531)
4(5678 13681 13682 5679)
4(5529 5680 13683 13532)
4(5679 13682 13683 5680)
4(5530 5681 13684 13533)
4(5680 13683 13684 5681)
4(5531 5682 13685 13534)
4(5681 13684 13685 5682)
4(5532 5683 13686 13535)
4(5682 13685 13686 5683)
4(5533 5684 13687 13536)
4(5683 13686 13687 5684)
4(5534 5685 13688 13537)
4(5684 13687 13688 5685)
4(5535 5686 13689 13538)
4(5685 13688 13689 5686)
4(5536 5687 13690 13539)
4(5686 13689 13690 5687)
4(5537 5688 13691 13540)
4(5687 13690 13691 5688)
4(5538 5689 13692 13541)
4(5688 13691 13692 5689)
4(5539 5690 13693 13542)
4(5689 13692 13693 5690)
4(5540 5691 13694 13543)
4(5690 13693 13694 5691)
4(5541 5692 13695 13544)
4(5691 13694 13695 5692)
4(5542 5693 13696 13545)
4(5692 13695 13696 5693)
4(5543 5694 13697 13546)
4(5693 13696 13697 5694)
4(5544 5695 13698 13547)
4(5694 13697 13698 5695)
4(5545 5696 13699 13548)
4(5695 13698 13699 5696)
4(5546 5697 13700 13549)
4(5696 13699 13700 5697)
4(5547 5698 13701 13550)
4(5697 13700 13701 5698)
4(5548 5699 13702 13551)
4(5698 13701 13702 5699)
4(5549 5700 13703 13552)
4(5699 13702 13703 5700)
4(5550 5701 13704 13553)
4(5700 13703 13704 5701)
4(5551 5702 13705 13554)
4(5701 13704 13705 5702)
4(5552 5703 13706 13555)
4(5702 13705 13706 5703)
4(5553 5704 13707 13556)
4(5703 13706 13707 5704)
4(5554 5705 13708 13557)
4(5704 13707 13708 5705)
4(5555 5706 13709 13558)
4(5705 13708 13709 5706)
4(5556 5707 13710 13559)
4(5706 13709 13710 5707)
4(5557 5708 13711 13560)
4(5707 13710 13711 5708)
4(5558 5709 13712 13561)
4(5708 13711 13712 5709)
4(5559 5710 13713 13562)
4(5709 13712 13713 5710)
4(5560 5711 13714 13563)
4(5710 13713 13714 5711)
4(5561 5712 13715 13564)
4(5711 13714 13715 5712)
4(5562 5713 13716 13565)
4(5712 13715 13716 5713)
4(5563 5714 13717 13566)
4(5713 13716 13717 5714)
4(5564 5715 13718 13567)
4(5714 13717 13718 5715)
4(5565 5716 13719 13568)
4(5715 13718 13719 5716)
4(5566 5717 13720 13569)
4(5716 13719 13720 5717)
4(5567 5718 13721 13570)
4(5717 13720 13721 5718)
4(5568 5719 13722 13571)
4(5718 13721 13722 5719)
4(5569 5720 13723 13572)
4(5719 13722 13723 5720)
4(5570 5721 13724 13573)
4(5720 13723 13724 5721)
4(5571 5722 13725 13574)
4(5721 13724 13725 5722)
4(5572 5723 13726 13575)
4(5722 13725 13726 5723)
4(5573 5724 13727 13576)
4(5723 13726 13727 5724)
4(5574 5725 13728 13577)
4(5724 13727 13728 5725)
4(5575 5726 13729 13578)
4(5725 13728 13729 5726)
4(5576 5727 13730 13579)
4(5726 13729 13730 5727)
4(5577 5728 13731 13580)
4(5727 13730 13731 5728)
4(5578 5729 13732 13581)
4(5728 13731 13732 5729)
4(5579 5730 13733 13582)
4(5729 13732 13733 5730)
4(5580 5731 13734 13583)
4(5730 13733 13734 5731)
4(5581 5732 13735 13584)
4(5731 13734 13735 5732)
4(5582 5733 13736 13585)
4(5732 13735 13736 5733)
4(5583 5734 13737 13586)
4(5733 13736 13737 5734)
4(5584 5735 13738 13587)
4(5734 13737 13738 5735)
4(5585 5736 13739 13588)
4(5735 13738 13739 5736)
4(5736 13739 13740 5737)
4(5588 5739 13742 13591)
4(5738 13741 13742 5739)
4(5589 5740 13743 13592)
4(5739 13742 13743 5740)
4(5590 5741 13744 13593)
4(5740 13743 13744 5741)
4(5591 5742 13745 13594)
4(5741 13744 13745 5742)
4(5592 5743 13746 13595)
4(5742 13745 13746 5743)
4(5593 5744 13747 13596)
4(5743 13746 13747 5744)
4(5594 5745 13748 13597)
4(5744 13747 13748 5745)
4(5595 5746 13749 13598)
4(5745 13748 13749 5746)
4(5596 5747 13750 13599)
4(5746 13749 13750 5747)
4(5597 5748 13751 13600)
4(5747 13750 13751 5748)
4(5598 5749 13752 13601)
4(5748 13751 13752 5749)
4(5599 5750 13753 13602)
4(5749 13752 13753 5750)
4(5600 5751 13754 13603)
4(5750 13753 13754 5751)
4(5601 5752 13755 13604)
4(5751 13754 13755 5752)
4(5602 5753 13756 13605)
4(5752 13755 13756 5753)
4(5603 5754 13757 13606)
4(5753 13756 13757 5754)
4(5604 5755 13758 13607)
4(5754 13757 13758 5755)
4(5605 5756 13759 13608)
4(5755 13758 13759 5756)
4(5606 5757 13760 13609)
4(5756 13759 13760 5757)
4(5607 5758 13761 13610)
4(5757 13760 13761 5758)
4(5608 5759 13762 13611)
4(5758 13761 13762 5759)
4(5609 5760 13763 13612)
4(5759 13762 13763 5760)
4(5610 5761 13764 13613)
4(5760 13763 13764 5761)
4(5611 5762 13765 13614)
4(5761 13764 13765 5762)
4(5612 5763 13766 13615)
4(5762 13765 13766 5763)
4(5613 5764 13767 13616)
4(5763 13766 13767 5764)
4(5614 5765 13768 13617)
4(5764 13767 13768 5765)
4(5615 5766 13769 13618)
4(5765 13768 13769 5766)
4(5616 5767 13770 13619)
4(5766 13769 13770 5767)
4(5617 5768 13771 13620)
4(5767 13770 13771 5768)
4(5618 5769 13772 13621)
4(5768 13771 13772 5769)
4(5619 5770 13773 13622)
4(5769 13772 13773 5770)
4(5620 5771 13774 13623)
4(5770 13773 13774 5771)
4(5621 5772 13775 13624)
4(5771 13774 13775 5772)
4(5622 5773 13776 13625)
4(5772 13775 13776 5773)
4(5623 5774 13777 13626)
4(5773 13776 13777 5774)
4(5624 5775 13778 13627)
4(5774 13777 13778 5775)
4(5625 5776 13779 13628)
4(5775 13778 13779 5776)
4(5626 5777 13780 13629)
4(5776 13779 13780 5777)
4(5627 5778 13781 13630)
4(5777 13780 13781 5778)
4(5628 5779 13782 13631)
4(5778 13781 13782 5779)
4(5629 5780 13783 13632)
4(5779 13782 13783 5780)
4(5630 5781 13784 13633)
4(5780 13783 13784 5781)
4(5631 5782 13785 13634)
4(5781 13784 13785 5782)
4(5632 5783 13786 13635)
4(5782 13785 13786 5783)
4(5633 5784 13787 13636)
4(5783 13786 13787 5784)
4(5634 5785 13788 13637)
4(5784 13787 13788 5785)
4(5635 5786 13789 13638)
4(5785 13788 13789 5786)
4(5636 5787 13790 13639)
4(5786 13789 13790 5787)
4(5637 5788 13791 13640)
4(5787 13790 13791 5788)
4(5638 5789 13792 13641)
4(5788 13791 13792 5789)
4(5639 5790 13793 13642)
4(5789 13792 13793 5790)
4(5640 5791 13794 13643)
4(5790 13793 13794 5791)
4(5641 5792 13795 13644)
4(5791 13794 13795 5792)
4(5642 5793 13796 13645)
4(5792 13795 13796 5793)
4(5643 5794 13797 13646)
4(5793 13796 13797 5794)
4(5644 5795 13798 13647)
4(5794 13797 13798 5795)
4(5645 5796 13799 13648)
4(5795 13798 13799 5796)
4(5646 5797 13800 13649)
4(5796 13799 13800 5797)
4(5647 5798 13801 13650)
4(5797 13800 13801 5798)
4(5648 5799 13802 13651)
4(5798 13801 13802 5799)
4(5649 5800 13803 13652)
4(5799 13802 13803 5800)
4(5650 5801 13804 13653)
4(5800 13803 13804 5801)
4(5651 5802 13805 13654)
4(5801 13804 13805 5802)
4(5652 5803 13806 13655)
4(5802 13805 13806 5803)
4(5653 5804 13807 13656)
4(5803 13806 13807 5804)
4(5654 5805 13808 13657)
4(5804 13807 13808 5805)
4(5655 5806 13809 13658)
4(5805 13808 13809 5806)
4(5656 5807 13810 13659)
4(5806 13809 13810 5807)
4(5657 5808 13811 13660)
4(5807 13810 13811 5808)
4(5658 5809 13812 13661)
4(5808 13811 13812 5809)
4(5659 5810 13813 13662)
4(5809 13812 13813 5810)
4(5660 5811 13814 13663)
4(5810 13813 13814 5811)
4(5661 5812 13815 13664)
4(5811 13814 13815 5812)
4(5662 5813 13816 13665)
4(5812 13815 13816 5813)
4(5663 5814 13817 13666)
4(5813 13816 13817 5814)
4(5664 5815 13818 13667)
4(5814 13817 13818 5815)
4(5665 5816 13819 13668)
4(5815 13818 13819 5816)
4(5666 5817 13820 13669)
4(5816 13819 13820 5817)
4(5667 5818 13821 13670)
4(5817 13820 13821 5818)
4(5668 5819 13822 13671)
4(5818 13821 13822 5819)
4(5669 5820 13823 13672)
4(5819 13822 13823 5820)
4(5670 5821 13824 13673)
4(5820 13823 13824 5821)
4(5671 5822 13825 13674)
4(5821 13824 13825 5822)
4(5672 5823 13826 13675)
4(5822 13825 13826 5823)
4(5673 5824 13827 13676)
4(5823 13826 13827 5824)
4(5674 5825 13828 13677)
4(5824 13827 13828 5825)
4(5675 5826 13829 13678)
4(5825 13828 13829 5826)
4(5676 5827 13830 13679)
4(5826 13829 13830 5827)
4(5677 5828 13831 13680)
4(5827 13830 13831 5828)
4(5678 5829 13832 13681)
4(5828 13831 13832 5829)
4(5679 5830 13833 13682)
4(5829 13832 13833 5830)
4(5680 5831 13834 13683)
4(5830 13833 13834 5831)
4(5681 5832 13835 13684)
4(5831 13834 13835 5832)
4(5682 5833 13836 13685)
4(5832 13835 13836 5833)
4(5683 5834 13837 13686)
4(5833 13836 13837 5834)
4(5684 5835 13838 13687)
4(5834 13837 13838 5835)
4(5685 5836 13839 13688)
4(5835 13838 13839 5836)
4(5686 5837 13840 13689)
4(5836 13839 13840 5837)
4(5687 5838 13841 13690)
4(5837 13840 13841 5838)
4(5688 5839 13842 13691)
4(5838 13841 13842 5839)
4(5689 5840 13843 13692)
4(5839 13842 13843 5840)
4(5690 5841 13844 13693)
4(5840 13843 13844 5841)
4(5691 5842 13845 13694)
4(5841 13844 13845 5842)
4(5692 5843 13846 13695)
4(5842 13845 13846 5843)
4(5693 5844 13847 13696)
4(5843 13846 13847 5844)
4(5694 5845 13848 13697)
4(5844 13847 13848 5845)
4(5695 5846 13849 13698)
4(5845 13848 13849 5846)
4(5696 5847 13850 13699)
4(5846 13849 13850 5847)
4(5697 5848 13851 13700)
4(5847 13850 13851 5848)
4(5698 5849 13852 13701)
4(5848 13851 13852 5849)
4(5699 5850 13853 13702)
4(5849 13852 13853 5850)
4(5700 5851 13854 13703)
4(5850 13853 13854 5851)
4(5701 5852 13855 13704)
4(5851 13854 13855 5852)
4(5702 5853 13856 13705)
4(5852 13855 13856 5853)
4(5703 5854 13857 13706)
4(5853 13856 13857 5854)
4(5704 5855 13858 13707)
4(5854 13857 13858 5855)
4(5705 5856 13859 13708)
4(5855 13858 13859 5856)
4(5706 5857 13860 13709)
4(5856 13859 13860 5857)
4(5707 5858 13861 13710)
4(5857 13860 13861 5858)
4(5708 5859 13862 13711)
4(5858 13861 13862 5859)
4(5709 5860 13863 13712)
4(5859 13862 13863 5860)
4(5710 5861 13864 13713)
4(5860 13863 13864 5861)
4(5711 5862 13865 13714)
4(5861 13864 13865 5862)
4(5712 5863 13866 13715)
4(5862 13865 13866 5863)
4(5713 5864 13867 13716)
4(5863 13866 13867 5864)
4(5714 5865 13868 13717)
4(5864 13867 13868 5865)
4(5715 5866 13869 13718)
4(5865 13868 13869 5866)
4(5716 5867 13870 13719)
4(5866 13869 13870 5867)
4(5717 5868 13871 13720)
4(5867 13870 13871 5868)
4(5718 5869 13872 13721)
4(5868 13871 13872 5869)
4(5719 5870 13873 13722)
4(5869 13872 13873 5870)
4(5720 5871 13874 13723)
4(5870 13873 13874 5871)
4(5721 5872 13875 13724)
4(5871 13874 13875 5872)
4(5722 5873 13876 13725)
4(5872 13875 13876 5873)
4(5723 5874 13877 13726)
4(5873 13876 13877 5874)
4(5724 5875 13878 13727)
4(5874 13877 13878 5875)
4(5725 5876 13879 13728)
4(5875 13878 13879 5876)
4(5726 5877 13880 13729)
4(5876 13879 13880 5877)
4(5727 5878 13881 13730)
4(5877 13880 13881 5878)
4(5728 5879 13882 13731)
4(5878 13881 13882 5879)
4(5729 5880 13883 13732)
4(5879 13882 13883 5880)
4(5730 5881 13884 13733)
4(5880 13883 13884 5881)
4(5731 5882 13885 13734)
4(5881 13884 13885 5882)
4(5732 5883 13886 13735)
4(5882 13885 13886 5883)
4(5733 5884 13887 13736)
4(5883 13886 13887 5884)
4(5734 5885 13888 13737)
4(5884 13887 13888 5885)
4(5735 5886 13889 13738)
4(5885 13888 13889 5886)
4(5736 5887 13890 13739)
4(5886 13889 13890 5887)
4(5887 13890 13891 5888)
4(5739 5890 13893 13742)
4(5889 13892 13893 5890)
4(5740 5891 13894 13743)
4(5890 13893 13894 5891)
4(5741 5892 13895 13744)
4(5891 13894 13895 5892)
4(5742 5893 13896 13745)
4(5892 13895 13896 5893)
4(5743 5894 13897 13746)
4(5893 13896 13897 5894)
4(5744 5895 13898 13747)
4(5894 13897 13898 5895)
4(5745 5896 13899 13748)
4(5895 13898 13899 5896)
4(5746 5897 13900 13749)
4(5896 13899 13900 5897)
4(5747 5898 13901 13750)
4(5897 13900 13901 5898)
4(5748 5899 13902 13751)
4(5898 13901 13902 5899)
4(5749 5900 13903 13752)
4(5899 13902 13903 5900)
4(5750 5901 13904 13753)
4(5900 13903 13904 5901)
4(5751 5902 13905 13754)
4(5901 13904 13905 5902)
4(5752 5903 13906 13755)
4(5902 13905 13906 5903)
4(5753 5904 13907 13756)
4(5903 13906 13907 5904)
4(5754 5905 13908 13757)
4(5904 13907 13908 5905)
4(5755 5906 13909 13758)
4(5905 13908 13909 5906)
4(5756 5907 13910 13759)
4(5906 13909 13910 5907)
4(5757 5908 13911 13760)
4(5907 13910 13911 5908)
4(5758 5909 13912 13761)
4(5908 13911 13912 5909)
4(5759 5910 13913 13762)
4(5909 13912 13913 5910)
4(5760 5911 13914 13763)
4(5910 13913 13914 5911)
4(5761 5912 13915 13764)
4(5911 13914 13915 5912)
4(5762 5913 13916 13765)
4(5912 13915 13916 5913)
4(5763 5914 13917 13766)
4(5913 13916 13917 5914)
4(5764 5915 13918 13767)
4(5914 13917 13918 5915)
4(5765 5916 13919 13768)
4(5915 13918 13919 5916)
4(5766 5917 13920 13769)
4(5916 13919 13920 5917)
4(5767 5918 13921 13770)
4(5917 13920 13921 5918)
4(5768 5919 13922 13771)
4(5918 13921 13922 5919)
4(5769 5920 13923 13772)
4(5919 13922 13923 5920)
4(5770 5921 13924 13773)
4(5920 13923 13924 5921)
4(5771 5922 13925 13774)
4(5921 13924 13925 5922)
4(5772 5923 13926 13775)
4(5922 13925 13926 5923)
4(5773 5924 13927 13776)
4(5923 13926 13927 5924)
4(5774 5925 13928 13777)
4(5924 13927 13928 5925)
4(5775 5926 13929 13778)
4(5925 13928 13929 5926)
4(5776 5927 13930 13779)
4(5926 13929 13930 5927)
4(5777 5928 13931 13780)
4(5927 13930 13931 5928)
4(5778 5929 13932 13781)
4(5928 13931 13932 5929)
4(5779 5930 13933 13782)
4(5929 13932 13933 5930)
4(5780 5931 13934 13783)
4(5930 13933 13934 5931)
4(5781 5932 13935 13784)
4(5931 13934 13935 5932)
4(5782 5933 13936 13785)
4(5932 13935 13936 5933)
4(5783 5934 13937 13786)
4(5933 13936 13937 5934)
4(5784 5935 13938 13787)
4(5934 13937 13938 5935)
4(5785 5936 13939 13788)
4(5935 13938 13939 5936)
4(5786 5937 13940 13789)
4(5936 13939 13940 5937)
4(5787 5938 13941 13790)
4(5937 13940 13941 5938)
4(5788 5939 13942 13791)
4(5938 13941 13942 5939)
4(5789 5940 13943 13792)
4(5939 13942 13943 5940)
4(5790 5941 13944 13793)
4(5940 13943 13944 5941)
4(5791 5942 13945 13794)
4(5941 13944 13945 5942)
4(5792 5943 13946 13795)
4(5942 13945 13946 5943)
4(5793 5944 13947 13796)
4(5943 13946 13947 5944)
4(5794 5945 13948 13797)
4(5944 13947 13948 5945)
4(5795 5946 13949 13798)
4(5945 13948 13949 5946)
4(5796 5947 13950 13799)
4(5946 13949 13950 5947)
4(5797 5948 13951 13800)
4(5947 13950 13951 5948)
4(5798 5949 13952 13801)
4(5948 13951 13952 5949)
4(5799 5950 13953 13802)
4(5949 13952 13953 5950)
4(5800 5951 13954 13803)
4(5950 13953 13954 5951)
4(5801 5952 13955 13804)
4(5951 13954 13955 5952)
4(5802 5953 13956 13805)
4(5952 13955 13956 5953)
4(5803 5954 13957 13806)
4(5953 13956 13957 5954)
4(5804 5955 13958 13807)
4(5954 13957 13958 5955)
4(5805 5956 13959 13808)
4(5955 13958 13959 5956)
4(5806 5957 13960 13809)
4(5956 13959 13960 5957)
4(5807 5958 13961 13810)
4(5957 13960 13961 5958)
4(5808 5959 13962 13811)
4(5958 13961 13962 5959)
4(5809 5960 13963 13812)
4(5959 13962 13963 5960)
4(5810 5961 13964 13813)
4(5960 13963 13964 5961)
4(5811 5962 13965 13814)
4(5961 13964 13965 5962)
4(5812 5963 13966 13815)
4(5962 13965 13966 5963)
4(5813 5964 13967 13816)
4(5963 13966 13967 5964)
4(5814 5965 13968 13817)
4(5964 13967 13968 5965)
4(5815 5966 13969 13818)
4(5965 13968 13969 5966)
4(5816 5967 13970 13819)
4(5966 13969 13970 5967)
4(5817 5968 13971 13820)
4(5967 13970 13971 5968)
4(5818 5969 13972 13821)
4(5968 13971 13972 5969)
4(5819 5970 13973 13822)
4(5969 13972 13973 5970)
4(5820 5971 13974 13823)
4(5970 13973 13974 5971)
4(5821 5972 13975 13824)
4(5971 13974 13975 5972)
4(5822 5973 13976 13825)
4(5972 13975 13976 5973)
4(5823 5974 13977 13826)
4(5973 13976 13977 5974)
4(5824 5975 13978 13827)
4(5974 13977 13978 5975)
4(5825 5976 13979 13828)
4(5975 13978 13979 5976)
4(5826 5977 13980 13829)
4(5976 13979 13980 5977)
4(5827 5978 13981 13830)
4(5977 13980 13981 5978)
4(5828 5979 13982 13831)
4(5978 13981 13982 5979)
4(5829 5980 13983 13832)
4(5979 13982 13983 5980)
4(5830 5981 13984 13833)
4(5980 13983 13984 5981)
4(5831 5982 13985 13834)
4(5981 13984 13985 5982)
4(5832 5983 13986 13835)
4(5982 13985 13986 5983)
4(5833 5984 13987 13836)
4(5983 13986 13987 5984)
4(5834 5985 13988 13837)
4(5984 13987 13988 5985)
4(5835 5986 13989 13838)
4(5985 13988 13989 5986)
4(5836 5987 13990 13839)
4(5986 13989 13990 5987)
4(5837 5988 13991 13840)
4(5987 13990 13991 5988)
4(5838 5989 13992 13841)
4(5988 13991 13992 5989)
4(5839 5990 13993 13842)
4(5989 13992 13993 5990)
4(5840 5991 13994 13843)
4(5990 13993 13994 5991)
4(5841 5992 13995 13844)
4(5991 13994 13995 5992)
4(5842 5993 13996 13845)
4(5992 13995 13996 5993)
4(5843 5994 13997 13846)
4(5993 13996 13997 5994)
4(5844 5995 13998 13847)
4(5994 13997 13998 5995)
4(5845 5996 13999 13848)
4(5995 13998 13999 5996)
4(5846 5997 14000 13849)
4(5996 13999 14000 5997)
4(5847 5998 14001 13850)
4(5997 14000 14001 5998)
4(5848 5999 14002 13851)
4(5998 14001 14002 5999)
4(5849 6000 14003 13852)
4(5999 14002 14003 6000)
4(5850 6001 14004 13853)
4(6000 14003 14004 6001)
4(5851 6002 14005 13854)
4(6001 14004 14005 6002)
4(5852 6003 14006 13855)
4(6002 14005 14006 6003)
4(5853 6004 14007 13856)
4(6003 14006 14007 6004)
4(5854 6005 14008 13857)
4(6004 14007 14008 6005)
4(5855 6006 14009 13858)
4(6005 14008 14009 6006)
4(5856 6007 14010 13859)
4(6006 14009 14010 6007)
4(5857 6008 14011 13860)
4(6007 14010 14011 6008)
4(5858 6009 14012 13861)
4(6008 14011 14012 6009)
4(5859 6010 14013 13862)
4(6009 14012 14013 6010)
4(5860 6011 14014 13863)
4(6010 14013 14014 6011)
4(5861 6012 14015 13864)
4(6011 14014 14015 6012)
4(5862 6013 14016 13865)
4(6012 14015 14016 6013)
4(5863 6014 14017 13866)
4(6013 14016 14017 6014)
4(5864 6015 14018 13867)
4(6014 14017 14018 6015)
4(5865 6016 14019 13868)
4(6015 14018 14019 6016)
4(5866 6017 14020 13869)
4(6016 14019 14020 6017)
4(5867 6018 14021 13870)
4(6017 14020 14021 6018)
4(5868 6019 14022 13871)
4(6018 14021 14022 6019)
4(5869 6020 14023 13872)
4(6019 14022 14023 6020)
4(5870 6021 14024 13873)
4(6020 14023 14024 6021)
4(5871 6022 14025 13874)
4(6021 14024 14025 6022)
4(5872 6023 14026 13875)
4(6022 14025 14026 6023)
4(5873 6024 14027 13876)
4(6023 14026 14027 6024)
4(5874 6025 14028 13877)
4(6024 14027 14028 6025)
4(5875 6026 14029 13878)
4(6025 14028 14029 6026)
4(5876 6027 14030 13879)
4(6026 14029 14030 6027)
4(5877 6028 14031 13880)
4(6027 14030 14031 6028)
4(5878 6029 14032 13881)
4(6028 14031 14032 6029)
4(5879 6030 14033 13882)
4(6029 14032 14033 6030)
4(5880 6031 14034 13883)
4(6030 14033 14034 6031)
4(5881 6032 14035 13884)
4(6031 14034 14035 6032)
4(5882 6033 14036 13885)
4(6032 14035 14036 6033)
4(5883 6034 14037 13886)
4(6033 14036 14037 6034)
4(5884 6035 14038 13887)
4(6034 14037 14038 6035)
4(5885 6036 14039 13888)
4(6035 14038 14039 6036)
4(5886 6037 14040 13889)
4(6036 14039 14040 6037)
4(5887 6038 14041 13890)
4(6037 14040 14041 6038)
4(6038 14041 14042 6039)
4(5890 6041 14044 13893)
4(6040 14043 14044 6041)
4(5891 6042 14045 13894)
4(6041 14044 14045 6042)
4(5892 6043 14046 13895)
4(6042 14045 14046 6043)
4(5893 6044 14047 13896)
4(6043 14046 14047 6044)
4(5894 6045 14048 13897)
4(6044 14047 14048 6045)
4(5895 6046 14049 13898)
4(6045 14048 14049 6046)
4(5896 6047 14050 13899)
4(6046 14049 14050 6047)
4(5897 6048 14051 13900)
4(6047 14050 14051 6048)
4(5898 6049 14052 13901)
4(6048 14051 14052 6049)
4(5899 6050 14053 13902)
4(6049 14052 14053 6050)
4(5900 6051 14054 13903)
4(6050 14053 14054 6051)
4(5901 6052 14055 13904)
4(6051 14054 14055 6052)
4(5902 6053 14056 13905)
4(6052 14055 14056 6053)
4(5903 6054 14057 13906)
4(6053 14056 14057 6054)
4(5904 6055 14058 13907)
4(6054 14057 14058 6055)
4(5905 6056 14059 13908)
4(6055 14058 14059 6056)
4(5906 6057 14060 13909)
4(6056 14059 14060 6057)
4(5907 6058 14061 13910)
4(6057 14060 14061 6058)
4(5908 6059 14062 13911)
4(6058 14061 14062 6059)
4(5909 6060 14063 13912)
4(6059 14062 14063 6060)
4(5910 6061 14064 13913)
4(6060 14063 14064 6061)
4(5911 6062 14065 13914)
4(6061 14064 14065 6062)
4(5912 6063 14066 13915)
4(6062 14065 14066 6063)
4(5913 6064 14067 13916)
4(6063 14066 14067 6064)
4(5914 6065 14068 13917)
4(6064 14067 14068 6065)
4(5915 6066 14069 13918)
4(6065 14068 14069 6066)
4(5916 6067 14070 13919)
4(6066 14069 14070 6067)
4(5917 6068 14071 13920)
4(6067 14070 14071 6068)
4(5918 6069 14072 13921)
4(6068 14071 14072 6069)
4(5919 6070 14073 13922)
4(6069 14072 14073 6070)
4(5920 6071 14074 13923)
4(6070 14073 14074 6071)
4(5921 6072 14075 13924)
4(6071 14074 14075 6072)
4(5922 6073 14076 13925)
4(6072 14075 14076 6073)
4(5923 6074 14077 13926)
4(6073 14076 14077 6074)
4(5924 6075 14078 13927)
4(6074 14077 14078 6075)
4(5925 6076 14079 13928)
4(6075 14078 14079 6076)
4(5926 6077 14080 13929)
4(6076 14079 14080 6077)
4(5927 6078 14081 13930)
4(6077 14080 14081 6078)
4(5928 6079 14082 13931)
4(6078 14081 14082 6079)
4(5929 6080 14083 13932)
4(6079 14082 14083 6080)
4(5930 6081 14084 13933)
4(6080 14083 14084 6081)
4(5931 6082 14085 13934)
4(6081 14084 14085 6082)
4(5932 6083 14086 13935)
4(6082 14085 14086 6083)
4(5933 6084 14087 13936)
4(6083 14086 14087 6084)
4(5934 6085 14088 13937)
4(6084 14087 14088 6085)
4(5935 6086 14089 13938)
4(6085 14088 14089 6086)
4(5936 6087 14090 13939)
4(6086 14089 14090 6087)
4(5937 6088 14091 13940)
4(6087 14090 14091 6088)
4(5938 6089 14092 13941)
4(6088 14091 14092 6089)
4(5939 6090 14093 13942)
4(6089 14092 14093 6090)
4(5940 6091 14094 13943)
4(6090 14093 14094 6091)
4(5941 6092 14095 13944)
4(6091 14094 14095 6092)
4(5942 6093 14096 13945)
4(6092 14095 14096 6093)
4(5943 6094 14097 13946)
4(6093 14096 14097 6094)
4(5944 6095 14098 13947)
4(6094 14097 14098 6095)
4(5945 6096 14099 13948)
4(6095 14098 14099 6096)
4(5946 6097 14100 13949)
4(6096 14099 14100 6097)
4(5947 6098 14101 13950)
4(6097 14100 14101 6098)
4(5948 6099 14102 13951)
4(6098 14101 14102 6099)
4(5949 6100 14103 13952)
4(6099 14102 14103 6100)
4(5950 6101 14104 13953)
4(6100 14103 14104 6101)
4(5951 6102 14105 13954)
4(6101 14104 14105 6102)
4(5952 6103 14106 13955)
4(6102 14105 14106 6103)
4(5953 6104 14107 13956)
4(6103 14106 14107 6104)
4(5954 6105 14108 13957)
4(6104 14107 14108 6105)
4(5955 6106 14109 13958)
4(6105 14108 14109 6106)
4(5956 6107 14110 13959)
4(6106 14109 14110 6107)
4(5957 6108 14111 13960)
4(6107 14110 14111 6108)
4(5958 6109 14112 13961)
4(6108 14111 14112 6109)
4(5959 6110 14113 13962)
4(6109 14112 14113 6110)
4(5960 6111 14114 13963)
4(6110 14113 14114 6111)
4(5961 6112 14115 13964)
4(6111 14114 14115 6112)
4(5962 6113 14116 13965)
4(6112 14115 14116 6113)
4(5963 6114 14117 13966)
4(6113 14116 14117 6114)
4(5964 6115 14118 13967)
4(6114 14117 14118 6115)
4(5965 6116 14119 13968)
4(6115 14118 14119 6116)
4(5966 6117 14120 13969)
4(6116 14119 14120 6117)
4(5967 6118 14121 13970)
4(6117 14120 14121 6118)
4(5968 6119 14122 13971)
4(6118 14121 14122 6119)
4(5969 6120 14123 13972)
4(6119 14122 14123 6120)
4(5970 6121 14124 13973)
4(6120 14123 14124 6121)
4(5971 6122 14125 13974)
4(6121 14124 14125 6122)
4(5972 6123 14126 13975)
4(6122 14125 14126 6123)
4(5973 6124 14127 13976)
4(6123 14126 14127 6124)
4(5974 6125 14128 13977)
4(6124 14127 14128 6125)
4(5975 6126 14129 13978)
4(6125 14128 14129 6126)
4(5976 6127 14130 13979)
4(6126 14129 14130 6127)
4(5977 6128 14131 13980)
4(6127 14130 14131 6128)
4(5978 6129 14132 13981)
4(6128 14131 14132 6129)
4(5979 6130 14133 13982)
4(6129 14132 14133 6130)
4(5980 6131 14134 13983)
4(6130 14133 14134 6131)
4(5981 6132 14135 13984)
4(6131 14134 14135 6132)
4(5982 6133 14136 13985)
4(6132 14135 14136 6133)
4(5983 6134 14137 13986)
4(6133 14136 14137 6134)
4(5984 6135 14138 13987)
4(6134 14137 14138 6135)
4(5985 6136 14139 13988)
4(6135 14138 14139 6136)
4(5986 6137 14140 13989)
4(6136 14139 14140 6137)
4(5987 6138 14141 13990)
4(6137 14140 14141 6138)
4(5988 6139 14142 13991)
4(6138 14141 14142 6139)
4(5989 6140 14143 13992)
4(6139 14142 14143 6140)
4(5990 6141 14144 13993)
4(6140 14143 14144 6141)
4(5991 6142 14145 13994)
4(6141 14144 14145 6142)
4(5992 6143 14146 13995)
4(6142 14145 14146 6143)
4(5993 6144 14147 13996)
4(6143 14146 14147 6144)
4(5994 6145 14148 13997)
4(6144 14147 14148 6145)
4(5995 6146 14149 13998)
4(6145 14148 14149 6146)
4(5996 6147 14150 13999)
4(6146 14149 14150 6147)
4(5997 6148 14151 14000)
4(6147 14150 14151 6148)
4(5998 6149 14152 14001)
4(6148 14151 14152 6149)
4(5999 6150 14153 14002)
4(6149 14152 14153 6150)
4(6000 6151 14154 14003)
4(6150 14153 14154 6151)
4(6001 6152 14155 14004)
4(6151 14154 14155 6152)
4(6002 6153 14156 14005)
4(6152 14155 14156 6153)
4(6003 6154 14157 14006)
4(6153 14156 14157 6154)
4(6004 6155 14158 14007)
4(6154 14157 14158 6155)
4(6005 6156 14159 14008)
4(6155 14158 14159 6156)
4(6006 6157 14160 14009)
4(6156 14159 14160 6157)
4(6007 6158 14161 14010)
4(6157 14160 14161 6158)
4(6008 6159 14162 14011)
4(6158 14161 14162 6159)
4(6009 6160 14163 14012)
4(6159 14162 14163 6160)
4(6010 6161 14164 14013)
4(6160 14163 14164 6161)
4(6011 6162 14165 14014)
4(6161 14164 14165 6162)
4(6012 6163 14166 14015)
4(6162 14165 14166 6163)
4(6013 6164 14167 14016)
4(6163 14166 14167 6164)
4(6014 6165 14168 14017)
4(6164 14167 14168 6165)
4(6015 6166 14169 14018)
4(6165 14168 14169 6166)
4(6016 6167 14170 14019)
4(6166 14169 14170 6167)
4(6017 6168 14171 14020)
4(6167 14170 14171 6168)
4(6018 6169 14172 14021)
4(6168 14171 14172 6169)
4(6019 6170 14173 14022)
4(6169 14172 14173 6170)
4(6020 6171 14174 14023)
4(6170 14173 14174 6171)
4(6021 6172 14175 14024)
4(6171 14174 14175 6172)
4(6022 6173 14176 14025)
4(6172 14175 14176 6173)
4(6023 6174 14177 14026)
4(6173 14176 14177 6174)
4(6024 6175 14178 14027)
4(6174 14177 14178 6175)
4(6025 6176 14179 14028)
4(6175 14178 14179 6176)
4(6026 6177 14180 14029)
4(6176 14179 14180 6177)
4(6027 6178 14181 14030)
4(6177 14180 14181 6178)
4(6028 6179 14182 14031)
4(6178 14181 14182 6179)
4(6029 6180 14183 14032)
4(6179 14182 14183 6180)
4(6030 6181 14184 14033)
4(6180 14183 14184 6181)
4(6031 6182 14185 14034)
4(6181 14184 14185 6182)
4(6032 6183 14186 14035)
4(6182 14185 14186 6183)
4(6033 6184 14187 14036)
4(6183 14186 14187 6184)
4(6034 6185 14188 14037)
4(6184 14187 14188 6185)
4(6035 6186 14189 14038)
4(6185 14188 14189 6186)
4(6036 6187 14190 14039)
4(6186 14189 14190 6187)
4(6037 6188 14191 14040)
4(6187 14190 14191 6188)
4(6038 6189 14192 14041)
4(6188 14191 14192 6189)
4(6189 14192 14193 6190)
4(6041 6192 14195 14044)
4(6191 14194 14195 6192)
4(6042 6193 14196 14045)
4(6192 14195 14196 6193)
4(6043 6194 14197 14046)
4(6193 14196 14197 6194)
4(6044 6195 14198 14047)
4(6194 14197 14198 6195)
4(6045 6196 14199 14048)
4(6195 14198 14199 6196)
4(6046 6197 14200 14049)
4(6196 14199 14200 6197)
4(6047 6198 14201 14050)
4(6197 14200 14201 6198)
4(6048 6199 14202 14051)
4(6198 14201 14202 6199)
4(6049 6200 14203 14052)
4(6199 14202 14203 6200)
4(6050 6201 14204 14053)
4(6200 14203 14204 6201)
4(6051 6202 14205 14054)
4(6201 14204 14205 6202)
4(6052 6203 14206 14055)
4(6202 14205 14206 6203)
4(6053 6204 14207 14056)
4(6203 14206 14207 6204)
4(6054 6205 14208 14057)
4(6204 14207 14208 6205)
4(6055 6206 14209 14058)
4(6205 14208 14209 6206)
4(6056 6207 14210 14059)
4(6206 14209 14210 6207)
4(6057 6208 14211 14060)
4(6207 14210 14211 6208)
4(6058 6209 14212 14061)
4(6208 14211 14212 6209)
4(6059 6210 14213 14062)
4(6209 14212 14213 6210)
4(6060 6211 14214 14063)
4(6210 14213 14214 6211)
4(6061 6212 14215 14064)
4(6211 14214 14215 6212)
4(6062 6213 14216 14065)
4(6212 14215 14216 6213)
4(6063 6214 14217 14066)
4(6213 14216 14217 6214)
4(6064 6215 14218 14067)
4(6214 14217 14218 6215)
4(6065 6216 14219 14068)
4(6215 14218 14219 6216)
4(6066 6217 14220 14069)
4(6216 14219 14220 6217)
4(6067 6218 14221 14070)
4(6217 14220 14221 6218)
4(6068 6219 14222 14071)
4(6218 14221 14222 6219)
4(6069 6220 14223 14072)
4(6219 14222 14223 6220)
4(6070 6221 14224 14073)
4(6220 14223 14224 6221)
4(6071 6222 14225 14074)
4(6221 14224 14225 6222)
4(6072 6223 14226 14075)
4(6222 14225 14226 6223)
4(6073 6224 14227 14076)
4(6223 14226 14227 6224)
4(6074 6225 14228 14077)
4(6224 14227 14228 6225)
4(6075 6226 14229 14078)
4(6225 14228 14229 6226)
4(6076 6227 14230 14079)
4(6226 14229 14230 6227)
4(6077 6228 14231 14080)
4(6227 14230 14231 6228)
4(6078 6229 14232 14081)
4(6228 14231 14232 6229)
4(6079 6230 14233 14082)
4(6229 14232 14233 6230)
4(6080 6231 14234 14083)
4(6230 14233 14234 6231)
4(6081 6232 14235 14084)
4(6231 14234 14235 6232)
4(6082 6233 14236 14085)
4(6232 14235 14236 6233)
4(6083 6234 14237 14086)
4(6233 14236 14237 6234)
4(6084 6235 14238 14087)
4(6234 14237 14238 6235)
4(6085 6236 14239 14088)
4(6235 14238 14239 6236)
4(6086 6237 14240 14089)
4(6236 14239 14240 6237)
4(6087 6238 14241 14090)
4(6237 14240 14241 6238)
4(6088 6239 14242 14091)
4(6238 14241 14242 6239)
4(6089 6240 14243 14092)
4(6239 14242 14243 6240)
4(6090 6241 14244 14093)
4(6240 14243 14244 6241)
4(6091 6242 14245 14094)
4(6241 14244 14245 6242)
4(6092 6243 14246 14095)
4(6242 14245 14246 6243)
4(6093 6244 14247 14096)
4(6243 14246 14247 6244)
4(6094 6245 14248 14097)
4(6244 14247 14248 6245)
4(6095 6246 14249 14098)
4(6245 14248 14249 6246)
4(6096 6247 14250 14099)
4(6246 14249 14250 6247)
4(6097 6248 14251 14100)
4(6247 14250 14251 6248)
4(6098 6249 14252 14101)
4(6248 14251 14252 6249)
4(6099 6250 14253 14102)
4(6249 14252 14253 6250)
4(6100 6251 14254 14103)
4(6250 14253 14254 6251)
4(6101 6252 14255 14104)
4(6251 14254 14255 6252)
4(6102 6253 14256 14105)
4(6252 14255 14256 6253)
4(6103 6254 14257 14106)
4(6253 14256 14257 6254)
4(6104 6255 14258 14107)
4(6254 14257 14258 6255)
4(6105 6256 14259 14108)
4(6255 14258 14259 6256)
4(6106 6257 14260 14109)
4(6256 14259 14260 6257)
4(6107 6258 14261 14110)
4(6257 14260 14261 6258)
4(6108 6259 14262 14111)
4(6258 14261 14262 6259)
4(6109 6260 14263 14112)
4(6259 14262 14263 6260)
4(6110 6261 14264 14113)
4(6260 14263 14264 6261)
4(6111 6262 14265 14114)
4(6261 14264 14265 6262)
4(6112 6263 14266 14115)
4(6262 14265 14266 6263)
4(6113 6264 14267 14116)
4(6263 14266 14267 6264)
4(6114 6265 14268 14117)
4(6264 14267 14268 6265)
4(6115 6266 14269 14118)
4(6265 14268 14269 6266)
4(6116 6267 14270 14119)
4(6266 14269 14270 6267)
4(6117 6268 14271 14120)
4(6267 14270 14271 6268)
4(6118 6269 14272 14121)
4(6268 14271 14272 6269)
4(6119 6270 14273 14122)
4(6269 14272 14273 6270)
4(6120 6271 14274 14123)
4(6270 14273 14274 6271)
4(6121 6272 14275 14124)
4(6271 14274 14275 6272)
4(6122 6273 14276 14125)
4(6272 14275 14276 6273)
4(6123 6274 14277 14126)
4(6273 14276 14277 6274)
4(6124 6275 14278 14127)
4(6274 14277 14278 6275)
4(6125 6276 14279 14128)
4(6275 14278 14279 6276)
4(6126 6277 14280 14129)
4(6276 14279 14280 6277)
4(6127 6278 14281 14130)
4(6277 14280 14281 6278)
4(6128 6279 14282 14131)
4(6278 14281 14282 6279)
4(6129 6280 14283 14132)
4(6279 14282 14283 6280)
4(6130 6281 14284 14133)
4(6280 14283 14284 6281)
4(6131 6282 14285 14134)
4(6281 14284 14285 6282)
4(6132 6283 14286 14135)
4(6282 14285 14286 6283)
4(6133 6284 14287 14136)
4(6283 14286 14287 6284)
4(6134 6285 14288 14137)
4(6284 14287 14288 6285)
4(6135 6286 14289 14138)
4(6285 14288 14289 6286)
4(6136 6287 14290 14139)
4(6286 14289 14290 6287)
4(6137 6288 14291 14140)
4(6287 14290 14291 6288)
4(6138 6289 14292 14141)
4(6288 14291 14292 6289)
4(6139 6290 14293 14142)
4(6289 14292 14293 6290)
4(6140 6291 14294 14143)
4(6290 14293 14294 6291)
4(6141 6292 14295 14144)
4(6291 14294 14295 6292)
4(6142 6293 14296 14145)
4(6292 14295 14296 6293)
4(6143 6294 14297 14146)
4(6293 14296 14297 6294)
4(6144 6295 14298 14147)
4(6294 14297 14298 6295)
4(6145 6296 14299 14148)
4(6295 14298 14299 6296)
4(6146 6297 14300 14149)
4(6296 14299 14300 6297)
4(6147 6298 14301 14150)
4(6297 14300 14301 6298)
4(6148 6299 14302 14151)
4(6298 14301 14302 6299)
4(6149 6300 14303 14152)
4(6299 14302 14303 6300)
4(6150 6301 14304 14153)
4(6300 14303 14304 6301)
4(6151 6302 14305 14154)
4(6301 14304 14305 6302)
4(6152 6303 14306 14155)
4(6302 14305 14306 6303)
4(6153 6304 14307 14156)
4(6303 14306 14307 6304)
4(6154 6305 14308 14157)
4(6304 14307 14308 6305)
4(6155 6306 14309 14158)
4(6305 14308 14309 6306)
4(6156 6307 14310 14159)
4(6306 14309 14310 6307)
4(6157 6308 14311 14160)
4(6307 14310 14311 6308)
4(6158 6309 14312 14161)
4(6308 14311 14312 6309)
4(6159 6310 14313 14162)
4(6309 14312 14313 6310)
4(6160 6311 14314 14163)
4(6310 14313 14314 6311)
4(6161 6312 14315 14164)
4(6311 14314 14315 6312)
4(6162 6313 14316 14165)
4(6312 14315 14316 6313)
4(6163 6314 14317 14166)
4(6313 14316 14317 6314)
4(6164 6315 14318 14167)
4(6314 14317 14318 6315)
4(6165 6316 14319 14168)
4(6315 14318 14319 6316)
4(6166 6317 14320 14169)
4(6316 14319 14320 6317)
4(6167 6318 14321 14170)
4(6317 14320 14321 6318)
4(6168 6319 14322 14171)
4(6318 14321 14322 6319)
4(6169 6320 14323 14172)
4(6319 14322 14323 6320)
4(6170 6321 14324 14173)
4(6320 14323 14324 6321)
4(6171 6322 14325 14174)
4(6321 14324 14325 6322)
4(6172 6323 14326 14175)
4(6322 14325 14326 6323)
4(6173 6324 14327 14176)
4(6323 14326 14327 6324)
4(6174 6325 14328 14177)
4(6324 14327 14328 6325)
4(6175 6326 14329 14178)
4(6325 14328 14329 6326)
4(6176 6327 14330 14179)
4(6326 14329 14330 6327)
4(6177 6328 14331 14180)
4(6327 14330 14331 6328)
4(6178 6329 14332 14181)
4(6328 14331 14332 6329)
4(6179 6330 14333 14182)
4(6329 14332 14333 6330)
4(6180 6331 14334 14183)
4(6330 14333 14334 6331)
4(6181 6332 14335 14184)
4(6331 14334 14335 6332)
4(6182 6333 14336 14185)
4(6332 14335 14336 6333)
4(6183 6334 14337 14186)
4(6333 14336 14337 6334)
4(6184 6335 14338 14187)
4(6334 14337 14338 6335)
4(6185 6336 14339 14188)
4(6335 14338 14339 6336)
4(6186 6337 14340 14189)
4(6336 14339 14340 6337)
4(6187 6338 14341 14190)
4(6337 14340 14341 6338)
4(6188 6339 14342 14191)
4(6338 14341 14342 6339)
4(6189 6340 14343 14192)
4(6339 14342 14343 6340)
4(6340 14343 14344 6341)
4(6192 6343 14346 14195)
4(6342 14345 14346 6343)
4(6193 6344 14347 14196)
4(6343 14346 14347 6344)
4(6194 6345 14348 14197)
4(6344 14347 14348 6345)
4(6195 6346 14349 14198)
4(6345 14348 14349 6346)
4(6196 6347 14350 14199)
4(6346 14349 14350 6347)
4(6197 6348 14351 14200)
4(6347 14350 14351 6348)
4(6198 6349 14352 14201)
4(6348 14351 14352 6349)
4(6199 6350 14353 14202)
4(6349 14352 14353 6350)
4(6200 6351 14354 14203)
4(6350 14353 14354 6351)
4(6201 6352 14355 14204)
4(6351 14354 14355 6352)
4(6202 6353 14356 14205)
4(6352 14355 14356 6353)
4(6203 6354 14357 14206)
4(6353 14356 14357 6354)
4(6204 6355 14358 14207)
4(6354 14357 14358 6355)
4(6205 6356 14359 14208)
4(6355 14358 14359 6356)
4(6206 6357 14360 14209)
4(6356 14359 14360 6357)
4(6207 6358 14361 14210)
4(6357 14360 14361 6358)
4(6208 6359 14362 14211)
4(6358 14361 14362 6359)
4(6209 6360 14363 14212)
4(6359 14362 14363 6360)
4(6210 6361 14364 14213)
4(6360 14363 14364 6361)
4(6211 6362 14365 14214)
4(6361 14364 14365 6362)
4(6212 6363 14366 14215)
4(6362 14365 14366 6363)
4(6213 6364 14367 14216)
4(6363 14366 14367 6364)
4(6214 6365 14368 14217)
4(6364 14367 14368 6365)
4(6215 6366 14369 14218)
4(6365 14368 14369 6366)
4(6216 6367 14370 14219)
4(6366 14369 14370 6367)
4(6217 6368 14371 14220)
4(6367 14370 14371 6368)
4(6218 6369 14372 14221)
4(6368 14371 14372 6369)
4(6219 6370 14373 14222)
4(6369 14372 14373 6370)
4(6220 6371 14374 14223)
4(6370 14373 14374 6371)
4(6221 6372 14375 14224)
4(6371 14374 14375 6372)
4(6222 6373 14376 14225)
4(6372 14375 14376 6373)
4(6223 6374 14377 14226)
4(6373 14376 14377 6374)
4(6224 6375 14378 14227)
4(6374 14377 14378 6375)
4(6225 6376 14379 14228)
4(6375 14378 14379 6376)
4(6226 6377 14380 14229)
4(6376 14379 14380 6377)
4(6227 6378 14381 14230)
4(6377 14380 14381 6378)
4(6228 6379 14382 14231)
4(6378 14381 14382 6379)
4(6229 6380 14383 14232)
4(6379 14382 14383 6380)
4(6230 6381 14384 14233)
4(6380 14383 14384 6381)
4(6231 6382 14385 14234)
4(6381 14384 14385 6382)
4(6232 6383 14386 14235)
4(6382 14385 14386 6383)
4(6233 6384 14387 14236)
4(6383 14386 14387 6384)
4(6234 6385 14388 14237)
4(6384 14387 14388 6385)
4(6235 6386 14389 14238)
4(6385 14388 14389 6386)
4(6236 6387 14390 14239)
4(6386 14389 14390 6387)
4(6237 6388 14391 14240)
4(6387 14390 14391 6388)
4(6238 6389 14392 14241)
4(6388 14391 14392 6389)
4(6239 6390 14393 14242)
4(6389 14392 14393 6390)
4(6240 6391 14394 14243)
4(6390 14393 14394 6391)
4(6241 6392 14395 14244)
4(6391 14394 14395 6392)
4(6242 6393 14396 14245)
4(6392 14395 14396 6393)
4(6243 6394 14397 14246)
4(6393 14396 14397 6394)
4(6244 6395 14398 14247)
4(6394 14397 14398 6395)
4(6245 6396 14399 14248)
4(6395 14398 14399 6396)
4(6246 6397 14400 14249)
4(6396 14399 14400 6397)
4(6247 6398 14401 14250)
4(6397 14400 14401 6398)
4(6248 6399 14402 14251)
4(6398 14401 14402 6399)
4(6249 6400 14403 14252)
4(6399 14402 14403 6400)
4(6250 6401 14404 14253)
4(6400 14403 14404 6401)
4(6251 6402 14405 14254)
4(6401 14404 14405 6402)
4(6252 6403 14406 14255)
4(6402 14405 14406 6403)
4(6253 6404 14407 14256)
4(6403 14406 14407 6404)
4(6254 6405 14408 14257)
4(6404 14407 14408 6405)
4(6255 6406 14409 14258)
4(6405 14408 14409 6406)
4(6256 6407 14410 14259)
4(6406 14409 14410 6407)
4(6257 6408 14411 14260)
4(6407 14410 14411 6408)
4(6258 6409 14412 14261)
4(6408 14411 14412 6409)
4(6259 6410 14413 14262)
4(6409 14412 14413 6410)
4(6260 6411 14414 14263)
4(6410 14413 14414 6411)
4(6261 6412 14415 14264)
4(6411 14414 14415 6412)
4(6262 6413 14416 14265)
4(6412 14415 14416 6413)
4(6263 6414 14417 14266)
4(6413 14416 14417 6414)
4(6264 6415 14418 14267)
4(6414 14417 14418 6415)
4(6265 6416 14419 14268)
4(6415 14418 14419 6416)
4(6266 6417 14420 14269)
4(6416 14419 14420 6417)
4(6267 6418 14421 14270)
4(6417 14420 14421 6418)
4(6268 6419 14422 14271)
4(6418 14421 14422 6419)
4(6269 6420 14423 14272)
4(6419 14422 14423 6420)
4(6270 6421 14424 14273)
4(6420 14423 14424 6421)
4(6271 6422 14425 14274)
4(6421 14424 14425 6422)
4(6272 6423 14426 14275)
4(6422 14425 14426 6423)
4(6273 6424 14427 14276)
4(6423 14426 14427 6424)
4(6274 6425 14428 14277)
4(6424 14427 14428 6425)
4(6275 6426 14429 14278)
4(6425 14428 14429 6426)
4(6276 6427 14430 14279)
4(6426 14429 14430 6427)
4(6277 6428 14431 14280)
4(6427 14430 14431 6428)
4(6278 6429 14432 14281)
4(6428 14431 14432 6429)
4(6279 6430 14433 14282)
4(6429 14432 14433 6430)
4(6280 6431 14434 14283)
4(6430 14433 14434 6431)
4(6281 6432 14435 14284)
4(6431 14434 14435 6432)
4(6282 6433 14436 14285)
4(6432 14435 14436 6433)
4(6283 6434 14437 14286)
4(6433 14436 14437 6434)
4(6284 6435 14438 14287)
4(6434 14437 14438 6435)
4(6285 6436 14439 14288)
4(6435 14438 14439 6436)
4(6286 6437 14440 14289)
4(6436 14439 14440 6437)
4(6287 6438 14441 14290)
4(6437 14440 14441 6438)
4(6288 6439 14442 14291)
4(6438 14441 14442 6439)
4(6289 6440 14443 14292)
4(6439 14442 14443 6440)
4(6290 6441 14444 14293)
4(6440 14443 14444 6441)
4(6291 6442 14445 14294)
4(6441 14444 14445 6442)
4(6292 6443 14446 14295)
4(6442 14445 14446 6443)
4(6293 6444 14447 14296)
4(6443 14446 14447 6444)
4(6294 6445 14448 14297)
4(6444 14447 14448 6445)
4(6295 6446 14449 14298)
4(6445 14448 14449 6446)
4(6296 6447 14450 14299)
4(6446 14449 14450 6447)
4(6297 6448 14451 14300)
4(6447 14450 14451 6448)
4(6298 6449 14452 14301)
4(6448 14451 14452 6449)
4(6299 6450 14453 14302)
4(6449 14452 14453 6450)
4(6300 6451 14454 14303)
4(6450 14453 14454 6451)
4(6301 6452 14455 14304)
4(6451 14454 14455 6452)
4(6302 6453 14456 14305)
4(6452 14455 14456 6453)
4(6303 6454 14457 14306)
4(6453 14456 14457 6454)
4(6304 6455 14458 14307)
4(6454 14457 14458 6455)
4(6305 6456 14459 14308)
4(6455 14458 14459 6456)
4(6306 6457 14460 14309)
4(6456 14459 14460 6457)
4(6307 6458 14461 14310)
4(6457 14460 14461 6458)
4(6308 6459 14462 14311)
4(6458 14461 14462 6459)
4(6309 6460 14463 14312)
4(6459 14462 14463 6460)
4(6310 6461 14464 14313)
4(6460 14463 14464 6461)
4(6311 6462 14465 14314)
4(6461 14464 14465 6462)
4(6312 6463 14466 14315)
4(6462 14465 14466 6463)
4(6313 6464 14467 14316)
4(6463 14466 14467 6464)
4(6314 6465 14468 14317)
4(6464 14467 14468 6465)
4(6315 6466 14469 14318)
4(6465 14468 14469 6466)
4(6316 6467 14470 14319)
4(6466 14469 14470 6467)
4(6317 6468 14471 14320)
4(6467 14470 14471 6468)
4(6318 6469 14472 14321)
4(6468 14471 14472 6469)
4(6319 6470 14473 14322)
4(6469 14472 14473 6470)
4(6320 6471 14474 14323)
4(6470 14473 14474 6471)
4(6321 6472 14475 14324)
4(6471 14474 14475 6472)
4(6322 6473 14476 14325)
4(6472 14475 14476 6473)
4(6323 6474 14477 14326)
4(6473 14476 14477 6474)
4(6324 6475 14478 14327)
4(6474 14477 14478 6475)
4(6325 6476 14479 14328)
4(6475 14478 14479 6476)
4(6326 6477 14480 14329)
4(6476 14479 14480 6477)
4(6327 6478 14481 14330)
4(6477 14480 14481 6478)
4(6328 6479 14482 14331)
4(6478 14481 14482 6479)
4(6329 6480 14483 14332)
4(6479 14482 14483 6480)
4(6330 6481 14484 14333)
4(6480 14483 14484 6481)
4(6331 6482 14485 14334)
4(6481 14484 14485 6482)
4(6332 6483 14486 14335)
4(6482 14485 14486 6483)
4(6333 6484 14487 14336)
4(6483 14486 14487 6484)
4(6334 6485 14488 14337)
4(6484 14487 14488 6485)
4(6335 6486 14489 14338)
4(6485 14488 14489 6486)
4(6336 6487 14490 14339)
4(6486 14489 14490 6487)
4(6337 6488 14491 14340)
4(6487 14490 14491 6488)
4(6338 6489 14492 14341)
4(6488 14491 14492 6489)
4(6339 6490 14493 14342)
4(6489 14492 14493 6490)
4(6340 6491 14494 14343)
4(6490 14493 14494 6491)
4(6491 14494 14495 6492)
4(6343 6494 14497 14346)
4(6493 14496 14497 6494)
4(6344 6495 14498 14347)
4(6494 14497 14498 6495)
4(6345 6496 14499 14348)
4(6495 14498 14499 6496)
4(6346 6497 14500 14349)
4(6496 14499 14500 6497)
4(6347 6498 14501 14350)
4(6497 14500 14501 6498)
4(6348 6499 14502 14351)
4(6498 14501 14502 6499)
4(6349 6500 14503 14352)
4(6499 14502 14503 6500)
4(6350 6501 14504 14353)
4(6500 14503 14504 6501)
4(6351 6502 14505 14354)
4(6501 14504 14505 6502)
4(6352 6503 14506 14355)
4(6502 14505 14506 6503)
4(6353 6504 14507 14356)
4(6503 14506 14507 6504)
4(6354 6505 14508 14357)
4(6504 14507 14508 6505)
4(6355 6506 14509 14358)
4(6505 14508 14509 6506)
4(6356 6507 14510 14359)
4(6506 14509 14510 6507)
4(6357 6508 14511 14360)
4(6507 14510 14511 6508)
4(6358 6509 14512 14361)
4(6508 14511 14512 6509)
4(6359 6510 14513 14362)
4(6509 14512 14513 6510)
4(6360 6511 14514 14363)
4(6510 14513 14514 6511)
4(6361 6512 14515 14364)
4(6511 14514 14515 6512)
4(6362 6513 14516 14365)
4(6512 14515 14516 6513)
4(6363 6514 14517 14366)
4(6513 14516 14517 6514)
4(6364 6515 14518 14367)
4(6514 14517 14518 6515)
4(6365 6516 14519 14368)
4(6515 14518 14519 6516)
4(6366 6517 14520 14369)
4(6516 14519 14520 6517)
4(6367 6518 14521 14370)
4(6517 14520 14521 6518)
4(6368 6519 14522 14371)
4(6518 14521 14522 6519)
4(6369 6520 14523 14372)
4(6519 14522 14523 6520)
4(6370 6521 14524 14373)
4(6520 14523 14524 6521)
4(6371 6522 14525 14374)
4(6521 14524 14525 6522)
4(6372 6523 14526 14375)
4(6522 14525 14526 6523)
4(6373 6524 14527 14376)
4(6523 14526 14527 6524)
4(6374 6525 14528 14377)
4(6524 14527 14528 6525)
4(6375 6526 14529 14378)
4(6525 14528 14529 6526)
4(6376 6527 14530 14379)
4(6526 14529 14530 6527)
4(6377 6528 14531 14380)
4(6527 14530 14531 6528)
4(6378 6529 14532 14381)
4(6528 14531 14532 6529)
4(6379 6530 14533 14382)
4(6529 14532 14533 6530)
4(6380 6531 14534 14383)
4(6530 14533 14534 6531)
4(6381 6532 14535 14384)
4(6531 14534 14535 6532)
4(6382 6533 14536 14385)
4(6532 14535 14536 6533)
4(6383 6534 14537 14386)
4(6533 14536 14537 6534)
4(6384 6535 14538 14387)
4(6534 14537 14538 6535)
4(6385 6536 14539 14388)
4(6535 14538 14539 6536)
4(6386 6537 14540 14389)
4(6536 14539 14540 6537)
4(6387 6538 14541 14390)
4(6537 14540 14541 6538)
4(6388 6539 14542 14391)
4(6538 14541 14542 6539)
4(6389 6540 14543 14392)
4(6539 14542 14543 6540)
4(6390 6541 14544 14393)
4(6540 14543 14544 6541)
4(6391 6542 14545 14394)
4(6541 14544 14545 6542)
4(6392 6543 14546 14395)
4(6542 14545 14546 6543)
4(6393 6544 14547 14396)
4(6543 14546 14547 6544)
4(6394 6545 14548 14397)
4(6544 14547 14548 6545)
4(6395 6546 14549 14398)
4(6545 14548 14549 6546)
4(6396 6547 14550 14399)
4(6546 14549 14550 6547)
4(6397 6548 14551 14400)
4(6547 14550 14551 6548)
4(6398 6549 14552 14401)
4(6548 14551 14552 6549)
4(6399 6550 14553 14402)
4(6549 14552 14553 6550)
4(6400 6551 14554 14403)
4(6550 14553 14554 6551)
4(6401 6552 14555 14404)
4(6551 14554 14555 6552)
4(6402 6553 14556 14405)
4(6552 14555 14556 6553)
4(6403 6554 14557 14406)
4(6553 14556 14557 6554)
4(6404 6555 14558 14407)
4(6554 14557 14558 6555)
4(6405 6556 14559 14408)
4(6555 14558 14559 6556)
4(6406 6557 14560 14409)
4(6556 14559 14560 6557)
4(6407 6558 14561 14410)
4(6557 14560 14561 6558)
4(6408 6559 14562 14411)
4(6558 14561 14562 6559)
4(6409 6560 14563 14412)
4(6559 14562 14563 6560)
4(6410 6561 14564 14413)
4(6560 14563 14564 6561)
4(6411 6562 14565 14414)
4(6561 14564 14565 6562)
4(6412 6563 14566 14415)
4(6562 14565 14566 6563)
4(6413 6564 14567 14416)
4(6563 14566 14567 6564)
4(6414 6565 14568 14417)
4(6564 14567 14568 6565)
4(6415 6566 14569 14418)
4(6565 14568 14569 6566)
4(6416 6567 14570 14419)
4(6566 14569 14570 6567)
4(6417 6568 14571 14420)
4(6567 14570 14571 6568)
4(6418 6569 14572 14421)
4(6568 14571 14572 6569)
4(6419 6570 14573 14422)
4(6569 14572 14573 6570)
4(6420 6571 14574 14423)
4(6570 14573 14574 6571)
4(6421 6572 14575 14424)
4(6571 14574 14575 6572)
4(6422 6573 14576 14425)
4(6572 14575 14576 6573)
4(6423 6574 14577 14426)
4(6573 14576 14577 6574)
4(6424 6575 14578 14427)
4(6574 14577 14578 6575)
4(6425 6576 14579 14428)
4(6575 14578 14579 6576)
4(6426 6577 14580 14429)
4(6576 14579 14580 6577)
4(6427 6578 14581 14430)
4(6577 14580 14581 6578)
4(6428 6579 14582 14431)
4(6578 14581 14582 6579)
4(6429 6580 14583 14432)
4(6579 14582 14583 6580)
4(6430 6581 14584 14433)
4(6580 14583 14584 6581)
4(6431 6582 14585 14434)
4(6581 14584 14585 6582)
4(6432 6583 14586 14435)
4(6582 14585 14586 6583)
4(6433 6584 14587 14436)
4(6583 14586 14587 6584)
4(6434 6585 14588 14437)
4(6584 14587 14588 6585)
4(6435 6586 14589 14438)
4(6585 14588 14589 6586)
4(6436 6587 14590 14439)
4(6586 14589 14590 6587)
4(6437 6588 14591 14440)
4(6587 14590 14591 6588)
4(6438 6589 14592 14441)
4(6588 14591 14592 6589)
4(6439 6590 14593 14442)
4(6589 14592 14593 6590)
4(6440 6591 14594 14443)
4(6590 14593 14594 6591)
4(6441 6592 14595 14444)
4(6591 14594 14595 6592)
4(6442 6593 14596 14445)
4(6592 14595 14596 6593)
4(6443 6594 14597 14446)
4(6593 14596 14597 6594)
4(6444 6595 14598 14447)
4(6594 14597 14598 6595)
4(6445 6596 14599 14448)
4(6595 14598 14599 6596)
4(6446 6597 14600 14449)
4(6596 14599 14600 6597)
4(6447 6598 14601 14450)
4(6597 14600 14601 6598)
4(6448 6599 14602 14451)
4(6598 14601 14602 6599)
4(6449 6600 14603 14452)
4(6599 14602 14603 6600)
4(6450 6601 14604 14453)
4(6600 14603 14604 6601)
4(6451 6602 14605 14454)
4(6601 14604 14605 6602)
4(6452 6603 14606 14455)
4(6602 14605 14606 6603)
4(6453 6604 14607 14456)
4(6603 14606 14607 6604)
4(6454 6605 14608 14457)
4(6604 14607 14608 6605)
4(6455 6606 14609 14458)
4(6605 14608 14609 6606)
4(6456 6607 14610 14459)
4(6606 14609 14610 6607)
4(6457 6608 14611 14460)
4(6607 14610 14611 6608)
4(6458 6609 14612 14461)
4(6608 14611 14612 6609)
4(6459 6610 14613 14462)
4(6609 14612 14613 6610)
4(6460 6611 14614 14463)
4(6610 14613 14614 6611)
4(6461 6612 14615 14464)
4(6611 14614 14615 6612)
4(6462 6613 14616 14465)
4(6612 14615 14616 6613)
4(6463 6614 14617 14466)
4(6613 14616 14617 6614)
4(6464 6615 14618 14467)
4(6614 14617 14618 6615)
4(6465 6616 14619 14468)
4(6615 14618 14619 6616)
4(6466 6617 14620 14469)
4(6616 14619 14620 6617)
4(6467 6618 14621 14470)
4(6617 14620 14621 6618)
4(6468 6619 14622 14471)
4(6618 14621 14622 6619)
4(6469 6620 14623 14472)
4(6619 14622 14623 6620)
4(6470 6621 14624 14473)
4(6620 14623 14624 6621)
4(6471 6622 14625 14474)
4(6621 14624 14625 6622)
4(6472 6623 14626 14475)
4(6622 14625 14626 6623)
4(6473 6624 14627 14476)
4(6623 14626 14627 6624)
4(6474 6625 14628 14477)
4(6624 14627 14628 6625)
4(6475 6626 14629 14478)
4(6625 14628 14629 6626)
4(6476 6627 14630 14479)
4(6626 14629 14630 6627)
4(6477 6628 14631 14480)
4(6627 14630 14631 6628)
4(6478 6629 14632 14481)
4(6628 14631 14632 6629)
4(6479 6630 14633 14482)
4(6629 14632 14633 6630)
4(6480 6631 14634 14483)
4(6630 14633 14634 6631)
4(6481 6632 14635 14484)
4(6631 14634 14635 6632)
4(6482 6633 14636 14485)
4(6632 14635 14636 6633)
4(6483 6634 14637 14486)
4(6633 14636 14637 6634)
4(6484 6635 14638 14487)
4(6634 14637 14638 6635)
4(6485 6636 14639 14488)
4(6635 14638 14639 6636)
4(6486 6637 14640 14489)
4(6636 14639 14640 6637)
4(6487 6638 14641 14490)
4(6637 14640 14641 6638)
4(6488 6639 14642 14491)
4(6638 14641 14642 6639)
4(6489 6640 14643 14492)
4(6639 14642 14643 6640)
4(6490 6641 14644 14493)
4(6640 14643 14644 6641)
4(6491 6642 14645 14494)
4(6641 14644 14645 6642)
4(6642 14645 14646 6643)
4(6494 6645 14648 14497)
4(6644 14647 14648 6645)
4(6495 6646 14649 14498)
4(6645 14648 14649 6646)
4(6496 6647 14650 14499)
4(6646 14649 14650 6647)
4(6497 6648 14651 14500)
4(6647 14650 14651 6648)
4(6498 6649 14652 14501)
4(6648 14651 14652 6649)
4(6499 6650 14653 14502)
4(6649 14652 14653 6650)
4(6500 6651 14654 14503)
4(6650 14653 14654 6651)
4(6501 6652 14655 14504)
4(6651 14654 14655 6652)
4(6502 6653 14656 14505)
4(6652 14655 14656 6653)
4(6503 6654 14657 14506)
4(6653 14656 14657 6654)
4(6504 6655 14658 14507)
4(6654 14657 14658 6655)
4(6505 6656 14659 14508)
4(6655 14658 14659 6656)
4(6506 6657 14660 14509)
4(6656 14659 14660 6657)
4(6507 6658 14661 14510)
4(6657 14660 14661 6658)
4(6508 6659 14662 14511)
4(6658 14661 14662 6659)
4(6509 6660 14663 14512)
4(6659 14662 14663 6660)
4(6510 6661 14664 14513)
4(6660 14663 14664 6661)
4(6511 6662 14665 14514)
4(6661 14664 14665 6662)
4(6512 6663 14666 14515)
4(6662 14665 14666 6663)
4(6513 6664 14667 14516)
4(6663 14666 14667 6664)
4(6514 6665 14668 14517)
4(6664 14667 14668 6665)
4(6515 6666 14669 14518)
4(6665 14668 14669 6666)
4(6516 6667 14670 14519)
4(6666 14669 14670 6667)
4(6517 6668 14671 14520)
4(6667 14670 14671 6668)
4(6518 6669 14672 14521)
4(6668 14671 14672 6669)
4(6519 6670 14673 14522)
4(6669 14672 14673 6670)
4(6520 6671 14674 14523)
4(6670 14673 14674 6671)
4(6521 6672 14675 14524)
4(6671 14674 14675 6672)
4(6522 6673 14676 14525)
4(6672 14675 14676 6673)
4(6523 6674 14677 14526)
4(6673 14676 14677 6674)
4(6524 6675 14678 14527)
4(6674 14677 14678 6675)
4(6525 6676 14679 14528)
4(6675 14678 14679 6676)
4(6526 6677 14680 14529)
4(6676 14679 14680 6677)
4(6527 6678 14681 14530)
4(6677 14680 14681 6678)
4(6528 6679 14682 14531)
4(6678 14681 14682 6679)
4(6529 6680 14683 14532)
4(6679 14682 14683 6680)
4(6530 6681 14684 14533)
4(6680 14683 14684 6681)
4(6531 6682 14685 14534)
4(6681 14684 14685 6682)
4(6532 6683 14686 14535)
4(6682 14685 14686 6683)
4(6533 6684 14687 14536)
4(6683 14686 14687 6684)
4(6534 6685 14688 14537)
4(6684 14687 14688 6685)
4(6535 6686 14689 14538)
4(6685 14688 14689 6686)
4(6536 6687 14690 14539)
4(6686 14689 14690 6687)
4(6537 6688 14691 14540)
4(6687 14690 14691 6688)
4(6538 6689 14692 14541)
4(6688 14691 14692 6689)
4(6539 6690 14693 14542)
4(6689 14692 14693 6690)
4(6540 6691 14694 14543)
4(6690 14693 14694 6691)
4(6541 6692 14695 14544)
4(6691 14694 14695 6692)
4(6542 6693 14696 14545)
4(6692 14695 14696 6693)
4(6543 6694 14697 14546)
4(6693 14696 14697 6694)
4(6544 6695 14698 14547)
4(6694 14697 14698 6695)
4(6545 6696 14699 14548)
4(6695 14698 14699 6696)
4(6546 6697 14700 14549)
4(6696 14699 14700 6697)
4(6547 6698 14701 14550)
4(6697 14700 14701 6698)
4(6548 6699 14702 14551)
4(6698 14701 14702 6699)
4(6549 6700 14703 14552)
4(6699 14702 14703 6700)
4(6550 6701 14704 14553)
4(6700 14703 14704 6701)
4(6551 6702 14705 14554)
4(6701 14704 14705 6702)
4(6552 6703 14706 14555)
4(6702 14705 14706 6703)
4(6553 6704 14707 14556)
4(6703 14706 14707 6704)
4(6554 6705 14708 14557)
4(6704 14707 14708 6705)
4(6555 6706 14709 14558)
4(6705 14708 14709 6706)
4(6556 6707 14710 14559)
4(6706 14709 14710 6707)
4(6557 6708 14711 14560)
4(6707 14710 14711 6708)
4(6558 6709 14712 14561)
4(6708 14711 14712 6709)
4(6559 6710 14713 14562)
4(6709 14712 14713 6710)
4(6560 6711 14714 14563)
4(6710 14713 14714 6711)
4(6561 6712 14715 14564)
4(6711 14714 14715 6712)
4(6562 6713 14716 14565)
4(6712 14715 14716 6713)
4(6563 6714 14717 14566)
4(6713 14716 14717 6714)
4(6564 6715 14718 14567)
4(6714 14717 14718 6715)
4(6565 6716 14719 14568)
4(6715 14718 14719 6716)
4(6566 6717 14720 14569)
4(6716 14719 14720 6717)
4(6567 6718 14721 14570)
4(6717 14720 14721 6718)
4(6568 6719 14722 14571)
4(6718 14721 14722 6719)
4(6569 6720 14723 14572)
4(6719 14722 14723 6720)
4(6570 6721 14724 14573)
4(6720 14723 14724 6721)
4(6571 6722 14725 14574)
4(6721 14724 14725 6722)
4(6572 6723 14726 14575)
4(6722 14725 14726 6723)
4(6573 6724 14727 14576)
4(6723 14726 14727 6724)
4(6574 6725 14728 14577)
4(6724 14727 14728 6725)
4(6575 6726 14729 14578)
4(6725 14728 14729 6726)
4(6576 6727 14730 14579)
4(6726 14729 14730 6727)
4(6577 6728 14731 14580)
4(6727 14730 14731 6728)
4(6578 6729 14732 14581)
4(6728 14731 14732 6729)
4(6579 6730 14733 14582)
4(6729 14732 14733 6730)
4(6580 6731 14734 14583)
4(6730 14733 14734 6731)
4(6581 6732 14735 14584)
4(6731 14734 14735 6732)
4(6582 6733 14736 14585)
4(6732 14735 14736 6733)
4(6583 6734 14737 14586)
4(6733 14736 14737 6734)
4(6584 6735 14738 14587)
4(6734 14737 14738 6735)
4(6585 6736 14739 14588)
4(6735 14738 14739 6736)
4(6586 6737 14740 14589)
4(6736 14739 14740 6737)
4(6587 6738 14741 14590)
4(6737 14740 14741 6738)
4(6588 6739 14742 14591)
4(6738 14741 14742 6739)
4(6589 6740 14743 14592)
4(6739 14742 14743 6740)
4(6590 6741 14744 14593)
4(6740 14743 14744 6741)
4(6591 6742 14745 14594)
4(6741 14744 14745 6742)
4(6592 6743 14746 14595)
4(6742 14745 14746 6743)
4(6593 6744 14747 14596)
4(6743 14746 14747 6744)
4(6594 6745 14748 14597)
4(6744 14747 14748 6745)
4(6595 6746 14749 14598)
4(6745 14748 14749 6746)
4(6596 6747 14750 14599)
4(6746 14749 14750 6747)
4(6597 6748 14751 14600)
4(6747 14750 14751 6748)
4(6598 6749 14752 14601)
4(6748 14751 14752 6749)
4(6599 6750 14753 14602)
4(6749 14752 14753 6750)
4(6600 6751 14754 14603)
4(6750 14753 14754 6751)
4(6601 6752 14755 14604)
4(6751 14754 14755 6752)
4(6602 6753 14756 14605)
4(6752 14755 14756 6753)
4(6603 6754 14757 14606)
4(6753 14756 14757 6754)
4(6604 6755 14758 14607)
4(6754 14757 14758 6755)
4(6605 6756 14759 14608)
4(6755 14758 14759 6756)
4(6606 6757 14760 14609)
4(6756 14759 14760 6757)
4(6607 6758 14761 14610)
4(6757 14760 14761 6758)
4(6608 6759 14762 14611)
4(6758 14761 14762 6759)
4(6609 6760 14763 14612)
4(6759 14762 14763 6760)
4(6610 6761 14764 14613)
4(6760 14763 14764 6761)
4(6611 6762 14765 14614)
4(6761 14764 14765 6762)
4(6612 6763 14766 14615)
4(6762 14765 14766 6763)
4(6613 6764 14767 14616)
4(6763 14766 14767 6764)
4(6614 6765 14768 14617)
4(6764 14767 14768 6765)
4(6615 6766 14769 14618)
4(6765 14768 14769 6766)
4(6616 6767 14770 14619)
4(6766 14769 14770 6767)
4(6617 6768 14771 14620)
4(6767 14770 14771 6768)
4(6618 6769 14772 14621)
4(6768 14771 14772 6769)
4(6619 6770 14773 14622)
4(6769 14772 14773 6770)
4(6620 6771 14774 14623)
4(6770 14773 14774 6771)
4(6621 6772 14775 14624)
4(6771 14774 14775 6772)
4(6622 6773 14776 14625)
4(6772 14775 14776 6773)
4(6623 6774 14777 14626)
4(6773 14776 14777 6774)
4(6624 6775 14778 14627)
4(6774 14777 14778 6775)
4(6625 6776 14779 14628)
4(6775 14778 14779 6776)
4(6626 6777 14780 14629)
4(6776 14779 14780 6777)
4(6627 6778 14781 14630)
4(6777 14780 14781 6778)
4(6628 6779 14782 14631)
4(6778 14781 14782 6779)
4(6629 6780 14783 14632)
4(6779 14782 14783 6780)
4(6630 6781 14784 14633)
4(6780 14783 14784 6781)
4(6631 6782 14785 14634)
4(6781 14784 14785 6782)
4(6632 6783 14786 14635)
4(6782 14785 14786 6783)
4(6633 6784 14787 14636)
4(6783 14786 14787 6784)
4(6634 6785 14788 14637)
4(6784 14787 14788 6785)
4(6635 6786 14789 14638)
4(6785 14788 14789 6786)
4(6636 6787 14790 14639)
4(6786 14789 14790 6787)
4(6637 6788 14791 14640)
4(6787 14790 14791 6788)
4(6638 6789 14792 14641)
4(6788 14791 14792 6789)
4(6639 6790 14793 14642)
4(6789 14792 14793 6790)
4(6640 6791 14794 14643)
4(6790 14793 14794 6791)
4(6641 6792 14795 14644)
4(6791 14794 14795 6792)
4(6642 6793 14796 14645)
4(6792 14795 14796 6793)
4(6793 14796 14797 6794)
4(6645 6796 14799 14648)
4(6795 14798 14799 6796)
4(6646 6797 14800 14649)
4(6796 14799 14800 6797)
4(6647 6798 14801 14650)
4(6797 14800 14801 6798)
4(6648 6799 14802 14651)
4(6798 14801 14802 6799)
4(6649 6800 14803 14652)
4(6799 14802 14803 6800)
4(6650 6801 14804 14653)
4(6800 14803 14804 6801)
4(6651 6802 14805 14654)
4(6801 14804 14805 6802)
4(6652 6803 14806 14655)
4(6802 14805 14806 6803)
4(6653 6804 14807 14656)
4(6803 14806 14807 6804)
4(6654 6805 14808 14657)
4(6804 14807 14808 6805)
4(6655 6806 14809 14658)
4(6805 14808 14809 6806)
4(6656 6807 14810 14659)
4(6806 14809 14810 6807)
4(6657 6808 14811 14660)
4(6807 14810 14811 6808)
4(6658 6809 14812 14661)
4(6808 14811 14812 6809)
4(6659 6810 14813 14662)
4(6809 14812 14813 6810)
4(6660 6811 14814 14663)
4(6810 14813 14814 6811)
4(6661 6812 14815 14664)
4(6811 14814 14815 6812)
4(6662 6813 14816 14665)
4(6812 14815 14816 6813)
4(6663 6814 14817 14666)
4(6813 14816 14817 6814)
4(6664 6815 14818 14667)
4(6814 14817 14818 6815)
4(6665 6816 14819 14668)
4(6815 14818 14819 6816)
4(6666 6817 14820 14669)
4(6816 14819 14820 6817)
4(6667 6818 14821 14670)
4(6817 14820 14821 6818)
4(6668 6819 14822 14671)
4(6818 14821 14822 6819)
4(6669 6820 14823 14672)
4(6819 14822 14823 6820)
4(6670 6821 14824 14673)
4(6820 14823 14824 6821)
4(6671 6822 14825 14674)
4(6821 14824 14825 6822)
4(6672 6823 14826 14675)
4(6822 14825 14826 6823)
4(6673 6824 14827 14676)
4(6823 14826 14827 6824)
4(6674 6825 14828 14677)
4(6824 14827 14828 6825)
4(6675 6826 14829 14678)
4(6825 14828 14829 6826)
4(6676 6827 14830 14679)
4(6826 14829 14830 6827)
4(6677 6828 14831 14680)
4(6827 14830 14831 6828)
4(6678 6829 14832 14681)
4(6828 14831 14832 6829)
4(6679 6830 14833 14682)
4(6829 14832 14833 6830)
4(6680 6831 14834 14683)
4(6830 14833 14834 6831)
4(6681 6832 14835 14684)
4(6831 14834 14835 6832)
4(6682 6833 14836 14685)
4(6832 14835 14836 6833)
4(6683 6834 14837 14686)
4(6833 14836 14837 6834)
4(6684 6835 14838 14687)
4(6834 14837 14838 6835)
4(6685 6836 14839 14688)
4(6835 14838 14839 6836)
4(6686 6837 14840 14689)
4(6836 14839 14840 6837)
4(6687 6838 14841 14690)
4(6837 14840 14841 6838)
4(6688 6839 14842 14691)
4(6838 14841 14842 6839)
4(6689 6840 14843 14692)
4(6839 14842 14843 6840)
4(6690 6841 14844 14693)
4(6840 14843 14844 6841)
4(6691 6842 14845 14694)
4(6841 14844 14845 6842)
4(6692 6843 14846 14695)
4(6842 14845 14846 6843)
4(6693 6844 14847 14696)
4(6843 14846 14847 6844)
4(6694 6845 14848 14697)
4(6844 14847 14848 6845)
4(6695 6846 14849 14698)
4(6845 14848 14849 6846)
4(6696 6847 14850 14699)
4(6846 14849 14850 6847)
4(6697 6848 14851 14700)
4(6847 14850 14851 6848)
4(6698 6849 14852 14701)
4(6848 14851 14852 6849)
4(6699 6850 14853 14702)
4(6849 14852 14853 6850)
4(6700 6851 14854 14703)
4(6850 14853 14854 6851)
4(6701 6852 14855 14704)
4(6851 14854 14855 6852)
4(6702 6853 14856 14705)
4(6852 14855 14856 6853)
4(6703 6854 14857 14706)
4(6853 14856 14857 6854)
4(6704 6855 14858 14707)
4(6854 14857 14858 6855)
4(6705 6856 14859 14708)
4(6855 14858 14859 6856)
4(6706 6857 14860 14709)
4(6856 14859 14860 6857)
4(6707 6858 14861 14710)
4(6857 14860 14861 6858)
4(6708 6859 14862 14711)
4(6858 14861 14862 6859)
4(6709 6860 14863 14712)
4(6859 14862 14863 6860)
4(6710 6861 14864 14713)
4(6860 14863 14864 6861)
4(6711 6862 14865 14714)
4(6861 14864 14865 6862)
4(6712 6863 14866 14715)
4(6862 14865 14866 6863)
4(6713 6864 14867 14716)
4(6863 14866 14867 6864)
4(6714 6865 14868 14717)
4(6864 14867 14868 6865)
4(6715 6866 14869 14718)
4(6865 14868 14869 6866)
4(6716 6867 14870 14719)
4(6866 14869 14870 6867)
4(6717 6868 14871 14720)
4(6867 14870 14871 6868)
4(6718 6869 14872 14721)
4(6868 14871 14872 6869)
4(6719 6870 14873 14722)
4(6869 14872 14873 6870)
4(6720 6871 14874 14723)
4(6870 14873 14874 6871)
4(6721 6872 14875 14724)
4(6871 14874 14875 6872)
4(6722 6873 14876 14725)
4(6872 14875 14876 6873)
4(6723 6874 14877 14726)
4(6873 14876 14877 6874)
4(6724 6875 14878 14727)
4(6874 14877 14878 6875)
4(6725 6876 14879 14728)
4(6875 14878 14879 6876)
4(6726 6877 14880 14729)
4(6876 14879 14880 6877)
4(6727 6878 14881 14730)
4(6877 14880 14881 6878)
4(6728 6879 14882 14731)
4(6878 14881 14882 6879)
4(6729 6880 14883 14732)
4(6879 14882 14883 6880)
4(6730 6881 14884 14733)
4(6880 14883 14884 6881)
4(6731 6882 14885 14734)
4(6881 14884 14885 6882)
4(6732 6883 14886 14735)
4(6882 14885 14886 6883)
4(6733 6884 14887 14736)
4(6883 14886 14887 6884)
4(6734 6885 14888 14737)
4(6884 14887 14888 6885)
4(6735 6886 14889 14738)
4(6885 14888 14889 6886)
4(6736 6887 14890 14739)
4(6886 14889 14890 6887)
4(6737 6888 14891 14740)
4(6887 14890 14891 6888)
4(6738 6889 14892 14741)
4(6888 14891 14892 6889)
4(6739 6890 14893 14742)
4(6889 14892 14893 6890)
4(6740 6891 14894 14743)
4(6890 14893 14894 6891)
4(6741 6892 14895 14744)
4(6891 14894 14895 6892)
4(6742 6893 14896 14745)
4(6892 14895 14896 6893)
4(6743 6894 14897 14746)
4(6893 14896 14897 6894)
4(6744 6895 14898 14747)
4(6894 14897 14898 6895)
4(6745 6896 14899 14748)
4(6895 14898 14899 6896)
4(6746 6897 14900 14749)
4(6896 14899 14900 6897)
4(6747 6898 14901 14750)
4(6897 14900 14901 6898)
4(6748 6899 14902 14751)
4(6898 14901 14902 6899)
4(6749 6900 14903 14752)
4(6899 14902 14903 6900)
4(6750 6901 14904 14753)
4(6900 14903 14904 6901)
4(6751 6902 14905 14754)
4(6901 14904 14905 6902)
4(6752 6903 14906 14755)
4(6902 14905 14906 6903)
4(6753 6904 14907 14756)
4(6903 14906 14907 6904)
4(6754 6905 14908 14757)
4(6904 14907 14908 6905)
4(6755 6906 14909 14758)
4(6905 14908 14909 6906)
4(6756 6907 14910 14759)
4(6906 14909 14910 6907)
4(6757 6908 14911 14760)
4(6907 14910 14911 6908)
4(6758 6909 14912 14761)
4(6908 14911 14912 6909)
4(6759 6910 14913 14762)
4(6909 14912 14913 6910)
4(6760 6911 14914 14763)
4(6910 14913 14914 6911)
4(6761 6912 14915 14764)
4(6911 14914 14915 6912)
4(6762 6913 14916 14765)
4(6912 14915 14916 6913)
4(6763 6914 14917 14766)
4(6913 14916 14917 6914)
4(6764 6915 14918 14767)
4(6914 14917 14918 6915)
4(6765 6916 14919 14768)
4(6915 14918 14919 6916)
4(6766 6917 14920 14769)
4(6916 14919 14920 6917)
4(6767 6918 14921 14770)
4(6917 14920 14921 6918)
4(6768 6919 14922 14771)
4(6918 14921 14922 6919)
4(6769 6920 14923 14772)
4(6919 14922 14923 6920)
4(6770 6921 14924 14773)
4(6920 14923 14924 6921)
4(6771 6922 14925 14774)
4(6921 14924 14925 6922)
4(6772 6923 14926 14775)
4(6922 14925 14926 6923)
4(6773 6924 14927 14776)
4(6923 14926 14927 6924)
4(6774 6925 14928 14777)
4(6924 14927 14928 6925)
4(6775 6926 14929 14778)
4(6925 14928 14929 6926)
4(6776 6927 14930 14779)
4(6926 14929 14930 6927)
4(6777 6928 14931 14780)
4(6927 14930 14931 6928)
4(6778 6929 14932 14781)
4(6928 14931 14932 6929)
4(6779 6930 14933 14782)
4(6929 14932 14933 6930)
4(6780 6931 14934 14783)
4(6930 14933 14934 6931)
4(6781 6932 14935 14784)
4(6931 14934 14935 6932)
4(6782 6933 14936 14785)
4(6932 14935 14936 6933)
4(6783 6934 14937 14786)
4(6933 14936 14937 6934)
4(6784 6935 14938 14787)
4(6934 14937 14938 6935)
4(6785 6936 14939 14788)
4(6935 14938 14939 6936)
4(6786 6937 14940 14789)
4(6936 14939 14940 6937)
4(6787 6938 14941 14790)
4(6937 14940 14941 6938)
4(6788 6939 14942 14791)
4(6938 14941 14942 6939)
4(6789 6940 14943 14792)
4(6939 14942 14943 6940)
4(6790 6941 14944 14793)
4(6940 14943 14944 6941)
4(6791 6942 14945 14794)
4(6941 14944 14945 6942)
4(6792 6943 14946 14795)
4(6942 14945 14946 6943)
4(6793 6944 14947 14796)
4(6943 14946 14947 6944)
4(6944 14947 14948 6945)
4(6796 6947 14950 14799)
4(6946 14949 14950 6947)
4(6797 6948 14951 14800)
4(6947 14950 14951 6948)
4(6798 6949 14952 14801)
4(6948 14951 14952 6949)
4(6799 6950 14953 14802)
4(6949 14952 14953 6950)
4(6800 6951 14954 14803)
4(6950 14953 14954 6951)
4(6801 6952 14955 14804)
4(6951 14954 14955 6952)
4(6802 6953 14956 14805)
4(6952 14955 14956 6953)
4(6803 6954 14957 14806)
4(6953 14956 14957 6954)
4(6804 6955 14958 14807)
4(6954 14957 14958 6955)
4(6805 6956 14959 14808)
4(6955 14958 14959 6956)
4(6806 6957 14960 14809)
4(6956 14959 14960 6957)
4(6807 6958 14961 14810)
4(6957 14960 14961 6958)
4(6808 6959 14962 14811)
4(6958 14961 14962 6959)
4(6809 6960 14963 14812)
4(6959 14962 14963 6960)
4(6810 6961 14964 14813)
4(6960 14963 14964 6961)
4(6811 6962 14965 14814)
4(6961 14964 14965 6962)
4(6812 6963 14966 14815)
4(6962 14965 14966 6963)
4(6813 6964 14967 14816)
4(6963 14966 14967 6964)
4(6814 6965 14968 14817)
4(6964 14967 14968 6965)
4(6815 6966 14969 14818)
4(6965 14968 14969 6966)
4(6816 6967 14970 14819)
4(6966 14969 14970 6967)
4(6817 6968 14971 14820)
4(6967 14970 14971 6968)
4(6818 6969 14972 14821)
4(6968 14971 14972 6969)
4(6819 6970 14973 14822)
4(6969 14972 14973 6970)
4(6820 6971 14974 14823)
4(6970 14973 14974 6971)
4(6821 6972 14975 14824)
4(6971 14974 14975 6972)
4(6822 6973 14976 14825)
4(6972 14975 14976 6973)
4(6823 6974 14977 14826)
4(6973 14976 14977 6974)
4(6824 6975 14978 14827)
4(6974 14977 14978 6975)
4(6825 6976 14979 14828)
4(6975 14978 14979 6976)
4(6826 6977 14980 14829)
4(6976 14979 14980 6977)
4(6827 6978 14981 14830)
4(6977 14980 14981 6978)
4(6828 6979 14982 14831)
4(6978 14981 14982 6979)
4(6829 6980 14983 14832)
4(6979 14982 14983 6980)
4(6830 6981 14984 14833)
4(6980 14983 14984 6981)
4(6831 6982 14985 14834)
4(6981 14984 14985 6982)
4(6832 6983 14986 14835)
4(6982 14985 14986 6983)
4(6833 6984 14987 14836)
4(6983 14986 14987 6984)
4(6834 6985 14988 14837)
4(6984 14987 14988 6985)
4(6835 6986 14989 14838)
4(6985 14988 14989 6986)
4(6836 6987 14990 14839)
4(6986 14989 14990 6987)
4(6837 6988 14991 14840)
4(6987 14990 14991 6988)
4(6838 6989 14992 14841)
4(6988 14991 14992 6989)
4(6839 6990 14993 14842)
4(6989 14992 14993 6990)
4(6840 6991 14994 14843)
4(6990 14993 14994 6991)
4(6841 6992 14995 14844)
4(6991 14994 14995 6992)
4(6842 6993 14996 14845)
4(6992 14995 14996 6993)
4(6843 6994 14997 14846)
4(6993 14996 14997 6994)
4(6844 6995 14998 14847)
4(6994 14997 14998 6995)
4(6845 6996 14999 14848)
4(6995 14998 14999 6996)
4(6846 6997 15000 14849)
4(6996 14999 15000 6997)
4(6847 6998 15001 14850)
4(6997 15000 15001 6998)
4(6848 6999 15002 14851)
4(6998 15001 15002 6999)
4(6849 7000 15003 14852)
4(6999 15002 15003 7000)
4(6850 7001 15004 14853)
4(7000 15003 15004 7001)
4(6851 7002 15005 14854)
4(7001 15004 15005 7002)
4(6852 7003 15006 14855)
4(7002 15005 15006 7003)
4(6853 7004 15007 14856)
4(7003 15006 15007 7004)
4(6854 7005 15008 14857)
4(7004 15007 15008 7005)
4(6855 7006 15009 14858)
4(7005 15008 15009 7006)
4(6856 7007 15010 14859)
4(7006 15009 15010 7007)
4(6857 7008 15011 14860)
4(7007 15010 15011 7008)
4(6858 7009 15012 14861)
4(7008 15011 15012 7009)
4(6859 7010 15013 14862)
4(7009 15012 15013 7010)
4(6860 7011 15014 14863)
4(7010 15013 15014 7011)
4(6861 7012 15015 14864)
4(7011 15014 15015 7012)
4(6862 7013 15016 14865)
4(7012 15015 15016 7013)
4(6863 7014 15017 14866)
4(7013 15016 15017 7014)
4(6864 7015 15018 14867)
4(7014 15017 15018 7015)
4(6865 7016 15019 14868)
4(7015 15018 15019 7016)
4(6866 7017 15020 14869)
4(7016 15019 15020 7017)
4(6867 7018 15021 14870)
4(7017 15020 15021 7018)
4(6868 7019 15022 14871)
4(7018 15021 15022 7019)
4(6869 7020 15023 14872)
4(7019 15022 15023 7020)
4(6870 7021 15024 14873)
4(7020 15023 15024 7021)
4(6871 7022 15025 14874)
4(7021 15024 15025 7022)
4(6872 7023 15026 14875)
4(7022 15025 15026 7023)
4(6873 7024 15027 14876)
4(7023 15026 15027 7024)
4(6874 7025 15028 14877)
4(7024 15027 15028 7025)
4(6875 7026 15029 14878)
4(7025 15028 15029 7026)
4(6876 7027 15030 14879)
4(7026 15029 15030 7027)
4(6877 7028 15031 14880)
4(7027 15030 15031 7028)
4(6878 7029 15032 14881)
4(7028 15031 15032 7029)
4(6879 7030 15033 14882)
4(7029 15032 15033 7030)
4(6880 7031 15034 14883)
4(7030 15033 15034 7031)
4(6881 7032 15035 14884)
4(7031 15034 15035 7032)
4(6882 7033 15036 14885)
4(7032 15035 15036 7033)
4(6883 7034 15037 14886)
4(7033 15036 15037 7034)
4(6884 7035 15038 14887)
4(7034 15037 15038 7035)
4(6885 7036 15039 14888)
4(7035 15038 15039 7036)
4(6886 7037 15040 14889)
4(7036 15039 15040 7037)
4(6887 7038 15041 14890)
4(7037 15040 15041 7038)
4(6888 7039 15042 14891)
4(7038 15041 15042 7039)
4(6889 7040 15043 14892)
4(7039 15042 15043 7040)
4(6890 7041 15044 14893)
4(7040 15043 15044 7041)
4(6891 7042 15045 14894)
4(7041 15044 15045 7042)
4(6892 7043 15046 14895)
4(7042 15045 15046 7043)
4(6893 7044 15047 14896)
4(7043 15046 15047 7044)
4(6894 7045 15048 14897)
4(7044 15047 15048 7045)
4(6895 7046 15049 14898)
4(7045 15048 15049 7046)
4(6896 7047 15050 14899)
4(7046 15049 15050 7047)
4(6897 7048 15051 14900)
4(7047 15050 15051 7048)
4(6898 7049 15052 14901)
4(7048 15051 15052 7049)
4(6899 7050 15053 14902)
4(7049 15052 15053 7050)
4(6900 7051 15054 14903)
4(7050 15053 15054 7051)
4(6901 7052 15055 14904)
4(7051 15054 15055 7052)
4(6902 7053 15056 14905)
4(7052 15055 15056 7053)
4(6903 7054 15057 14906)
4(7053 15056 15057 7054)
4(6904 7055 15058 14907)
4(7054 15057 15058 7055)
4(6905 7056 15059 14908)
4(7055 15058 15059 7056)
4(6906 7057 15060 14909)
4(7056 15059 15060 7057)
4(6907 7058 15061 14910)
4(7057 15060 15061 7058)
4(6908 7059 15062 14911)
4(7058 15061 15062 7059)
4(6909 7060 15063 14912)
4(7059 15062 15063 7060)
4(6910 7061 15064 14913)
4(7060 15063 15064 7061)
4(6911 7062 15065 14914)
4(7061 15064 15065 7062)
4(6912 7063 15066 14915)
4(7062 15065 15066 7063)
4(6913 7064 15067 14916)
4(7063 15066 15067 7064)
4(6914 7065 15068 14917)
4(7064 15067 15068 7065)
4(6915 7066 15069 14918)
4(7065 15068 15069 7066)
4(6916 7067 15070 14919)
4(7066 15069 15070 7067)
4(6917 7068 15071 14920)
4(7067 15070 15071 7068)
4(6918 7069 15072 14921)
4(7068 15071 15072 7069)
4(6919 7070 15073 14922)
4(7069 15072 15073 7070)
4(6920 7071 15074 14923)
4(7070 15073 15074 7071)
4(6921 7072 15075 14924)
4(7071 15074 15075 7072)
4(6922 7073 15076 14925)
4(7072 15075 15076 7073)
4(6923 7074 15077 14926)
4(7073 15076 15077 7074)
4(6924 7075 15078 14927)
4(7074 15077 15078 7075)
4(6925 7076 15079 14928)
4(7075 15078 15079 7076)
4(6926 7077 15080 14929)
4(7076 15079 15080 7077)
4(6927 7078 15081 14930)
4(7077 15080 15081 7078)
4(6928 7079 15082 14931)
4(7078 15081 15082 7079)
4(6929 7080 15083 14932)
4(7079 15082 15083 7080)
4(6930 7081 15084 14933)
4(7080 15083 15084 7081)
4(6931 7082 15085 14934)
4(7081 15084 15085 7082)
4(6932 7083 15086 14935)
4(7082 15085 15086 7083)
4(6933 7084 15087 14936)
4(7083 15086 15087 7084)
4(6934 7085 15088 14937)
4(7084 15087 15088 7085)
4(6935 7086 15089 14938)
4(7085 15088 15089 7086)
4(6936 7087 15090 14939)
4(7086 15089 15090 7087)
4(6937 7088 15091 14940)
4(7087 15090 15091 7088)
4(6938 7089 15092 14941)
4(7088 15091 15092 7089)
4(6939 7090 15093 14942)
4(7089 15092 15093 7090)
4(6940 7091 15094 14943)
4(7090 15093 15094 7091)
4(6941 7092 15095 14944)
4(7091 15094 15095 7092)
4(6942 7093 15096 14945)
4(7092 15095 15096 7093)
4(6943 7094 15097 14946)
4(7093 15096 15097 7094)
4(6944 7095 15098 14947)
4(7094 15097 15098 7095)
4(7095 15098 15099 7096)
4(6947 7098 15101 14950)
4(7097 15100 15101 7098)
4(6948 7099 15102 14951)
4(7098 15101 15102 7099)
4(6949 7100 15103 14952)
4(7099 15102 15103 7100)
4(6950 7101 15104 14953)
4(7100 15103 15104 7101)
4(6951 7102 15105 14954)
4(7101 15104 15105 7102)
4(6952 7103 15106 14955)
4(7102 15105 15106 7103)
4(6953 7104 15107 14956)
4(7103 15106 15107 7104)
4(6954 7105 15108 14957)
4(7104 15107 15108 7105)
4(6955 7106 15109 14958)
4(7105 15108 15109 7106)
4(6956 7107 15110 14959)
4(7106 15109 15110 7107)
4(6957 7108 15111 14960)
4(7107 15110 15111 7108)
4(6958 7109 15112 14961)
4(7108 15111 15112 7109)
4(6959 7110 15113 14962)
4(7109 15112 15113 7110)
4(6960 7111 15114 14963)
4(7110 15113 15114 7111)
4(6961 7112 15115 14964)
4(7111 15114 15115 7112)
4(6962 7113 15116 14965)
4(7112 15115 15116 7113)
4(6963 7114 15117 14966)
4(7113 15116 15117 7114)
4(6964 7115 15118 14967)
4(7114 15117 15118 7115)
4(6965 7116 15119 14968)
4(7115 15118 15119 7116)
4(6966 7117 15120 14969)
4(7116 15119 15120 7117)
4(6967 7118 15121 14970)
4(7117 15120 15121 7118)
4(6968 7119 15122 14971)
4(7118 15121 15122 7119)
4(6969 7120 15123 14972)
4(7119 15122 15123 7120)
4(6970 7121 15124 14973)
4(7120 15123 15124 7121)
4(6971 7122 15125 14974)
4(7121 15124 15125 7122)
4(6972 7123 15126 14975)
4(7122 15125 15126 7123)
4(6973 7124 15127 14976)
4(7123 15126 15127 7124)
4(6974 7125 15128 14977)
4(7124 15127 15128 7125)
4(6975 7126 15129 14978)
4(7125 15128 15129 7126)
4(6976 7127 15130 14979)
4(7126 15129 15130 7127)
4(6977 7128 15131 14980)
4(7127 15130 15131 7128)
4(6978 7129 15132 14981)
4(7128 15131 15132 7129)
4(6979 7130 15133 14982)
4(7129 15132 15133 7130)
4(6980 7131 15134 14983)
4(7130 15133 15134 7131)
4(6981 7132 15135 14984)
4(7131 15134 15135 7132)
4(6982 7133 15136 14985)
4(7132 15135 15136 7133)
4(6983 7134 15137 14986)
4(7133 15136 15137 7134)
4(6984 7135 15138 14987)
4(7134 15137 15138 7135)
4(6985 7136 15139 14988)
4(7135 15138 15139 7136)
4(6986 7137 15140 14989)
4(7136 15139 15140 7137)
4(6987 7138 15141 14990)
4(7137 15140 15141 7138)
4(6988 7139 15142 14991)
4(7138 15141 15142 7139)
4(6989 7140 15143 14992)
4(7139 15142 15143 7140)
4(6990 7141 15144 14993)
4(7140 15143 15144 7141)
4(6991 7142 15145 14994)
4(7141 15144 15145 7142)
4(6992 7143 15146 14995)
4(7142 15145 15146 7143)
4(6993 7144 15147 14996)
4(7143 15146 15147 7144)
4(6994 7145 15148 14997)
4(7144 15147 15148 7145)
4(6995 7146 15149 14998)
4(7145 15148 15149 7146)
4(6996 7147 15150 14999)
4(7146 15149 15150 7147)
4(6997 7148 15151 15000)
4(7147 15150 15151 7148)
4(6998 7149 15152 15001)
4(7148 15151 15152 7149)
4(6999 7150 15153 15002)
4(7149 15152 15153 7150)
4(7000 7151 15154 15003)
4(7150 15153 15154 7151)
4(7001 7152 15155 15004)
4(7151 15154 15155 7152)
4(7002 7153 15156 15005)
4(7152 15155 15156 7153)
4(7003 7154 15157 15006)
4(7153 15156 15157 7154)
4(7004 7155 15158 15007)
4(7154 15157 15158 7155)
4(7005 7156 15159 15008)
4(7155 15158 15159 7156)
4(7006 7157 15160 15009)
4(7156 15159 15160 7157)
4(7007 7158 15161 15010)
4(7157 15160 15161 7158)
4(7008 7159 15162 15011)
4(7158 15161 15162 7159)
4(7009 7160 15163 15012)
4(7159 15162 15163 7160)
4(7010 7161 15164 15013)
4(7160 15163 15164 7161)
4(7011 7162 15165 15014)
4(7161 15164 15165 7162)
4(7012 7163 15166 15015)
4(7162 15165 15166 7163)
4(7013 7164 15167 15016)
4(7163 15166 15167 7164)
4(7014 7165 15168 15017)
4(7164 15167 15168 7165)
4(7015 7166 15169 15018)
4(7165 15168 15169 7166)
4(7016 7167 15170 15019)
4(7166 15169 15170 7167)
4(7017 7168 15171 15020)
4(7167 15170 15171 7168)
4(7018 7169 15172 15021)
4(7168 15171 15172 7169)
4(7019 7170 15173 15022)
4(7169 15172 15173 7170)
4(7020 7171 15174 15023)
4(7170 15173 15174 7171)
4(7021 7172 15175 15024)
4(7171 15174 15175 7172)
4(7022 7173 15176 15025)
4(7172 15175 15176 7173)
4(7023 7174 15177 15026)
4(7173 15176 15177 7174)
4(7024 7175 15178 15027)
4(7174 15177 15178 7175)
4(7025 7176 15179 15028)
4(7175 15178 15179 7176)
4(7026 7177 15180 15029)
4(7176 15179 15180 7177)
4(7027 7178 15181 15030)
4(7177 15180 15181 7178)
4(7028 7179 15182 15031)
4(7178 15181 15182 7179)
4(7029 7180 15183 15032)
4(7179 15182 15183 7180)
4(7030 7181 15184 15033)
4(7180 15183 15184 7181)
4(7031 7182 15185 15034)
4(7181 15184 15185 7182)
4(7032 7183 15186 15035)
4(7182 15185 15186 7183)
4(7033 7184 15187 15036)
4(7183 15186 15187 7184)
4(7034 7185 15188 15037)
4(7184 15187 15188 7185)
4(7035 7186 15189 15038)
4(7185 15188 15189 7186)
4(7036 7187 15190 15039)
4(7186 15189 15190 7187)
4(7037 7188 15191 15040)
4(7187 15190 15191 7188)
4(7038 7189 15192 15041)
4(7188 15191 15192 7189)
4(7039 7190 15193 15042)
4(7189 15192 15193 7190)
4(7040 7191 15194 15043)
4(7190 15193 15194 7191)
4(7041 7192 15195 15044)
4(7191 15194 15195 7192)
4(7042 7193 15196 15045)
4(7192 15195 15196 7193)
4(7043 7194 15197 15046)
4(7193 15196 15197 7194)
4(7044 7195 15198 15047)
4(7194 15197 15198 7195)
4(7045 7196 15199 15048)
4(7195 15198 15199 7196)
4(7046 7197 15200 15049)
4(7196 15199 15200 7197)
4(7047 7198 15201 15050)
4(7197 15200 15201 7198)
4(7048 7199 15202 15051)
4(7198 15201 15202 7199)
4(7049 7200 15203 15052)
4(7199 15202 15203 7200)
4(7050 7201 15204 15053)
4(7200 15203 15204 7201)
4(7051 7202 15205 15054)
4(7201 15204 15205 7202)
4(7052 7203 15206 15055)
4(7202 15205 15206 7203)
4(7053 7204 15207 15056)
4(7203 15206 15207 7204)
4(7054 7205 15208 15057)
4(7204 15207 15208 7205)
4(7055 7206 15209 15058)
4(7205 15208 15209 7206)
4(7056 7207 15210 15059)
4(7206 15209 15210 7207)
4(7057 7208 15211 15060)
4(7207 15210 15211 7208)
4(7058 7209 15212 15061)
4(7208 15211 15212 7209)
4(7059 7210 15213 15062)
4(7209 15212 15213 7210)
4(7060 7211 15214 15063)
4(7210 15213 15214 7211)
4(7061 7212 15215 15064)
4(7211 15214 15215 7212)
4(7062 7213 15216 15065)
4(7212 15215 15216 7213)
4(7063 7214 15217 15066)
4(7213 15216 15217 7214)
4(7064 7215 15218 15067)
4(7214 15217 15218 7215)
4(7065 7216 15219 15068)
4(7215 15218 15219 7216)
4(7066 7217 15220 15069)
4(7216 15219 15220 7217)
4(7067 7218 15221 15070)
4(7217 15220 15221 7218)
4(7068 7219 15222 15071)
4(7218 15221 15222 7219)
4(7069 7220 15223 15072)
4(7219 15222 15223 7220)
4(7070 7221 15224 15073)
4(7220 15223 15224 7221)
4(7071 7222 15225 15074)
4(7221 15224 15225 7222)
4(7072 7223 15226 15075)
4(7222 15225 15226 7223)
4(7073 7224 15227 15076)
4(7223 15226 15227 7224)
4(7074 7225 15228 15077)
4(7224 15227 15228 7225)
4(7075 7226 15229 15078)
4(7225 15228 15229 7226)
4(7076 7227 15230 15079)
4(7226 15229 15230 7227)
4(7077 7228 15231 15080)
4(7227 15230 15231 7228)
4(7078 7229 15232 15081)
4(7228 15231 15232 7229)
4(7079 7230 15233 15082)
4(7229 15232 15233 7230)
4(7080 7231 15234 15083)
4(7230 15233 15234 7231)
4(7081 7232 15235 15084)
4(7231 15234 15235 7232)
4(7082 7233 15236 15085)
4(7232 15235 15236 7233)
4(7083 7234 15237 15086)
4(7233 15236 15237 7234)
4(7084 7235 15238 15087)
4(7234 15237 15238 7235)
4(7085 7236 15239 15088)
4(7235 15238 15239 7236)
4(7086 7237 15240 15089)
4(7236 15239 15240 7237)
4(7087 7238 15241 15090)
4(7237 15240 15241 7238)
4(7088 7239 15242 15091)
4(7238 15241 15242 7239)
4(7089 7240 15243 15092)
4(7239 15242 15243 7240)
4(7090 7241 15244 15093)
4(7240 15243 15244 7241)
4(7091 7242 15245 15094)
4(7241 15244 15245 7242)
4(7092 7243 15246 15095)
4(7242 15245 15246 7243)
4(7093 7244 15247 15096)
4(7243 15246 15247 7244)
4(7094 7245 15248 15097)
4(7244 15247 15248 7245)
4(7095 7246 15249 15098)
4(7245 15248 15249 7246)
4(7246 15249 15250 7247)
4(7098 7249 15252 15101)
4(7248 15251 15252 7249)
4(7099 7250 15253 15102)
4(7249 15252 15253 7250)
4(7100 7251 15254 15103)
4(7250 15253 15254 7251)
4(7101 7252 15255 15104)
4(7251 15254 15255 7252)
4(7102 7253 15256 15105)
4(7252 15255 15256 7253)
4(7103 7254 15257 15106)
4(7253 15256 15257 7254)
4(7104 7255 15258 15107)
4(7254 15257 15258 7255)
4(7105 7256 15259 15108)
4(7255 15258 15259 7256)
4(7106 7257 15260 15109)
4(7256 15259 15260 7257)
4(7107 7258 15261 15110)
4(7257 15260 15261 7258)
4(7108 7259 15262 15111)
4(7258 15261 15262 7259)
4(7109 7260 15263 15112)
4(7259 15262 15263 7260)
4(7110 7261 15264 15113)
4(7260 15263 15264 7261)
4(7111 7262 15265 15114)
4(7261 15264 15265 7262)
4(7112 7263 15266 15115)
4(7262 15265 15266 7263)
4(7113 7264 15267 15116)
4(7263 15266 15267 7264)
4(7114 7265 15268 15117)
4(7264 15267 15268 7265)
4(7115 7266 15269 15118)
4(7265 15268 15269 7266)
4(7116 7267 15270 15119)
4(7266 15269 15270 7267)
4(7117 7268 15271 15120)
4(7267 15270 15271 7268)
4(7118 7269 15272 15121)
4(7268 15271 15272 7269)
4(7119 7270 15273 15122)
4(7269 15272 15273 7270)
4(7120 7271 15274 15123)
4(7270 15273 15274 7271)
4(7121 7272 15275 15124)
4(7271 15274 15275 7272)
4(7122 7273 15276 15125)
4(7272 15275 15276 7273)
4(7123 7274 15277 15126)
4(7273 15276 15277 7274)
4(7124 7275 15278 15127)
4(7274 15277 15278 7275)
4(7125 7276 15279 15128)
4(7275 15278 15279 7276)
4(7126 7277 15280 15129)
4(7276 15279 15280 7277)
4(7127 7278 15281 15130)
4(7277 15280 15281 7278)
4(7128 7279 15282 15131)
4(7278 15281 15282 7279)
4(7129 7280 15283 15132)
4(7279 15282 15283 7280)
4(7130 7281 15284 15133)
4(7280 15283 15284 7281)
4(7131 7282 15285 15134)
4(7281 15284 15285 7282)
4(7132 7283 15286 15135)
4(7282 15285 15286 7283)
4(7133 7284 15287 15136)
4(7283 15286 15287 7284)
4(7134 7285 15288 15137)
4(7284 15287 15288 7285)
4(7135 7286 15289 15138)
4(7285 15288 15289 7286)
4(7136 7287 15290 15139)
4(7286 15289 15290 7287)
4(7137 7288 15291 15140)
4(7287 15290 15291 7288)
4(7138 7289 15292 15141)
4(7288 15291 15292 7289)
4(7139 7290 15293 15142)
4(7289 15292 15293 7290)
4(7140 7291 15294 15143)
4(7290 15293 15294 7291)
4(7141 7292 15295 15144)
4(7291 15294 15295 7292)
4(7142 7293 15296 15145)
4(7292 15295 15296 7293)
4(7143 7294 15297 15146)
4(7293 15296 15297 7294)
4(7144 7295 15298 15147)
4(7294 15297 15298 7295)
4(7145 7296 15299 15148)
4(7295 15298 15299 7296)
4(7146 7297 15300 15149)
4(7296 15299 15300 7297)
4(7147 7298 15301 15150)
4(7297 15300 15301 7298)
4(7148 7299 15302 15151)
4(7298 15301 15302 7299)
4(7149 7300 15303 15152)
4(7299 15302 15303 7300)
4(7150 7301 15304 15153)
4(7300 15303 15304 7301)
4(7151 7302 15305 15154)
4(7301 15304 15305 7302)
4(7152 7303 15306 15155)
4(7302 15305 15306 7303)
4(7153 7304 15307 15156)
4(7303 15306 15307 7304)
4(7154 7305 15308 15157)
4(7304 15307 15308 7305)
4(7155 7306 15309 15158)
4(7305 15308 15309 7306)
4(7156 7307 15310 15159)
4(7306 15309 15310 7307)
4(7157 7308 15311 15160)
4(7307 15310 15311 7308)
4(7158 7309 15312 15161)
4(7308 15311 15312 7309)
4(7159 7310 15313 15162)
4(7309 15312 15313 7310)
4(7160 7311 15314 15163)
4(7310 15313 15314 7311)
4(7161 7312 15315 15164)
4(7311 15314 15315 7312)
4(7162 7313 15316 15165)
4(7312 15315 15316 7313)
4(7163 7314 15317 15166)
4(7313 15316 15317 7314)
4(7164 7315 15318 15167)
4(7314 15317 15318 7315)
4(7165 7316 15319 15168)
4(7315 15318 15319 7316)
4(7166 7317 15320 15169)
4(7316 15319 15320 7317)
4(7167 7318 15321 15170)
4(7317 15320 15321 7318)
4(7168 7319 15322 15171)
4(7318 15321 15322 7319)
4(7169 7320 15323 15172)
4(7319 15322 15323 7320)
4(7170 7321 15324 15173)
4(7320 15323 15324 7321)
4(7171 7322 15325 15174)
4(7321 15324 15325 7322)
4(7172 7323 15326 15175)
4(7322 15325 15326 7323)
4(7173 7324 15327 15176)
4(7323 15326 15327 7324)
4(7174 7325 15328 15177)
4(7324 15327 15328 7325)
4(7175 7326 15329 15178)
4(7325 15328 15329 7326)
4(7176 7327 15330 15179)
4(7326 15329 15330 7327)
4(7177 7328 15331 15180)
4(7327 15330 15331 7328)
4(7178 7329 15332 15181)
4(7328 15331 15332 7329)
4(7179 7330 15333 15182)
4(7329 15332 15333 7330)
4(7180 7331 15334 15183)
4(7330 15333 15334 7331)
4(7181 7332 15335 15184)
4(7331 15334 15335 7332)
4(7182 7333 15336 15185)
4(7332 15335 15336 7333)
4(7183 7334 15337 15186)
4(7333 15336 15337 7334)
4(7184 7335 15338 15187)
4(7334 15337 15338 7335)
4(7185 7336 15339 15188)
4(7335 15338 15339 7336)
4(7186 7337 15340 15189)
4(7336 15339 15340 7337)
4(7187 7338 15341 15190)
4(7337 15340 15341 7338)
4(7188 7339 15342 15191)
4(7338 15341 15342 7339)
4(7189 7340 15343 15192)
4(7339 15342 15343 7340)
4(7190 7341 15344 15193)
4(7340 15343 15344 7341)
4(7191 7342 15345 15194)
4(7341 15344 15345 7342)
4(7192 7343 15346 15195)
4(7342 15345 15346 7343)
4(7193 7344 15347 15196)
4(7343 15346 15347 7344)
4(7194 7345 15348 15197)
4(7344 15347 15348 7345)
4(7195 7346 15349 15198)
4(7345 15348 15349 7346)
4(7196 7347 15350 15199)
4(7346 15349 15350 7347)
4(7197 7348 15351 15200)
4(7347 15350 15351 7348)
4(7198 7349 15352 15201)
4(7348 15351 15352 7349)
4(7199 7350 15353 15202)
4(7349 15352 15353 7350)
4(7200 7351 15354 15203)
4(7350 15353 15354 7351)
4(7201 7352 15355 15204)
4(7351 15354 15355 7352)
4(7202 7353 15356 15205)
4(7352 15355 15356 7353)
4(7203 7354 15357 15206)
4(7353 15356 15357 7354)
4(7204 7355 15358 15207)
4(7354 15357 15358 7355)
4(7205 7356 15359 15208)
4(7355 15358 15359 7356)
4(7206 7357 15360 15209)
4(7356 15359 15360 7357)
4(7207 7358 15361 15210)
4(7357 15360 15361 7358)
4(7208 7359 15362 15211)
4(7358 15361 15362 7359)
4(7209 7360 15363 15212)
4(7359 15362 15363 7360)
4(7210 7361 15364 15213)
4(7360 15363 15364 7361)
4(7211 7362 15365 15214)
4(7361 15364 15365 7362)
4(7212 7363 15366 15215)
4(7362 15365 15366 7363)
4(7213 7364 15367 15216)
4(7363 15366 15367 7364)
4(7214 7365 15368 15217)
4(7364 15367 15368 7365)
4(7215 7366 15369 15218)
4(7365 15368 15369 7366)
4(7216 7367 15370 15219)
4(7366 15369 15370 7367)
4(7217 7368 15371 15220)
4(7367 15370 15371 7368)
4(7218 7369 15372 15221)
4(7368 15371 15372 7369)
4(7219 7370 15373 15222)
4(7369 15372 15373 7370)
4(7220 7371 15374 15223)
4(7370 15373 15374 7371)
4(7221 7372 15375 15224)
4(7371 15374 15375 7372)
4(7222 7373 15376 15225)
4(7372 15375 15376 7373)
4(7223 7374 15377 15226)
4(7373 15376 15377 7374)
4(7224 7375 15378 15227)
4(7374 15377 15378 7375)
4(7225 7376 15379 15228)
4(7375 15378 15379 7376)
4(7226 7377 15380 15229)
4(7376 15379 15380 7377)
4(7227 7378 15381 15230)
4(7377 15380 15381 7378)
4(7228 7379 15382 15231)
4(7378 15381 15382 7379)
4(7229 7380 15383 15232)
4(7379 15382 15383 7380)
4(7230 7381 15384 15233)
4(7380 15383 15384 7381)
4(7231 7382 15385 15234)
4(7381 15384 15385 7382)
4(7232 7383 15386 15235)
4(7382 15385 15386 7383)
4(7233 7384 15387 15236)
4(7383 15386 15387 7384)
4(7234 7385 15388 15237)
4(7384 15387 15388 7385)
4(7235 7386 15389 15238)
4(7385 15388 15389 7386)
4(7236 7387 15390 15239)
4(7386 15389 15390 7387)
4(7237 7388 15391 15240)
4(7387 15390 15391 7388)
4(7238 7389 15392 15241)
4(7388 15391 15392 7389)
4(7239 7390 15393 15242)
4(7389 15392 15393 7390)
4(7240 7391 15394 15243)
4(7390 15393 15394 7391)
4(7241 7392 15395 15244)
4(7391 15394 15395 7392)
4(7242 7393 15396 15245)
4(7392 15395 15396 7393)
4(7243 7394 15397 15246)
4(7393 15396 15397 7394)
4(7244 7395 15398 15247)
4(7394 15397 15398 7395)
4(7245 7396 15399 15248)
4(7395 15398 15399 7396)
4(7246 7397 15400 15249)
4(7396 15399 15400 7397)
4(7397 15400 15401 7398)
4(7249 7400 15403 15252)
4(7399 15402 15403 7400)
4(7250 7401 15404 15253)
4(7400 15403 15404 7401)
4(7251 7402 15405 15254)
4(7401 15404 15405 7402)
4(7252 7403 15406 15255)
4(7402 15405 15406 7403)
4(7253 7404 15407 15256)
4(7403 15406 15407 7404)
4(7254 7405 15408 15257)
4(7404 15407 15408 7405)
4(7255 7406 15409 15258)
4(7405 15408 15409 7406)
4(7256 7407 15410 15259)
4(7406 15409 15410 7407)
4(7257 7408 15411 15260)
4(7407 15410 15411 7408)
4(7258 7409 15412 15261)
4(7408 15411 15412 7409)
4(7259 7410 15413 15262)
4(7409 15412 15413 7410)
4(7260 7411 15414 15263)
4(7410 15413 15414 7411)
4(7261 7412 15415 15264)
4(7411 15414 15415 7412)
4(7262 7413 15416 15265)
4(7412 15415 15416 7413)
4(7263 7414 15417 15266)
4(7413 15416 15417 7414)
4(7264 7415 15418 15267)
4(7414 15417 15418 7415)
4(7265 7416 15419 15268)
4(7415 15418 15419 7416)
4(7266 7417 15420 15269)
4(7416 15419 15420 7417)
4(7267 7418 15421 15270)
4(7417 15420 15421 7418)
4(7268 7419 15422 15271)
4(7418 15421 15422 7419)
4(7269 7420 15423 15272)
4(7419 15422 15423 7420)
4(7270 7421 15424 15273)
4(7420 15423 15424 7421)
4(7271 7422 15425 15274)
4(7421 15424 15425 7422)
4(7272 7423 15426 15275)
4(7422 15425 15426 7423)
4(7273 7424 15427 15276)
4(7423 15426 15427 7424)
4(7274 7425 15428 15277)
4(7424 15427 15428 7425)
4(7275 7426 15429 15278)
4(7425 15428 15429 7426)
4(7276 7427 15430 15279)
4(7426 15429 15430 7427)
4(7277 7428 15431 15280)
4(7427 15430 15431 7428)
4(7278 7429 15432 15281)
4(7428 15431 15432 7429)
4(7279 7430 15433 15282)
4(7429 15432 15433 7430)
4(7280 7431 15434 15283)
4(7430 15433 15434 7431)
4(7281 7432 15435 15284)
4(7431 15434 15435 7432)
4(7282 7433 15436 15285)
4(7432 15435 15436 7433)
4(7283 7434 15437 15286)
4(7433 15436 15437 7434)
4(7284 7435 15438 15287)
4(7434 15437 15438 7435)
4(7285 7436 15439 15288)
4(7435 15438 15439 7436)
4(7286 7437 15440 15289)
4(7436 15439 15440 7437)
4(7287 7438 15441 15290)
4(7437 15440 15441 7438)
4(7288 7439 15442 15291)
4(7438 15441 15442 7439)
4(7289 7440 15443 15292)
4(7439 15442 15443 7440)
4(7290 7441 15444 15293)
4(7440 15443 15444 7441)
4(7291 7442 15445 15294)
4(7441 15444 15445 7442)
4(7292 7443 15446 15295)
4(7442 15445 15446 7443)
4(7293 7444 15447 15296)
4(7443 15446 15447 7444)
4(7294 7445 15448 15297)
4(7444 15447 15448 7445)
4(7295 7446 15449 15298)
4(7445 15448 15449 7446)
4(7296 7447 15450 15299)
4(7446 15449 15450 7447)
4(7297 7448 15451 15300)
4(7447 15450 15451 7448)
4(7298 7449 15452 15301)
4(7448 15451 15452 7449)
4(7299 7450 15453 15302)
4(7449 15452 15453 7450)
4(7300 7451 15454 15303)
4(7450 15453 15454 7451)
4(7301 7452 15455 15304)
4(7451 15454 15455 7452)
4(7302 7453 15456 15305)
4(7452 15455 15456 7453)
4(7303 7454 15457 15306)
4(7453 15456 15457 7454)
4(7304 7455 15458 15307)
4(7454 15457 15458 7455)
4(7305 7456 15459 15308)
4(7455 15458 15459 7456)
4(7306 7457 15460 15309)
4(7456 15459 15460 7457)
4(7307 7458 15461 15310)
4(7457 15460 15461 7458)
4(7308 7459 15462 15311)
4(7458 15461 15462 7459)
4(7309 7460 15463 15312)
4(7459 15462 15463 7460)
4(7310 7461 15464 15313)
4(7460 15463 15464 7461)
4(7311 7462 15465 15314)
4(7461 15464 15465 7462)
4(7312 7463 15466 15315)
4(7462 15465 15466 7463)
4(7313 7464 15467 15316)
4(7463 15466 15467 7464)
4(7314 7465 15468 15317)
4(7464 15467 15468 7465)
4(7315 7466 15469 15318)
4(7465 15468 15469 7466)
4(7316 7467 15470 15319)
4(7466 15469 15470 7467)
4(7317 7468 15471 15320)
4(7467 15470 15471 7468)
4(7318 7469 15472 15321)
4(7468 15471 15472 7469)
4(7319 7470 15473 15322)
4(7469 15472 15473 7470)
4(7320 7471 15474 15323)
4(7470 15473 15474 7471)
4(7321 7472 15475 15324)
4(7471 15474 15475 7472)
4(7322 7473 15476 15325)
4(7472 15475 15476 7473)
4(7323 7474 15477 15326)
4(7473 15476 15477 7474)
4(7324 7475 15478 15327)
4(7474 15477 15478 7475)
4(7325 7476 15479 15328)
4(7475 15478 15479 7476)
4(7326 7477 15480 15329)
4(7476 15479 15480 7477)
4(7327 7478 15481 15330)
4(7477 15480 15481 7478)
4(7328 7479 15482 15331)
4(7478 15481 15482 7479)
4(7329 7480 15483 15332)
4(7479 15482 15483 7480)
4(7330 7481 15484 15333)
4(7480 15483 15484 7481)
4(7331 7482 15485 15334)
4(7481 15484 15485 7482)
4(7332 7483 15486 15335)
4(7482 15485 15486 7483)
4(7333 7484 15487 15336)
4(7483 15486 15487 7484)
4(7334 7485 15488 15337)
4(7484 15487 15488 7485)
4(7335 7486 15489 15338)
4(7485 15488 15489 7486)
4(7336 7487 15490 15339)
4(7486 15489 15490 7487)
4(7337 7488 15491 15340)
4(7487 15490 15491 7488)
4(7338 7489 15492 15341)
4(7488 15491 15492 7489)
4(7339 7490 15493 15342)
4(7489 15492 15493 7490)
4(7340 7491 15494 15343)
4(7490 15493 15494 7491)
4(7341 7492 15495 15344)
4(7491 15494 15495 7492)
4(7342 7493 15496 15345)
4(7492 15495 15496 7493)
4(7343 7494 15497 15346)
4(7493 15496 15497 7494)
4(7344 7495 15498 15347)
4(7494 15497 15498 7495)
4(7345 7496 15499 15348)
4(7495 15498 15499 7496)
4(7346 7497 15500 15349)
4(7496 15499 15500 7497)
4(7347 7498 15501 15350)
4(7497 15500 15501 7498)
4(7348 7499 15502 15351)
4(7498 15501 15502 7499)
4(7349 7500 15503 15352)
4(7499 15502 15503 7500)
4(7350 7501 15504 15353)
4(7500 15503 15504 7501)
4(7351 7502 15505 15354)
4(7501 15504 15505 7502)
4(7352 7503 15506 15355)
4(7502 15505 15506 7503)
4(7353 7504 15507 15356)
4(7503 15506 15507 7504)
4(7354 7505 15508 15357)
4(7504 15507 15508 7505)
4(7355 7506 15509 15358)
4(7505 15508 15509 7506)
4(7356 7507 15510 15359)
4(7506 15509 15510 7507)
4(7357 7508 15511 15360)
4(7507 15510 15511 7508)
4(7358 7509 15512 15361)
4(7508 15511 15512 7509)
4(7359 7510 15513 15362)
4(7509 15512 15513 7510)
4(7360 7511 15514 15363)
4(7510 15513 15514 7511)
4(7361 7512 15515 15364)
4(7511 15514 15515 7512)
4(7362 7513 15516 15365)
4(7512 15515 15516 7513)
4(7363 7514 15517 15366)
4(7513 15516 15517 7514)
4(7364 7515 15518 15367)
4(7514 15517 15518 7515)
4(7365 7516 15519 15368)
4(7515 15518 15519 7516)
4(7366 7517 15520 15369)
4(7516 15519 15520 7517)
4(7367 7518 15521 15370)
4(7517 15520 15521 7518)
4(7368 7519 15522 15371)
4(7518 15521 15522 7519)
4(7369 7520 15523 15372)
4(7519 15522 15523 7520)
4(7370 7521 15524 15373)
4(7520 15523 15524 7521)
4(7371 7522 15525 15374)
4(7521 15524 15525 7522)
4(7372 7523 15526 15375)
4(7522 15525 15526 7523)
4(7373 7524 15527 15376)
4(7523 15526 15527 7524)
4(7374 7525 15528 15377)
4(7524 15527 15528 7525)
4(7375 7526 15529 15378)
4(7525 15528 15529 7526)
4(7376 7527 15530 15379)
4(7526 15529 15530 7527)
4(7377 7528 15531 15380)
4(7527 15530 15531 7528)
4(7378 7529 15532 15381)
4(7528 15531 15532 7529)
4(7379 7530 15533 15382)
4(7529 15532 15533 7530)
4(7380 7531 15534 15383)
4(7530 15533 15534 7531)
4(7381 7532 15535 15384)
4(7531 15534 15535 7532)
4(7382 7533 15536 15385)
4(7532 15535 15536 7533)
4(7383 7534 15537 15386)
4(7533 15536 15537 7534)
4(7384 7535 15538 15387)
4(7534 15537 15538 7535)
4(7385 7536 15539 15388)
4(7535 15538 15539 7536)
4(7386 7537 15540 15389)
4(7536 15539 15540 7537)
4(7387 7538 15541 15390)
4(7537 15540 15541 7538)
4(7388 7539 15542 15391)
4(7538 15541 15542 7539)
4(7389 7540 15543 15392)
4(7539 15542 15543 7540)
4(7390 7541 15544 15393)
4(7540 15543 15544 7541)
4(7391 7542 15545 15394)
4(7541 15544 15545 7542)
4(7392 7543 15546 15395)
4(7542 15545 15546 7543)
4(7393 7544 15547 15396)
4(7543 15546 15547 7544)
4(7394 7545 15548 15397)
4(7544 15547 15548 7545)
4(7395 7546 15549 15398)
4(7545 15548 15549 7546)
4(7396 7547 15550 15399)
4(7546 15549 15550 7547)
4(7397 7548 15551 15400)
4(7547 15550 15551 7548)
4(7548 15551 15552 7549)
4(7400 7551 15554 15403)
4(7550 15553 15554 7551)
4(7401 7552 15555 15404)
4(7551 15554 15555 7552)
4(7402 7553 15556 15405)
4(7552 15555 15556 7553)
4(7403 7554 15557 15406)
4(7553 15556 15557 7554)
4(7404 7555 15558 15407)
4(7554 15557 15558 7555)
4(7405 7556 15559 15408)
4(7555 15558 15559 7556)
4(7406 7557 15560 15409)
4(7556 15559 15560 7557)
4(7407 7558 15561 15410)
4(7557 15560 15561 7558)
4(7408 7559 15562 15411)
4(7558 15561 15562 7559)
4(7409 7560 15563 15412)
4(7559 15562 15563 7560)
4(7410 7561 15564 15413)
4(7560 15563 15564 7561)
4(7411 7562 15565 15414)
4(7561 15564 15565 7562)
4(7412 7563 15566 15415)
4(7562 15565 15566 7563)
4(7413 7564 15567 15416)
4(7563 15566 15567 7564)
4(7414 7565 15568 15417)
4(7564 15567 15568 7565)
4(7415 7566 15569 15418)
4(7565 15568 15569 7566)
4(7416 7567 15570 15419)
4(7566 15569 15570 7567)
4(7417 7568 15571 15420)
4(7567 15570 15571 7568)
4(7418 7569 15572 15421)
4(7568 15571 15572 7569)
4(7419 7570 15573 15422)
4(7569 15572 15573 7570)
4(7420 7571 15574 15423)
4(7570 15573 15574 7571)
4(7421 7572 15575 15424)
4(7571 15574 15575 7572)
4(7422 7573 15576 15425)
4(7572 15575 15576 7573)
4(7423 7574 15577 15426)
4(7573 15576 15577 7574)
4(7424 7575 15578 15427)
4(7574 15577 15578 7575)
4(7425 7576 15579 15428)
4(7575 15578 15579 7576)
4(7426 7577 15580 15429)
4(7576 15579 15580 7577)
4(7427 7578 15581 15430)
4(7577 15580 15581 7578)
4(7428 7579 15582 15431)
4(7578 15581 15582 7579)
4(7429 7580 15583 15432)
4(7579 15582 15583 7580)
4(7430 7581 15584 15433)
4(7580 15583 15584 7581)
4(7431 7582 15585 15434)
4(7581 15584 15585 7582)
4(7432 7583 15586 15435)
4(7582 15585 15586 7583)
4(7433 7584 15587 15436)
4(7583 15586 15587 7584)
4(7434 7585 15588 15437)
4(7584 15587 15588 7585)
4(7435 7586 15589 15438)
4(7585 15588 15589 7586)
4(7436 7587 15590 15439)
4(7586 15589 15590 7587)
4(7437 7588 15591 15440)
4(7587 15590 15591 7588)
4(7438 7589 15592 15441)
4(7588 15591 15592 7589)
4(7439 7590 15593 15442)
4(7589 15592 15593 7590)
4(7440 7591 15594 15443)
4(7590 15593 15594 7591)
4(7441 7592 15595 15444)
4(7591 15594 15595 7592)
4(7442 7593 15596 15445)
4(7592 15595 15596 7593)
4(7443 7594 15597 15446)
4(7593 15596 15597 7594)
4(7444 7595 15598 15447)
4(7594 15597 15598 7595)
4(7445 7596 15599 15448)
4(7595 15598 15599 7596)
4(7446 7597 15600 15449)
4(7596 15599 15600 7597)
4(7447 7598 15601 15450)
4(7597 15600 15601 7598)
4(7448 7599 15602 15451)
4(7598 15601 15602 7599)
4(7449 7600 15603 15452)
4(7599 15602 15603 7600)
4(7450 7601 15604 15453)
4(7600 15603 15604 7601)
4(7451 7602 15605 15454)
4(7601 15604 15605 7602)
4(7452 7603 15606 15455)
4(7602 15605 15606 7603)
4(7453 7604 15607 15456)
4(7603 15606 15607 7604)
4(7454 7605 15608 15457)
4(7604 15607 15608 7605)
4(7455 7606 15609 15458)
4(7605 15608 15609 7606)
4(7456 7607 15610 15459)
4(7606 15609 15610 7607)
4(7457 7608 15611 15460)
4(7607 15610 15611 7608)
4(7458 7609 15612 15461)
4(7608 15611 15612 7609)
4(7459 7610 15613 15462)
4(7609 15612 15613 7610)
4(7460 7611 15614 15463)
4(7610 15613 15614 7611)
4(7461 7612 15615 15464)
4(7611 15614 15615 7612)
4(7462 7613 15616 15465)
4(7612 15615 15616 7613)
4(7463 7614 15617 15466)
4(7613 15616 15617 7614)
4(7464 7615 15618 15467)
4(7614 15617 15618 7615)
4(7465 7616 15619 15468)
4(7615 15618 15619 7616)
4(7466 7617 15620 15469)
4(7616 15619 15620 7617)
4(7467 7618 15621 15470)
4(7617 15620 15621 7618)
4(7468 7619 15622 15471)
4(7618 15621 15622 7619)
4(7469 7620 15623 15472)
4(7619 15622 15623 7620)
4(7470 7621 15624 15473)
4(7620 15623 15624 7621)
4(7471 7622 15625 15474)
4(7621 15624 15625 7622)
4(7472 7623 15626 15475)
4(7622 15625 15626 7623)
4(7473 7624 15627 15476)
4(7623 15626 15627 7624)
4(7474 7625 15628 15477)
4(7624 15627 15628 7625)
4(7475 7626 15629 15478)
4(7625 15628 15629 7626)
4(7476 7627 15630 15479)
4(7626 15629 15630 7627)
4(7477 7628 15631 15480)
4(7627 15630 15631 7628)
4(7478 7629 15632 15481)
4(7628 15631 15632 7629)
4(7479 7630 15633 15482)
4(7629 15632 15633 7630)
4(7480 7631 15634 15483)
4(7630 15633 15634 7631)
4(7481 7632 15635 15484)
4(7631 15634 15635 7632)
4(7482 7633 15636 15485)
4(7632 15635 15636 7633)
4(7483 7634 15637 15486)
4(7633 15636 15637 7634)
4(7484 7635 15638 15487)
4(7634 15637 15638 7635)
4(7485 7636 15639 15488)
4(7635 15638 15639 7636)
4(7486 7637 15640 15489)
4(7636 15639 15640 7637)
4(7487 7638 15641 15490)
4(7637 15640 15641 7638)
4(7488 7639 15642 15491)
4(7638 15641 15642 7639)
4(7489 7640 15643 15492)
4(7639 15642 15643 7640)
4(7490 7641 15644 15493)
4(7640 15643 15644 7641)
4(7491 7642 15645 15494)
4(7641 15644 15645 7642)
4(7492 7643 15646 15495)
4(7642 15645 15646 7643)
4(7493 7644 15647 15496)
4(7643 15646 15647 7644)
4(7494 7645 15648 15497)
4(7644 15647 15648 7645)
4(7495 7646 15649 15498)
4(7645 15648 15649 7646)
4(7496 7647 15650 15499)
4(7646 15649 15650 7647)
4(7497 7648 15651 15500)
4(7647 15650 15651 7648)
4(7498 7649 15652 15501)
4(7648 15651 15652 7649)
4(7499 7650 15653 15502)
4(7649 15652 15653 7650)
4(7500 7651 15654 15503)
4(7650 15653 15654 7651)
4(7501 7652 15655 15504)
4(7651 15654 15655 7652)
4(7502 7653 15656 15505)
4(7652 15655 15656 7653)
4(7503 7654 15657 15506)
4(7653 15656 15657 7654)
4(7504 7655 15658 15507)
4(7654 15657 15658 7655)
4(7505 7656 15659 15508)
4(7655 15658 15659 7656)
4(7506 7657 15660 15509)
4(7656 15659 15660 7657)
4(7507 7658 15661 15510)
4(7657 15660 15661 7658)
4(7508 7659 15662 15511)
4(7658 15661 15662 7659)
4(7509 7660 15663 15512)
4(7659 15662 15663 7660)
4(7510 7661 15664 15513)
4(7660 15663 15664 7661)
4(7511 7662 15665 15514)
4(7661 15664 15665 7662)
4(7512 7663 15666 15515)
4(7662 15665 15666 7663)
4(7513 7664 15667 15516)
4(7663 15666 15667 7664)
4(7514 7665 15668 15517)
4(7664 15667 15668 7665)
4(7515 7666 15669 15518)
4(7665 15668 15669 7666)
4(7516 7667 15670 15519)
4(7666 15669 15670 7667)
4(7517 7668 15671 15520)
4(7667 15670 15671 7668)
4(7518 7669 15672 15521)
4(7668 15671 15672 7669)
4(7519 7670 15673 15522)
4(7669 15672 15673 7670)
4(7520 7671 15674 15523)
4(7670 15673 15674 7671)
4(7521 7672 15675 15524)
4(7671 15674 15675 7672)
4(7522 7673 15676 15525)
4(7672 15675 15676 7673)
4(7523 7674 15677 15526)
4(7673 15676 15677 7674)
4(7524 7675 15678 15527)
4(7674 15677 15678 7675)
4(7525 7676 15679 15528)
4(7675 15678 15679 7676)
4(7526 7677 15680 15529)
4(7676 15679 15680 7677)
4(7527 7678 15681 15530)
4(7677 15680 15681 7678)
4(7528 7679 15682 15531)
4(7678 15681 15682 7679)
4(7529 7680 15683 15532)
4(7679 15682 15683 7680)
4(7530 7681 15684 15533)
4(7680 15683 15684 7681)
4(7531 7682 15685 15534)
4(7681 15684 15685 7682)
4(7532 7683 15686 15535)
4(7682 15685 15686 7683)
4(7533 7684 15687 15536)
4(7683 15686 15687 7684)
4(7534 7685 15688 15537)
4(7684 15687 15688 7685)
4(7535 7686 15689 15538)
4(7685 15688 15689 7686)
4(7536 7687 15690 15539)
4(7686 15689 15690 7687)
4(7537 7688 15691 15540)
4(7687 15690 15691 7688)
4(7538 7689 15692 15541)
4(7688 15691 15692 7689)
4(7539 7690 15693 15542)
4(7689 15692 15693 7690)
4(7540 7691 15694 15543)
4(7690 15693 15694 7691)
4(7541 7692 15695 15544)
4(7691 15694 15695 7692)
4(7542 7693 15696 15545)
4(7692 15695 15696 7693)
4(7543 7694 15697 15546)
4(7693 15696 15697 7694)
4(7544 7695 15698 15547)
4(7694 15697 15698 7695)
4(7545 7696 15699 15548)
4(7695 15698 15699 7696)
4(7546 7697 15700 15549)
4(7696 15699 15700 7697)
4(7547 7698 15701 15550)
4(7697 15700 15701 7698)
4(7548 7699 15702 15551)
4(7698 15701 15702 7699)
4(7699 15702 15703 7700)
4(7551 7702 15705 15554)
4(7701 15704 15705 7702)
4(7552 7703 15706 15555)
4(7702 15705 15706 7703)
4(7553 7704 15707 15556)
4(7703 15706 15707 7704)
4(7554 7705 15708 15557)
4(7704 15707 15708 7705)
4(7555 7706 15709 15558)
4(7705 15708 15709 7706)
4(7556 7707 15710 15559)
4(7706 15709 15710 7707)
4(7557 7708 15711 15560)
4(7707 15710 15711 7708)
4(7558 7709 15712 15561)
4(7708 15711 15712 7709)
4(7559 7710 15713 15562)
4(7709 15712 15713 7710)
4(7560 7711 15714 15563)
4(7710 15713 15714 7711)
4(7561 7712 15715 15564)
4(7711 15714 15715 7712)
4(7562 7713 15716 15565)
4(7712 15715 15716 7713)
4(7563 7714 15717 15566)
4(7713 15716 15717 7714)
4(7564 7715 15718 15567)
4(7714 15717 15718 7715)
4(7565 7716 15719 15568)
4(7715 15718 15719 7716)
4(7566 7717 15720 15569)
4(7716 15719 15720 7717)
4(7567 7718 15721 15570)
4(7717 15720 15721 7718)
4(7568 7719 15722 15571)
4(7718 15721 15722 7719)
4(7569 7720 15723 15572)
4(7719 15722 15723 7720)
4(7570 7721 15724 15573)
4(7720 15723 15724 7721)
4(7571 7722 15725 15574)
4(7721 15724 15725 7722)
4(7572 7723 15726 15575)
4(7722 15725 15726 7723)
4(7573 7724 15727 15576)
4(7723 15726 15727 7724)
4(7574 7725 15728 15577)
4(7724 15727 15728 7725)
4(7575 7726 15729 15578)
4(7725 15728 15729 7726)
4(7576 7727 15730 15579)
4(7726 15729 15730 7727)
4(7577 7728 15731 15580)
4(7727 15730 15731 7728)
4(7578 7729 15732 15581)
4(7728 15731 15732 7729)
4(7579 7730 15733 15582)
4(7729 15732 15733 7730)
4(7580 7731 15734 15583)
4(7730 15733 15734 7731)
4(7581 7732 15735 15584)
4(7731 15734 15735 7732)
4(7582 7733 15736 15585)
4(7732 15735 15736 7733)
4(7583 7734 15737 15586)
4(7733 15736 15737 7734)
4(7584 7735 15738 15587)
4(7734 15737 15738 7735)
4(7585 7736 15739 15588)
4(7735 15738 15739 7736)
4(7586 7737 15740 15589)
4(7736 15739 15740 7737)
4(7587 7738 15741 15590)
4(7737 15740 15741 7738)
4(7588 7739 15742 15591)
4(7738 15741 15742 7739)
4(7589 7740 15743 15592)
4(7739 15742 15743 7740)
4(7590 7741 15744 15593)
4(7740 15743 15744 7741)
4(7591 7742 15745 15594)
4(7741 15744 15745 7742)
4(7592 7743 15746 15595)
4(7742 15745 15746 7743)
4(7593 7744 15747 15596)
4(7743 15746 15747 7744)
4(7594 7745 15748 15597)
4(7744 15747 15748 7745)
4(7595 7746 15749 15598)
4(7745 15748 15749 7746)
4(7596 7747 15750 15599)
4(7746 15749 15750 7747)
4(7597 7748 15751 15600)
4(7747 15750 15751 7748)
4(7598 7749 15752 15601)
4(7748 15751 15752 7749)
4(7599 7750 15753 15602)
4(7749 15752 15753 7750)
4(7600 7751 15754 15603)
4(7750 15753 15754 7751)
4(7601 7752 15755 15604)
4(7751 15754 15755 7752)
4(7602 7753 15756 15605)
4(7752 15755 15756 7753)
4(7603 7754 15757 15606)
4(7753 15756 15757 7754)
4(7604 7755 15758 15607)
4(7754 15757 15758 7755)
4(7605 7756 15759 15608)
4(7755 15758 15759 7756)
4(7606 7757 15760 15609)
4(7756 15759 15760 7757)
4(7607 7758 15761 15610)
4(7757 15760 15761 7758)
4(7608 7759 15762 15611)
4(7758 15761 15762 7759)
4(7609 7760 15763 15612)
4(7759 15762 15763 7760)
4(7610 7761 15764 15613)
4(7760 15763 15764 7761)
4(7611 7762 15765 15614)
4(7761 15764 15765 7762)
4(7612 7763 15766 15615)
4(7762 15765 15766 7763)
4(7613 7764 15767 15616)
4(7763 15766 15767 7764)
4(7614 7765 15768 15617)
4(7764 15767 15768 7765)
4(7615 7766 15769 15618)
4(7765 15768 15769 7766)
4(7616 7767 15770 15619)
4(7766 15769 15770 7767)
4(7617 7768 15771 15620)
4(7767 15770 15771 7768)
4(7618 7769 15772 15621)
4(7768 15771 15772 7769)
4(7619 7770 15773 15622)
4(7769 15772 15773 7770)
4(7620 7771 15774 15623)
4(7770 15773 15774 7771)
4(7621 7772 15775 15624)
4(7771 15774 15775 7772)
4(7622 7773 15776 15625)
4(7772 15775 15776 7773)
4(7623 7774 15777 15626)
4(7773 15776 15777 7774)
4(7624 7775 15778 15627)
4(7774 15777 15778 7775)
4(7625 7776 15779 15628)
4(7775 15778 15779 7776)
4(7626 7777 15780 15629)
4(7776 15779 15780 7777)
4(7627 7778 15781 15630)
4(7777 15780 15781 7778)
4(7628 7779 15782 15631)
4(7778 15781 15782 7779)
4(7629 7780 15783 15632)
4(7779 15782 15783 7780)
4(7630 7781 15784 15633)
4(7780 15783 15784 7781)
4(7631 7782 15785 15634)
4(7781 15784 15785 7782)
4(7632 7783 15786 15635)
4(7782 15785 15786 7783)
4(7633 7784 15787 15636)
4(7783 15786 15787 7784)
4(7634 7785 15788 15637)
4(7784 15787 15788 7785)
4(7635 7786 15789 15638)
4(7785 15788 15789 7786)
4(7636 7787 15790 15639)
4(7786 15789 15790 7787)
4(7637 7788 15791 15640)
4(7787 15790 15791 7788)
4(7638 7789 15792 15641)
4(7788 15791 15792 7789)
4(7639 7790 15793 15642)
4(7789 15792 15793 7790)
4(7640 7791 15794 15643)
4(7790 15793 15794 7791)
4(7641 7792 15795 15644)
4(7791 15794 15795 7792)
4(7642 7793 15796 15645)
4(7792 15795 15796 7793)
4(7643 7794 15797 15646)
4(7793 15796 15797 7794)
4(7644 7795 15798 15647)
4(7794 15797 15798 7795)
4(7645 7796 15799 15648)
4(7795 15798 15799 7796)
4(7646 7797 15800 15649)
4(7796 15799 15800 7797)
4(7647 7798 15801 15650)
4(7797 15800 15801 7798)
4(7648 7799 15802 15651)
4(7798 15801 15802 7799)
4(7649 7800 15803 15652)
4(7799 15802 15803 7800)
4(7650 7801 15804 15653)
4(7800 15803 15804 7801)
4(7651 7802 15805 15654)
4(7801 15804 15805 7802)
4(7652 7803 15806 15655)
4(7802 15805 15806 7803)
4(7653 7804 15807 15656)
4(7803 15806 15807 7804)
4(7654 7805 15808 15657)
4(7804 15807 15808 7805)
4(7655 7806 15809 15658)
4(7805 15808 15809 7806)
4(7656 7807 15810 15659)
4(7806 15809 15810 7807)
4(7657 7808 15811 15660)
4(7807 15810 15811 7808)
4(7658 7809 15812 15661)
4(7808 15811 15812 7809)
4(7659 7810 15813 15662)
4(7809 15812 15813 7810)
4(7660 7811 15814 15663)
4(7810 15813 15814 7811)
4(7661 7812 15815 15664)
4(7811 15814 15815 7812)
4(7662 7813 15816 15665)
4(7812 15815 15816 7813)
4(7663 7814 15817 15666)
4(7813 15816 15817 7814)
4(7664 7815 15818 15667)
4(7814 15817 15818 7815)
4(7665 7816 15819 15668)
4(7815 15818 15819 7816)
4(7666 7817 15820 15669)
4(7816 15819 15820 7817)
4(7667 7818 15821 15670)
4(7817 15820 15821 7818)
4(7668 7819 15822 15671)
4(7818 15821 15822 7819)
4(7669 7820 15823 15672)
4(7819 15822 15823 7820)
4(7670 7821 15824 15673)
4(7820 15823 15824 7821)
4(7671 7822 15825 15674)
4(7821 15824 15825 7822)
4(7672 7823 15826 15675)
4(7822 15825 15826 7823)
4(7673 7824 15827 15676)
4(7823 15826 15827 7824)
4(7674 7825 15828 15677)
4(7824 15827 15828 7825)
4(7675 7826 15829 15678)
4(7825 15828 15829 7826)
4(7676 7827 15830 15679)
4(7826 15829 15830 7827)
4(7677 7828 15831 15680)
4(7827 15830 15831 7828)
4(7678 7829 15832 15681)
4(7828 15831 15832 7829)
4(7679 7830 15833 15682)
4(7829 15832 15833 7830)
4(7680 7831 15834 15683)
4(7830 15833 15834 7831)
4(7681 7832 15835 15684)
4(7831 15834 15835 7832)
4(7682 7833 15836 15685)
4(7832 15835 15836 7833)
4(7683 7834 15837 15686)
4(7833 15836 15837 7834)
4(7684 7835 15838 15687)
4(7834 15837 15838 7835)
4(7685 7836 15839 15688)
4(7835 15838 15839 7836)
4(7686 7837 15840 15689)
4(7836 15839 15840 7837)
4(7687 7838 15841 15690)
4(7837 15840 15841 7838)
4(7688 7839 15842 15691)
4(7838 15841 15842 7839)
4(7689 7840 15843 15692)
4(7839 15842 15843 7840)
4(7690 7841 15844 15693)
4(7840 15843 15844 7841)
4(7691 7842 15845 15694)
4(7841 15844 15845 7842)
4(7692 7843 15846 15695)
4(7842 15845 15846 7843)
4(7693 7844 15847 15696)
4(7843 15846 15847 7844)
4(7694 7845 15848 15697)
4(7844 15847 15848 7845)
4(7695 7846 15849 15698)
4(7845 15848 15849 7846)
4(7696 7847 15850 15699)
4(7846 15849 15850 7847)
4(7697 7848 15851 15700)
4(7847 15850 15851 7848)
4(7698 7849 15852 15701)
4(7848 15851 15852 7849)
4(7699 7850 15853 15702)
4(7849 15852 15853 7850)
4(7850 15853 15854 7851)
4(7702 7853 15856 15705)
4(7703 7854 15857 15706)
4(7704 7855 15858 15707)
4(7705 7856 15859 15708)
4(7706 7857 15860 15709)
4(7707 7858 15861 15710)
4(7708 7859 15862 15711)
4(7709 7860 15863 15712)
4(7710 7861 15864 15713)
4(7711 7862 15865 15714)
4(7712 7863 15866 15715)
4(7713 7864 15867 15716)
4(7714 7865 15868 15717)
4(7715 7866 15869 15718)
4(7716 7867 15870 15719)
4(7717 7868 15871 15720)
4(7718 7869 15872 15721)
4(7719 7870 15873 15722)
4(7720 7871 15874 15723)
4(7721 7872 15875 15724)
4(7722 7873 15876 15725)
4(7723 7874 15877 15726)
4(7724 7875 15878 15727)
4(7725 7876 15879 15728)
4(7726 7877 15880 15729)
4(7727 7878 15881 15730)
4(7728 7879 15882 15731)
4(7729 7880 15883 15732)
4(7730 7881 15884 15733)
4(7731 7882 15885 15734)
4(7732 7883 15886 15735)
4(7733 7884 15887 15736)
4(7734 7885 15888 15737)
4(7735 7886 15889 15738)
4(7736 7887 15890 15739)
4(7737 7888 15891 15740)
4(7738 7889 15892 15741)
4(7739 7890 15893 15742)
4(7740 7891 15894 15743)
4(7741 7892 15895 15744)
4(7742 7893 15896 15745)
4(7743 7894 15897 15746)
4(7744 7895 15898 15747)
4(7745 7896 15899 15748)
4(7746 7897 15900 15749)
4(7747 7898 15901 15750)
4(7748 7899 15902 15751)
4(7749 7900 15903 15752)
4(7750 7901 15904 15753)
4(7751 7902 15905 15754)
4(7752 7903 15906 15755)
4(7753 7904 15907 15756)
4(7754 7905 15908 15757)
4(7755 7906 15909 15758)
4(7756 7907 15910 15759)
4(7757 7908 15911 15760)
4(7758 7909 15912 15761)
4(7759 7910 15913 15762)
4(7760 7911 15914 15763)
4(7761 7912 15915 15764)
4(7762 7913 15916 15765)
4(7763 7914 15917 15766)
4(7764 7915 15918 15767)
4(7765 7916 15919 15768)
4(7766 7917 15920 15769)
4(7767 7918 15921 15770)
4(7768 7919 15922 15771)
4(7769 7920 15923 15772)
4(7770 7921 15924 15773)
4(7771 7922 15925 15774)
4(7772 7923 15926 15775)
4(7773 7924 15927 15776)
4(7774 7925 15928 15777)
4(7775 7926 15929 15778)
4(7776 7927 15930 15779)
4(7777 7928 15931 15780)
4(7778 7929 15932 15781)
4(7779 7930 15933 15782)
4(7780 7931 15934 15783)
4(7781 7932 15935 15784)
4(7782 7933 15936 15785)
4(7783 7934 15937 15786)
4(7784 7935 15938 15787)
4(7785 7936 15939 15788)
4(7786 7937 15940 15789)
4(7787 7938 15941 15790)
4(7788 7939 15942 15791)
4(7789 7940 15943 15792)
4(7790 7941 15944 15793)
4(7791 7942 15945 15794)
4(7792 7943 15946 15795)
4(7793 7944 15947 15796)
4(7794 7945 15948 15797)
4(7795 7946 15949 15798)
4(7796 7947 15950 15799)
4(7797 7948 15951 15800)
4(7798 7949 15952 15801)
4(7799 7950 15953 15802)
4(7800 7951 15954 15803)
4(7801 7952 15955 15804)
4(7802 7953 15956 15805)
4(7803 7954 15957 15806)
4(7804 7955 15958 15807)
4(7805 7956 15959 15808)
4(7806 7957 15960 15809)
4(7807 7958 15961 15810)
4(7808 7959 15962 15811)
4(7809 7960 15963 15812)
4(7810 7961 15964 15813)
4(7811 7962 15965 15814)
4(7812 7963 15966 15815)
4(7813 7964 15967 15816)
4(7814 7965 15968 15817)
4(7815 7966 15969 15818)
4(7816 7967 15970 15819)
4(7817 7968 15971 15820)
4(7818 7969 15972 15821)
4(7819 7970 15973 15822)
4(7820 7971 15974 15823)
4(7821 7972 15975 15824)
4(7822 7973 15976 15825)
4(7823 7974 15977 15826)
4(7824 7975 15978 15827)
4(7825 7976 15979 15828)
4(7826 7977 15980 15829)
4(7827 7978 15981 15830)
4(7828 7979 15982 15831)
4(7829 7980 15983 15832)
4(7830 7981 15984 15833)
4(7831 7982 15985 15834)
4(7832 7983 15986 15835)
4(7833 7984 15987 15836)
4(7834 7985 15988 15837)
4(7835 7986 15989 15838)
4(7836 7987 15990 15839)
4(7837 7988 15991 15840)
4(7838 7989 15992 15841)
4(7839 7990 15993 15842)
4(7840 7991 15994 15843)
4(7841 7992 15995 15844)
4(7842 7993 15996 15845)
4(7843 7994 15997 15846)
4(7844 7995 15998 15847)
4(7845 7996 15999 15848)
4(7846 7997 16000 15849)
4(7847 7998 16001 15850)
4(7848 7999 16002 15851)
4(7849 8000 16003 15852)
4(7850 8001 16004 15853)
4(0 8003 8154 151)
4(151 8154 8305 302)
4(302 8305 8456 453)
4(453 8456 8607 604)
4(604 8607 8758 755)
4(755 8758 8909 906)
4(906 8909 9060 1057)
4(1057 9060 9211 1208)
4(1208 9211 9362 1359)
4(1359 9362 9513 1510)
4(1510 9513 9664 1661)
4(1661 9664 9815 1812)
4(1812 9815 9966 1963)
4(1963 9966 10117 2114)
4(2114 10117 10268 2265)
4(2265 10268 10419 2416)
4(2416 10419 10570 2567)
4(2567 10570 10721 2718)
4(2718 10721 10872 2869)
4(2869 10872 11023 3020)
4(3020 11023 11174 3171)
4(3171 11174 11325 3322)
4(3322 11325 11476 3473)
4(3473 11476 11627 3624)
4(3624 11627 11778 3775)
4(3775 11778 11929 3926)
4(3926 11929 12080 4077)
4(4077 12080 12231 4228)
4(4228 12231 12382 4379)
4(4379 12382 12533 4530)
4(4530 12533 12684 4681)
4(4681 12684 12835 4832)
4(4832 12835 12986 4983)
4(4983 12986 13137 5134)
4(5134 13137 13288 5285)
4(5285 13288 13439 5436)
4(5436 13439 13590 5587)
4(5587 13590 13741 5738)
4(5738 13741 13892 5889)
4(5889 13892 14043 6040)
4(6040 14043 14194 6191)
4(6191 14194 14345 6342)
4(6342 14345 14496 6493)
4(6493 14496 14647 6644)
4(6644 14647 14798 6795)
4(6795 14798 14949 6946)
4(6946 14949 15100 7097)
4(7097 15100 15251 7248)
4(7248 15251 15402 7399)
4(7399 15402 15553 7550)
4(7550 15553 15704 7701)
4(7701 15704 15855 7852)
4(150 301 8304 8153)
4(301 452 8455 8304)
4(452 603 8606 8455)
4(603 754 8757 8606)
4(754 905 8908 8757)
4(905 1056 9059 8908)
4(1056 1207 9210 9059)
4(1207 1358 9361 9210)
4(1358 1509 9512 9361)
4(1509 1660 9663 9512)
4(1660 1811 9814 9663)
4(1811 1962 9965 9814)
4(1962 2113 10116 9965)
4(2113 2264 10267 10116)
4(2264 2415 10418 10267)
4(2415 2566 10569 10418)
4(2566 2717 10720 10569)
4(2717 2868 10871 10720)
4(2868 3019 11022 10871)
4(3019 3170 11173 11022)
4(3170 3321 11324 11173)
4(3321 3472 11475 11324)
4(3472 3623 11626 11475)
4(3623 3774 11777 11626)
4(3774 3925 11928 11777)
4(3925 4076 12079 11928)
4(4076 4227 12230 12079)
4(4227 4378 12381 12230)
4(4378 4529 12532 12381)
4(4529 4680 12683 12532)
4(4680 4831 12834 12683)
4(4831 4982 12985 12834)
4(4982 5133 13136 12985)
4(5133 5284 13287 13136)
4(5284 5435 13438 13287)
4(5435 5586 13589 13438)
4(5586 5737 13740 13589)
4(5737 5888 13891 13740)
4(5888 6039 14042 13891)
4(6039 6190 14193 14042)
4(6190 6341 14344 14193)
4(6341 6492 14495 14344)
4(6492 6643 14646 14495)
4(6643 6794 14797 14646)
4(6794 6945 14948 14797)
4(6945 7096 15099 14948)
4(7096 7247 15250 15099)
4(7247 7398 15401 15250)
4(7398 7549 15552 15401)
4(7549 7700 15703 15552)
4(7700 7851 15854 15703)
4(7851 8002 16005 15854)
4(0 1 8004 8003)
4(1 2 8005 8004)
4(2 3 8006 8005)
4(3 4 8007 8006)
4(4 5 8008 8007)
4(5 6 8009 8008)
4(6 7 8010 8009)
4(7 8 8011 8010)
4(8 9 8012 8011)
4(9 10 8013 8012)
4(10 11 8014 8013)
4(11 12 8015 8014)
4(12 13 8016 8015)
4(13 14 8017 8016)
4(14 15 8018 8017)
4(15 16 8019 8018)
4(16 17 8020 8019)
4(17 18 8021 8020)
4(18 19 8022 8021)
4(19 20 8023 8022)
4(20 21 8024 8023)
4(21 22 8025 8024)
4(22 23 8026 8025)
4(23 24 8027 8026)
4(24 25 8028 8027)
4(25 26 8029 8028)
4(26 27 8030 8029)
4(27 28 8031 8030)
4(28 29 8032 8031)
4(29 30 8033 8032)
4(30 31 8034 8033)
4(31 32 8035 8034)
4(32 33 8036 8035)
4(33 34 8037 8036)
4(34 35 8038 8037)
4(35 36 8039 8038)
4(36 37 8040 8039)
4(37 38 8041 8040)
4(38 39 8042 8041)
4(39 40 8043 8042)
4(40 41 8044 8043)
4(41 42 8045 8044)
4(42 43 8046 8045)
4(43 44 8047 8046)
4(44 45 8048 8047)
4(45 46 8049 8048)
4(46 47 8050 8049)
4(47 48 8051 8050)
4(48 49 8052 8051)
4(49 50 8053 8052)
4(50 51 8054 8053)
4(51 52 8055 8054)
4(52 53 8056 8055)
4(53 54 8057 8056)
4(54 55 8058 8057)
4(55 56 8059 8058)
4(56 57 8060 8059)
4(57 58 8061 8060)
4(58 59 8062 8061)
4(59 60 8063 8062)
4(60 61 8064 8063)
4(61 62 8065 8064)
4(62 63 8066 8065)
4(63 64 8067 8066)
4(64 65 8068 8067)
4(65 66 8069 8068)
4(66 67 8070 8069)
4(67 68 8071 8070)
4(68 69 8072 8071)
4(69 70 8073 8072)
4(70 71 8074 8073)
4(71 72 8075 8074)
4(72 73 8076 8075)
4(73 74 8077 8076)
4(74 75 8078 8077)
4(75 76 8079 8078)
4(76 77 8080 8079)
4(77 78 8081 8080)
4(78 79 8082 8081)
4(79 80 8083 8082)
4(80 81 8084 8083)
4(81 82 8085 8084)
4(82 83 8086 8085)
4(83 84 8087 8086)
4(84 85 8088 8087)
4(85 86 8089 8088)
4(86 87 8090 8089)
4(87 88 8091 8090)
4(88 89 8092 8091)
4(89 90 8093 8092)
4(90 91 8094 8093)
4(91 92 8095 8094)
4(92 93 8096 8095)
4(93 94 8097 8096)
4(94 95 8098 8097)
4(95 96 8099 8098)
4(96 97 8100 8099)
4(97 98 8101 8100)
4(98 99 8102 8101)
4(99 100 8103 8102)
4(100 101 8104 8103)
4(101 102 8105 8104)
4(102 103 8106 8105)
4(103 104 8107 8106)
4(104 105 8108 8107)
4(105 106 8109 8108)
4(106 107 8110 8109)
4(107 108 8111 8110)
4(108 109 8112 8111)
4(109 110 8113 8112)
4(110 111 8114 8113)
4(111 112 8115 8114)
4(112 113 8116 8115)
4(113 114 8117 8116)
4(114 115 8118 8117)
4(115 116 8119 8118)
4(116 117 8120 8119)
4(117 118 8121 8120)
4(118 119 8122 8121)
4(119 120 8123 8122)
4(120 121 8124 8123)
4(121 122 8125 8124)
4(122 123 8126 8125)
4(123 124 8127 8126)
4(124 125 8128 8127)
4(125 126 8129 8128)
4(126 127 8130 8129)
4(127 128 8131 8130)
4(128 129 8132 8131)
4(129 130 8133 8132)
4(130 131 8134 8133)
4(131 132 8135 8134)
4(132 133 8136 8135)
4(133 134 8137 8136)
4(134 135 8138 8137)
4(135 136 8139 8138)
4(136 137 8140 8139)
4(137 138 8141 8140)
4(138 139 8142 8141)
4(139 140 8143 8142)
4(140 141 8144 8143)
4(141 142 8145 8144)
4(142 143 8146 8145)
4(143 144 8147 8146)
4(144 145 8148 8147)
4(145 146 8149 8148)
4(146 147 8150 8149)
4(147 148 8151 8150)
4(148 149 8152 8151)
4(149 150 8153 8152)
4(7852 15855 15856 7853)
4(7853 15856 15857 7854)
4(7854 15857 15858 7855)
4(7855 15858 15859 7856)
4(7856 15859 15860 7857)
4(7857 15860 15861 7858)
4(7858 15861 15862 7859)
4(7859 15862 15863 7860)
4(7860 15863 15864 7861)
4(7861 15864 15865 7862)
4(7862 15865 15866 7863)
4(7863 15866 15867 7864)
4(7864 15867 15868 7865)
4(7865 15868 15869 7866)
4(7866 15869 15870 7867)
4(7867 15870 15871 7868)
4(7868 15871 15872 7869)
4(7869 15872 15873 7870)
4(7870 15873 15874 7871)
4(7871 15874 15875 7872)
4(7872 15875 15876 7873)
4(7873 15876 15877 7874)
4(7874 15877 15878 7875)
4(7875 15878 15879 7876)
4(7876 15879 15880 7877)
4(7877 15880 15881 7878)
4(7878 15881 15882 7879)
4(7879 15882 15883 7880)
4(7880 15883 15884 7881)
4(7881 15884 15885 7882)
4(7882 15885 15886 7883)
4(7883 15886 15887 7884)
4(7884 15887 15888 7885)
4(7885 15888 15889 7886)
4(7886 15889 15890 7887)
4(7887 15890 15891 7888)
4(7888 15891 15892 7889)
4(7889 15892 15893 7890)
4(7890 15893 15894 7891)
4(7891 15894 15895 7892)
4(7892 15895 15896 7893)
4(7893 15896 15897 7894)
4(7894 15897 15898 7895)
4(7895 15898 15899 7896)
4(7896 15899 15900 7897)
4(7897 15900 15901 7898)
4(7898 15901 15902 7899)
4(7899 15902 15903 7900)
4(7900 15903 15904 7901)
4(7901 15904 15905 7902)
4(7902 15905 15906 7903)
4(7903 15906 15907 7904)
4(7904 15907 15908 7905)
4(7905 15908 15909 7906)
4(7906 15909 15910 7907)
4(7907 15910 15911 7908)
4(7908 15911 15912 7909)
4(7909 15912 15913 7910)
4(7910 15913 15914 7911)
4(7911 15914 15915 7912)
4(7912 15915 15916 7913)
4(7913 15916 15917 7914)
4(7914 15917 15918 7915)
4(7915 15918 15919 7916)
4(7916 15919 15920 7917)
4(7917 15920 15921 7918)
4(7918 15921 15922 7919)
4(7919 15922 15923 7920)
4(7920 15923 15924 7921)
4(7921 15924 15925 7922)
4(7922 15925 15926 7923)
4(7923 15926 15927 7924)
4(7924 15927 15928 7925)
4(7925 15928 15929 7926)
4(7926 15929 15930 7927)
4(7927 15930 15931 7928)
4(7928 15931 15932 7929)
4(7929 15932 15933 7930)
4(7930 15933 15934 7931)
4(7931 15934 15935 7932)
4(7932 15935 15936 7933)
4(7933 15936 15937 7934)
4(7934 15937 15938 7935)
4(7935 15938 15939 7936)
4(7936 15939 15940 7937)
4(7937 15940 15941 7938)
4(7938 15941 15942 7939)
4(7939 15942 15943 7940)
4(7940 15943 15944 7941)
4(7941 15944 15945 7942)
4(7942 15945 15946 7943)
4(7943 15946 15947 7944)
4(7944 15947 15948 7945)
4(7945 15948 15949 7946)
4(7946 15949 15950 7947)
4(7947 15950 15951 7948)
4(7948 15951 15952 7949)
4(7949 15952 15953 7950)
4(7950 15953 15954 7951)
4(7951 15954 15955 7952)
4(7952 15955 15956 7953)
4(7953 15956 15957 7954)
4(7954 15957 15958 7955)
4(7955 15958 15959 7956)
4(7956 15959 15960 7957)
4(7957 15960 15961 7958)
4(7958 15961 15962 7959)
4(7959 15962 15963 7960)
4(7960 15963 15964 7961)
4(7961 15964 15965 7962)
4(7962 15965 15966 7963)
4(7963 15966 15967 7964)
4(7964 15967 15968 7965)
4(7965 15968 15969 7966)
4(7966 15969 15970 7967)
4(7967 15970 15971 7968)
4(7968 15971 15972 7969)
4(7969 15972 15973 7970)
4(7970 15973 15974 7971)
4(7971 15974 15975 7972)
4(7972 15975 15976 7973)
4(7973 15976 15977 7974)
4(7974 15977 15978 7975)
4(7975 15978 15979 7976)
4(7976 15979 15980 7977)
4(7977 15980 15981 7978)
4(7978 15981 15982 7979)
4(7979 15982 15983 7980)
4(7980 15983 15984 7981)
4(7981 15984 15985 7982)
4(7982 15985 15986 7983)
4(7983 15986 15987 7984)
4(7984 15987 15988 7985)
4(7985 15988 15989 7986)
4(7986 15989 15990 7987)
4(7987 15990 15991 7988)
4(7988 15991 15992 7989)
4(7989 15992 15993 7990)
4(7990 15993 15994 7991)
4(7991 15994 15995 7992)
4(7992 15995 15996 7993)
4(7993 15996 15997 7994)
4(7994 15997 15998 7995)
4(7995 15998 15999 7996)
4(7996 15999 16000 7997)
4(7997 16000 16001 7998)
4(7998 16001 16002 7999)
4(7999 16002 16003 8000)
4(8000 16003 16004 8001)
4(8001 16004 16005 8002)
4(0 151 152 1)
4(151 302 303 152)
4(302 453 454 303)
4(453 604 605 454)
4(604 755 756 605)
4(755 906 907 756)
4(906 1057 1058 907)
4(1057 1208 1209 1058)
4(1208 1359 1360 1209)
4(1359 1510 1511 1360)
4(1510 1661 1662 1511)
4(1661 1812 1813 1662)
4(1812 1963 1964 1813)
4(1963 2114 2115 1964)
4(2114 2265 2266 2115)
4(2265 2416 2417 2266)
4(2416 2567 2568 2417)
4(2567 2718 2719 2568)
4(2718 2869 2870 2719)
4(2869 3020 3021 2870)
4(3020 3171 3172 3021)
4(3171 3322 3323 3172)
4(3322 3473 3474 3323)
4(3473 3624 3625 3474)
4(3624 3775 3776 3625)
4(3775 3926 3927 3776)
4(3926 4077 4078 3927)
4(4077 4228 4229 4078)
4(4228 4379 4380 4229)
4(4379 4530 4531 4380)
4(4530 4681 4682 4531)
4(4681 4832 4833 4682)
4(4832 4983 4984 4833)
4(4983 5134 5135 4984)
4(5134 5285 5286 5135)
4(5285 5436 5437 5286)
4(5436 5587 5588 5437)
4(5587 5738 5739 5588)
4(5738 5889 5890 5739)
4(5889 6040 6041 5890)
4(6040 6191 6192 6041)
4(6191 6342 6343 6192)
4(6342 6493 6494 6343)
4(6493 6644 6645 6494)
4(6644 6795 6796 6645)
4(6795 6946 6947 6796)
4(6946 7097 7098 6947)
4(7097 7248 7249 7098)
4(7248 7399 7400 7249)
4(7399 7550 7551 7400)
4(7550 7701 7702 7551)
4(7701 7852 7853 7702)
4(1 152 153 2)
4(152 303 304 153)
4(303 454 455 304)
4(454 605 606 455)
4(605 756 757 606)
4(756 907 908 757)
4(907 1058 1059 908)
4(1058 1209 1210 1059)
4(1209 1360 1361 1210)
4(1360 1511 1512 1361)
4(1511 1662 1663 1512)
4(1662 1813 1814 1663)
4(1813 1964 1965 1814)
4(1964 2115 2116 1965)
4(2115 2266 2267 2116)
4(2266 2417 2418 2267)
4(2417 2568 2569 2418)
4(2568 2719 2720 2569)
4(2719 2870 2871 2720)
4(2870 3021 3022 2871)
4(3021 3172 3173 3022)
4(3172 3323 3324 3173)
4(3323 3474 3475 3324)
4(3474 3625 3626 3475)
4(3625 3776 3777 3626)
4(3776 3927 3928 3777)
4(3927 4078 4079 3928)
4(4078 4229 4230 4079)
4(4229 4380 4381 4230)
4(4380 4531 4532 4381)
4(4531 4682 4683 4532)
4(4682 4833 4834 4683)
4(4833 4984 4985 4834)
4(4984 5135 5136 4985)
4(5135 5286 5287 5136)
4(5286 5437 5438 5287)
4(5437 5588 5589 5438)
4(5588 5739 5740 5589)
4(5739 5890 5891 5740)
4(5890 6041 6042 5891)
4(6041 6192 6193 6042)
4(6192 6343 6344 6193)
4(6343 6494 6495 6344)
4(6494 6645 6646 6495)
4(6645 6796 6797 6646)
4(6796 6947 6948 6797)
4(6947 7098 7099 6948)
4(7098 7249 7250 7099)
4(7249 7400 7401 7250)
4(7400 7551 7552 7401)
4(7551 7702 7703 7552)
4(7702 7853 7854 7703)
4(2 153 154 3)
4(153 304 305 154)
4(304 455 456 305)
4(455 606 607 456)
4(606 757 758 607)
4(757 908 909 758)
4(908 1059 1060 909)
4(1059 1210 1211 1060)
4(1210 1361 1362 1211)
4(1361 1512 1513 1362)
4(1512 1663 1664 1513)
4(1663 1814 1815 1664)
4(1814 1965 1966 1815)
4(1965 2116 2117 1966)
4(2116 2267 2268 2117)
4(2267 2418 2419 2268)
4(2418 2569 2570 2419)
4(2569 2720 2721 2570)
4(2720 2871 2872 2721)
4(2871 3022 3023 2872)
4(3022 3173 3174 3023)
4(3173 3324 3325 3174)
4(3324 3475 3476 3325)
4(3475 3626 3627 3476)
4(3626 3777 3778 3627)
4(3777 3928 3929 3778)
4(3928 4079 4080 3929)
4(4079 4230 4231 4080)
4(4230 4381 4382 4231)
4(4381 4532 4533 4382)
4(4532 4683 4684 4533)
4(4683 4834 4835 4684)
4(4834 4985 4986 4835)
4(4985 5136 5137 4986)
4(5136 5287 5288 5137)
4(5287 5438 5439 5288)
4(5438 5589 5590 5439)
4(5589 5740 5741 5590)
4(5740 5891 5892 5741)
4(5891 6042 6043 5892)
4(6042 6193 6194 6043)
4(6193 6344 6345 6194)
4(6344 6495 6496 6345)
4(6495 6646 6647 6496)
4(6646 6797 6798 6647)
4(6797 6948 6949 6798)
4(6948 7099 7100 6949)
4(7099 7250 7251 7100)
4(7250 7401 7402 7251)
4(7401 7552 7553 7402)
4(7552 7703 7704 7553)
4(7703 7854 7855 7704)
4(3 154 155 4)
4(154 305 306 155)
4(305 456 457 306)
4(456 607 608 457)
4(607 758 759 608)
4(758 909 910 759)
4(909 1060 1061 910)
4(1060 1211 1212 1061)
4(1211 1362 1363 1212)
4(1362 1513 1514 1363)
4(1513 1664 1665 1514)
4(1664 1815 1816 1665)
4(1815 1966 1967 1816)
4(1966 2117 2118 1967)
4(2117 2268 2269 2118)
4(2268 2419 2420 2269)
4(2419 2570 2571 2420)
4(2570 2721 2722 2571)
4(2721 2872 2873 2722)
4(2872 3023 3024 2873)
4(3023 3174 3175 3024)
4(3174 3325 3326 3175)
4(3325 3476 3477 3326)
4(3476 3627 3628 3477)
4(3627 3778 3779 3628)
4(3778 3929 3930 3779)
4(3929 4080 4081 3930)
4(4080 4231 4232 4081)
4(4231 4382 4383 4232)
4(4382 4533 4534 4383)
4(4533 4684 4685 4534)
4(4684 4835 4836 4685)
4(4835 4986 4987 4836)
4(4986 5137 5138 4987)
4(5137 5288 5289 5138)
4(5288 5439 5440 5289)
4(5439 5590 5591 5440)
4(5590 5741 5742 5591)
4(5741 5892 5893 5742)
4(5892 6043 6044 5893)
4(6043 6194 6195 6044)
4(6194 6345 6346 6195)
4(6345 6496 6497 6346)
4(6496 6647 6648 6497)
4(6647 6798 6799 6648)
4(6798 6949 6950 6799)
4(6949 7100 7101 6950)
4(7100 7251 7252 7101)
4(7251 7402 7403 7252)
4(7402 7553 7554 7403)
4(7553 7704 7705 7554)
4(7704 7855 7856 7705)
4(4 155 156 5)
4(155 306 307 156)
4(306 457 458 307)
4(457 608 609 458)
4(608 759 760 609)
4(759 910 911 760)
4(910 1061 1062 911)
4(1061 1212 1213 1062)
4(1212 1363 1364 1213)
4(1363 1514 1515 1364)
4(1514 1665 1666 1515)
4(1665 1816 1817 1666)
4(1816 1967 1968 1817)
4(1967 2118 2119 1968)
4(2118 2269 2270 2119)
4(2269 2420 2421 2270)
4(2420 2571 2572 2421)
4(2571 2722 2723 2572)
4(2722 2873 2874 2723)
4(2873 3024 3025 2874)
4(3024 3175 3176 3025)
4(3175 3326 3327 3176)
4(3326 3477 3478 3327)
4(3477 3628 3629 3478)
4(3628 3779 3780 3629)
4(3779 3930 3931 3780)
4(3930 4081 4082 3931)
4(4081 4232 4233 4082)
4(4232 4383 4384 4233)
4(4383 4534 4535 4384)
4(4534 4685 4686 4535)
4(4685 4836 4837 4686)
4(4836 4987 4988 4837)
4(4987 5138 5139 4988)
4(5138 5289 5290 5139)
4(5289 5440 5441 5290)
4(5440 5591 5592 5441)
4(5591 5742 5743 5592)
4(5742 5893 5894 5743)
4(5893 6044 6045 5894)
4(6044 6195 6196 6045)
4(6195 6346 6347 6196)
4(6346 6497 6498 6347)
4(6497 6648 6649 6498)
4(6648 6799 6800 6649)
4(6799 6950 6951 6800)
4(6950 7101 7102 6951)
4(7101 7252 7253 7102)
4(7252 7403 7404 7253)
4(7403 7554 7555 7404)
4(7554 7705 7706 7555)
4(7705 7856 7857 7706)
4(5 156 157 6)
4(156 307 308 157)
4(307 458 459 308)
4(458 609 610 459)
4(609 760 761 610)
4(760 911 912 761)
4(911 1062 1063 912)
4(1062 1213 1214 1063)
4(1213 1364 1365 1214)
4(1364 1515 1516 1365)
4(1515 1666 1667 1516)
4(1666 1817 1818 1667)
4(1817 1968 1969 1818)
4(1968 2119 2120 1969)
4(2119 2270 2271 2120)
4(2270 2421 2422 2271)
4(2421 2572 2573 2422)
4(2572 2723 2724 2573)
4(2723 2874 2875 2724)
4(2874 3025 3026 2875)
4(3025 3176 3177 3026)
4(3176 3327 3328 3177)
4(3327 3478 3479 3328)
4(3478 3629 3630 3479)
4(3629 3780 3781 3630)
4(3780 3931 3932 3781)
4(3931 4082 4083 3932)
4(4082 4233 4234 4083)
4(4233 4384 4385 4234)
4(4384 4535 4536 4385)
4(4535 4686 4687 4536)
4(4686 4837 4838 4687)
4(4837 4988 4989 4838)
4(4988 5139 5140 4989)
4(5139 5290 5291 5140)
4(5290 5441 5442 5291)
4(5441 5592 5593 5442)
4(5592 5743 5744 5593)
4(5743 5894 5895 5744)
4(5894 6045 6046 5895)
4(6045 6196 6197 6046)
4(6196 6347 6348 6197)
4(6347 6498 6499 6348)
4(6498 6649 6650 6499)
4(6649 6800 6801 6650)
4(6800 6951 6952 6801)
4(6951 7102 7103 6952)
4(7102 7253 7254 7103)
4(7253 7404 7405 7254)
4(7404 7555 7556 7405)
4(7555 7706 7707 7556)
4(7706 7857 7858 7707)
4(6 157 158 7)
4(157 308 309 158)
4(308 459 460 309)
4(459 610 611 460)
4(610 761 762 611)
4(761 912 913 762)
4(912 1063 1064 913)
4(1063 1214 1215 1064)
4(1214 1365 1366 1215)
4(1365 1516 1517 1366)
4(1516 1667 1668 1517)
4(1667 1818 1819 1668)
4(1818 1969 1970 1819)
4(1969 2120 2121 1970)
4(2120 2271 2272 2121)
4(2271 2422 2423 2272)
4(2422 2573 2574 2423)
4(2573 2724 2725 2574)
4(2724 2875 2876 2725)
4(2875 3026 3027 2876)
4(3026 3177 3178 3027)
4(3177 3328 3329 3178)
4(3328 3479 3480 3329)
4(3479 3630 3631 3480)
4(3630 3781 3782 3631)
4(3781 3932 3933 3782)
4(3932 4083 4084 3933)
4(4083 4234 4235 4084)
4(4234 4385 4386 4235)
4(4385 4536 4537 4386)
4(4536 4687 4688 4537)
4(4687 4838 4839 4688)
4(4838 4989 4990 4839)
4(4989 5140 5141 4990)
4(5140 5291 5292 5141)
4(5291 5442 5443 5292)
4(5442 5593 5594 5443)
4(5593 5744 5745 5594)
4(5744 5895 5896 5745)
4(5895 6046 6047 5896)
4(6046 6197 6198 6047)
4(6197 6348 6349 6198)
4(6348 6499 6500 6349)
4(6499 6650 6651 6500)
4(6650 6801 6802 6651)
4(6801 6952 6953 6802)
4(6952 7103 7104 6953)
4(7103 7254 7255 7104)
4(7254 7405 7406 7255)
4(7405 7556 7557 7406)
4(7556 7707 7708 7557)
4(7707 7858 7859 7708)
4(7 158 159 8)
4(158 309 310 159)
4(309 460 461 310)
4(460 611 612 461)
4(611 762 763 612)
4(762 913 914 763)
4(913 1064 1065 914)
4(1064 1215 1216 1065)
4(1215 1366 1367 1216)
4(1366 1517 1518 1367)
4(1517 1668 1669 1518)
4(1668 1819 1820 1669)
4(1819 1970 1971 1820)
4(1970 2121 2122 1971)
4(2121 2272 2273 2122)
4(2272 2423 2424 2273)
4(2423 2574 2575 2424)
4(2574 2725 2726 2575)
4(2725 2876 2877 2726)
4(2876 3027 3028 2877)
4(3027 3178 3179 3028)
4(3178 3329 3330 3179)
4(3329 3480 3481 3330)
4(3480 3631 3632 3481)
4(3631 3782 3783 3632)
4(3782 3933 3934 3783)
4(3933 4084 4085 3934)
4(4084 4235 4236 4085)
4(4235 4386 4387 4236)
4(4386 4537 4538 4387)
4(4537 4688 4689 4538)
4(4688 4839 4840 4689)
4(4839 4990 4991 4840)
4(4990 5141 5142 4991)
4(5141 5292 5293 5142)
4(5292 5443 5444 5293)
4(5443 5594 5595 5444)
4(5594 5745 5746 5595)
4(5745 5896 5897 5746)
4(5896 6047 6048 5897)
4(6047 6198 6199 6048)
4(6198 6349 6350 6199)
4(6349 6500 6501 6350)
4(6500 6651 6652 6501)
4(6651 6802 6803 6652)
4(6802 6953 6954 6803)
4(6953 7104 7105 6954)
4(7104 7255 7256 7105)
4(7255 7406 7407 7256)
4(7406 7557 7558 7407)
4(7557 7708 7709 7558)
4(7708 7859 7860 7709)
4(8 159 160 9)
4(159 310 311 160)
4(310 461 462 311)
4(461 612 613 462)
4(612 763 764 613)
4(763 914 915 764)
4(914 1065 1066 915)
4(1065 1216 1217 1066)
4(1216 1367 1368 1217)
4(1367 1518 1519 1368)
4(1518 1669 1670 1519)
4(1669 1820 1821 1670)
4(1820 1971 1972 1821)
4(1971 2122 2123 1972)
4(2122 2273 2274 2123)
4(2273 2424 2425 2274)
4(2424 2575 2576 2425)
4(2575 2726 2727 2576)
4(2726 2877 2878 2727)
4(2877 3028 3029 2878)
4(3028 3179 3180 3029)
4(3179 3330 3331 3180)
4(3330 3481 3482 3331)
4(3481 3632 3633 3482)
4(3632 3783 3784 3633)
4(3783 3934 3935 3784)
4(3934 4085 4086 3935)
4(4085 4236 4237 4086)
4(4236 4387 4388 4237)
4(4387 4538 4539 4388)
4(4538 4689 4690 4539)
4(4689 4840 4841 4690)
4(4840 4991 4992 4841)
4(4991 5142 5143 4992)
4(5142 5293 5294 5143)
4(5293 5444 5445 5294)
4(5444 5595 5596 5445)
4(5595 5746 5747 5596)
4(5746 5897 5898 5747)
4(5897 6048 6049 5898)
4(6048 6199 6200 6049)
4(6199 6350 6351 6200)
4(6350 6501 6502 6351)
4(6501 6652 6653 6502)
4(6652 6803 6804 6653)
4(6803 6954 6955 6804)
4(6954 7105 7106 6955)
4(7105 7256 7257 7106)
4(7256 7407 7408 7257)
4(7407 7558 7559 7408)
4(7558 7709 7710 7559)
4(7709 7860 7861 7710)
4(9 160 161 10)
4(160 311 312 161)
4(311 462 463 312)
4(462 613 614 463)
4(613 764 765 614)
4(764 915 916 765)
4(915 1066 1067 916)
4(1066 1217 1218 1067)
4(1217 1368 1369 1218)
4(1368 1519 1520 1369)
4(1519 1670 1671 1520)
4(1670 1821 1822 1671)
4(1821 1972 1973 1822)
4(1972 2123 2124 1973)
4(2123 2274 2275 2124)
4(2274 2425 2426 2275)
4(2425 2576 2577 2426)
4(2576 2727 2728 2577)
4(2727 2878 2879 2728)
4(2878 3029 3030 2879)
4(3029 3180 3181 3030)
4(3180 3331 3332 3181)
4(3331 3482 3483 3332)
4(3482 3633 3634 3483)
4(3633 3784 3785 3634)
4(3784 3935 3936 3785)
4(3935 4086 4087 3936)
4(4086 4237 4238 4087)
4(4237 4388 4389 4238)
4(4388 4539 4540 4389)
4(4539 4690 4691 4540)
4(4690 4841 4842 4691)
4(4841 4992 4993 4842)
4(4992 5143 5144 4993)
4(5143 5294 5295 5144)
4(5294 5445 5446 5295)
4(5445 5596 5597 5446)
4(5596 5747 5748 5597)
4(5747 5898 5899 5748)
4(5898 6049 6050 5899)
4(6049 6200 6201 6050)
4(6200 6351 6352 6201)
4(6351 6502 6503 6352)
4(6502 6653 6654 6503)
4(6653 6804 6805 6654)
4(6804 6955 6956 6805)
4(6955 7106 7107 6956)
4(7106 7257 7258 7107)
4(7257 7408 7409 7258)
4(7408 7559 7560 7409)
4(7559 7710 7711 7560)
4(7710 7861 7862 7711)
4(10 161 162 11)
4(161 312 313 162)
4(312 463 464 313)
4(463 614 615 464)
4(614 765 766 615)
4(765 916 917 766)
4(916 1067 1068 917)
4(1067 1218 1219 1068)
4(1218 1369 1370 1219)
4(1369 1520 1521 1370)
4(1520 1671 1672 1521)
4(1671 1822 1823 1672)
4(1822 1973 1974 1823)
4(1973 2124 2125 1974)
4(2124 2275 2276 2125)
4(2275 2426 2427 2276)
4(2426 2577 2578 2427)
4(2577 2728 2729 2578)
4(2728 2879 2880 2729)
4(2879 3030 3031 2880)
4(3030 3181 3182 3031)
4(3181 3332 3333 3182)
4(3332 3483 3484 3333)
4(3483 3634 3635 3484)
4(3634 3785 3786 3635)
4(3785 3936 3937 3786)
4(3936 4087 4088 3937)
4(4087 4238 4239 4088)
4(4238 4389 4390 4239)
4(4389 4540 4541 4390)
4(4540 4691 4692 4541)
4(4691 4842 4843 4692)
4(4842 4993 4994 4843)
4(4993 5144 5145 4994)
4(5144 5295 5296 5145)
4(5295 5446 5447 5296)
4(5446 5597 5598 5447)
4(5597 5748 5749 5598)
4(5748 5899 5900 5749)
4(5899 6050 6051 5900)
4(6050 6201 6202 6051)
4(6201 6352 6353 6202)
4(6352 6503 6504 6353)
4(6503 6654 6655 6504)
4(6654 6805 6806 6655)
4(6805 6956 6957 6806)
4(6956 7107 7108 6957)
4(7107 7258 7259 7108)
4(7258 7409 7410 7259)
4(7409 7560 7561 7410)
4(7560 7711 7712 7561)
4(7711 7862 7863 7712)
4(11 162 163 12)
4(162 313 314 163)
4(313 464 465 314)
4(464 615 616 465)
4(615 766 767 616)
4(766 917 918 767)
4(917 1068 1069 918)
4(1068 1219 1220 1069)
4(1219 1370 1371 1220)
4(1370 1521 1522 1371)
4(1521 1672 1673 1522)
4(1672 1823 1824 1673)
4(1823 1974 1975 1824)
4(1974 2125 2126 1975)
4(2125 2276 2277 2126)
4(2276 2427 2428 2277)
4(2427 2578 2579 2428)
4(2578 2729 2730 2579)
4(2729 2880 2881 2730)
4(2880 3031 3032 2881)
4(3031 3182 3183 3032)
4(3182 3333 3334 3183)
4(3333 3484 3485 3334)
4(3484 3635 3636 3485)
4(3635 3786 3787 3636)
4(3786 3937 3938 3787)
4(3937 4088 4089 3938)
4(4088 4239 4240 4089)
4(4239 4390 4391 4240)
4(4390 4541 4542 4391)
4(4541 4692 4693 4542)
4(4692 4843 4844 4693)
4(4843 4994 4995 4844)
4(4994 5145 5146 4995)
4(5145 5296 5297 5146)
4(5296 5447 5448 5297)
4(5447 5598 5599 5448)
4(5598 5749 5750 5599)
4(5749 5900 5901 5750)
4(5900 6051 6052 5901)
4(6051 6202 6203 6052)
4(6202 6353 6354 6203)
4(6353 6504 6505 6354)
4(6504 6655 6656 6505)
4(6655 6806 6807 6656)
4(6806 6957 6958 6807)
4(6957 7108 7109 6958)
4(7108 7259 7260 7109)
4(7259 7410 7411 7260)
4(7410 7561 7562 7411)
4(7561 7712 7713 7562)
4(7712 7863 7864 7713)
4(12 163 164 13)
4(163 314 315 164)
4(314 465 466 315)
4(465 616 617 466)
4(616 767 768 617)
4(767 918 919 768)
4(918 1069 1070 919)
4(1069 1220 1221 1070)
4(1220 1371 1372 1221)
4(1371 1522 1523 1372)
4(1522 1673 1674 1523)
4(1673 1824 1825 1674)
4(1824 1975 1976 1825)
4(1975 2126 2127 1976)
4(2126 2277 2278 2127)
4(2277 2428 2429 2278)
4(2428 2579 2580 2429)
4(2579 2730 2731 2580)
4(2730 2881 2882 2731)
4(2881 3032 3033 2882)
4(3032 3183 3184 3033)
4(3183 3334 3335 3184)
4(3334 3485 3486 3335)
4(3485 3636 3637 3486)
4(3636 3787 3788 3637)
4(3787 3938 3939 3788)
4(3938 4089 4090 3939)
4(4089 4240 4241 4090)
4(4240 4391 4392 4241)
4(4391 4542 4543 4392)
4(4542 4693 4694 4543)
4(4693 4844 4845 4694)
4(4844 4995 4996 4845)
4(4995 5146 5147 4996)
4(5146 5297 5298 5147)
4(5297 5448 5449 5298)
4(5448 5599 5600 5449)
4(5599 5750 5751 5600)
4(5750 5901 5902 5751)
4(5901 6052 6053 5902)
4(6052 6203 6204 6053)
4(6203 6354 6355 6204)
4(6354 6505 6506 6355)
4(6505 6656 6657 6506)
4(6656 6807 6808 6657)
4(6807 6958 6959 6808)
4(6958 7109 7110 6959)
4(7109 7260 7261 7110)
4(7260 7411 7412 7261)
4(7411 7562 7563 7412)
4(7562 7713 7714 7563)
4(7713 7864 7865 7714)
4(13 164 165 14)
4(164 315 316 165)
4(315 466 467 316)
4(466 617 618 467)
4(617 768 769 618)
4(768 919 920 769)
4(919 1070 1071 920)
4(1070 1221 1222 1071)
4(1221 1372 1373 1222)
4(1372 1523 1524 1373)
4(1523 1674 1675 1524)
4(1674 1825 1826 1675)
4(1825 1976 1977 1826)
4(1976 2127 2128 1977)
4(2127 2278 2279 2128)
4(2278 2429 2430 2279)
4(2429 2580 2581 2430)
4(2580 2731 2732 2581)
4(2731 2882 2883 2732)
4(2882 3033 3034 2883)
4(3033 3184 3185 3034)
4(3184 3335 3336 3185)
4(3335 3486 3487 3336)
4(3486 3637 3638 3487)
4(3637 3788 3789 3638)
4(3788 3939 3940 3789)
4(3939 4090 4091 3940)
4(4090 4241 4242 4091)
4(4241 4392 4393 4242)
4(4392 4543 4544 4393)
4(4543 4694 4695 4544)
4(4694 4845 4846 4695)
4(4845 4996 4997 4846)
4(4996 5147 5148 4997)
4(5147 5298 5299 5148)
4(5298 5449 5450 5299)
4(5449 5600 5601 5450)
4(5600 5751 5752 5601)
4(5751 5902 5903 5752)
4(5902 6053 6054 5903)
4(6053 6204 6205 6054)
4(6204 6355 6356 6205)
4(6355 6506 6507 6356)
4(6506 6657 6658 6507)
4(6657 6808 6809 6658)
4(6808 6959 6960 6809)
4(6959 7110 7111 6960)
4(7110 7261 7262 7111)
4(7261 7412 7413 7262)
4(7412 7563 7564 7413)
4(7563 7714 7715 7564)
4(7714 7865 7866 7715)
4(14 165 166 15)
4(165 316 317 166)
4(316 467 468 317)
4(467 618 619 468)
4(618 769 770 619)
4(769 920 921 770)
4(920 1071 1072 921)
4(1071 1222 1223 1072)
4(1222 1373 1374 1223)
4(1373 1524 1525 1374)
4(1524 1675 1676 1525)
4(1675 1826 1827 1676)
4(1826 1977 1978 1827)
4(1977 2128 2129 1978)
4(2128 2279 2280 2129)
4(2279 2430 2431 2280)
4(2430 2581 2582 2431)
4(2581 2732 2733 2582)
4(2732 2883 2884 2733)
4(2883 3034 3035 2884)
4(3034 3185 3186 3035)
4(3185 3336 3337 3186)
4(3336 3487 3488 3337)
4(3487 3638 3639 3488)
4(3638 3789 3790 3639)
4(3789 3940 3941 3790)
4(3940 4091 4092 3941)
4(4091 4242 4243 4092)
4(4242 4393 4394 4243)
4(4393 4544 4545 4394)
4(4544 4695 4696 4545)
4(4695 4846 4847 4696)
4(4846 4997 4998 4847)
4(4997 5148 5149 4998)
4(5148 5299 5300 5149)
4(5299 5450 5451 5300)
4(5450 5601 5602 5451)
4(5601 5752 5753 5602)
4(5752 5903 5904 5753)
4(5903 6054 6055 5904)
4(6054 6205 6206 6055)
4(6205 6356 6357 6206)
4(6356 6507 6508 6357)
4(6507 6658 6659 6508)
4(6658 6809 6810 6659)
4(6809 6960 6961 6810)
4(6960 7111 7112 6961)
4(7111 7262 7263 7112)
4(7262 7413 7414 7263)
4(7413 7564 7565 7414)
4(7564 7715 7716 7565)
4(7715 7866 7867 7716)
4(15 166 167 16)
4(166 317 318 167)
4(317 468 469 318)
4(468 619 620 469)
4(619 770 771 620)
4(770 921 922 771)
4(921 1072 1073 922)
4(1072 1223 1224 1073)
4(1223 1374 1375 1224)
4(1374 1525 1526 1375)
4(1525 1676 1677 1526)
4(1676 1827 1828 1677)
4(1827 1978 1979 1828)
4(1978 2129 2130 1979)
4(2129 2280 2281 2130)
4(2280 2431 2432 2281)
4(2431 2582 2583 2432)
4(2582 2733 2734 2583)
4(2733 2884 2885 2734)
4(2884 3035 3036 2885)
4(3035 3186 3187 3036)
4(3186 3337 3338 3187)
4(3337 3488 3489 3338)
4(3488 3639 3640 3489)
4(3639 3790 3791 3640)
4(3790 3941 3942 3791)
4(3941 4092 4093 3942)
4(4092 4243 4244 4093)
4(4243 4394 4395 4244)
4(4394 4545 4546 4395)
4(4545 4696 4697 4546)
4(4696 4847 4848 4697)
4(4847 4998 4999 4848)
4(4998 5149 5150 4999)
4(5149 5300 5301 5150)
4(5300 5451 5452 5301)
4(5451 5602 5603 5452)
4(5602 5753 5754 5603)
4(5753 5904 5905 5754)
4(5904 6055 6056 5905)
4(6055 6206 6207 6056)
4(6206 6357 6358 6207)
4(6357 6508 6509 6358)
4(6508 6659 6660 6509)
4(6659 6810 6811 6660)
4(6810 6961 6962 6811)
4(6961 7112 7113 6962)
4(7112 7263 7264 7113)
4(7263 7414 7415 7264)
4(7414 7565 7566 7415)
4(7565 7716 7717 7566)
4(7716 7867 7868 7717)
4(16 167 168 17)
4(167 318 319 168)
4(318 469 470 319)
4(469 620 621 470)
4(620 771 772 621)
4(771 922 923 772)
4(922 1073 1074 923)
4(1073 1224 1225 1074)
4(1224 1375 1376 1225)
4(1375 1526 1527 1376)
4(1526 1677 1678 1527)
4(1677 1828 1829 1678)
4(1828 1979 1980 1829)
4(1979 2130 2131 1980)
4(2130 2281 2282 2131)
4(2281 2432 2433 2282)
4(2432 2583 2584 2433)
4(2583 2734 2735 2584)
4(2734 2885 2886 2735)
4(2885 3036 3037 2886)
4(3036 3187 3188 3037)
4(3187 3338 3339 3188)
4(3338 3489 3490 3339)
4(3489 3640 3641 3490)
4(3640 3791 3792 3641)
4(3791 3942 3943 3792)
4(3942 4093 4094 3943)
4(4093 4244 4245 4094)
4(4244 4395 4396 4245)
4(4395 4546 4547 4396)
4(4546 4697 4698 4547)
4(4697 4848 4849 4698)
4(4848 4999 5000 4849)
4(4999 5150 5151 5000)
4(5150 5301 5302 5151)
4(5301 5452 5453 5302)
4(5452 5603 5604 5453)
4(5603 5754 5755 5604)
4(5754 5905 5906 5755)
4(5905 6056 6057 5906)
4(6056 6207 6208 6057)
4(6207 6358 6359 6208)
4(6358 6509 6510 6359)
4(6509 6660 6661 6510)
4(6660 6811 6812 6661)
4(6811 6962 6963 6812)
4(6962 7113 7114 6963)
4(7113 7264 7265 7114)
4(7264 7415 7416 7265)
4(7415 7566 7567 7416)
4(7566 7717 7718 7567)
4(7717 7868 7869 7718)
4(17 168 169 18)
4(168 319 320 169)
4(319 470 471 320)
4(470 621 622 471)
4(621 772 773 622)
4(772 923 924 773)
4(923 1074 1075 924)
4(1074 1225 1226 1075)
4(1225 1376 1377 1226)
4(1376 1527 1528 1377)
4(1527 1678 1679 1528)
4(1678 1829 1830 1679)
4(1829 1980 1981 1830)
4(1980 2131 2132 1981)
4(2131 2282 2283 2132)
4(2282 2433 2434 2283)
4(2433 2584 2585 2434)
4(2584 2735 2736 2585)
4(2735 2886 2887 2736)
4(2886 3037 3038 2887)
4(3037 3188 3189 3038)
4(3188 3339 3340 3189)
4(3339 3490 3491 3340)
4(3490 3641 3642 3491)
4(3641 3792 3793 3642)
4(3792 3943 3944 3793)
4(3943 4094 4095 3944)
4(4094 4245 4246 4095)
4(4245 4396 4397 4246)
4(4396 4547 4548 4397)
4(4547 4698 4699 4548)
4(4698 4849 4850 4699)
4(4849 5000 5001 4850)
4(5000 5151 5152 5001)
4(5151 5302 5303 5152)
4(5302 5453 5454 5303)
4(5453 5604 5605 5454)
4(5604 5755 5756 5605)
4(5755 5906 5907 5756)
4(5906 6057 6058 5907)
4(6057 6208 6209 6058)
4(6208 6359 6360 6209)
4(6359 6510 6511 6360)
4(6510 6661 6662 6511)
4(6661 6812 6813 6662)
4(6812 6963 6964 6813)
4(6963 7114 7115 6964)
4(7114 7265 7266 7115)
4(7265 7416 7417 7266)
4(7416 7567 7568 7417)
4(7567 7718 7719 7568)
4(7718 7869 7870 7719)
4(18 169 170 19)
4(169 320 321 170)
4(320 471 472 321)
4(471 622 623 472)
4(622 773 774 623)
4(773 924 925 774)
4(924 1075 1076 925)
4(1075 1226 1227 1076)
4(1226 1377 1378 1227)
4(1377 1528 1529 1378)
4(1528 1679 1680 1529)
4(1679 1830 1831 1680)
4(1830 1981 1982 1831)
4(1981 2132 2133 1982)
4(2132 2283 2284 2133)
4(2283 2434 2435 2284)
4(2434 2585 2586 2435)
4(2585 2736 2737 2586)
4(2736 2887 2888 2737)
4(2887 3038 3039 2888)
4(3038 3189 3190 3039)
4(3189 3340 3341 3190)
4(3340 3491 3492 3341)
4(3491 3642 3643 3492)
4(3642 3793 3794 3643)
4(3793 3944 3945 3794)
4(3944 4095 4096 3945)
4(4095 4246 4247 4096)
4(4246 4397 4398 4247)
4(4397 4548 4549 4398)
4(4548 4699 4700 4549)
4(4699 4850 4851 4700)
4(4850 5001 5002 4851)
4(5001 5152 5153 5002)
4(5152 5303 5304 5153)
4(5303 5454 5455 5304)
4(5454 5605 5606 5455)
4(5605 5756 5757 5606)
4(5756 5907 5908 5757)
4(5907 6058 6059 5908)
4(6058 6209 6210 6059)
4(6209 6360 6361 6210)
4(6360 6511 6512 6361)
4(6511 6662 6663 6512)
4(6662 6813 6814 6663)
4(6813 6964 6965 6814)
4(6964 7115 7116 6965)
4(7115 7266 7267 7116)
4(7266 7417 7418 7267)
4(7417 7568 7569 7418)
4(7568 7719 7720 7569)
4(7719 7870 7871 7720)
4(19 170 171 20)
4(170 321 322 171)
4(321 472 473 322)
4(472 623 624 473)
4(623 774 775 624)
4(774 925 926 775)
4(925 1076 1077 926)
4(1076 1227 1228 1077)
4(1227 1378 1379 1228)
4(1378 1529 1530 1379)
4(1529 1680 1681 1530)
4(1680 1831 1832 1681)
4(1831 1982 1983 1832)
4(1982 2133 2134 1983)
4(2133 2284 2285 2134)
4(2284 2435 2436 2285)
4(2435 2586 2587 2436)
4(2586 2737 2738 2587)
4(2737 2888 2889 2738)
4(2888 3039 3040 2889)
4(3039 3190 3191 3040)
4(3190 3341 3342 3191)
4(3341 3492 3493 3342)
4(3492 3643 3644 3493)
4(3643 3794 3795 3644)
4(3794 3945 3946 3795)
4(3945 4096 4097 3946)
4(4096 4247 4248 4097)
4(4247 4398 4399 4248)
4(4398 4549 4550 4399)
4(4549 4700 4701 4550)
4(4700 4851 4852 4701)
4(4851 5002 5003 4852)
4(5002 5153 5154 5003)
4(5153 5304 5305 5154)
4(5304 5455 5456 5305)
4(5455 5606 5607 5456)
4(5606 5757 5758 5607)
4(5757 5908 5909 5758)
4(5908 6059 6060 5909)
4(6059 6210 6211 6060)
4(6210 6361 6362 6211)
4(6361 6512 6513 6362)
4(6512 6663 6664 6513)
4(6663 6814 6815 6664)
4(6814 6965 6966 6815)
4(6965 7116 7117 6966)
4(7116 7267 7268 7117)
4(7267 7418 7419 7268)
4(7418 7569 7570 7419)
4(7569 7720 7721 7570)
4(7720 7871 7872 7721)
4(20 171 172 21)
4(171 322 323 172)
4(322 473 474 323)
4(473 624 625 474)
4(624 775 776 625)
4(775 926 927 776)
4(926 1077 1078 927)
4(1077 1228 1229 1078)
4(1228 1379 1380 1229)
4(1379 1530 1531 1380)
4(1530 1681 1682 1531)
4(1681 1832 1833 1682)
4(1832 1983 1984 1833)
4(1983 2134 2135 1984)
4(2134 2285 2286 2135)
4(2285 2436 2437 2286)
4(2436 2587 2588 2437)
4(2587 2738 2739 2588)
4(2738 2889 2890 2739)
4(2889 3040 3041 2890)
4(3040 3191 3192 3041)
4(3191 3342 3343 3192)
4(3342 3493 3494 3343)
4(3493 3644 3645 3494)
4(3644 3795 3796 3645)
4(3795 3946 3947 3796)
4(3946 4097 4098 3947)
4(4097 4248 4249 4098)
4(4248 4399 4400 4249)
4(4399 4550 4551 4400)
4(4550 4701 4702 4551)
4(4701 4852 4853 4702)
4(4852 5003 5004 4853)
4(5003 5154 5155 5004)
4(5154 5305 5306 5155)
4(5305 5456 5457 5306)
4(5456 5607 5608 5457)
4(5607 5758 5759 5608)
4(5758 5909 5910 5759)
4(5909 6060 6061 5910)
4(6060 6211 6212 6061)
4(6211 6362 6363 6212)
4(6362 6513 6514 6363)
4(6513 6664 6665 6514)
4(6664 6815 6816 6665)
4(6815 6966 6967 6816)
4(6966 7117 7118 6967)
4(7117 7268 7269 7118)
4(7268 7419 7420 7269)
4(7419 7570 7571 7420)
4(7570 7721 7722 7571)
4(7721 7872 7873 7722)
4(21 172 173 22)
4(172 323 324 173)
4(323 474 475 324)
4(474 625 626 475)
4(625 776 777 626)
4(776 927 928 777)
4(927 1078 1079 928)
4(1078 1229 1230 1079)
4(1229 1380 1381 1230)
4(1380 1531 1532 1381)
4(1531 1682 1683 1532)
4(1682 1833 1834 1683)
4(1833 1984 1985 1834)
4(1984 2135 2136 1985)
4(2135 2286 2287 2136)
4(2286 2437 2438 2287)
4(2437 2588 2589 2438)
4(2588 2739 2740 2589)
4(2739 2890 2891 2740)
4(2890 3041 3042 2891)
4(3041 3192 3193 3042)
4(3192 3343 3344 3193)
4(3343 3494 3495 3344)
4(3494 3645 3646 3495)
4(3645 3796 3797 3646)
4(3796 3947 3948 3797)
4(3947 4098 4099 3948)
4(4098 4249 4250 4099)
4(4249 4400 4401 4250)
4(4400 4551 4552 4401)
4(4551 4702 4703 4552)
4(4702 4853 4854 4703)
4(4853 5004 5005 4854)
4(5004 5155 5156 5005)
4(5155 5306 5307 5156)
4(5306 5457 5458 5307)
4(5457 5608 5609 5458)
4(5608 5759 5760 5609)
4(5759 5910 5911 5760)
4(5910 6061 6062 5911)
4(6061 6212 6213 6062)
4(6212 6363 6364 6213)
4(6363 6514 6515 6364)
4(6514 6665 6666 6515)
4(6665 6816 6817 6666)
4(6816 6967 6968 6817)
4(6967 7118 7119 6968)
4(7118 7269 7270 7119)
4(7269 7420 7421 7270)
4(7420 7571 7572 7421)
4(7571 7722 7723 7572)
4(7722 7873 7874 7723)
4(22 173 174 23)
4(173 324 325 174)
4(324 475 476 325)
4(475 626 627 476)
4(626 777 778 627)
4(777 928 929 778)
4(928 1079 1080 929)
4(1079 1230 1231 1080)
4(1230 1381 1382 1231)
4(1381 1532 1533 1382)
4(1532 1683 1684 1533)
4(1683 1834 1835 1684)
4(1834 1985 1986 1835)
4(1985 2136 2137 1986)
4(2136 2287 2288 2137)
4(2287 2438 2439 2288)
4(2438 2589 2590 2439)
4(2589 2740 2741 2590)
4(2740 2891 2892 2741)
4(2891 3042 3043 2892)
4(3042 3193 3194 3043)
4(3193 3344 3345 3194)
4(3344 3495 3496 3345)
4(3495 3646 3647 3496)
4(3646 3797 3798 3647)
4(3797 3948 3949 3798)
4(3948 4099 4100 3949)
4(4099 4250 4251 4100)
4(4250 4401 4402 4251)
4(4401 4552 4553 4402)
4(4552 4703 4704 4553)
4(4703 4854 4855 4704)
4(4854 5005 5006 4855)
4(5005 5156 5157 5006)
4(5156 5307 5308 5157)
4(5307 5458 5459 5308)
4(5458 5609 5610 5459)
4(5609 5760 5761 5610)
4(5760 5911 5912 5761)
4(5911 6062 6063 5912)
4(6062 6213 6214 6063)
4(6213 6364 6365 6214)
4(6364 6515 6516 6365)
4(6515 6666 6667 6516)
4(6666 6817 6818 6667)
4(6817 6968 6969 6818)
4(6968 7119 7120 6969)
4(7119 7270 7271 7120)
4(7270 7421 7422 7271)
4(7421 7572 7573 7422)
4(7572 7723 7724 7573)
4(7723 7874 7875 7724)
4(23 174 175 24)
4(174 325 326 175)
4(325 476 477 326)
4(476 627 628 477)
4(627 778 779 628)
4(778 929 930 779)
4(929 1080 1081 930)
4(1080 1231 1232 1081)
4(1231 1382 1383 1232)
4(1382 1533 1534 1383)
4(1533 1684 1685 1534)
4(1684 1835 1836 1685)
4(1835 1986 1987 1836)
4(1986 2137 2138 1987)
4(2137 2288 2289 2138)
4(2288 2439 2440 2289)
4(2439 2590 2591 2440)
4(2590 2741 2742 2591)
4(2741 2892 2893 2742)
4(2892 3043 3044 2893)
4(3043 3194 3195 3044)
4(3194 3345 3346 3195)
4(3345 3496 3497 3346)
4(3496 3647 3648 3497)
4(3647 3798 3799 3648)
4(3798 3949 3950 3799)
4(3949 4100 4101 3950)
4(4100 4251 4252 4101)
4(4251 4402 4403 4252)
4(4402 4553 4554 4403)
4(4553 4704 4705 4554)
4(4704 4855 4856 4705)
4(4855 5006 5007 4856)
4(5006 5157 5158 5007)
4(5157 5308 5309 5158)
4(5308 5459 5460 5309)
4(5459 5610 5611 5460)
4(5610 5761 5762 5611)
4(5761 5912 5913 5762)
4(5912 6063 6064 5913)
4(6063 6214 6215 6064)
4(6214 6365 6366 6215)
4(6365 6516 6517 6366)
4(6516 6667 6668 6517)
4(6667 6818 6819 6668)
4(6818 6969 6970 6819)
4(6969 7120 7121 6970)
4(7120 7271 7272 7121)
4(7271 7422 7423 7272)
4(7422 7573 7574 7423)
4(7573 7724 7725 7574)
4(7724 7875 7876 7725)
4(24 175 176 25)
4(175 326 327 176)
4(326 477 478 327)
4(477 628 629 478)
4(628 779 780 629)
4(779 930 931 780)
4(930 1081 1082 931)
4(1081 1232 1233 1082)
4(1232 1383 1384 1233)
4(1383 1534 1535 1384)
4(1534 1685 1686 1535)
4(1685 1836 1837 1686)
4(1836 1987 1988 1837)
4(1987 2138 2139 1988)
4(2138 2289 2290 2139)
4(2289 2440 2441 2290)
4(2440 2591 2592 2441)
4(2591 2742 2743 2592)
4(2742 2893 2894 2743)
4(2893 3044 3045 2894)
4(3044 3195 3196 3045)
4(3195 3346 3347 3196)
4(3346 3497 3498 3347)
4(3497 3648 3649 3498)
4(3648 3799 3800 3649)
4(3799 3950 3951 3800)
4(3950 4101 4102 3951)
4(4101 4252 4253 4102)
4(4252 4403 4404 4253)
4(4403 4554 4555 4404)
4(4554 4705 4706 4555)
4(4705 4856 4857 4706)
4(4856 5007 5008 4857)
4(5007 5158 5159 5008)
4(5158 5309 5310 5159)
4(5309 5460 5461 5310)
4(5460 5611 5612 5461)
4(5611 5762 5763 5612)
4(5762 5913 5914 5763)
4(5913 6064 6065 5914)
4(6064 6215 6216 6065)
4(6215 6366 6367 6216)
4(6366 6517 6518 6367)
4(6517 6668 6669 6518)
4(6668 6819 6820 6669)
4(6819 6970 6971 6820)
4(6970 7121 7122 6971)
4(7121 7272 7273 7122)
4(7272 7423 7424 7273)
4(7423 7574 7575 7424)
4(7574 7725 7726 7575)
4(7725 7876 7877 7726)
4(25 176 177 26)
4(176 327 328 177)
4(327 478 479 328)
4(478 629 630 479)
4(629 780 781 630)
4(780 931 932 781)
4(931 1082 1083 932)
4(1082 1233 1234 1083)
4(1233 1384 1385 1234)
4(1384 1535 1536 1385)
4(1535 1686 1687 1536)
4(1686 1837 1838 1687)
4(1837 1988 1989 1838)
4(1988 2139 2140 1989)
4(2139 2290 2291 2140)
4(2290 2441 2442 2291)
4(2441 2592 2593 2442)
4(2592 2743 2744 2593)
4(2743 2894 2895 2744)
4(2894 3045 3046 2895)
4(3045 3196 3197 3046)
4(3196 3347 3348 3197)
4(3347 3498 3499 3348)
4(3498 3649 3650 3499)
4(3649 3800 3801 3650)
4(3800 3951 3952 3801)
4(3951 4102 4103 3952)
4(4102 4253 4254 4103)
4(4253 4404 4405 4254)
4(4404 4555 4556 4405)
4(4555 4706 4707 4556)
4(4706 4857 4858 4707)
4(4857 5008 5009 4858)
4(5008 5159 5160 5009)
4(5159 5310 5311 5160)
4(5310 5461 5462 5311)
4(5461 5612 5613 5462)
4(5612 5763 5764 5613)
4(5763 5914 5915 5764)
4(5914 6065 6066 5915)
4(6065 6216 6217 6066)
4(6216 6367 6368 6217)
4(6367 6518 6519 6368)
4(6518 6669 6670 6519)
4(6669 6820 6821 6670)
4(6820 6971 6972 6821)
4(6971 7122 7123 6972)
4(7122 7273 7274 7123)
4(7273 7424 7425 7274)
4(7424 7575 7576 7425)
4(7575 7726 7727 7576)
4(7726 7877 7878 7727)
4(26 177 178 27)
4(177 328 329 178)
4(328 479 480 329)
4(479 630 631 480)
4(630 781 782 631)
4(781 932 933 782)
4(932 1083 1084 933)
4(1083 1234 1235 1084)
4(1234 1385 1386 1235)
4(1385 1536 1537 1386)
4(1536 1687 1688 1537)
4(1687 1838 1839 1688)
4(1838 1989 1990 1839)
4(1989 2140 2141 1990)
4(2140 2291 2292 2141)
4(2291 2442 2443 2292)
4(2442 2593 2594 2443)
4(2593 2744 2745 2594)
4(2744 2895 2896 2745)
4(2895 3046 3047 2896)
4(3046 3197 3198 3047)
4(3197 3348 3349 3198)
4(3348 3499 3500 3349)
4(3499 3650 3651 3500)
4(3650 3801 3802 3651)
4(3801 3952 3953 3802)
4(3952 4103 4104 3953)
4(4103 4254 4255 4104)
4(4254 4405 4406 4255)
4(4405 4556 4557 4406)
4(4556 4707 4708 4557)
4(4707 4858 4859 4708)
4(4858 5009 5010 4859)
4(5009 5160 5161 5010)
4(5160 5311 5312 5161)
4(5311 5462 5463 5312)
4(5462 5613 5614 5463)
4(5613 5764 5765 5614)
4(5764 5915 5916 5765)
4(5915 6066 6067 5916)
4(6066 6217 6218 6067)
4(6217 6368 6369 6218)
4(6368 6519 6520 6369)
4(6519 6670 6671 6520)
4(6670 6821 6822 6671)
4(6821 6972 6973 6822)
4(6972 7123 7124 6973)
4(7123 7274 7275 7124)
4(7274 7425 7426 7275)
4(7425 7576 7577 7426)
4(7576 7727 7728 7577)
4(7727 7878 7879 7728)
4(27 178 179 28)
4(178 329 330 179)
4(329 480 481 330)
4(480 631 632 481)
4(631 782 783 632)
4(782 933 934 783)
4(933 1084 1085 934)
4(1084 1235 1236 1085)
4(1235 1386 1387 1236)
4(1386 1537 1538 1387)
4(1537 1688 1689 1538)
4(1688 1839 1840 1689)
4(1839 1990 1991 1840)
4(1990 2141 2142 1991)
4(2141 2292 2293 2142)
4(2292 2443 2444 2293)
4(2443 2594 2595 2444)
4(2594 2745 2746 2595)
4(2745 2896 2897 2746)
4(2896 3047 3048 2897)
4(3047 3198 3199 3048)
4(3198 3349 3350 3199)
4(3349 3500 3501 3350)
4(3500 3651 3652 3501)
4(3651 3802 3803 3652)
4(3802 3953 3954 3803)
4(3953 4104 4105 3954)
4(4104 4255 4256 4105)
4(4255 4406 4407 4256)
4(4406 4557 4558 4407)
4(4557 4708 4709 4558)
4(4708 4859 4860 4709)
4(4859 5010 5011 4860)
4(5010 5161 5162 5011)
4(5161 5312 5313 5162)
4(5312 5463 5464 5313)
4(5463 5614 5615 5464)
4(5614 5765 5766 5615)
4(5765 5916 5917 5766)
4(5916 6067 6068 5917)
4(6067 6218 6219 6068)
4(6218 6369 6370 6219)
4(6369 6520 6521 6370)
4(6520 6671 6672 6521)
4(6671 6822 6823 6672)
4(6822 6973 6974 6823)
4(6973 7124 7125 6974)
4(7124 7275 7276 7125)
4(7275 7426 7427 7276)
4(7426 7577 7578 7427)
4(7577 7728 7729 7578)
4(7728 7879 7880 7729)
4(28 179 180 29)
4(179 330 331 180)
4(330 481 482 331)
4(481 632 633 482)
4(632 783 784 633)
4(783 934 935 784)
4(934 1085 1086 935)
4(1085 1236 1237 1086)
4(1236 1387 1388 1237)
4(1387 1538 1539 1388)
4(1538 1689 1690 1539)
4(1689 1840 1841 1690)
4(1840 1991 1992 1841)
4(1991 2142 2143 1992)
4(2142 2293 2294 2143)
4(2293 2444 2445 2294)
4(2444 2595 2596 2445)
4(2595 2746 2747 2596)
4(2746 2897 2898 2747)
4(2897 3048 3049 2898)
4(3048 3199 3200 3049)
4(3199 3350 3351 3200)
4(3350 3501 3502 3351)
4(3501 3652 3653 3502)
4(3652 3803 3804 3653)
4(3803 3954 3955 3804)
4(3954 4105 4106 3955)
4(4105 4256 4257 4106)
4(4256 4407 4408 4257)
4(4407 4558 4559 4408)
4(4558 4709 4710 4559)
4(4709 4860 4861 4710)
4(4860 5011 5012 4861)
4(5011 5162 5163 5012)
4(5162 5313 5314 5163)
4(5313 5464 5465 5314)
4(5464 5615 5616 5465)
4(5615 5766 5767 5616)
4(5766 5917 5918 5767)
4(5917 6068 6069 5918)
4(6068 6219 6220 6069)
4(6219 6370 6371 6220)
4(6370 6521 6522 6371)
4(6521 6672 6673 6522)
4(6672 6823 6824 6673)
4(6823 6974 6975 6824)
4(6974 7125 7126 6975)
4(7125 7276 7277 7126)
4(7276 7427 7428 7277)
4(7427 7578 7579 7428)
4(7578 7729 7730 7579)
4(7729 7880 7881 7730)
4(29 180 181 30)
4(180 331 332 181)
4(331 482 483 332)
4(482 633 634 483)
4(633 784 785 634)
4(784 935 936 785)
4(935 1086 1087 936)
4(1086 1237 1238 1087)
4(1237 1388 1389 1238)
4(1388 1539 1540 1389)
4(1539 1690 1691 1540)
4(1690 1841 1842 1691)
4(1841 1992 1993 1842)
4(1992 2143 2144 1993)
4(2143 2294 2295 2144)
4(2294 2445 2446 2295)
4(2445 2596 2597 2446)
4(2596 2747 2748 2597)
4(2747 2898 2899 2748)
4(2898 3049 3050 2899)
4(3049 3200 3201 3050)
4(3200 3351 3352 3201)
4(3351 3502 3503 3352)
4(3502 3653 3654 3503)
4(3653 3804 3805 3654)
4(3804 3955 3956 3805)
4(3955 4106 4107 3956)
4(4106 4257 4258 4107)
4(4257 4408 4409 4258)
4(4408 4559 4560 4409)
4(4559 4710 4711 4560)
4(4710 4861 4862 4711)
4(4861 5012 5013 4862)
4(5012 5163 5164 5013)
4(5163 5314 5315 5164)
4(5314 5465 5466 5315)
4(5465 5616 5617 5466)
4(5616 5767 5768 5617)
4(5767 5918 5919 5768)
4(5918 6069 6070 5919)
4(6069 6220 6221 6070)
4(6220 6371 6372 6221)
4(6371 6522 6523 6372)
4(6522 6673 6674 6523)
4(6673 6824 6825 6674)
4(6824 6975 6976 6825)
4(6975 7126 7127 6976)
4(7126 7277 7278 7127)
4(7277 7428 7429 7278)
4(7428 7579 7580 7429)
4(7579 7730 7731 7580)
4(7730 7881 7882 7731)
4(30 181 182 31)
4(181 332 333 182)
4(332 483 484 333)
4(483 634 635 484)
4(634 785 786 635)
4(785 936 937 786)
4(936 1087 1088 937)
4(1087 1238 1239 1088)
4(1238 1389 1390 1239)
4(1389 1540 1541 1390)
4(1540 1691 1692 1541)
4(1691 1842 1843 1692)
4(1842 1993 1994 1843)
4(1993 2144 2145 1994)
4(2144 2295 2296 2145)
4(2295 2446 2447 2296)
4(2446 2597 2598 2447)
4(2597 2748 2749 2598)
4(2748 2899 2900 2749)
4(2899 3050 3051 2900)
4(3050 3201 3202 3051)
4(3201 3352 3353 3202)
4(3352 3503 3504 3353)
4(3503 3654 3655 3504)
4(3654 3805 3806 3655)
4(3805 3956 3957 3806)
4(3956 4107 4108 3957)
4(4107 4258 4259 4108)
4(4258 4409 4410 4259)
4(4409 4560 4561 4410)
4(4560 4711 4712 4561)
4(4711 4862 4863 4712)
4(4862 5013 5014 4863)
4(5013 5164 5165 5014)
4(5164 5315 5316 5165)
4(5315 5466 5467 5316)
4(5466 5617 5618 5467)
4(5617 5768 5769 5618)
4(5768 5919 5920 5769)
4(5919 6070 6071 5920)
4(6070 6221 6222 6071)
4(6221 6372 6373 6222)
4(6372 6523 6524 6373)
4(6523 6674 6675 6524)
4(6674 6825 6826 6675)
4(6825 6976 6977 6826)
4(6976 7127 7128 6977)
4(7127 7278 7279 7128)
4(7278 7429 7430 7279)
4(7429 7580 7581 7430)
4(7580 7731 7732 7581)
4(7731 7882 7883 7732)
4(31 182 183 32)
4(182 333 334 183)
4(333 484 485 334)
4(484 635 636 485)
4(635 786 787 636)
4(786 937 938 787)
4(937 1088 1089 938)
4(1088 1239 1240 1089)
4(1239 1390 1391 1240)
4(1390 1541 1542 1391)
4(1541 1692 1693 1542)
4(1692 1843 1844 1693)
4(1843 1994 1995 1844)
4(1994 2145 2146 1995)
4(2145 2296 2297 2146)
4(2296 2447 2448 2297)
4(2447 2598 2599 2448)
4(2598 2749 2750 2599)
4(2749 2900 2901 2750)
4(2900 3051 3052 2901)
4(3051 3202 3203 3052)
4(3202 3353 3354 3203)
4(3353 3504 3505 3354)
4(3504 3655 3656 3505)
4(3655 3806 3807 3656)
4(3806 3957 3958 3807)
4(3957 4108 4109 3958)
4(4108 4259 4260 4109)
4(4259 4410 4411 4260)
4(4410 4561 4562 4411)
4(4561 4712 4713 4562)
4(4712 4863 4864 4713)
4(4863 5014 5015 4864)
4(5014 5165 5166 5015)
4(5165 5316 5317 5166)
4(5316 5467 5468 5317)
4(5467 5618 5619 5468)
4(5618 5769 5770 5619)
4(5769 5920 5921 5770)
4(5920 6071 6072 5921)
4(6071 6222 6223 6072)
4(6222 6373 6374 6223)
4(6373 6524 6525 6374)
4(6524 6675 6676 6525)
4(6675 6826 6827 6676)
4(6826 6977 6978 6827)
4(6977 7128 7129 6978)
4(7128 7279 7280 7129)
4(7279 7430 7431 7280)
4(7430 7581 7582 7431)
4(7581 7732 7733 7582)
4(7732 7883 7884 7733)
4(32 183 184 33)
4(183 334 335 184)
4(334 485 486 335)
4(485 636 637 486)
4(636 787 788 637)
4(787 938 939 788)
4(938 1089 1090 939)
4(1089 1240 1241 1090)
4(1240 1391 1392 1241)
4(1391 1542 1543 1392)
4(1542 1693 1694 1543)
4(1693 1844 1845 1694)
4(1844 1995 1996 1845)
4(1995 2146 2147 1996)
4(2146 2297 2298 2147)
4(2297 2448 2449 2298)
4(2448 2599 2600 2449)
4(2599 2750 2751 2600)
4(2750 2901 2902 2751)
4(2901 3052 3053 2902)
4(3052 3203 3204 3053)
4(3203 3354 3355 3204)
4(3354 3505 3506 3355)
4(3505 3656 3657 3506)
4(3656 3807 3808 3657)
4(3807 3958 3959 3808)
4(3958 4109 4110 3959)
4(4109 4260 4261 4110)
4(4260 4411 4412 4261)
4(4411 4562 4563 4412)
4(4562 4713 4714 4563)
4(4713 4864 4865 4714)
4(4864 5015 5016 4865)
4(5015 5166 5167 5016)
4(5166 5317 5318 5167)
4(5317 5468 5469 5318)
4(5468 5619 5620 5469)
4(5619 5770 5771 5620)
4(5770 5921 5922 5771)
4(5921 6072 6073 5922)
4(6072 6223 6224 6073)
4(6223 6374 6375 6224)
4(6374 6525 6526 6375)
4(6525 6676 6677 6526)
4(6676 6827 6828 6677)
4(6827 6978 6979 6828)
4(6978 7129 7130 6979)
4(7129 7280 7281 7130)
4(7280 7431 7432 7281)
4(7431 7582 7583 7432)
4(7582 7733 7734 7583)
4(7733 7884 7885 7734)
4(33 184 185 34)
4(184 335 336 185)
4(335 486 487 336)
4(486 637 638 487)
4(637 788 789 638)
4(788 939 940 789)
4(939 1090 1091 940)
4(1090 1241 1242 1091)
4(1241 1392 1393 1242)
4(1392 1543 1544 1393)
4(1543 1694 1695 1544)
4(1694 1845 1846 1695)
4(1845 1996 1997 1846)
4(1996 2147 2148 1997)
4(2147 2298 2299 2148)
4(2298 2449 2450 2299)
4(2449 2600 2601 2450)
4(2600 2751 2752 2601)
4(2751 2902 2903 2752)
4(2902 3053 3054 2903)
4(3053 3204 3205 3054)
4(3204 3355 3356 3205)
4(3355 3506 3507 3356)
4(3506 3657 3658 3507)
4(3657 3808 3809 3658)
4(3808 3959 3960 3809)
4(3959 4110 4111 3960)
4(4110 4261 4262 4111)
4(4261 4412 4413 4262)
4(4412 4563 4564 4413)
4(4563 4714 4715 4564)
4(4714 4865 4866 4715)
4(4865 5016 5017 4866)
4(5016 5167 5168 5017)
4(5167 5318 5319 5168)
4(5318 5469 5470 5319)
4(5469 5620 5621 5470)
4(5620 5771 5772 5621)
4(5771 5922 5923 5772)
4(5922 6073 6074 5923)
4(6073 6224 6225 6074)
4(6224 6375 6376 6225)
4(6375 6526 6527 6376)
4(6526 6677 6678 6527)
4(6677 6828 6829 6678)
4(6828 6979 6980 6829)
4(6979 7130 7131 6980)
4(7130 7281 7282 7131)
4(7281 7432 7433 7282)
4(7432 7583 7584 7433)
4(7583 7734 7735 7584)
4(7734 7885 7886 7735)
4(34 185 186 35)
4(185 336 337 186)
4(336 487 488 337)
4(487 638 639 488)
4(638 789 790 639)
4(789 940 941 790)
4(940 1091 1092 941)
4(1091 1242 1243 1092)
4(1242 1393 1394 1243)
4(1393 1544 1545 1394)
4(1544 1695 1696 1545)
4(1695 1846 1847 1696)
4(1846 1997 1998 1847)
4(1997 2148 2149 1998)
4(2148 2299 2300 2149)
4(2299 2450 2451 2300)
4(2450 2601 2602 2451)
4(2601 2752 2753 2602)
4(2752 2903 2904 2753)
4(2903 3054 3055 2904)
4(3054 3205 3206 3055)
4(3205 3356 3357 3206)
4(3356 3507 3508 3357)
4(3507 3658 3659 3508)
4(3658 3809 3810 3659)
4(3809 3960 3961 3810)
4(3960 4111 4112 3961)
4(4111 4262 4263 4112)
4(4262 4413 4414 4263)
4(4413 4564 4565 4414)
4(4564 4715 4716 4565)
4(4715 4866 4867 4716)
4(4866 5017 5018 4867)
4(5017 5168 5169 5018)
4(5168 5319 5320 5169)
4(5319 5470 5471 5320)
4(5470 5621 5622 5471)
4(5621 5772 5773 5622)
4(5772 5923 5924 5773)
4(5923 6074 6075 5924)
4(6074 6225 6226 6075)
4(6225 6376 6377 6226)
4(6376 6527 6528 6377)
4(6527 6678 6679 6528)
4(6678 6829 6830 6679)
4(6829 6980 6981 6830)
4(6980 7131 7132 6981)
4(7131 7282 7283 7132)
4(7282 7433 7434 7283)
4(7433 7584 7585 7434)
4(7584 7735 7736 7585)
4(7735 7886 7887 7736)
4(35 186 187 36)
4(186 337 338 187)
4(337 488 489 338)
4(488 639 640 489)
4(639 790 791 640)
4(790 941 942 791)
4(941 1092 1093 942)
4(1092 1243 1244 1093)
4(1243 1394 1395 1244)
4(1394 1545 1546 1395)
4(1545 1696 1697 1546)
4(1696 1847 1848 1697)
4(1847 1998 1999 1848)
4(1998 2149 2150 1999)
4(2149 2300 2301 2150)
4(2300 2451 2452 2301)
4(2451 2602 2603 2452)
4(2602 2753 2754 2603)
4(2753 2904 2905 2754)
4(2904 3055 3056 2905)
4(3055 3206 3207 3056)
4(3206 3357 3358 3207)
4(3357 3508 3509 3358)
4(3508 3659 3660 3509)
4(3659 3810 3811 3660)
4(3810 3961 3962 3811)
4(3961 4112 4113 3962)
4(4112 4263 4264 4113)
4(4263 4414 4415 4264)
4(4414 4565 4566 4415)
4(4565 4716 4717 4566)
4(4716 4867 4868 4717)
4(4867 5018 5019 4868)
4(5018 5169 5170 5019)
4(5169 5320 5321 5170)
4(5320 5471 5472 5321)
4(5471 5622 5623 5472)
4(5622 5773 5774 5623)
4(5773 5924 5925 5774)
4(5924 6075 6076 5925)
4(6075 6226 6227 6076)
4(6226 6377 6378 6227)
4(6377 6528 6529 6378)
4(6528 6679 6680 6529)
4(6679 6830 6831 6680)
4(6830 6981 6982 6831)
4(6981 7132 7133 6982)
4(7132 7283 7284 7133)
4(7283 7434 7435 7284)
4(7434 7585 7586 7435)
4(7585 7736 7737 7586)
4(7736 7887 7888 7737)
4(36 187 188 37)
4(187 338 339 188)
4(338 489 490 339)
4(489 640 641 490)
4(640 791 792 641)
4(791 942 943 792)
4(942 1093 1094 943)
4(1093 1244 1245 1094)
4(1244 1395 1396 1245)
4(1395 1546 1547 1396)
4(1546 1697 1698 1547)
4(1697 1848 1849 1698)
4(1848 1999 2000 1849)
4(1999 2150 2151 2000)
4(2150 2301 2302 2151)
4(2301 2452 2453 2302)
4(2452 2603 2604 2453)
4(2603 2754 2755 2604)
4(2754 2905 2906 2755)
4(2905 3056 3057 2906)
4(3056 3207 3208 3057)
4(3207 3358 3359 3208)
4(3358 3509 3510 3359)
4(3509 3660 3661 3510)
4(3660 3811 3812 3661)
4(3811 3962 3963 3812)
4(3962 4113 4114 3963)
4(4113 4264 4265 4114)
4(4264 4415 4416 4265)
4(4415 4566 4567 4416)
4(4566 4717 4718 4567)
4(4717 4868 4869 4718)
4(4868 5019 5020 4869)
4(5019 5170 5171 5020)
4(5170 5321 5322 5171)
4(5321 5472 5473 5322)
4(5472 5623 5624 5473)
4(5623 5774 5775 5624)
4(5774 5925 5926 5775)
4(5925 6076 6077 5926)
4(6076 6227 6228 6077)
4(6227 6378 6379 6228)
4(6378 6529 6530 6379)
4(6529 6680 6681 6530)
4(6680 6831 6832 6681)
4(6831 6982 6983 6832)
4(6982 7133 7134 6983)
4(7133 7284 7285 7134)
4(7284 7435 7436 7285)
4(7435 7586 7587 7436)
4(7586 7737 7738 7587)
4(7737 7888 7889 7738)
4(37 188 189 38)
4(188 339 340 189)
4(339 490 491 340)
4(490 641 642 491)
4(641 792 793 642)
4(792 943 944 793)
4(943 1094 1095 944)
4(1094 1245 1246 1095)
4(1245 1396 1397 1246)
4(1396 1547 1548 1397)
4(1547 1698 1699 1548)
4(1698 1849 1850 1699)
4(1849 2000 2001 1850)
4(2000 2151 2152 2001)
4(2151 2302 2303 2152)
4(2302 2453 2454 2303)
4(2453 2604 2605 2454)
4(2604 2755 2756 2605)
4(2755 2906 2907 2756)
4(2906 3057 3058 2907)
4(3057 3208 3209 3058)
4(3208 3359 3360 3209)
4(3359 3510 3511 3360)
4(3510 3661 3662 3511)
4(3661 3812 3813 3662)
4(3812 3963 3964 3813)
4(3963 4114 4115 3964)
4(4114 4265 4266 4115)
4(4265 4416 4417 4266)
4(4416 4567 4568 4417)
4(4567 4718 4719 4568)
4(4718 4869 4870 4719)
4(4869 5020 5021 4870)
4(5020 5171 5172 5021)
4(5171 5322 5323 5172)
4(5322 5473 5474 5323)
4(5473 5624 5625 5474)
4(5624 5775 5776 5625)
4(5775 5926 5927 5776)
4(5926 6077 6078 5927)
4(6077 6228 6229 6078)
4(6228 6379 6380 6229)
4(6379 6530 6531 6380)
4(6530 6681 6682 6531)
4(6681 6832 6833 6682)
4(6832 6983 6984 6833)
4(6983 7134 7135 6984)
4(7134 7285 7286 7135)
4(7285 7436 7437 7286)
4(7436 7587 7588 7437)
4(7587 7738 7739 7588)
4(7738 7889 7890 7739)
4(38 189 190 39)
4(189 340 341 190)
4(340 491 492 341)
4(491 642 643 492)
4(642 793 794 643)
4(793 944 945 794)
4(944 1095 1096 945)
4(1095 1246 1247 1096)
4(1246 1397 1398 1247)
4(1397 1548 1549 1398)
4(1548 1699 1700 1549)
4(1699 1850 1851 1700)
4(1850 2001 2002 1851)
4(2001 2152 2153 2002)
4(2152 2303 2304 2153)
4(2303 2454 2455 2304)
4(2454 2605 2606 2455)
4(2605 2756 2757 2606)
4(2756 2907 2908 2757)
4(2907 3058 3059 2908)
4(3058 3209 3210 3059)
4(3209 3360 3361 3210)
4(3360 3511 3512 3361)
4(3511 3662 3663 3512)
4(3662 3813 3814 3663)
4(3813 3964 3965 3814)
4(3964 4115 4116 3965)
4(4115 4266 4267 4116)
4(4266 4417 4418 4267)
4(4417 4568 4569 4418)
4(4568 4719 4720 4569)
4(4719 4870 4871 4720)
4(4870 5021 5022 4871)
4(5021 5172 5173 5022)
4(5172 5323 5324 5173)
4(5323 5474 5475 5324)
4(5474 5625 5626 5475)
4(5625 5776 5777 5626)
4(5776 5927 5928 5777)
4(5927 6078 6079 5928)
4(6078 6229 6230 6079)
4(6229 6380 6381 6230)
4(6380 6531 6532 6381)
4(6531 6682 6683 6532)
4(6682 6833 6834 6683)
4(6833 6984 6985 6834)
4(6984 7135 7136 6985)
4(7135 7286 7287 7136)
4(7286 7437 7438 7287)
4(7437 7588 7589 7438)
4(7588 7739 7740 7589)
4(7739 7890 7891 7740)
4(39 190 191 40)
4(190 341 342 191)
4(341 492 493 342)
4(492 643 644 493)
4(643 794 795 644)
4(794 945 946 795)
4(945 1096 1097 946)
4(1096 1247 1248 1097)
4(1247 1398 1399 1248)
4(1398 1549 1550 1399)
4(1549 1700 1701 1550)
4(1700 1851 1852 1701)
4(1851 2002 2003 1852)
4(2002 2153 2154 2003)
4(2153 2304 2305 2154)
4(2304 2455 2456 2305)
4(2455 2606 2607 2456)
4(2606 2757 2758 2607)
4(2757 2908 2909 2758)
4(2908 3059 3060 2909)
4(3059 3210 3211 3060)
4(3210 3361 3362 3211)
4(3361 3512 3513 3362)
4(3512 3663 3664 3513)
4(3663 3814 3815 3664)
4(3814 3965 3966 3815)
4(3965 4116 4117 3966)
4(4116 4267 4268 4117)
4(4267 4418 4419 4268)
4(4418 4569 4570 4419)
4(4569 4720 4721 4570)
4(4720 4871 4872 4721)
4(4871 5022 5023 4872)
4(5022 5173 5174 5023)
4(5173 5324 5325 5174)
4(5324 5475 5476 5325)
4(5475 5626 5627 5476)
4(5626 5777 5778 5627)
4(5777 5928 5929 5778)
4(5928 6079 6080 5929)
4(6079 6230 6231 6080)
4(6230 6381 6382 6231)
4(6381 6532 6533 6382)
4(6532 6683 6684 6533)
4(6683 6834 6835 6684)
4(6834 6985 6986 6835)
4(6985 7136 7137 6986)
4(7136 7287 7288 7137)
4(7287 7438 7439 7288)
4(7438 7589 7590 7439)
4(7589 7740 7741 7590)
4(7740 7891 7892 7741)
4(40 191 192 41)
4(191 342 343 192)
4(342 493 494 343)
4(493 644 645 494)
4(644 795 796 645)
4(795 946 947 796)
4(946 1097 1098 947)
4(1097 1248 1249 1098)
4(1248 1399 1400 1249)
4(1399 1550 1551 1400)
4(1550 1701 1702 1551)
4(1701 1852 1853 1702)
4(1852 2003 2004 1853)
4(2003 2154 2155 2004)
4(2154 2305 2306 2155)
4(2305 2456 2457 2306)
4(2456 2607 2608 2457)
4(2607 2758 2759 2608)
4(2758 2909 2910 2759)
4(2909 3060 3061 2910)
4(3060 3211 3212 3061)
4(3211 3362 3363 3212)
4(3362 3513 3514 3363)
4(3513 3664 3665 3514)
4(3664 3815 3816 3665)
4(3815 3966 3967 3816)
4(3966 4117 4118 3967)
4(4117 4268 4269 4118)
4(4268 4419 4420 4269)
4(4419 4570 4571 4420)
4(4570 4721 4722 4571)
4(4721 4872 4873 4722)
4(4872 5023 5024 4873)
4(5023 5174 5175 5024)
4(5174 5325 5326 5175)
4(5325 5476 5477 5326)
4(5476 5627 5628 5477)
4(5627 5778 5779 5628)
4(5778 5929 5930 5779)
4(5929 6080 6081 5930)
4(6080 6231 6232 6081)
4(6231 6382 6383 6232)
4(6382 6533 6534 6383)
4(6533 6684 6685 6534)
4(6684 6835 6836 6685)
4(6835 6986 6987 6836)
4(6986 7137 7138 6987)
4(7137 7288 7289 7138)
4(7288 7439 7440 7289)
4(7439 7590 7591 7440)
4(7590 7741 7742 7591)
4(7741 7892 7893 7742)
4(41 192 193 42)
4(192 343 344 193)
4(343 494 495 344)
4(494 645 646 495)
4(645 796 797 646)
4(796 947 948 797)
4(947 1098 1099 948)
4(1098 1249 1250 1099)
4(1249 1400 1401 1250)
4(1400 1551 1552 1401)
4(1551 1702 1703 1552)
4(1702 1853 1854 1703)
4(1853 2004 2005 1854)
4(2004 2155 2156 2005)
4(2155 2306 2307 2156)
4(2306 2457 2458 2307)
4(2457 2608 2609 2458)
4(2608 2759 2760 2609)
4(2759 2910 2911 2760)
4(2910 3061 3062 2911)
4(3061 3212 3213 3062)
4(3212 3363 3364 3213)
4(3363 3514 3515 3364)
4(3514 3665 3666 3515)
4(3665 3816 3817 3666)
4(3816 3967 3968 3817)
4(3967 4118 4119 3968)
4(4118 4269 4270 4119)
4(4269 4420 4421 4270)
4(4420 4571 4572 4421)
4(4571 4722 4723 4572)
4(4722 4873 4874 4723)
4(4873 5024 5025 4874)
4(5024 5175 5176 5025)
4(5175 5326 5327 5176)
4(5326 5477 5478 5327)
4(5477 5628 5629 5478)
4(5628 5779 5780 5629)
4(5779 5930 5931 5780)
4(5930 6081 6082 5931)
4(6081 6232 6233 6082)
4(6232 6383 6384 6233)
4(6383 6534 6535 6384)
4(6534 6685 6686 6535)
4(6685 6836 6837 6686)
4(6836 6987 6988 6837)
4(6987 7138 7139 6988)
4(7138 7289 7290 7139)
4(7289 7440 7441 7290)
4(7440 7591 7592 7441)
4(7591 7742 7743 7592)
4(7742 7893 7894 7743)
4(42 193 194 43)
4(193 344 345 194)
4(344 495 496 345)
4(495 646 647 496)
4(646 797 798 647)
4(797 948 949 798)
4(948 1099 1100 949)
4(1099 1250 1251 1100)
4(1250 1401 1402 1251)
4(1401 1552 1553 1402)
4(1552 1703 1704 1553)
4(1703 1854 1855 1704)
4(1854 2005 2006 1855)
4(2005 2156 2157 2006)
4(2156 2307 2308 2157)
4(2307 2458 2459 2308)
4(2458 2609 2610 2459)
4(2609 2760 2761 2610)
4(2760 2911 2912 2761)
4(2911 3062 3063 2912)
4(3062 3213 3214 3063)
4(3213 3364 3365 3214)
4(3364 3515 3516 3365)
4(3515 3666 3667 3516)
4(3666 3817 3818 3667)
4(3817 3968 3969 3818)
4(3968 4119 4120 3969)
4(4119 4270 4271 4120)
4(4270 4421 4422 4271)
4(4421 4572 4573 4422)
4(4572 4723 4724 4573)
4(4723 4874 4875 4724)
4(4874 5025 5026 4875)
4(5025 5176 5177 5026)
4(5176 5327 5328 5177)
4(5327 5478 5479 5328)
4(5478 5629 5630 5479)
4(5629 5780 5781 5630)
4(5780 5931 5932 5781)
4(5931 6082 6083 5932)
4(6082 6233 6234 6083)
4(6233 6384 6385 6234)
4(6384 6535 6536 6385)
4(6535 6686 6687 6536)
4(6686 6837 6838 6687)
4(6837 6988 6989 6838)
4(6988 7139 7140 6989)
4(7139 7290 7291 7140)
4(7290 7441 7442 7291)
4(7441 7592 7593 7442)
4(7592 7743 7744 7593)
4(7743 7894 7895 7744)
4(43 194 195 44)
4(194 345 346 195)
4(345 496 497 346)
4(496 647 648 497)
4(647 798 799 648)
4(798 949 950 799)
4(949 1100 1101 950)
4(1100 1251 1252 1101)
4(1251 1402 1403 1252)
4(1402 1553 1554 1403)
4(1553 1704 1705 1554)
4(1704 1855 1856 1705)
4(1855 2006 2007 1856)
4(2006 2157 2158 2007)
4(2157 2308 2309 2158)
4(2308 2459 2460 2309)
4(2459 2610 2611 2460)
4(2610 2761 2762 2611)
4(2761 2912 2913 2762)
4(2912 3063 3064 2913)
4(3063 3214 3215 3064)
4(3214 3365 3366 3215)
4(3365 3516 3517 3366)
4(3516 3667 3668 3517)
4(3667 3818 3819 3668)
4(3818 3969 3970 3819)
4(3969 4120 4121 3970)
4(4120 4271 4272 4121)
4(4271 4422 4423 4272)
4(4422 4573 4574 4423)
4(4573 4724 4725 4574)
4(4724 4875 4876 4725)
4(4875 5026 5027 4876)
4(5026 5177 5178 5027)
4(5177 5328 5329 5178)
4(5328 5479 5480 5329)
4(5479 5630 5631 5480)
4(5630 5781 5782 5631)
4(5781 5932 5933 5782)
4(5932 6083 6084 5933)
4(6083 6234 6235 6084)
4(6234 6385 6386 6235)
4(6385 6536 6537 6386)
4(6536 6687 6688 6537)
4(6687 6838 6839 6688)
4(6838 6989 6990 6839)
4(6989 7140 7141 6990)
4(7140 7291 7292 7141)
4(7291 7442 7443 7292)
4(7442 7593 7594 7443)
4(7593 7744 7745 7594)
4(7744 7895 7896 7745)
4(44 195 196 45)
4(195 346 347 196)
4(346 497 498 347)
4(497 648 649 498)
4(648 799 800 649)
4(799 950 951 800)
4(950 1101 1102 951)
4(1101 1252 1253 1102)
4(1252 1403 1404 1253)
4(1403 1554 1555 1404)
4(1554 1705 1706 1555)
4(1705 1856 1857 1706)
4(1856 2007 2008 1857)
4(2007 2158 2159 2008)
4(2158 2309 2310 2159)
4(2309 2460 2461 2310)
4(2460 2611 2612 2461)
4(2611 2762 2763 2612)
4(2762 2913 2914 2763)
4(2913 3064 3065 2914)
4(3064 3215 3216 3065)
4(3215 3366 3367 3216)
4(3366 3517 3518 3367)
4(3517 3668 3669 3518)
4(3668 3819 3820 3669)
4(3819 3970 3971 3820)
4(3970 4121 4122 3971)
4(4121 4272 4273 4122)
4(4272 4423 4424 4273)
4(4423 4574 4575 4424)
4(4574 4725 4726 4575)
4(4725 4876 4877 4726)
4(4876 5027 5028 4877)
4(5027 5178 5179 5028)
4(5178 5329 5330 5179)
4(5329 5480 5481 5330)
4(5480 5631 5632 5481)
4(5631 5782 5783 5632)
4(5782 5933 5934 5783)
4(5933 6084 6085 5934)
4(6084 6235 6236 6085)
4(6235 6386 6387 6236)
4(6386 6537 6538 6387)
4(6537 6688 6689 6538)
4(6688 6839 6840 6689)
4(6839 6990 6991 6840)
4(6990 7141 7142 6991)
4(7141 7292 7293 7142)
4(7292 7443 7444 7293)
4(7443 7594 7595 7444)
4(7594 7745 7746 7595)
4(7745 7896 7897 7746)
4(45 196 197 46)
4(196 347 348 197)
4(347 498 499 348)
4(498 649 650 499)
4(649 800 801 650)
4(800 951 952 801)
4(951 1102 1103 952)
4(1102 1253 1254 1103)
4(1253 1404 1405 1254)
4(1404 1555 1556 1405)
4(1555 1706 1707 1556)
4(1706 1857 1858 1707)
4(1857 2008 2009 1858)
4(2008 2159 2160 2009)
4(2159 2310 2311 2160)
4(2310 2461 2462 2311)
4(2461 2612 2613 2462)
4(2612 2763 2764 2613)
4(2763 2914 2915 2764)
4(2914 3065 3066 2915)
4(3065 3216 3217 3066)
4(3216 3367 3368 3217)
4(3367 3518 3519 3368)
4(3518 3669 3670 3519)
4(3669 3820 3821 3670)
4(3820 3971 3972 3821)
4(3971 4122 4123 3972)
4(4122 4273 4274 4123)
4(4273 4424 4425 4274)
4(4424 4575 4576 4425)
4(4575 4726 4727 4576)
4(4726 4877 4878 4727)
4(4877 5028 5029 4878)
4(5028 5179 5180 5029)
4(5179 5330 5331 5180)
4(5330 5481 5482 5331)
4(5481 5632 5633 5482)
4(5632 5783 5784 5633)
4(5783 5934 5935 5784)
4(5934 6085 6086 5935)
4(6085 6236 6237 6086)
4(6236 6387 6388 6237)
4(6387 6538 6539 6388)
4(6538 6689 6690 6539)
4(6689 6840 6841 6690)
4(6840 6991 6992 6841)
4(6991 7142 7143 6992)
4(7142 7293 7294 7143)
4(7293 7444 7445 7294)
4(7444 7595 7596 7445)
4(7595 7746 7747 7596)
4(7746 7897 7898 7747)
4(46 197 198 47)
4(197 348 349 198)
4(348 499 500 349)
4(499 650 651 500)
4(650 801 802 651)
4(801 952 953 802)
4(952 1103 1104 953)
4(1103 1254 1255 1104)
4(1254 1405 1406 1255)
4(1405 1556 1557 1406)
4(1556 1707 1708 1557)
4(1707 1858 1859 1708)
4(1858 2009 2010 1859)
4(2009 2160 2161 2010)
4(2160 2311 2312 2161)
4(2311 2462 2463 2312)
4(2462 2613 2614 2463)
4(2613 2764 2765 2614)
4(2764 2915 2916 2765)
4(2915 3066 3067 2916)
4(3066 3217 3218 3067)
4(3217 3368 3369 3218)
4(3368 3519 3520 3369)
4(3519 3670 3671 3520)
4(3670 3821 3822 3671)
4(3821 3972 3973 3822)
4(3972 4123 4124 3973)
4(4123 4274 4275 4124)
4(4274 4425 4426 4275)
4(4425 4576 4577 4426)
4(4576 4727 4728 4577)
4(4727 4878 4879 4728)
4(4878 5029 5030 4879)
4(5029 5180 5181 5030)
4(5180 5331 5332 5181)
4(5331 5482 5483 5332)
4(5482 5633 5634 5483)
4(5633 5784 5785 5634)
4(5784 5935 5936 5785)
4(5935 6086 6087 5936)
4(6086 6237 6238 6087)
4(6237 6388 6389 6238)
4(6388 6539 6540 6389)
4(6539 6690 6691 6540)
4(6690 6841 6842 6691)
4(6841 6992 6993 6842)
4(6992 7143 7144 6993)
4(7143 7294 7295 7144)
4(7294 7445 7446 7295)
4(7445 7596 7597 7446)
4(7596 7747 7748 7597)
4(7747 7898 7899 7748)
4(47 198 199 48)
4(198 349 350 199)
4(349 500 501 350)
4(500 651 652 501)
4(651 802 803 652)
4(802 953 954 803)
4(953 1104 1105 954)
4(1104 1255 1256 1105)
4(1255 1406 1407 1256)
4(1406 1557 1558 1407)
4(1557 1708 1709 1558)
4(1708 1859 1860 1709)
4(1859 2010 2011 1860)
4(2010 2161 2162 2011)
4(2161 2312 2313 2162)
4(2312 2463 2464 2313)
4(2463 2614 2615 2464)
4(2614 2765 2766 2615)
4(2765 2916 2917 2766)
4(2916 3067 3068 2917)
4(3067 3218 3219 3068)
4(3218 3369 3370 3219)
4(3369 3520 3521 3370)
4(3520 3671 3672 3521)
4(3671 3822 3823 3672)
4(3822 3973 3974 3823)
4(3973 4124 4125 3974)
4(4124 4275 4276 4125)
4(4275 4426 4427 4276)
4(4426 4577 4578 4427)
4(4577 4728 4729 4578)
4(4728 4879 4880 4729)
4(4879 5030 5031 4880)
4(5030 5181 5182 5031)
4(5181 5332 5333 5182)
4(5332 5483 5484 5333)
4(5483 5634 5635 5484)
4(5634 5785 5786 5635)
4(5785 5936 5937 5786)
4(5936 6087 6088 5937)
4(6087 6238 6239 6088)
4(6238 6389 6390 6239)
4(6389 6540 6541 6390)
4(6540 6691 6692 6541)
4(6691 6842 6843 6692)
4(6842 6993 6994 6843)
4(6993 7144 7145 6994)
4(7144 7295 7296 7145)
4(7295 7446 7447 7296)
4(7446 7597 7598 7447)
4(7597 7748 7749 7598)
4(7748 7899 7900 7749)
4(48 199 200 49)
4(199 350 351 200)
4(350 501 502 351)
4(501 652 653 502)
4(652 803 804 653)
4(803 954 955 804)
4(954 1105 1106 955)
4(1105 1256 1257 1106)
4(1256 1407 1408 1257)
4(1407 1558 1559 1408)
4(1558 1709 1710 1559)
4(1709 1860 1861 1710)
4(1860 2011 2012 1861)
4(2011 2162 2163 2012)
4(2162 2313 2314 2163)
4(2313 2464 2465 2314)
4(2464 2615 2616 2465)
4(2615 2766 2767 2616)
4(2766 2917 2918 2767)
4(2917 3068 3069 2918)
4(3068 3219 3220 3069)
4(3219 3370 3371 3220)
4(3370 3521 3522 3371)
4(3521 3672 3673 3522)
4(3672 3823 3824 3673)
4(3823 3974 3975 3824)
4(3974 4125 4126 3975)
4(4125 4276 4277 4126)
4(4276 4427 4428 4277)
4(4427 4578 4579 4428)
4(4578 4729 4730 4579)
4(4729 4880 4881 4730)
4(4880 5031 5032 4881)
4(5031 5182 5183 5032)
4(5182 5333 5334 5183)
4(5333 5484 5485 5334)
4(5484 5635 5636 5485)
4(5635 5786 5787 5636)
4(5786 5937 5938 5787)
4(5937 6088 6089 5938)
4(6088 6239 6240 6089)
4(6239 6390 6391 6240)
4(6390 6541 6542 6391)
4(6541 6692 6693 6542)
4(6692 6843 6844 6693)
4(6843 6994 6995 6844)
4(6994 7145 7146 6995)
4(7145 7296 7297 7146)
4(7296 7447 7448 7297)
4(7447 7598 7599 7448)
4(7598 7749 7750 7599)
4(7749 7900 7901 7750)
4(49 200 201 50)
4(200 351 352 201)
4(351 502 503 352)
4(502 653 654 503)
4(653 804 805 654)
4(804 955 956 805)
4(955 1106 1107 956)
4(1106 1257 1258 1107)
4(1257 1408 1409 1258)
4(1408 1559 1560 1409)
4(1559 1710 1711 1560)
4(1710 1861 1862 1711)
4(1861 2012 2013 1862)
4(2012 2163 2164 2013)
4(2163 2314 2315 2164)
4(2314 2465 2466 2315)
4(2465 2616 2617 2466)
4(2616 2767 2768 2617)
4(2767 2918 2919 2768)
4(2918 3069 3070 2919)
4(3069 3220 3221 3070)
4(3220 3371 3372 3221)
4(3371 3522 3523 3372)
4(3522 3673 3674 3523)
4(3673 3824 3825 3674)
4(3824 3975 3976 3825)
4(3975 4126 4127 3976)
4(4126 4277 4278 4127)
4(4277 4428 4429 4278)
4(4428 4579 4580 4429)
4(4579 4730 4731 4580)
4(4730 4881 4882 4731)
4(4881 5032 5033 4882)
4(5032 5183 5184 5033)
4(5183 5334 5335 5184)
4(5334 5485 5486 5335)
4(5485 5636 5637 5486)
4(5636 5787 5788 5637)
4(5787 5938 5939 5788)
4(5938 6089 6090 5939)
4(6089 6240 6241 6090)
4(6240 6391 6392 6241)
4(6391 6542 6543 6392)
4(6542 6693 6694 6543)
4(6693 6844 6845 6694)
4(6844 6995 6996 6845)
4(6995 7146 7147 6996)
4(7146 7297 7298 7147)
4(7297 7448 7449 7298)
4(7448 7599 7600 7449)
4(7599 7750 7751 7600)
4(7750 7901 7902 7751)
4(50 201 202 51)
4(201 352 353 202)
4(352 503 504 353)
4(503 654 655 504)
4(654 805 806 655)
4(805 956 957 806)
4(956 1107 1108 957)
4(1107 1258 1259 1108)
4(1258 1409 1410 1259)
4(1409 1560 1561 1410)
4(1560 1711 1712 1561)
4(1711 1862 1863 1712)
4(1862 2013 2014 1863)
4(2013 2164 2165 2014)
4(2164 2315 2316 2165)
4(2315 2466 2467 2316)
4(2466 2617 2618 2467)
4(2617 2768 2769 2618)
4(2768 2919 2920 2769)
4(2919 3070 3071 2920)
4(3070 3221 3222 3071)
4(3221 3372 3373 3222)
4(3372 3523 3524 3373)
4(3523 3674 3675 3524)
4(3674 3825 3826 3675)
4(3825 3976 3977 3826)
4(3976 4127 4128 3977)
4(4127 4278 4279 4128)
4(4278 4429 4430 4279)
4(4429 4580 4581 4430)
4(4580 4731 4732 4581)
4(4731 4882 4883 4732)
4(4882 5033 5034 4883)
4(5033 5184 5185 5034)
4(5184 5335 5336 5185)
4(5335 5486 5487 5336)
4(5486 5637 5638 5487)
4(5637 5788 5789 5638)
4(5788 5939 5940 5789)
4(5939 6090 6091 5940)
4(6090 6241 6242 6091)
4(6241 6392 6393 6242)
4(6392 6543 6544 6393)
4(6543 6694 6695 6544)
4(6694 6845 6846 6695)
4(6845 6996 6997 6846)
4(6996 7147 7148 6997)
4(7147 7298 7299 7148)
4(7298 7449 7450 7299)
4(7449 7600 7601 7450)
4(7600 7751 7752 7601)
4(7751 7902 7903 7752)
4(51 202 203 52)
4(202 353 354 203)
4(353 504 505 354)
4(504 655 656 505)
4(655 806 807 656)
4(806 957 958 807)
4(957 1108 1109 958)
4(1108 1259 1260 1109)
4(1259 1410 1411 1260)
4(1410 1561 1562 1411)
4(1561 1712 1713 1562)
4(1712 1863 1864 1713)
4(1863 2014 2015 1864)
4(2014 2165 2166 2015)
4(2165 2316 2317 2166)
4(2316 2467 2468 2317)
4(2467 2618 2619 2468)
4(2618 2769 2770 2619)
4(2769 2920 2921 2770)
4(2920 3071 3072 2921)
4(3071 3222 3223 3072)
4(3222 3373 3374 3223)
4(3373 3524 3525 3374)
4(3524 3675 3676 3525)
4(3675 3826 3827 3676)
4(3826 3977 3978 3827)
4(3977 4128 4129 3978)
4(4128 4279 4280 4129)
4(4279 4430 4431 4280)
4(4430 4581 4582 4431)
4(4581 4732 4733 4582)
4(4732 4883 4884 4733)
4(4883 5034 5035 4884)
4(5034 5185 5186 5035)
4(5185 5336 5337 5186)
4(5336 5487 5488 5337)
4(5487 5638 5639 5488)
4(5638 5789 5790 5639)
4(5789 5940 5941 5790)
4(5940 6091 6092 5941)
4(6091 6242 6243 6092)
4(6242 6393 6394 6243)
4(6393 6544 6545 6394)
4(6544 6695 6696 6545)
4(6695 6846 6847 6696)
4(6846 6997 6998 6847)
4(6997 7148 7149 6998)
4(7148 7299 7300 7149)
4(7299 7450 7451 7300)
4(7450 7601 7602 7451)
4(7601 7752 7753 7602)
4(7752 7903 7904 7753)
4(52 203 204 53)
4(203 354 355 204)
4(354 505 506 355)
4(505 656 657 506)
4(656 807 808 657)
4(807 958 959 808)
4(958 1109 1110 959)
4(1109 1260 1261 1110)
4(1260 1411 1412 1261)
4(1411 1562 1563 1412)
4(1562 1713 1714 1563)
4(1713 1864 1865 1714)
4(1864 2015 2016 1865)
4(2015 2166 2167 2016)
4(2166 2317 2318 2167)
4(2317 2468 2469 2318)
4(2468 2619 2620 2469)
4(2619 2770 2771 2620)
4(2770 2921 2922 2771)
4(2921 3072 3073 2922)
4(3072 3223 3224 3073)
4(3223 3374 3375 3224)
4(3374 3525 3526 3375)
4(3525 3676 3677 3526)
4(3676 3827 3828 3677)
4(3827 3978 3979 3828)
4(3978 4129 4130 3979)
4(4129 4280 4281 4130)
4(4280 4431 4432 4281)
4(4431 4582 4583 4432)
4(4582 4733 4734 4583)
4(4733 4884 4885 4734)
4(4884 5035 5036 4885)
4(5035 5186 5187 5036)
4(5186 5337 5338 5187)
4(5337 5488 5489 5338)
4(5488 5639 5640 5489)
4(5639 5790 5791 5640)
4(5790 5941 5942 5791)
4(5941 6092 6093 5942)
4(6092 6243 6244 6093)
4(6243 6394 6395 6244)
4(6394 6545 6546 6395)
4(6545 6696 6697 6546)
4(6696 6847 6848 6697)
4(6847 6998 6999 6848)
4(6998 7149 7150 6999)
4(7149 7300 7301 7150)
4(7300 7451 7452 7301)
4(7451 7602 7603 7452)
4(7602 7753 7754 7603)
4(7753 7904 7905 7754)
4(53 204 205 54)
4(204 355 356 205)
4(355 506 507 356)
4(506 657 658 507)
4(657 808 809 658)
4(808 959 960 809)
4(959 1110 1111 960)
4(1110 1261 1262 1111)
4(1261 1412 1413 1262)
4(1412 1563 1564 1413)
4(1563 1714 1715 1564)
4(1714 1865 1866 1715)
4(1865 2016 2017 1866)
4(2016 2167 2168 2017)
4(2167 2318 2319 2168)
4(2318 2469 2470 2319)
4(2469 2620 2621 2470)
4(2620 2771 2772 2621)
4(2771 2922 2923 2772)
4(2922 3073 3074 2923)
4(3073 3224 3225 3074)
4(3224 3375 3376 3225)
4(3375 3526 3527 3376)
4(3526 3677 3678 3527)
4(3677 3828 3829 3678)
4(3828 3979 3980 3829)
4(3979 4130 4131 3980)
4(4130 4281 4282 4131)
4(4281 4432 4433 4282)
4(4432 4583 4584 4433)
4(4583 4734 4735 4584)
4(4734 4885 4886 4735)
4(4885 5036 5037 4886)
4(5036 5187 5188 5037)
4(5187 5338 5339 5188)
4(5338 5489 5490 5339)
4(5489 5640 5641 5490)
4(5640 5791 5792 5641)
4(5791 5942 5943 5792)
4(5942 6093 6094 5943)
4(6093 6244 6245 6094)
4(6244 6395 6396 6245)
4(6395 6546 6547 6396)
4(6546 6697 6698 6547)
4(6697 6848 6849 6698)
4(6848 6999 7000 6849)
4(6999 7150 7151 7000)
4(7150 7301 7302 7151)
4(7301 7452 7453 7302)
4(7452 7603 7604 7453)
4(7603 7754 7755 7604)
4(7754 7905 7906 7755)
4(54 205 206 55)
4(205 356 357 206)
4(356 507 508 357)
4(507 658 659 508)
4(658 809 810 659)
4(809 960 961 810)
4(960 1111 1112 961)
4(1111 1262 1263 1112)
4(1262 1413 1414 1263)
4(1413 1564 1565 1414)
4(1564 1715 1716 1565)
4(1715 1866 1867 1716)
4(1866 2017 2018 1867)
4(2017 2168 2169 2018)
4(2168 2319 2320 2169)
4(2319 2470 2471 2320)
4(2470 2621 2622 2471)
4(2621 2772 2773 2622)
4(2772 2923 2924 2773)
4(2923 3074 3075 2924)
4(3074 3225 3226 3075)
4(3225 3376 3377 3226)
4(3376 3527 3528 3377)
4(3527 3678 3679 3528)
4(3678 3829 3830 3679)
4(3829 3980 3981 3830)
4(3980 4131 4132 3981)
4(4131 4282 4283 4132)
4(4282 4433 4434 4283)
4(4433 4584 4585 4434)
4(4584 4735 4736 4585)
4(4735 4886 4887 4736)
4(4886 5037 5038 4887)
4(5037 5188 5189 5038)
4(5188 5339 5340 5189)
4(5339 5490 5491 5340)
4(5490 5641 5642 5491)
4(5641 5792 5793 5642)
4(5792 5943 5944 5793)
4(5943 6094 6095 5944)
4(6094 6245 6246 6095)
4(6245 6396 6397 6246)
4(6396 6547 6548 6397)
4(6547 6698 6699 6548)
4(6698 6849 6850 6699)
4(6849 7000 7001 6850)
4(7000 7151 7152 7001)
4(7151 7302 7303 7152)
4(7302 7453 7454 7303)
4(7453 7604 7605 7454)
4(7604 7755 7756 7605)
4(7755 7906 7907 7756)
4(55 206 207 56)
4(206 357 358 207)
4(357 508 509 358)
4(508 659 660 509)
4(659 810 811 660)
4(810 961 962 811)
4(961 1112 1113 962)
4(1112 1263 1264 1113)
4(1263 1414 1415 1264)
4(1414 1565 1566 1415)
4(1565 1716 1717 1566)
4(1716 1867 1868 1717)
4(1867 2018 2019 1868)
4(2018 2169 2170 2019)
4(2169 2320 2321 2170)
4(2320 2471 2472 2321)
4(2471 2622 2623 2472)
4(2622 2773 2774 2623)
4(2773 2924 2925 2774)
4(2924 3075 3076 2925)
4(3075 3226 3227 3076)
4(3226 3377 3378 3227)
4(3377 3528 3529 3378)
4(3528 3679 3680 3529)
4(3679 3830 3831 3680)
4(3830 3981 3982 3831)
4(3981 4132 4133 3982)
4(4132 4283 4284 4133)
4(4283 4434 4435 4284)
4(4434 4585 4586 4435)
4(4585 4736 4737 4586)
4(4736 4887 4888 4737)
4(4887 5038 5039 4888)
4(5038 5189 5190 5039)
4(5189 5340 5341 5190)
4(5340 5491 5492 5341)
4(5491 5642 5643 5492)
4(5642 5793 5794 5643)
4(5793 5944 5945 5794)
4(5944 6095 6096 5945)
4(6095 6246 6247 6096)
4(6246 6397 6398 6247)
4(6397 6548 6549 6398)
4(6548 6699 6700 6549)
4(6699 6850 6851 6700)
4(6850 7001 7002 6851)
4(7001 7152 7153 7002)
4(7152 7303 7304 7153)
4(7303 7454 7455 7304)
4(7454 7605 7606 7455)
4(7605 7756 7757 7606)
4(7756 7907 7908 7757)
4(56 207 208 57)
4(207 358 359 208)
4(358 509 510 359)
4(509 660 661 510)
4(660 811 812 661)
4(811 962 963 812)
4(962 1113 1114 963)
4(1113 1264 1265 1114)
4(1264 1415 1416 1265)
4(1415 1566 1567 1416)
4(1566 1717 1718 1567)
4(1717 1868 1869 1718)
4(1868 2019 2020 1869)
4(2019 2170 2171 2020)
4(2170 2321 2322 2171)
4(2321 2472 2473 2322)
4(2472 2623 2624 2473)
4(2623 2774 2775 2624)
4(2774 2925 2926 2775)
4(2925 3076 3077 2926)
4(3076 3227 3228 3077)
4(3227 3378 3379 3228)
4(3378 3529 3530 3379)
4(3529 3680 3681 3530)
4(3680 3831 3832 3681)
4(3831 3982 3983 3832)
4(3982 4133 4134 3983)
4(4133 4284 4285 4134)
4(4284 4435 4436 4285)
4(4435 4586 4587 4436)
4(4586 4737 4738 4587)
4(4737 4888 4889 4738)
4(4888 5039 5040 4889)
4(5039 5190 5191 5040)
4(5190 5341 5342 5191)
4(5341 5492 5493 5342)
4(5492 5643 5644 5493)
4(5643 5794 5795 5644)
4(5794 5945 5946 5795)
4(5945 6096 6097 5946)
4(6096 6247 6248 6097)
4(6247 6398 6399 6248)
4(6398 6549 6550 6399)
4(6549 6700 6701 6550)
4(6700 6851 6852 6701)
4(6851 7002 7003 6852)
4(7002 7153 7154 7003)
4(7153 7304 7305 7154)
4(7304 7455 7456 7305)
4(7455 7606 7607 7456)
4(7606 7757 7758 7607)
4(7757 7908 7909 7758)
4(57 208 209 58)
4(208 359 360 209)
4(359 510 511 360)
4(510 661 662 511)
4(661 812 813 662)
4(812 963 964 813)
4(963 1114 1115 964)
4(1114 1265 1266 1115)
4(1265 1416 1417 1266)
4(1416 1567 1568 1417)
4(1567 1718 1719 1568)
4(1718 1869 1870 1719)
4(1869 2020 2021 1870)
4(2020 2171 2172 2021)
4(2171 2322 2323 2172)
4(2322 2473 2474 2323)
4(2473 2624 2625 2474)
4(2624 2775 2776 2625)
4(2775 2926 2927 2776)
4(2926 3077 3078 2927)
4(3077 3228 3229 3078)
4(3228 3379 3380 3229)
4(3379 3530 3531 3380)
4(3530 3681 3682 3531)
4(3681 3832 3833 3682)
4(3832 3983 3984 3833)
4(3983 4134 4135 3984)
4(4134 4285 4286 4135)
4(4285 4436 4437 4286)
4(4436 4587 4588 4437)
4(4587 4738 4739 4588)
4(4738 4889 4890 4739)
4(4889 5040 5041 4890)
4(5040 5191 5192 5041)
4(5191 5342 5343 5192)
4(5342 5493 5494 5343)
4(5493 5644 5645 5494)
4(5644 5795 5796 5645)
4(5795 5946 5947 5796)
4(5946 6097 6098 5947)
4(6097 6248 6249 6098)
4(6248 6399 6400 6249)
4(6399 6550 6551 6400)
4(6550 6701 6702 6551)
4(6701 6852 6853 6702)
4(6852 7003 7004 6853)
4(7003 7154 7155 7004)
4(7154 7305 7306 7155)
4(7305 7456 7457 7306)
4(7456 7607 7608 7457)
4(7607 7758 7759 7608)
4(7758 7909 7910 7759)
4(58 209 210 59)
4(209 360 361 210)
4(360 511 512 361)
4(511 662 663 512)
4(662 813 814 663)
4(813 964 965 814)
4(964 1115 1116 965)
4(1115 1266 1267 1116)
4(1266 1417 1418 1267)
4(1417 1568 1569 1418)
4(1568 1719 1720 1569)
4(1719 1870 1871 1720)
4(1870 2021 2022 1871)
4(2021 2172 2173 2022)
4(2172 2323 2324 2173)
4(2323 2474 2475 2324)
4(2474 2625 2626 2475)
4(2625 2776 2777 2626)
4(2776 2927 2928 2777)
4(2927 3078 3079 2928)
4(3078 3229 3230 3079)
4(3229 3380 3381 3230)
4(3380 3531 3532 3381)
4(3531 3682 3683 3532)
4(3682 3833 3834 3683)
4(3833 3984 3985 3834)
4(3984 4135 4136 3985)
4(4135 4286 4287 4136)
4(4286 4437 4438 4287)
4(4437 4588 4589 4438)
4(4588 4739 4740 4589)
4(4739 4890 4891 4740)
4(4890 5041 5042 4891)
4(5041 5192 5193 5042)
4(5192 5343 5344 5193)
4(5343 5494 5495 5344)
4(5494 5645 5646 5495)
4(5645 5796 5797 5646)
4(5796 5947 5948 5797)
4(5947 6098 6099 5948)
4(6098 6249 6250 6099)
4(6249 6400 6401 6250)
4(6400 6551 6552 6401)
4(6551 6702 6703 6552)
4(6702 6853 6854 6703)
4(6853 7004 7005 6854)
4(7004 7155 7156 7005)
4(7155 7306 7307 7156)
4(7306 7457 7458 7307)
4(7457 7608 7609 7458)
4(7608 7759 7760 7609)
4(7759 7910 7911 7760)
4(59 210 211 60)
4(210 361 362 211)
4(361 512 513 362)
4(512 663 664 513)
4(663 814 815 664)
4(814 965 966 815)
4(965 1116 1117 966)
4(1116 1267 1268 1117)
4(1267 1418 1419 1268)
4(1418 1569 1570 1419)
4(1569 1720 1721 1570)
4(1720 1871 1872 1721)
4(1871 2022 2023 1872)
4(2022 2173 2174 2023)
4(2173 2324 2325 2174)
4(2324 2475 2476 2325)
4(2475 2626 2627 2476)
4(2626 2777 2778 2627)
4(2777 2928 2929 2778)
4(2928 3079 3080 2929)
4(3079 3230 3231 3080)
4(3230 3381 3382 3231)
4(3381 3532 3533 3382)
4(3532 3683 3684 3533)
4(3683 3834 3835 3684)
4(3834 3985 3986 3835)
4(3985 4136 4137 3986)
4(4136 4287 4288 4137)
4(4287 4438 4439 4288)
4(4438 4589 4590 4439)
4(4589 4740 4741 4590)
4(4740 4891 4892 4741)
4(4891 5042 5043 4892)
4(5042 5193 5194 5043)
4(5193 5344 5345 5194)
4(5344 5495 5496 5345)
4(5495 5646 5647 5496)
4(5646 5797 5798 5647)
4(5797 5948 5949 5798)
4(5948 6099 6100 5949)
4(6099 6250 6251 6100)
4(6250 6401 6402 6251)
4(6401 6552 6553 6402)
4(6552 6703 6704 6553)
4(6703 6854 6855 6704)
4(6854 7005 7006 6855)
4(7005 7156 7157 7006)
4(7156 7307 7308 7157)
4(7307 7458 7459 7308)
4(7458 7609 7610 7459)
4(7609 7760 7761 7610)
4(7760 7911 7912 7761)
4(60 211 212 61)
4(211 362 363 212)
4(362 513 514 363)
4(513 664 665 514)
4(664 815 816 665)
4(815 966 967 816)
4(966 1117 1118 967)
4(1117 1268 1269 1118)
4(1268 1419 1420 1269)
4(1419 1570 1571 1420)
4(1570 1721 1722 1571)
4(1721 1872 1873 1722)
4(1872 2023 2024 1873)
4(2023 2174 2175 2024)
4(2174 2325 2326 2175)
4(2325 2476 2477 2326)
4(2476 2627 2628 2477)
4(2627 2778 2779 2628)
4(2778 2929 2930 2779)
4(2929 3080 3081 2930)
4(3080 3231 3232 3081)
4(3231 3382 3383 3232)
4(3382 3533 3534 3383)
4(3533 3684 3685 3534)
4(3684 3835 3836 3685)
4(3835 3986 3987 3836)
4(3986 4137 4138 3987)
4(4137 4288 4289 4138)
4(4288 4439 4440 4289)
4(4439 4590 4591 4440)
4(4590 4741 4742 4591)
4(4741 4892 4893 4742)
4(4892 5043 5044 4893)
4(5043 5194 5195 5044)
4(5194 5345 5346 5195)
4(5345 5496 5497 5346)
4(5496 5647 5648 5497)
4(5647 5798 5799 5648)
4(5798 5949 5950 5799)
4(5949 6100 6101 5950)
4(6100 6251 6252 6101)
4(6251 6402 6403 6252)
4(6402 6553 6554 6403)
4(6553 6704 6705 6554)
4(6704 6855 6856 6705)
4(6855 7006 7007 6856)
4(7006 7157 7158 7007)
4(7157 7308 7309 7158)
4(7308 7459 7460 7309)
4(7459 7610 7611 7460)
4(7610 7761 7762 7611)
4(7761 7912 7913 7762)
4(61 212 213 62)
4(212 363 364 213)
4(363 514 515 364)
4(514 665 666 515)
4(665 816 817 666)
4(816 967 968 817)
4(967 1118 1119 968)
4(1118 1269 1270 1119)
4(1269 1420 1421 1270)
4(1420 1571 1572 1421)
4(1571 1722 1723 1572)
4(1722 1873 1874 1723)
4(1873 2024 2025 1874)
4(2024 2175 2176 2025)
4(2175 2326 2327 2176)
4(2326 2477 2478 2327)
4(2477 2628 2629 2478)
4(2628 2779 2780 2629)
4(2779 2930 2931 2780)
4(2930 3081 3082 2931)
4(3081 3232 3233 3082)
4(3232 3383 3384 3233)
4(3383 3534 3535 3384)
4(3534 3685 3686 3535)
4(3685 3836 3837 3686)
4(3836 3987 3988 3837)
4(3987 4138 4139 3988)
4(4138 4289 4290 4139)
4(4289 4440 4441 4290)
4(4440 4591 4592 4441)
4(4591 4742 4743 4592)
4(4742 4893 4894 4743)
4(4893 5044 5045 4894)
4(5044 5195 5196 5045)
4(5195 5346 5347 5196)
4(5346 5497 5498 5347)
4(5497 5648 5649 5498)
4(5648 5799 5800 5649)
4(5799 5950 5951 5800)
4(5950 6101 6102 5951)
4(6101 6252 6253 6102)
4(6252 6403 6404 6253)
4(6403 6554 6555 6404)
4(6554 6705 6706 6555)
4(6705 6856 6857 6706)
4(6856 7007 7008 6857)
4(7007 7158 7159 7008)
4(7158 7309 7310 7159)
4(7309 7460 7461 7310)
4(7460 7611 7612 7461)
4(7611 7762 7763 7612)
4(7762 7913 7914 7763)
4(62 213 214 63)
4(213 364 365 214)
4(364 515 516 365)
4(515 666 667 516)
4(666 817 818 667)
4(817 968 969 818)
4(968 1119 1120 969)
4(1119 1270 1271 1120)
4(1270 1421 1422 1271)
4(1421 1572 1573 1422)
4(1572 1723 1724 1573)
4(1723 1874 1875 1724)
4(1874 2025 2026 1875)
4(2025 2176 2177 2026)
4(2176 2327 2328 2177)
4(2327 2478 2479 2328)
4(2478 2629 2630 2479)
4(2629 2780 2781 2630)
4(2780 2931 2932 2781)
4(2931 3082 3083 2932)
4(3082 3233 3234 3083)
4(3233 3384 3385 3234)
4(3384 3535 3536 3385)
4(3535 3686 3687 3536)
4(3686 3837 3838 3687)
4(3837 3988 3989 3838)
4(3988 4139 4140 3989)
4(4139 4290 4291 4140)
4(4290 4441 4442 4291)
4(4441 4592 4593 4442)
4(4592 4743 4744 4593)
4(4743 4894 4895 4744)
4(4894 5045 5046 4895)
4(5045 5196 5197 5046)
4(5196 5347 5348 5197)
4(5347 5498 5499 5348)
4(5498 5649 5650 5499)
4(5649 5800 5801 5650)
4(5800 5951 5952 5801)
4(5951 6102 6103 5952)
4(6102 6253 6254 6103)
4(6253 6404 6405 6254)
4(6404 6555 6556 6405)
4(6555 6706 6707 6556)
4(6706 6857 6858 6707)
4(6857 7008 7009 6858)
4(7008 7159 7160 7009)
4(7159 7310 7311 7160)
4(7310 7461 7462 7311)
4(7461 7612 7613 7462)
4(7612 7763 7764 7613)
4(7763 7914 7915 7764)
4(63 214 215 64)
4(214 365 366 215)
4(365 516 517 366)
4(516 667 668 517)
4(667 818 819 668)
4(818 969 970 819)
4(969 1120 1121 970)
4(1120 1271 1272 1121)
4(1271 1422 1423 1272)
4(1422 1573 1574 1423)
4(1573 1724 1725 1574)
4(1724 1875 1876 1725)
4(1875 2026 2027 1876)
4(2026 2177 2178 2027)
4(2177 2328 2329 2178)
4(2328 2479 2480 2329)
4(2479 2630 2631 2480)
4(2630 2781 2782 2631)
4(2781 2932 2933 2782)
4(2932 3083 3084 2933)
4(3083 3234 3235 3084)
4(3234 3385 3386 3235)
4(3385 3536 3537 3386)
4(3536 3687 3688 3537)
4(3687 3838 3839 3688)
4(3838 3989 3990 3839)
4(3989 4140 4141 3990)
4(4140 4291 4292 4141)
4(4291 4442 4443 4292)
4(4442 4593 4594 4443)
4(4593 4744 4745 4594)
4(4744 4895 4896 4745)
4(4895 5046 5047 4896)
4(5046 5197 5198 5047)
4(5197 5348 5349 5198)
4(5348 5499 5500 5349)
4(5499 5650 5651 5500)
4(5650 5801 5802 5651)
4(5801 5952 5953 5802)
4(5952 6103 6104 5953)
4(6103 6254 6255 6104)
4(6254 6405 6406 6255)
4(6405 6556 6557 6406)
4(6556 6707 6708 6557)
4(6707 6858 6859 6708)
4(6858 7009 7010 6859)
4(7009 7160 7161 7010)
4(7160 7311 7312 7161)
4(7311 7462 7463 7312)
4(7462 7613 7614 7463)
4(7613 7764 7765 7614)
4(7764 7915 7916 7765)
4(64 215 216 65)
4(215 366 367 216)
4(366 517 518 367)
4(517 668 669 518)
4(668 819 820 669)
4(819 970 971 820)
4(970 1121 1122 971)
4(1121 1272 1273 1122)
4(1272 1423 1424 1273)
4(1423 1574 1575 1424)
4(1574 1725 1726 1575)
4(1725 1876 1877 1726)
4(1876 2027 2028 1877)
4(2027 2178 2179 2028)
4(2178 2329 2330 2179)
4(2329 2480 2481 2330)
4(2480 2631 2632 2481)
4(2631 2782 2783 2632)
4(2782 2933 2934 2783)
4(2933 3084 3085 2934)
4(3084 3235 3236 3085)
4(3235 3386 3387 3236)
4(3386 3537 3538 3387)
4(3537 3688 3689 3538)
4(3688 3839 3840 3689)
4(3839 3990 3991 3840)
4(3990 4141 4142 3991)
4(4141 4292 4293 4142)
4(4292 4443 4444 4293)
4(4443 4594 4595 4444)
4(4594 4745 4746 4595)
4(4745 4896 4897 4746)
4(4896 5047 5048 4897)
4(5047 5198 5199 5048)
4(5198 5349 5350 5199)
4(5349 5500 5501 5350)
4(5500 5651 5652 5501)
4(5651 5802 5803 5652)
4(5802 5953 5954 5803)
4(5953 6104 6105 5954)
4(6104 6255 6256 6105)
4(6255 6406 6407 6256)
4(6406 6557 6558 6407)
4(6557 6708 6709 6558)
4(6708 6859 6860 6709)
4(6859 7010 7011 6860)
4(7010 7161 7162 7011)
4(7161 7312 7313 7162)
4(7312 7463 7464 7313)
4(7463 7614 7615 7464)
4(7614 7765 7766 7615)
4(7765 7916 7917 7766)
4(65 216 217 66)
4(216 367 368 217)
4(367 518 519 368)
4(518 669 670 519)
4(669 820 821 670)
4(820 971 972 821)
4(971 1122 1123 972)
4(1122 1273 1274 1123)
4(1273 1424 1425 1274)
4(1424 1575 1576 1425)
4(1575 1726 1727 1576)
4(1726 1877 1878 1727)
4(1877 2028 2029 1878)
4(2028 2179 2180 2029)
4(2179 2330 2331 2180)
4(2330 2481 2482 2331)
4(2481 2632 2633 2482)
4(2632 2783 2784 2633)
4(2783 2934 2935 2784)
4(2934 3085 3086 2935)
4(3085 3236 3237 3086)
4(3236 3387 3388 3237)
4(3387 3538 3539 3388)
4(3538 3689 3690 3539)
4(3689 3840 3841 3690)
4(3840 3991 3992 3841)
4(3991 4142 4143 3992)
4(4142 4293 4294 4143)
4(4293 4444 4445 4294)
4(4444 4595 4596 4445)
4(4595 4746 4747 4596)
4(4746 4897 4898 4747)
4(4897 5048 5049 4898)
4(5048 5199 5200 5049)
4(5199 5350 5351 5200)
4(5350 5501 5502 5351)
4(5501 5652 5653 5502)
4(5652 5803 5804 5653)
4(5803 5954 5955 5804)
4(5954 6105 6106 5955)
4(6105 6256 6257 6106)
4(6256 6407 6408 6257)
4(6407 6558 6559 6408)
4(6558 6709 6710 6559)
4(6709 6860 6861 6710)
4(6860 7011 7012 6861)
4(7011 7162 7163 7012)
4(7162 7313 7314 7163)
4(7313 7464 7465 7314)
4(7464 7615 7616 7465)
4(7615 7766 7767 7616)
4(7766 7917 7918 7767)
4(66 217 218 67)
4(217 368 369 218)
4(368 519 520 369)
4(519 670 671 520)
4(670 821 822 671)
4(821 972 973 822)
4(972 1123 1124 973)
4(1123 1274 1275 1124)
4(1274 1425 1426 1275)
4(1425 1576 1577 1426)
4(1576 1727 1728 1577)
4(1727 1878 1879 1728)
4(1878 2029 2030 1879)
4(2029 2180 2181 2030)
4(2180 2331 2332 2181)
4(2331 2482 2483 2332)
4(2482 2633 2634 2483)
4(2633 2784 2785 2634)
4(2784 2935 2936 2785)
4(2935 3086 3087 2936)
4(3086 3237 3238 3087)
4(3237 3388 3389 3238)
4(3388 3539 3540 3389)
4(3539 3690 3691 3540)
4(3690 3841 3842 3691)
4(3841 3992 3993 3842)
4(3992 4143 4144 3993)
4(4143 4294 4295 4144)
4(4294 4445 4446 4295)
4(4445 4596 4597 4446)
4(4596 4747 4748 4597)
4(4747 4898 4899 4748)
4(4898 5049 5050 4899)
4(5049 5200 5201 5050)
4(5200 5351 5352 5201)
4(5351 5502 5503 5352)
4(5502 5653 5654 5503)
4(5653 5804 5805 5654)
4(5804 5955 5956 5805)
4(5955 6106 6107 5956)
4(6106 6257 6258 6107)
4(6257 6408 6409 6258)
4(6408 6559 6560 6409)
4(6559 6710 6711 6560)
4(6710 6861 6862 6711)
4(6861 7012 7013 6862)
4(7012 7163 7164 7013)
4(7163 7314 7315 7164)
4(7314 7465 7466 7315)
4(7465 7616 7617 7466)
4(7616 7767 7768 7617)
4(7767 7918 7919 7768)
4(67 218 219 68)
4(218 369 370 219)
4(369 520 521 370)
4(520 671 672 521)
4(671 822 823 672)
4(822 973 974 823)
4(973 1124 1125 974)
4(1124 1275 1276 1125)
4(1275 1426 1427 1276)
4(1426 1577 1578 1427)
4(1577 1728 1729 1578)
4(1728 1879 1880 1729)
4(1879 2030 2031 1880)
4(2030 2181 2182 2031)
4(2181 2332 2333 2182)
4(2332 2483 2484 2333)
4(2483 2634 2635 2484)
4(2634 2785 2786 2635)
4(2785 2936 2937 2786)
4(2936 3087 3088 2937)
4(3087 3238 3239 3088)
4(3238 3389 3390 3239)
4(3389 3540 3541 3390)
4(3540 3691 3692 3541)
4(3691 3842 3843 3692)
4(3842 3993 3994 3843)
4(3993 4144 4145 3994)
4(4144 4295 4296 4145)
4(4295 4446 4447 4296)
4(4446 4597 4598 4447)
4(4597 4748 4749 4598)
4(4748 4899 4900 4749)
4(4899 5050 5051 4900)
4(5050 5201 5202 5051)
4(5201 5352 5353 5202)
4(5352 5503 5504 5353)
4(5503 5654 5655 5504)
4(5654 5805 5806 5655)
4(5805 5956 5957 5806)
4(5956 6107 6108 5957)
4(6107 6258 6259 6108)
4(6258 6409 6410 6259)
4(6409 6560 6561 6410)
4(6560 6711 6712 6561)
4(6711 6862 6863 6712)
4(6862 7013 7014 6863)
4(7013 7164 7165 7014)
4(7164 7315 7316 7165)
4(7315 7466 7467 7316)
4(7466 7617 7618 7467)
4(7617 7768 7769 7618)
4(7768 7919 7920 7769)
4(68 219 220 69)
4(219 370 371 220)
4(370 521 522 371)
4(521 672 673 522)
4(672 823 824 673)
4(823 974 975 824)
4(974 1125 1126 975)
4(1125 1276 1277 1126)
4(1276 1427 1428 1277)
4(1427 1578 1579 1428)
4(1578 1729 1730 1579)
4(1729 1880 1881 1730)
4(1880 2031 2032 1881)
4(2031 2182 2183 2032)
4(2182 2333 2334 2183)
4(2333 2484 2485 2334)
4(2484 2635 2636 2485)
4(2635 2786 2787 2636)
4(2786 2937 2938 2787)
4(2937 3088 3089 2938)
4(3088 3239 3240 3089)
4(3239 3390 3391 3240)
4(3390 3541 3542 3391)
4(3541 3692 3693 3542)
4(3692 3843 3844 3693)
4(3843 3994 3995 3844)
4(3994 4145 4146 3995)
4(4145 4296 4297 4146)
4(4296 4447 4448 4297)
4(4447 4598 4599 4448)
4(4598 4749 4750 4599)
4(4749 4900 4901 4750)
4(4900 5051 5052 4901)
4(5051 5202 5203 5052)
4(5202 5353 5354 5203)
4(5353 5504 5505 5354)
4(5504 5655 5656 5505)
4(5655 5806 5807 5656)
4(5806 5957 5958 5807)
4(5957 6108 6109 5958)
4(6108 6259 6260 6109)
4(6259 6410 6411 6260)
4(6410 6561 6562 6411)
4(6561 6712 6713 6562)
4(6712 6863 6864 6713)
4(6863 7014 7015 6864)
4(7014 7165 7166 7015)
4(7165 7316 7317 7166)
4(7316 7467 7468 7317)
4(7467 7618 7619 7468)
4(7618 7769 7770 7619)
4(7769 7920 7921 7770)
4(69 220 221 70)
4(220 371 372 221)
4(371 522 523 372)
4(522 673 674 523)
4(673 824 825 674)
4(824 975 976 825)
4(975 1126 1127 976)
4(1126 1277 1278 1127)
4(1277 1428 1429 1278)
4(1428 1579 1580 1429)
4(1579 1730 1731 1580)
4(1730 1881 1882 1731)
4(1881 2032 2033 1882)
4(2032 2183 2184 2033)
4(2183 2334 2335 2184)
4(2334 2485 2486 2335)
4(2485 2636 2637 2486)
4(2636 2787 2788 2637)
4(2787 2938 2939 2788)
4(2938 3089 3090 2939)
4(3089 3240 3241 3090)
4(3240 3391 3392 3241)
4(3391 3542 3543 3392)
4(3542 3693 3694 3543)
4(3693 3844 3845 3694)
4(3844 3995 3996 3845)
4(3995 4146 4147 3996)
4(4146 4297 4298 4147)
4(4297 4448 4449 4298)
4(4448 4599 4600 4449)
4(4599 4750 4751 4600)
4(4750 4901 4902 4751)
4(4901 5052 5053 4902)
4(5052 5203 5204 5053)
4(5203 5354 5355 5204)
4(5354 5505 5506 5355)
4(5505 5656 5657 5506)
4(5656 5807 5808 5657)
4(5807 5958 5959 5808)
4(5958 6109 6110 5959)
4(6109 6260 6261 6110)
4(6260 6411 6412 6261)
4(6411 6562 6563 6412)
4(6562 6713 6714 6563)
4(6713 6864 6865 6714)
4(6864 7015 7016 6865)
4(7015 7166 7167 7016)
4(7166 7317 7318 7167)
4(7317 7468 7469 7318)
4(7468 7619 7620 7469)
4(7619 7770 7771 7620)
4(7770 7921 7922 7771)
4(70 221 222 71)
4(221 372 373 222)
4(372 523 524 373)
4(523 674 675 524)
4(674 825 826 675)
4(825 976 977 826)
4(976 1127 1128 977)
4(1127 1278 1279 1128)
4(1278 1429 1430 1279)
4(1429 1580 1581 1430)
4(1580 1731 1732 1581)
4(1731 1882 1883 1732)
4(1882 2033 2034 1883)
4(2033 2184 2185 2034)
4(2184 2335 2336 2185)
4(2335 2486 2487 2336)
4(2486 2637 2638 2487)
4(2637 2788 2789 2638)
4(2788 2939 2940 2789)
4(2939 3090 3091 2940)
4(3090 3241 3242 3091)
4(3241 3392 3393 3242)
4(3392 3543 3544 3393)
4(3543 3694 3695 3544)
4(3694 3845 3846 3695)
4(3845 3996 3997 3846)
4(3996 4147 4148 3997)
4(4147 4298 4299 4148)
4(4298 4449 4450 4299)
4(4449 4600 4601 4450)
4(4600 4751 4752 4601)
4(4751 4902 4903 4752)
4(4902 5053 5054 4903)
4(5053 5204 5205 5054)
4(5204 5355 5356 5205)
4(5355 5506 5507 5356)
4(5506 5657 5658 5507)
4(5657 5808 5809 5658)
4(5808 5959 5960 5809)
4(5959 6110 6111 5960)
4(6110 6261 6262 6111)
4(6261 6412 6413 6262)
4(6412 6563 6564 6413)
4(6563 6714 6715 6564)
4(6714 6865 6866 6715)
4(6865 7016 7017 6866)
4(7016 7167 7168 7017)
4(7167 7318 7319 7168)
4(7318 7469 7470 7319)
4(7469 7620 7621 7470)
4(7620 7771 7772 7621)
4(7771 7922 7923 7772)
4(71 222 223 72)
4(222 373 374 223)
4(373 524 525 374)
4(524 675 676 525)
4(675 826 827 676)
4(826 977 978 827)
4(977 1128 1129 978)
4(1128 1279 1280 1129)
4(1279 1430 1431 1280)
4(1430 1581 1582 1431)
4(1581 1732 1733 1582)
4(1732 1883 1884 1733)
4(1883 2034 2035 1884)
4(2034 2185 2186 2035)
4(2185 2336 2337 2186)
4(2336 2487 2488 2337)
4(2487 2638 2639 2488)
4(2638 2789 2790 2639)
4(2789 2940 2941 2790)
4(2940 3091 3092 2941)
4(3091 3242 3243 3092)
4(3242 3393 3394 3243)
4(3393 3544 3545 3394)
4(3544 3695 3696 3545)
4(3695 3846 3847 3696)
4(3846 3997 3998 3847)
4(3997 4148 4149 3998)
4(4148 4299 4300 4149)
4(4299 4450 4451 4300)
4(4450 4601 4602 4451)
4(4601 4752 4753 4602)
4(4752 4903 4904 4753)
4(4903 5054 5055 4904)
4(5054 5205 5206 5055)
4(5205 5356 5357 5206)
4(5356 5507 5508 5357)
4(5507 5658 5659 5508)
4(5658 5809 5810 5659)
4(5809 5960 5961 5810)
4(5960 6111 6112 5961)
4(6111 6262 6263 6112)
4(6262 6413 6414 6263)
4(6413 6564 6565 6414)
4(6564 6715 6716 6565)
4(6715 6866 6867 6716)
4(6866 7017 7018 6867)
4(7017 7168 7169 7018)
4(7168 7319 7320 7169)
4(7319 7470 7471 7320)
4(7470 7621 7622 7471)
4(7621 7772 7773 7622)
4(7772 7923 7924 7773)
4(72 223 224 73)
4(223 374 375 224)
4(374 525 526 375)
4(525 676 677 526)
4(676 827 828 677)
4(827 978 979 828)
4(978 1129 1130 979)
4(1129 1280 1281 1130)
4(1280 1431 1432 1281)
4(1431 1582 1583 1432)
4(1582 1733 1734 1583)
4(1733 1884 1885 1734)
4(1884 2035 2036 1885)
4(2035 2186 2187 2036)
4(2186 2337 2338 2187)
4(2337 2488 2489 2338)
4(2488 2639 2640 2489)
4(2639 2790 2791 2640)
4(2790 2941 2942 2791)
4(2941 3092 3093 2942)
4(3092 3243 3244 3093)
4(3243 3394 3395 3244)
4(3394 3545 3546 3395)
4(3545 3696 3697 3546)
4(3696 3847 3848 3697)
4(3847 3998 3999 3848)
4(3998 4149 4150 3999)
4(4149 4300 4301 4150)
4(4300 4451 4452 4301)
4(4451 4602 4603 4452)
4(4602 4753 4754 4603)
4(4753 4904 4905 4754)
4(4904 5055 5056 4905)
4(5055 5206 5207 5056)
4(5206 5357 5358 5207)
4(5357 5508 5509 5358)
4(5508 5659 5660 5509)
4(5659 5810 5811 5660)
4(5810 5961 5962 5811)
4(5961 6112 6113 5962)
4(6112 6263 6264 6113)
4(6263 6414 6415 6264)
4(6414 6565 6566 6415)
4(6565 6716 6717 6566)
4(6716 6867 6868 6717)
4(6867 7018 7019 6868)
4(7018 7169 7170 7019)
4(7169 7320 7321 7170)
4(7320 7471 7472 7321)
4(7471 7622 7623 7472)
4(7622 7773 7774 7623)
4(7773 7924 7925 7774)
4(73 224 225 74)
4(224 375 376 225)
4(375 526 527 376)
4(526 677 678 527)
4(677 828 829 678)
4(828 979 980 829)
4(979 1130 1131 980)
4(1130 1281 1282 1131)
4(1281 1432 1433 1282)
4(1432 1583 1584 1433)
4(1583 1734 1735 1584)
4(1734 1885 1886 1735)
4(1885 2036 2037 1886)
4(2036 2187 2188 2037)
4(2187 2338 2339 2188)
4(2338 2489 2490 2339)
4(2489 2640 2641 2490)
4(2640 2791 2792 2641)
4(2791 2942 2943 2792)
4(2942 3093 3094 2943)
4(3093 3244 3245 3094)
4(3244 3395 3396 3245)
4(3395 3546 3547 3396)
4(3546 3697 3698 3547)
4(3697 3848 3849 3698)
4(3848 3999 4000 3849)
4(3999 4150 4151 4000)
4(4150 4301 4302 4151)
4(4301 4452 4453 4302)
4(4452 4603 4604 4453)
4(4603 4754 4755 4604)
4(4754 4905 4906 4755)
4(4905 5056 5057 4906)
4(5056 5207 5208 5057)
4(5207 5358 5359 5208)
4(5358 5509 5510 5359)
4(5509 5660 5661 5510)
4(5660 5811 5812 5661)
4(5811 5962 5963 5812)
4(5962 6113 6114 5963)
4(6113 6264 6265 6114)
4(6264 6415 6416 6265)
4(6415 6566 6567 6416)
4(6566 6717 6718 6567)
4(6717 6868 6869 6718)
4(6868 7019 7020 6869)
4(7019 7170 7171 7020)
4(7170 7321 7322 7171)
4(7321 7472 7473 7322)
4(7472 7623 7624 7473)
4(7623 7774 7775 7624)
4(7774 7925 7926 7775)
4(74 225 226 75)
4(225 376 377 226)
4(376 527 528 377)
4(527 678 679 528)
4(678 829 830 679)
4(829 980 981 830)
4(980 1131 1132 981)
4(1131 1282 1283 1132)
4(1282 1433 1434 1283)
4(1433 1584 1585 1434)
4(1584 1735 1736 1585)
4(1735 1886 1887 1736)
4(1886 2037 2038 1887)
4(2037 2188 2189 2038)
4(2188 2339 2340 2189)
4(2339 2490 2491 2340)
4(2490 2641 2642 2491)
4(2641 2792 2793 2642)
4(2792 2943 2944 2793)
4(2943 3094 3095 2944)
4(3094 3245 3246 3095)
4(3245 3396 3397 3246)
4(3396 3547 3548 3397)
4(3547 3698 3699 3548)
4(3698 3849 3850 3699)
4(3849 4000 4001 3850)
4(4000 4151 4152 4001)
4(4151 4302 4303 4152)
4(4302 4453 4454 4303)
4(4453 4604 4605 4454)
4(4604 4755 4756 4605)
4(4755 4906 4907 4756)
4(4906 5057 5058 4907)
4(5057 5208 5209 5058)
4(5208 5359 5360 5209)
4(5359 5510 5511 5360)
4(5510 5661 5662 5511)
4(5661 5812 5813 5662)
4(5812 5963 5964 5813)
4(5963 6114 6115 5964)
4(6114 6265 6266 6115)
4(6265 6416 6417 6266)
4(6416 6567 6568 6417)
4(6567 6718 6719 6568)
4(6718 6869 6870 6719)
4(6869 7020 7021 6870)
4(7020 7171 7172 7021)
4(7171 7322 7323 7172)
4(7322 7473 7474 7323)
4(7473 7624 7625 7474)
4(7624 7775 7776 7625)
4(7775 7926 7927 7776)
4(75 226 227 76)
4(226 377 378 227)
4(377 528 529 378)
4(528 679 680 529)
4(679 830 831 680)
4(830 981 982 831)
4(981 1132 1133 982)
4(1132 1283 1284 1133)
4(1283 1434 1435 1284)
4(1434 1585 1586 1435)
4(1585 1736 1737 1586)
4(1736 1887 1888 1737)
4(1887 2038 2039 1888)
4(2038 2189 2190 2039)
4(2189 2340 2341 2190)
4(2340 2491 2492 2341)
4(2491 2642 2643 2492)
4(2642 2793 2794 2643)
4(2793 2944 2945 2794)
4(2944 3095 3096 2945)
4(3095 3246 3247 3096)
4(3246 3397 3398 3247)
4(3397 3548 3549 3398)
4(3548 3699 3700 3549)
4(3699 3850 3851 3700)
4(3850 4001 4002 3851)
4(4001 4152 4153 4002)
4(4152 4303 4304 4153)
4(4303 4454 4455 4304)
4(4454 4605 4606 4455)
4(4605 4756 4757 4606)
4(4756 4907 4908 4757)
4(4907 5058 5059 4908)
4(5058 5209 5210 5059)
4(5209 5360 5361 5210)
4(5360 5511 5512 5361)
4(5511 5662 5663 5512)
4(5662 5813 5814 5663)
4(5813 5964 5965 5814)
4(5964 6115 6116 5965)
4(6115 6266 6267 6116)
4(6266 6417 6418 6267)
4(6417 6568 6569 6418)
4(6568 6719 6720 6569)
4(6719 6870 6871 6720)
4(6870 7021 7022 6871)
4(7021 7172 7173 7022)
4(7172 7323 7324 7173)
4(7323 7474 7475 7324)
4(7474 7625 7626 7475)
4(7625 7776 7777 7626)
4(7776 7927 7928 7777)
4(76 227 228 77)
4(227 378 379 228)
4(378 529 530 379)
4(529 680 681 530)
4(680 831 832 681)
4(831 982 983 832)
4(982 1133 1134 983)
4(1133 1284 1285 1134)
4(1284 1435 1436 1285)
4(1435 1586 1587 1436)
4(1586 1737 1738 1587)
4(1737 1888 1889 1738)
4(1888 2039 2040 1889)
4(2039 2190 2191 2040)
4(2190 2341 2342 2191)
4(2341 2492 2493 2342)
4(2492 2643 2644 2493)
4(2643 2794 2795 2644)
4(2794 2945 2946 2795)
4(2945 3096 3097 2946)
4(3096 3247 3248 3097)
4(3247 3398 3399 3248)
4(3398 3549 3550 3399)
4(3549 3700 3701 3550)
4(3700 3851 3852 3701)
4(3851 4002 4003 3852)
4(4002 4153 4154 4003)
4(4153 4304 4305 4154)
4(4304 4455 4456 4305)
4(4455 4606 4607 4456)
4(4606 4757 4758 4607)
4(4757 4908 4909 4758)
4(4908 5059 5060 4909)
4(5059 5210 5211 5060)
4(5210 5361 5362 5211)
4(5361 5512 5513 5362)
4(5512 5663 5664 5513)
4(5663 5814 5815 5664)
4(5814 5965 5966 5815)
4(5965 6116 6117 5966)
4(6116 6267 6268 6117)
4(6267 6418 6419 6268)
4(6418 6569 6570 6419)
4(6569 6720 6721 6570)
4(6720 6871 6872 6721)
4(6871 7022 7023 6872)
4(7022 7173 7174 7023)
4(7173 7324 7325 7174)
4(7324 7475 7476 7325)
4(7475 7626 7627 7476)
4(7626 7777 7778 7627)
4(7777 7928 7929 7778)
4(77 228 229 78)
4(228 379 380 229)
4(379 530 531 380)
4(530 681 682 531)
4(681 832 833 682)
4(832 983 984 833)
4(983 1134 1135 984)
4(1134 1285 1286 1135)
4(1285 1436 1437 1286)
4(1436 1587 1588 1437)
4(1587 1738 1739 1588)
4(1738 1889 1890 1739)
4(1889 2040 2041 1890)
4(2040 2191 2192 2041)
4(2191 2342 2343 2192)
4(2342 2493 2494 2343)
4(2493 2644 2645 2494)
4(2644 2795 2796 2645)
4(2795 2946 2947 2796)
4(2946 3097 3098 2947)
4(3097 3248 3249 3098)
4(3248 3399 3400 3249)
4(3399 3550 3551 3400)
4(3550 3701 3702 3551)
4(3701 3852 3853 3702)
4(3852 4003 4004 3853)
4(4003 4154 4155 4004)
4(4154 4305 4306 4155)
4(4305 4456 4457 4306)
4(4456 4607 4608 4457)
4(4607 4758 4759 4608)
4(4758 4909 4910 4759)
4(4909 5060 5061 4910)
4(5060 5211 5212 5061)
4(5211 5362 5363 5212)
4(5362 5513 5514 5363)
4(5513 5664 5665 5514)
4(5664 5815 5816 5665)
4(5815 5966 5967 5816)
4(5966 6117 6118 5967)
4(6117 6268 6269 6118)
4(6268 6419 6420 6269)
4(6419 6570 6571 6420)
4(6570 6721 6722 6571)
4(6721 6872 6873 6722)
4(6872 7023 7024 6873)
4(7023 7174 7175 7024)
4(7174 7325 7326 7175)
4(7325 7476 7477 7326)
4(7476 7627 7628 7477)
4(7627 7778 7779 7628)
4(7778 7929 7930 7779)
4(78 229 230 79)
4(229 380 381 230)
4(380 531 532 381)
4(531 682 683 532)
4(682 833 834 683)
4(833 984 985 834)
4(984 1135 1136 985)
4(1135 1286 1287 1136)
4(1286 1437 1438 1287)
4(1437 1588 1589 1438)
4(1588 1739 1740 1589)
4(1739 1890 1891 1740)
4(1890 2041 2042 1891)
4(2041 2192 2193 2042)
4(2192 2343 2344 2193)
4(2343 2494 2495 2344)
4(2494 2645 2646 2495)
4(2645 2796 2797 2646)
4(2796 2947 2948 2797)
4(2947 3098 3099 2948)
4(3098 3249 3250 3099)
4(3249 3400 3401 3250)
4(3400 3551 3552 3401)
4(3551 3702 3703 3552)
4(3702 3853 3854 3703)
4(3853 4004 4005 3854)
4(4004 4155 4156 4005)
4(4155 4306 4307 4156)
4(4306 4457 4458 4307)
4(4457 4608 4609 4458)
4(4608 4759 4760 4609)
4(4759 4910 4911 4760)
4(4910 5061 5062 4911)
4(5061 5212 5213 5062)
4(5212 5363 5364 5213)
4(5363 5514 5515 5364)
4(5514 5665 5666 5515)
4(5665 5816 5817 5666)
4(5816 5967 5968 5817)
4(5967 6118 6119 5968)
4(6118 6269 6270 6119)
4(6269 6420 6421 6270)
4(6420 6571 6572 6421)
4(6571 6722 6723 6572)
4(6722 6873 6874 6723)
4(6873 7024 7025 6874)
4(7024 7175 7176 7025)
4(7175 7326 7327 7176)
4(7326 7477 7478 7327)
4(7477 7628 7629 7478)
4(7628 7779 7780 7629)
4(7779 7930 7931 7780)
4(79 230 231 80)
4(230 381 382 231)
4(381 532 533 382)
4(532 683 684 533)
4(683 834 835 684)
4(834 985 986 835)
4(985 1136 1137 986)
4(1136 1287 1288 1137)
4(1287 1438 1439 1288)
4(1438 1589 1590 1439)
4(1589 1740 1741 1590)
4(1740 1891 1892 1741)
4(1891 2042 2043 1892)
4(2042 2193 2194 2043)
4(2193 2344 2345 2194)
4(2344 2495 2496 2345)
4(2495 2646 2647 2496)
4(2646 2797 2798 2647)
4(2797 2948 2949 2798)
4(2948 3099 3100 2949)
4(3099 3250 3251 3100)
4(3250 3401 3402 3251)
4(3401 3552 3553 3402)
4(3552 3703 3704 3553)
4(3703 3854 3855 3704)
4(3854 4005 4006 3855)
4(4005 4156 4157 4006)
4(4156 4307 4308 4157)
4(4307 4458 4459 4308)
4(4458 4609 4610 4459)
4(4609 4760 4761 4610)
4(4760 4911 4912 4761)
4(4911 5062 5063 4912)
4(5062 5213 5214 5063)
4(5213 5364 5365 5214)
4(5364 5515 5516 5365)
4(5515 5666 5667 5516)
4(5666 5817 5818 5667)
4(5817 5968 5969 5818)
4(5968 6119 6120 5969)
4(6119 6270 6271 6120)
4(6270 6421 6422 6271)
4(6421 6572 6573 6422)
4(6572 6723 6724 6573)
4(6723 6874 6875 6724)
4(6874 7025 7026 6875)
4(7025 7176 7177 7026)
4(7176 7327 7328 7177)
4(7327 7478 7479 7328)
4(7478 7629 7630 7479)
4(7629 7780 7781 7630)
4(7780 7931 7932 7781)
4(80 231 232 81)
4(231 382 383 232)
4(382 533 534 383)
4(533 684 685 534)
4(684 835 836 685)
4(835 986 987 836)
4(986 1137 1138 987)
4(1137 1288 1289 1138)
4(1288 1439 1440 1289)
4(1439 1590 1591 1440)
4(1590 1741 1742 1591)
4(1741 1892 1893 1742)
4(1892 2043 2044 1893)
4(2043 2194 2195 2044)
4(2194 2345 2346 2195)
4(2345 2496 2497 2346)
4(2496 2647 2648 2497)
4(2647 2798 2799 2648)
4(2798 2949 2950 2799)
4(2949 3100 3101 2950)
4(3100 3251 3252 3101)
4(3251 3402 3403 3252)
4(3402 3553 3554 3403)
4(3553 3704 3705 3554)
4(3704 3855 3856 3705)
4(3855 4006 4007 3856)
4(4006 4157 4158 4007)
4(4157 4308 4309 4158)
4(4308 4459 4460 4309)
4(4459 4610 4611 4460)
4(4610 4761 4762 4611)
4(4761 4912 4913 4762)
4(4912 5063 5064 4913)
4(5063 5214 5215 5064)
4(5214 5365 5366 5215)
4(5365 5516 5517 5366)
4(5516 5667 5668 5517)
4(5667 5818 5819 5668)
4(5818 5969 5970 5819)
4(5969 6120 6121 5970)
4(6120 6271 6272 6121)
4(6271 6422 6423 6272)
4(6422 6573 6574 6423)
4(6573 6724 6725 6574)
4(6724 6875 6876 6725)
4(6875 7026 7027 6876)
4(7026 7177 7178 7027)
4(7177 7328 7329 7178)
4(7328 7479 7480 7329)
4(7479 7630 7631 7480)
4(7630 7781 7782 7631)
4(7781 7932 7933 7782)
4(81 232 233 82)
4(232 383 384 233)
4(383 534 535 384)
4(534 685 686 535)
4(685 836 837 686)
4(836 987 988 837)
4(987 1138 1139 988)
4(1138 1289 1290 1139)
4(1289 1440 1441 1290)
4(1440 1591 1592 1441)
4(1591 1742 1743 1592)
4(1742 1893 1894 1743)
4(1893 2044 2045 1894)
4(2044 2195 2196 2045)
4(2195 2346 2347 2196)
4(2346 2497 2498 2347)
4(2497 2648 2649 2498)
4(2648 2799 2800 2649)
4(2799 2950 2951 2800)
4(2950 3101 3102 2951)
4(3101 3252 3253 3102)
4(3252 3403 3404 3253)
4(3403 3554 3555 3404)
4(3554 3705 3706 3555)
4(3705 3856 3857 3706)
4(3856 4007 4008 3857)
4(4007 4158 4159 4008)
4(4158 4309 4310 4159)
4(4309 4460 4461 4310)
4(4460 4611 4612 4461)
4(4611 4762 4763 4612)
4(4762 4913 4914 4763)
4(4913 5064 5065 4914)
4(5064 5215 5216 5065)
4(5215 5366 5367 5216)
4(5366 5517 5518 5367)
4(5517 5668 5669 5518)
4(5668 5819 5820 5669)
4(5819 5970 5971 5820)
4(5970 6121 6122 5971)
4(6121 6272 6273 6122)
4(6272 6423 6424 6273)
4(6423 6574 6575 6424)
4(6574 6725 6726 6575)
4(6725 6876 6877 6726)
4(6876 7027 7028 6877)
4(7027 7178 7179 7028)
4(7178 7329 7330 7179)
4(7329 7480 7481 7330)
4(7480 7631 7632 7481)
4(7631 7782 7783 7632)
4(7782 7933 7934 7783)
4(82 233 234 83)
4(233 384 385 234)
4(384 535 536 385)
4(535 686 687 536)
4(686 837 838 687)
4(837 988 989 838)
4(988 1139 1140 989)
4(1139 1290 1291 1140)
4(1290 1441 1442 1291)
4(1441 1592 1593 1442)
4(1592 1743 1744 1593)
4(1743 1894 1895 1744)
4(1894 2045 2046 1895)
4(2045 2196 2197 2046)
4(2196 2347 2348 2197)
4(2347 2498 2499 2348)
4(2498 2649 2650 2499)
4(2649 2800 2801 2650)
4(2800 2951 2952 2801)
4(2951 3102 3103 2952)
4(3102 3253 3254 3103)
4(3253 3404 3405 3254)
4(3404 3555 3556 3405)
4(3555 3706 3707 3556)
4(3706 3857 3858 3707)
4(3857 4008 4009 3858)
4(4008 4159 4160 4009)
4(4159 4310 4311 4160)
4(4310 4461 4462 4311)
4(4461 4612 4613 4462)
4(4612 4763 4764 4613)
4(4763 4914 4915 4764)
4(4914 5065 5066 4915)
4(5065 5216 5217 5066)
4(5216 5367 5368 5217)
4(5367 5518 5519 5368)
4(5518 5669 5670 5519)
4(5669 5820 5821 5670)
4(5820 5971 5972 5821)
4(5971 6122 6123 5972)
4(6122 6273 6274 6123)
4(6273 6424 6425 6274)
4(6424 6575 6576 6425)
4(6575 6726 6727 6576)
4(6726 6877 6878 6727)
4(6877 7028 7029 6878)
4(7028 7179 7180 7029)
4(7179 7330 7331 7180)
4(7330 7481 7482 7331)
4(7481 7632 7633 7482)
4(7632 7783 7784 7633)
4(7783 7934 7935 7784)
4(83 234 235 84)
4(234 385 386 235)
4(385 536 537 386)
4(536 687 688 537)
4(687 838 839 688)
4(838 989 990 839)
4(989 1140 1141 990)
4(1140 1291 1292 1141)
4(1291 1442 1443 1292)
4(1442 1593 1594 1443)
4(1593 1744 1745 1594)
4(1744 1895 1896 1745)
4(1895 2046 2047 1896)
4(2046 2197 2198 2047)
4(2197 2348 2349 2198)
4(2348 2499 2500 2349)
4(2499 2650 2651 2500)
4(2650 2801 2802 2651)
4(2801 2952 2953 2802)
4(2952 3103 3104 2953)
4(3103 3254 3255 3104)
4(3254 3405 3406 3255)
4(3405 3556 3557 3406)
4(3556 3707 3708 3557)
4(3707 3858 3859 3708)
4(3858 4009 4010 3859)
4(4009 4160 4161 4010)
4(4160 4311 4312 4161)
4(4311 4462 4463 4312)
4(4462 4613 4614 4463)
4(4613 4764 4765 4614)
4(4764 4915 4916 4765)
4(4915 5066 5067 4916)
4(5066 5217 5218 5067)
4(5217 5368 5369 5218)
4(5368 5519 5520 5369)
4(5519 5670 5671 5520)
4(5670 5821 5822 5671)
4(5821 5972 5973 5822)
4(5972 6123 6124 5973)
4(6123 6274 6275 6124)
4(6274 6425 6426 6275)
4(6425 6576 6577 6426)
4(6576 6727 6728 6577)
4(6727 6878 6879 6728)
4(6878 7029 7030 6879)
4(7029 7180 7181 7030)
4(7180 7331 7332 7181)
4(7331 7482 7483 7332)
4(7482 7633 7634 7483)
4(7633 7784 7785 7634)
4(7784 7935 7936 7785)
4(84 235 236 85)
4(235 386 387 236)
4(386 537 538 387)
4(537 688 689 538)
4(688 839 840 689)
4(839 990 991 840)
4(990 1141 1142 991)
4(1141 1292 1293 1142)
4(1292 1443 1444 1293)
4(1443 1594 1595 1444)
4(1594 1745 1746 1595)
4(1745 1896 1897 1746)
4(1896 2047 2048 1897)
4(2047 2198 2199 2048)
4(2198 2349 2350 2199)
4(2349 2500 2501 2350)
4(2500 2651 2652 2501)
4(2651 2802 2803 2652)
4(2802 2953 2954 2803)
4(2953 3104 3105 2954)
4(3104 3255 3256 3105)
4(3255 3406 3407 3256)
4(3406 3557 3558 3407)
4(3557 3708 3709 3558)
4(3708 3859 3860 3709)
4(3859 4010 4011 3860)
4(4010 4161 4162 4011)
4(4161 4312 4313 4162)
4(4312 4463 4464 4313)
4(4463 4614 4615 4464)
4(4614 4765 4766 4615)
4(4765 4916 4917 4766)
4(4916 5067 5068 4917)
4(5067 5218 5219 5068)
4(5218 5369 5370 5219)
4(5369 5520 5521 5370)
4(5520 5671 5672 5521)
4(5671 5822 5823 5672)
4(5822 5973 5974 5823)
4(5973 6124 6125 5974)
4(6124 6275 6276 6125)
4(6275 6426 6427 6276)
4(6426 6577 6578 6427)
4(6577 6728 6729 6578)
4(6728 6879 6880 6729)
4(6879 7030 7031 6880)
4(7030 7181 7182 7031)
4(7181 7332 7333 7182)
4(7332 7483 7484 7333)
4(7483 7634 7635 7484)
4(7634 7785 7786 7635)
4(7785 7936 7937 7786)
4(85 236 237 86)
4(236 387 388 237)
4(387 538 539 388)
4(538 689 690 539)
4(689 840 841 690)
4(840 991 992 841)
4(991 1142 1143 992)
4(1142 1293 1294 1143)
4(1293 1444 1445 1294)
4(1444 1595 1596 1445)
4(1595 1746 1747 1596)
4(1746 1897 1898 1747)
4(1897 2048 2049 1898)
4(2048 2199 2200 2049)
4(2199 2350 2351 2200)
4(2350 2501 2502 2351)
4(2501 2652 2653 2502)
4(2652 2803 2804 2653)
4(2803 2954 2955 2804)
4(2954 3105 3106 2955)
4(3105 3256 3257 3106)
4(3256 3407 3408 3257)
4(3407 3558 3559 3408)
4(3558 3709 3710 3559)
4(3709 3860 3861 3710)
4(3860 4011 4012 3861)
4(4011 4162 4163 4012)
4(4162 4313 4314 4163)
4(4313 4464 4465 4314)
4(4464 4615 4616 4465)
4(4615 4766 4767 4616)
4(4766 4917 4918 4767)
4(4917 5068 5069 4918)
4(5068 5219 5220 5069)
4(5219 5370 5371 5220)
4(5370 5521 5522 5371)
4(5521 5672 5673 5522)
4(5672 5823 5824 5673)
4(5823 5974 5975 5824)
4(5974 6125 6126 5975)
4(6125 6276 6277 6126)
4(6276 6427 6428 6277)
4(6427 6578 6579 6428)
4(6578 6729 6730 6579)
4(6729 6880 6881 6730)
4(6880 7031 7032 6881)
4(7031 7182 7183 7032)
4(7182 7333 7334 7183)
4(7333 7484 7485 7334)
4(7484 7635 7636 7485)
4(7635 7786 7787 7636)
4(7786 7937 7938 7787)
4(86 237 238 87)
4(237 388 389 238)
4(388 539 540 389)
4(539 690 691 540)
4(690 841 842 691)
4(841 992 993 842)
4(992 1143 1144 993)
4(1143 1294 1295 1144)
4(1294 1445 1446 1295)
4(1445 1596 1597 1446)
4(1596 1747 1748 1597)
4(1747 1898 1899 1748)
4(1898 2049 2050 1899)
4(2049 2200 2201 2050)
4(2200 2351 2352 2201)
4(2351 2502 2503 2352)
4(2502 2653 2654 2503)
4(2653 2804 2805 2654)
4(2804 2955 2956 2805)
4(2955 3106 3107 2956)
4(3106 3257 3258 3107)
4(3257 3408 3409 3258)
4(3408 3559 3560 3409)
4(3559 3710 3711 3560)
4(3710 3861 3862 3711)
4(3861 4012 4013 3862)
4(4012 4163 4164 4013)
4(4163 4314 4315 4164)
4(4314 4465 4466 4315)
4(4465 4616 4617 4466)
4(4616 4767 4768 4617)
4(4767 4918 4919 4768)
4(4918 5069 5070 4919)
4(5069 5220 5221 5070)
4(5220 5371 5372 5221)
4(5371 5522 5523 5372)
4(5522 5673 5674 5523)
4(5673 5824 5825 5674)
4(5824 5975 5976 5825)
4(5975 6126 6127 5976)
4(6126 6277 6278 6127)
4(6277 6428 6429 6278)
4(6428 6579 6580 6429)
4(6579 6730 6731 6580)
4(6730 6881 6882 6731)
4(6881 7032 7033 6882)
4(7032 7183 7184 7033)
4(7183 7334 7335 7184)
4(7334 7485 7486 7335)
4(7485 7636 7637 7486)
4(7636 7787 7788 7637)
4(7787 7938 7939 7788)
4(87 238 239 88)
4(238 389 390 239)
4(389 540 541 390)
4(540 691 692 541)
4(691 842 843 692)
4(842 993 994 843)
4(993 1144 1145 994)
4(1144 1295 1296 1145)
4(1295 1446 1447 1296)
4(1446 1597 1598 1447)
4(1597 1748 1749 1598)
4(1748 1899 1900 1749)
4(1899 2050 2051 1900)
4(2050 2201 2202 2051)
4(2201 2352 2353 2202)
4(2352 2503 2504 2353)
4(2503 2654 2655 2504)
4(2654 2805 2806 2655)
4(2805 2956 2957 2806)
4(2956 3107 3108 2957)
4(3107 3258 3259 3108)
4(3258 3409 3410 3259)
4(3409 3560 3561 3410)
4(3560 3711 3712 3561)
4(3711 3862 3863 3712)
4(3862 4013 4014 3863)
4(4013 4164 4165 4014)
4(4164 4315 4316 4165)
4(4315 4466 4467 4316)
4(4466 4617 4618 4467)
4(4617 4768 4769 4618)
4(4768 4919 4920 4769)
4(4919 5070 5071 4920)
4(5070 5221 5222 5071)
4(5221 5372 5373 5222)
4(5372 5523 5524 5373)
4(5523 5674 5675 5524)
4(5674 5825 5826 5675)
4(5825 5976 5977 5826)
4(5976 6127 6128 5977)
4(6127 6278 6279 6128)
4(6278 6429 6430 6279)
4(6429 6580 6581 6430)
4(6580 6731 6732 6581)
4(6731 6882 6883 6732)
4(6882 7033 7034 6883)
4(7033 7184 7185 7034)
4(7184 7335 7336 7185)
4(7335 7486 7487 7336)
4(7486 7637 7638 7487)
4(7637 7788 7789 7638)
4(7788 7939 7940 7789)
4(88 239 240 89)
4(239 390 391 240)
4(390 541 542 391)
4(541 692 693 542)
4(692 843 844 693)
4(843 994 995 844)
4(994 1145 1146 995)
4(1145 1296 1297 1146)
4(1296 1447 1448 1297)
4(1447 1598 1599 1448)
4(1598 1749 1750 1599)
4(1749 1900 1901 1750)
4(1900 2051 2052 1901)
4(2051 2202 2203 2052)
4(2202 2353 2354 2203)
4(2353 2504 2505 2354)
4(2504 2655 2656 2505)
4(2655 2806 2807 2656)
4(2806 2957 2958 2807)
4(2957 3108 3109 2958)
4(3108 3259 3260 3109)
4(3259 3410 3411 3260)
4(3410 3561 3562 3411)
4(3561 3712 3713 3562)
4(3712 3863 3864 3713)
4(3863 4014 4015 3864)
4(4014 4165 4166 4015)
4(4165 4316 4317 4166)
4(4316 4467 4468 4317)
4(4467 4618 4619 4468)
4(4618 4769 4770 4619)
4(4769 4920 4921 4770)
4(4920 5071 5072 4921)
4(5071 5222 5223 5072)
4(5222 5373 5374 5223)
4(5373 5524 5525 5374)
4(5524 5675 5676 5525)
4(5675 5826 5827 5676)
4(5826 5977 5978 5827)
4(5977 6128 6129 5978)
4(6128 6279 6280 6129)
4(6279 6430 6431 6280)
4(6430 6581 6582 6431)
4(6581 6732 6733 6582)
4(6732 6883 6884 6733)
4(6883 7034 7035 6884)
4(7034 7185 7186 7035)
4(7185 7336 7337 7186)
4(7336 7487 7488 7337)
4(7487 7638 7639 7488)
4(7638 7789 7790 7639)
4(7789 7940 7941 7790)
4(89 240 241 90)
4(240 391 392 241)
4(391 542 543 392)
4(542 693 694 543)
4(693 844 845 694)
4(844 995 996 845)
4(995 1146 1147 996)
4(1146 1297 1298 1147)
4(1297 1448 1449 1298)
4(1448 1599 1600 1449)
4(1599 1750 1751 1600)
4(1750 1901 1902 1751)
4(1901 2052 2053 1902)
4(2052 2203 2204 2053)
4(2203 2354 2355 2204)
4(2354 2505 2506 2355)
4(2505 2656 2657 2506)
4(2656 2807 2808 2657)
4(2807 2958 2959 2808)
4(2958 3109 3110 2959)
4(3109 3260 3261 3110)
4(3260 3411 3412 3261)
4(3411 3562 3563 3412)
4(3562 3713 3714 3563)
4(3713 3864 3865 3714)
4(3864 4015 4016 3865)
4(4015 4166 4167 4016)
4(4166 4317 4318 4167)
4(4317 4468 4469 4318)
4(4468 4619 4620 4469)
4(4619 4770 4771 4620)
4(4770 4921 4922 4771)
4(4921 5072 5073 4922)
4(5072 5223 5224 5073)
4(5223 5374 5375 5224)
4(5374 5525 5526 5375)
4(5525 5676 5677 5526)
4(5676 5827 5828 5677)
4(5827 5978 5979 5828)
4(5978 6129 6130 5979)
4(6129 6280 6281 6130)
4(6280 6431 6432 6281)
4(6431 6582 6583 6432)
4(6582 6733 6734 6583)
4(6733 6884 6885 6734)
4(6884 7035 7036 6885)
4(7035 7186 7187 7036)
4(7186 7337 7338 7187)
4(7337 7488 7489 7338)
4(7488 7639 7640 7489)
4(7639 7790 7791 7640)
4(7790 7941 7942 7791)
4(90 241 242 91)
4(241 392 393 242)
4(392 543 544 393)
4(543 694 695 544)
4(694 845 846 695)
4(845 996 997 846)
4(996 1147 1148 997)
4(1147 1298 1299 1148)
4(1298 1449 1450 1299)
4(1449 1600 1601 1450)
4(1600 1751 1752 1601)
4(1751 1902 1903 1752)
4(1902 2053 2054 1903)
4(2053 2204 2205 2054)
4(2204 2355 2356 2205)
4(2355 2506 2507 2356)
4(2506 2657 2658 2507)
4(2657 2808 2809 2658)
4(2808 2959 2960 2809)
4(2959 3110 3111 2960)
4(3110 3261 3262 3111)
4(3261 3412 3413 3262)
4(3412 3563 3564 3413)
4(3563 3714 3715 3564)
4(3714 3865 3866 3715)
4(3865 4016 4017 3866)
4(4016 4167 4168 4017)
4(4167 4318 4319 4168)
4(4318 4469 4470 4319)
4(4469 4620 4621 4470)
4(4620 4771 4772 4621)
4(4771 4922 4923 4772)
4(4922 5073 5074 4923)
4(5073 5224 5225 5074)
4(5224 5375 5376 5225)
4(5375 5526 5527 5376)
4(5526 5677 5678 5527)
4(5677 5828 5829 5678)
4(5828 5979 5980 5829)
4(5979 6130 6131 5980)
4(6130 6281 6282 6131)
4(6281 6432 6433 6282)
4(6432 6583 6584 6433)
4(6583 6734 6735 6584)
4(6734 6885 6886 6735)
4(6885 7036 7037 6886)
4(7036 7187 7188 7037)
4(7187 7338 7339 7188)
4(7338 7489 7490 7339)
4(7489 7640 7641 7490)
4(7640 7791 7792 7641)
4(7791 7942 7943 7792)
4(91 242 243 92)
4(242 393 394 243)
4(393 544 545 394)
4(544 695 696 545)
4(695 846 847 696)
4(846 997 998 847)
4(997 1148 1149 998)
4(1148 1299 1300 1149)
4(1299 1450 1451 1300)
4(1450 1601 1602 1451)
4(1601 1752 1753 1602)
4(1752 1903 1904 1753)
4(1903 2054 2055 1904)
4(2054 2205 2206 2055)
4(2205 2356 2357 2206)
4(2356 2507 2508 2357)
4(2507 2658 2659 2508)
4(2658 2809 2810 2659)
4(2809 2960 2961 2810)
4(2960 3111 3112 2961)
4(3111 3262 3263 3112)
4(3262 3413 3414 3263)
4(3413 3564 3565 3414)
4(3564 3715 3716 3565)
4(3715 3866 3867 3716)
4(3866 4017 4018 3867)
4(4017 4168 4169 4018)
4(4168 4319 4320 4169)
4(4319 4470 4471 4320)
4(4470 4621 4622 4471)
4(4621 4772 4773 4622)
4(4772 4923 4924 4773)
4(4923 5074 5075 4924)
4(5074 5225 5226 5075)
4(5225 5376 5377 5226)
4(5376 5527 5528 5377)
4(5527 5678 5679 5528)
4(5678 5829 5830 5679)
4(5829 5980 5981 5830)
4(5980 6131 6132 5981)
4(6131 6282 6283 6132)
4(6282 6433 6434 6283)
4(6433 6584 6585 6434)
4(6584 6735 6736 6585)
4(6735 6886 6887 6736)
4(6886 7037 7038 6887)
4(7037 7188 7189 7038)
4(7188 7339 7340 7189)
4(7339 7490 7491 7340)
4(7490 7641 7642 7491)
4(7641 7792 7793 7642)
4(7792 7943 7944 7793)
4(92 243 244 93)
4(243 394 395 244)
4(394 545 546 395)
4(545 696 697 546)
4(696 847 848 697)
4(847 998 999 848)
4(998 1149 1150 999)
4(1149 1300 1301 1150)
4(1300 1451 1452 1301)
4(1451 1602 1603 1452)
4(1602 1753 1754 1603)
4(1753 1904 1905 1754)
4(1904 2055 2056 1905)
4(2055 2206 2207 2056)
4(2206 2357 2358 2207)
4(2357 2508 2509 2358)
4(2508 2659 2660 2509)
4(2659 2810 2811 2660)
4(2810 2961 2962 2811)
4(2961 3112 3113 2962)
4(3112 3263 3264 3113)
4(3263 3414 3415 3264)
4(3414 3565 3566 3415)
4(3565 3716 3717 3566)
4(3716 3867 3868 3717)
4(3867 4018 4019 3868)
4(4018 4169 4170 4019)
4(4169 4320 4321 4170)
4(4320 4471 4472 4321)
4(4471 4622 4623 4472)
4(4622 4773 4774 4623)
4(4773 4924 4925 4774)
4(4924 5075 5076 4925)
4(5075 5226 5227 5076)
4(5226 5377 5378 5227)
4(5377 5528 5529 5378)
4(5528 5679 5680 5529)
4(5679 5830 5831 5680)
4(5830 5981 5982 5831)
4(5981 6132 6133 5982)
4(6132 6283 6284 6133)
4(6283 6434 6435 6284)
4(6434 6585 6586 6435)
4(6585 6736 6737 6586)
4(6736 6887 6888 6737)
4(6887 7038 7039 6888)
4(7038 7189 7190 7039)
4(7189 7340 7341 7190)
4(7340 7491 7492 7341)
4(7491 7642 7643 7492)
4(7642 7793 7794 7643)
4(7793 7944 7945 7794)
4(93 244 245 94)
4(244 395 396 245)
4(395 546 547 396)
4(546 697 698 547)
4(697 848 849 698)
4(848 999 1000 849)
4(999 1150 1151 1000)
4(1150 1301 1302 1151)
4(1301 1452 1453 1302)
4(1452 1603 1604 1453)
4(1603 1754 1755 1604)
4(1754 1905 1906 1755)
4(1905 2056 2057 1906)
4(2056 2207 2208 2057)
4(2207 2358 2359 2208)
4(2358 2509 2510 2359)
4(2509 2660 2661 2510)
4(2660 2811 2812 2661)
4(2811 2962 2963 2812)
4(2962 3113 3114 2963)
4(3113 3264 3265 3114)
4(3264 3415 3416 3265)
4(3415 3566 3567 3416)
4(3566 3717 3718 3567)
4(3717 3868 3869 3718)
4(3868 4019 4020 3869)
4(4019 4170 4171 4020)
4(4170 4321 4322 4171)
4(4321 4472 4473 4322)
4(4472 4623 4624 4473)
4(4623 4774 4775 4624)
4(4774 4925 4926 4775)
4(4925 5076 5077 4926)
4(5076 5227 5228 5077)
4(5227 5378 5379 5228)
4(5378 5529 5530 5379)
4(5529 5680 5681 5530)
4(5680 5831 5832 5681)
4(5831 5982 5983 5832)
4(5982 6133 6134 5983)
4(6133 6284 6285 6134)
4(6284 6435 6436 6285)
4(6435 6586 6587 6436)
4(6586 6737 6738 6587)
4(6737 6888 6889 6738)
4(6888 7039 7040 6889)
4(7039 7190 7191 7040)
4(7190 7341 7342 7191)
4(7341 7492 7493 7342)
4(7492 7643 7644 7493)
4(7643 7794 7795 7644)
4(7794 7945 7946 7795)
4(94 245 246 95)
4(245 396 397 246)
4(396 547 548 397)
4(547 698 699 548)
4(698 849 850 699)
4(849 1000 1001 850)
4(1000 1151 1152 1001)
4(1151 1302 1303 1152)
4(1302 1453 1454 1303)
4(1453 1604 1605 1454)
4(1604 1755 1756 1605)
4(1755 1906 1907 1756)
4(1906 2057 2058 1907)
4(2057 2208 2209 2058)
4(2208 2359 2360 2209)
4(2359 2510 2511 2360)
4(2510 2661 2662 2511)
4(2661 2812 2813 2662)
4(2812 2963 2964 2813)
4(2963 3114 3115 2964)
4(3114 3265 3266 3115)
4(3265 3416 3417 3266)
4(3416 3567 3568 3417)
4(3567 3718 3719 3568)
4(3718 3869 3870 3719)
4(3869 4020 4021 3870)
4(4020 4171 4172 4021)
4(4171 4322 4323 4172)
4(4322 4473 4474 4323)
4(4473 4624 4625 4474)
4(4624 4775 4776 4625)
4(4775 4926 4927 4776)
4(4926 5077 5078 4927)
4(5077 5228 5229 5078)
4(5228 5379 5380 5229)
4(5379 5530 5531 5380)
4(5530 5681 5682 5531)
4(5681 5832 5833 5682)
4(5832 5983 5984 5833)
4(5983 6134 6135 5984)
4(6134 6285 6286 6135)
4(6285 6436 6437 6286)
4(6436 6587 6588 6437)
4(6587 6738 6739 6588)
4(6738 6889 6890 6739)
4(6889 7040 7041 6890)
4(7040 7191 7192 7041)
4(7191 7342 7343 7192)
4(7342 7493 7494 7343)
4(7493 7644 7645 7494)
4(7644 7795 7796 7645)
4(7795 7946 7947 7796)
4(95 246 247 96)
4(246 397 398 247)
4(397 548 549 398)
4(548 699 700 549)
4(699 850 851 700)
4(850 1001 1002 851)
4(1001 1152 1153 1002)
4(1152 1303 1304 1153)
4(1303 1454 1455 1304)
4(1454 1605 1606 1455)
4(1605 1756 1757 1606)
4(1756 1907 1908 1757)
4(1907 2058 2059 1908)
4(2058 2209 2210 2059)
4(2209 2360 2361 2210)
4(2360 2511 2512 2361)
4(2511 2662 2663 2512)
4(2662 2813 2814 2663)
4(2813 2964 2965 2814)
4(2964 3115 3116 2965)
4(3115 3266 3267 3116)
4(3266 3417 3418 3267)
4(3417 3568 3569 3418)
4(3568 3719 3720 3569)
4(3719 3870 3871 3720)
4(3870 4021 4022 3871)
4(4021 4172 4173 4022)
4(4172 4323 4324 4173)
4(4323 4474 4475 4324)
4(4474 4625 4626 4475)
4(4625 4776 4777 4626)
4(4776 4927 4928 4777)
4(4927 5078 5079 4928)
4(5078 5229 5230 5079)
4(5229 5380 5381 5230)
4(5380 5531 5532 5381)
4(5531 5682 5683 5532)
4(5682 5833 5834 5683)
4(5833 5984 5985 5834)
4(5984 6135 6136 5985)
4(6135 6286 6287 6136)
4(6286 6437 6438 6287)
4(6437 6588 6589 6438)
4(6588 6739 6740 6589)
4(6739 6890 6891 6740)
4(6890 7041 7042 6891)
4(7041 7192 7193 7042)
4(7192 7343 7344 7193)
4(7343 7494 7495 7344)
4(7494 7645 7646 7495)
4(7645 7796 7797 7646)
4(7796 7947 7948 7797)
4(96 247 248 97)
4(247 398 399 248)
4(398 549 550 399)
4(549 700 701 550)
4(700 851 852 701)
4(851 1002 1003 852)
4(1002 1153 1154 1003)
4(1153 1304 1305 1154)
4(1304 1455 1456 1305)
4(1455 1606 1607 1456)
4(1606 1757 1758 1607)
4(1757 1908 1909 1758)
4(1908 2059 2060 1909)
4(2059 2210 2211 2060)
4(2210 2361 2362 2211)
4(2361 2512 2513 2362)
4(2512 2663 2664 2513)
4(2663 2814 2815 2664)
4(2814 2965 2966 2815)
4(2965 3116 3117 2966)
4(3116 3267 3268 3117)
4(3267 3418 3419 3268)
4(3418 3569 3570 3419)
4(3569 3720 3721 3570)
4(3720 3871 3872 3721)
4(3871 4022 4023 3872)
4(4022 4173 4174 4023)
4(4173 4324 4325 4174)
4(4324 4475 4476 4325)
4(4475 4626 4627 4476)
4(4626 4777 4778 4627)
4(4777 4928 4929 4778)
4(4928 5079 5080 4929)
4(5079 5230 5231 5080)
4(5230 5381 5382 5231)
4(5381 5532 5533 5382)
4(5532 5683 5684 5533)
4(5683 5834 5835 5684)
4(5834 5985 5986 5835)
4(5985 6136 6137 5986)
4(6136 6287 6288 6137)
4(6287 6438 6439 6288)
4(6438 6589 6590 6439)
4(6589 6740 6741 6590)
4(6740 6891 6892 6741)
4(6891 7042 7043 6892)
4(7042 7193 7194 7043)
4(7193 7344 7345 7194)
4(7344 7495 7496 7345)
4(7495 7646 7647 7496)
4(7646 7797 7798 7647)
4(7797 7948 7949 7798)
4(97 248 249 98)
4(248 399 400 249)
4(399 550 551 400)
4(550 701 702 551)
4(701 852 853 702)
4(852 1003 1004 853)
4(1003 1154 1155 1004)
4(1154 1305 1306 1155)
4(1305 1456 1457 1306)
4(1456 1607 1608 1457)
4(1607 1758 1759 1608)
4(1758 1909 1910 1759)
4(1909 2060 2061 1910)
4(2060 2211 2212 2061)
4(2211 2362 2363 2212)
4(2362 2513 2514 2363)
4(2513 2664 2665 2514)
4(2664 2815 2816 2665)
4(2815 2966 2967 2816)
4(2966 3117 3118 2967)
4(3117 3268 3269 3118)
4(3268 3419 3420 3269)
4(3419 3570 3571 3420)
4(3570 3721 3722 3571)
4(3721 3872 3873 3722)
4(3872 4023 4024 3873)
4(4023 4174 4175 4024)
4(4174 4325 4326 4175)
4(4325 4476 4477 4326)
4(4476 4627 4628 4477)
4(4627 4778 4779 4628)
4(4778 4929 4930 4779)
4(4929 5080 5081 4930)
4(5080 5231 5232 5081)
4(5231 5382 5383 5232)
4(5382 5533 5534 5383)
4(5533 5684 5685 5534)
4(5684 5835 5836 5685)
4(5835 5986 5987 5836)
4(5986 6137 6138 5987)
4(6137 6288 6289 6138)
4(6288 6439 6440 6289)
4(6439 6590 6591 6440)
4(6590 6741 6742 6591)
4(6741 6892 6893 6742)
4(6892 7043 7044 6893)
4(7043 7194 7195 7044)
4(7194 7345 7346 7195)
4(7345 7496 7497 7346)
4(7496 7647 7648 7497)
4(7647 7798 7799 7648)
4(7798 7949 7950 7799)
4(98 249 250 99)
4(249 400 401 250)
4(400 551 552 401)
4(551 702 703 552)
4(702 853 854 703)
4(853 1004 1005 854)
4(1004 1155 1156 1005)
4(1155 1306 1307 1156)
4(1306 1457 1458 1307)
4(1457 1608 1609 1458)
4(1608 1759 1760 1609)
4(1759 1910 1911 1760)
4(1910 2061 2062 1911)
4(2061 2212 2213 2062)
4(2212 2363 2364 2213)
4(2363 2514 2515 2364)
4(2514 2665 2666 2515)
4(2665 2816 2817 2666)
4(2816 2967 2968 2817)
4(2967 3118 3119 2968)
4(3118 3269 3270 3119)
4(3269 3420 3421 3270)
4(3420 3571 3572 3421)
4(3571 3722 3723 3572)
4(3722 3873 3874 3723)
4(3873 4024 4025 3874)
4(4024 4175 4176 4025)
4(4175 4326 4327 4176)
4(4326 4477 4478 4327)
4(4477 4628 4629 4478)
4(4628 4779 4780 4629)
4(4779 4930 4931 4780)
4(4930 5081 5082 4931)
4(5081 5232 5233 5082)
4(5232 5383 5384 5233)
4(5383 5534 5535 5384)
4(5534 5685 5686 5535)
4(5685 5836 5837 5686)
4(5836 5987 5988 5837)
4(5987 6138 6139 5988)
4(6138 6289 6290 6139)
4(6289 6440 6441 6290)
4(6440 6591 6592 6441)
4(6591 6742 6743 6592)
4(6742 6893 6894 6743)
4(6893 7044 7045 6894)
4(7044 7195 7196 7045)
4(7195 7346 7347 7196)
4(7346 7497 7498 7347)
4(7497 7648 7649 7498)
4(7648 7799 7800 7649)
4(7799 7950 7951 7800)
4(99 250 251 100)
4(250 401 402 251)
4(401 552 553 402)
4(552 703 704 553)
4(703 854 855 704)
4(854 1005 1006 855)
4(1005 1156 1157 1006)
4(1156 1307 1308 1157)
4(1307 1458 1459 1308)
4(1458 1609 1610 1459)
4(1609 1760 1761 1610)
4(1760 1911 1912 1761)
4(1911 2062 2063 1912)
4(2062 2213 2214 2063)
4(2213 2364 2365 2214)
4(2364 2515 2516 2365)
4(2515 2666 2667 2516)
4(2666 2817 2818 2667)
4(2817 2968 2969 2818)
4(2968 3119 3120 2969)
4(3119 3270 3271 3120)
4(3270 3421 3422 3271)
4(3421 3572 3573 3422)
4(3572 3723 3724 3573)
4(3723 3874 3875 3724)
4(3874 4025 4026 3875)
4(4025 4176 4177 4026)
4(4176 4327 4328 4177)
4(4327 4478 4479 4328)
4(4478 4629 4630 4479)
4(4629 4780 4781 4630)
4(4780 4931 4932 4781)
4(4931 5082 5083 4932)
4(5082 5233 5234 5083)
4(5233 5384 5385 5234)
4(5384 5535 5536 5385)
4(5535 5686 5687 5536)
4(5686 5837 5838 5687)
4(5837 5988 5989 5838)
4(5988 6139 6140 5989)
4(6139 6290 6291 6140)
4(6290 6441 6442 6291)
4(6441 6592 6593 6442)
4(6592 6743 6744 6593)
4(6743 6894 6895 6744)
4(6894 7045 7046 6895)
4(7045 7196 7197 7046)
4(7196 7347 7348 7197)
4(7347 7498 7499 7348)
4(7498 7649 7650 7499)
4(7649 7800 7801 7650)
4(7800 7951 7952 7801)
4(100 251 252 101)
4(251 402 403 252)
4(402 553 554 403)
4(553 704 705 554)
4(704 855 856 705)
4(855 1006 1007 856)
4(1006 1157 1158 1007)
4(1157 1308 1309 1158)
4(1308 1459 1460 1309)
4(1459 1610 1611 1460)
4(1610 1761 1762 1611)
4(1761 1912 1913 1762)
4(1912 2063 2064 1913)
4(2063 2214 2215 2064)
4(2214 2365 2366 2215)
4(2365 2516 2517 2366)
4(2516 2667 2668 2517)
4(2667 2818 2819 2668)
4(2818 2969 2970 2819)
4(2969 3120 3121 2970)
4(3120 3271 3272 3121)
4(3271 3422 3423 3272)
4(3422 3573 3574 3423)
4(3573 3724 3725 3574)
4(3724 3875 3876 3725)
4(3875 4026 4027 3876)
4(4026 4177 4178 4027)
4(4177 4328 4329 4178)
4(4328 4479 4480 4329)
4(4479 4630 4631 4480)
4(4630 4781 4782 4631)
4(4781 4932 4933 4782)
4(4932 5083 5084 4933)
4(5083 5234 5235 5084)
4(5234 5385 5386 5235)
4(5385 5536 5537 5386)
4(5536 5687 5688 5537)
4(5687 5838 5839 5688)
4(5838 5989 5990 5839)
4(5989 6140 6141 5990)
4(6140 6291 6292 6141)
4(6291 6442 6443 6292)
4(6442 6593 6594 6443)
4(6593 6744 6745 6594)
4(6744 6895 6896 6745)
4(6895 7046 7047 6896)
4(7046 7197 7198 7047)
4(7197 7348 7349 7198)
4(7348 7499 7500 7349)
4(7499 7650 7651 7500)
4(7650 7801 7802 7651)
4(7801 7952 7953 7802)
4(101 252 253 102)
4(252 403 404 253)
4(403 554 555 404)
4(554 705 706 555)
4(705 856 857 706)
4(856 1007 1008 857)
4(1007 1158 1159 1008)
4(1158 1309 1310 1159)
4(1309 1460 1461 1310)
4(1460 1611 1612 1461)
4(1611 1762 1763 1612)
4(1762 1913 1914 1763)
4(1913 2064 2065 1914)
4(2064 2215 2216 2065)
4(2215 2366 2367 2216)
4(2366 2517 2518 2367)
4(2517 2668 2669 2518)
4(2668 2819 2820 2669)
4(2819 2970 2971 2820)
4(2970 3121 3122 2971)
4(3121 3272 3273 3122)
4(3272 3423 3424 3273)
4(3423 3574 3575 3424)
4(3574 3725 3726 3575)
4(3725 3876 3877 3726)
4(3876 4027 4028 3877)
4(4027 4178 4179 4028)
4(4178 4329 4330 4179)
4(4329 4480 4481 4330)
4(4480 4631 4632 4481)
4(4631 4782 4783 4632)
4(4782 4933 4934 4783)
4(4933 5084 5085 4934)
4(5084 5235 5236 5085)
4(5235 5386 5387 5236)
4(5386 5537 5538 5387)
4(5537 5688 5689 5538)
4(5688 5839 5840 5689)
4(5839 5990 5991 5840)
4(5990 6141 6142 5991)
4(6141 6292 6293 6142)
4(6292 6443 6444 6293)
4(6443 6594 6595 6444)
4(6594 6745 6746 6595)
4(6745 6896 6897 6746)
4(6896 7047 7048 6897)
4(7047 7198 7199 7048)
4(7198 7349 7350 7199)
4(7349 7500 7501 7350)
4(7500 7651 7652 7501)
4(7651 7802 7803 7652)
4(7802 7953 7954 7803)
4(102 253 254 103)
4(253 404 405 254)
4(404 555 556 405)
4(555 706 707 556)
4(706 857 858 707)
4(857 1008 1009 858)
4(1008 1159 1160 1009)
4(1159 1310 1311 1160)
4(1310 1461 1462 1311)
4(1461 1612 1613 1462)
4(1612 1763 1764 1613)
4(1763 1914 1915 1764)
4(1914 2065 2066 1915)
4(2065 2216 2217 2066)
4(2216 2367 2368 2217)
4(2367 2518 2519 2368)
4(2518 2669 2670 2519)
4(2669 2820 2821 2670)
4(2820 2971 2972 2821)
4(2971 3122 3123 2972)
4(3122 3273 3274 3123)
4(3273 3424 3425 3274)
4(3424 3575 3576 3425)
4(3575 3726 3727 3576)
4(3726 3877 3878 3727)
4(3877 4028 4029 3878)
4(4028 4179 4180 4029)
4(4179 4330 4331 4180)
4(4330 4481 4482 4331)
4(4481 4632 4633 4482)
4(4632 4783 4784 4633)
4(4783 4934 4935 4784)
4(4934 5085 5086 4935)
4(5085 5236 5237 5086)
4(5236 5387 5388 5237)
4(5387 5538 5539 5388)
4(5538 5689 5690 5539)
4(5689 5840 5841 5690)
4(5840 5991 5992 5841)
4(5991 6142 6143 5992)
4(6142 6293 6294 6143)
4(6293 6444 6445 6294)
4(6444 6595 6596 6445)
4(6595 6746 6747 6596)
4(6746 6897 6898 6747)
4(6897 7048 7049 6898)
4(7048 7199 7200 7049)
4(7199 7350 7351 7200)
4(7350 7501 7502 7351)
4(7501 7652 7653 7502)
4(7652 7803 7804 7653)
4(7803 7954 7955 7804)
4(103 254 255 104)
4(254 405 406 255)
4(405 556 557 406)
4(556 707 708 557)
4(707 858 859 708)
4(858 1009 1010 859)
4(1009 1160 1161 1010)
4(1160 1311 1312 1161)
4(1311 1462 1463 1312)
4(1462 1613 1614 1463)
4(1613 1764 1765 1614)
4(1764 1915 1916 1765)
4(1915 2066 2067 1916)
4(2066 2217 2218 2067)
4(2217 2368 2369 2218)
4(2368 2519 2520 2369)
4(2519 2670 2671 2520)
4(2670 2821 2822 2671)
4(2821 2972 2973 2822)
4(2972 3123 3124 2973)
4(3123 3274 3275 3124)
4(3274 3425 3426 3275)
4(3425 3576 3577 3426)
4(3576 3727 3728 3577)
4(3727 3878 3879 3728)
4(3878 4029 4030 3879)
4(4029 4180 4181 4030)
4(4180 4331 4332 4181)
4(4331 4482 4483 4332)
4(4482 4633 4634 4483)
4(4633 4784 4785 4634)
4(4784 4935 4936 4785)
4(4935 5086 5087 4936)
4(5086 5237 5238 5087)
4(5237 5388 5389 5238)
4(5388 5539 5540 5389)
4(5539 5690 5691 5540)
4(5690 5841 5842 5691)
4(5841 5992 5993 5842)
4(5992 6143 6144 5993)
4(6143 6294 6295 6144)
4(6294 6445 6446 6295)
4(6445 6596 6597 6446)
4(6596 6747 6748 6597)
4(6747 6898 6899 6748)
4(6898 7049 7050 6899)
4(7049 7200 7201 7050)
4(7200 7351 7352 7201)
4(7351 7502 7503 7352)
4(7502 7653 7654 7503)
4(7653 7804 7805 7654)
4(7804 7955 7956 7805)
4(104 255 256 105)
4(255 406 407 256)
4(406 557 558 407)
4(557 708 709 558)
4(708 859 860 709)
4(859 1010 1011 860)
4(1010 1161 1162 1011)
4(1161 1312 1313 1162)
4(1312 1463 1464 1313)
4(1463 1614 1615 1464)
4(1614 1765 1766 1615)
4(1765 1916 1917 1766)
4(1916 2067 2068 1917)
4(2067 2218 2219 2068)
4(2218 2369 2370 2219)
4(2369 2520 2521 2370)
4(2520 2671 2672 2521)
4(2671 2822 2823 2672)
4(2822 2973 2974 2823)
4(2973 3124 3125 2974)
4(3124 3275 3276 3125)
4(3275 3426 3427 3276)
4(3426 3577 3578 3427)
4(3577 3728 3729 3578)
4(3728 3879 3880 3729)
4(3879 4030 4031 3880)
4(4030 4181 4182 4031)
4(4181 4332 4333 4182)
4(4332 4483 4484 4333)
4(4483 4634 4635 4484)
4(4634 4785 4786 4635)
4(4785 4936 4937 4786)
4(4936 5087 5088 4937)
4(5087 5238 5239 5088)
4(5238 5389 5390 5239)
4(5389 5540 5541 5390)
4(5540 5691 5692 5541)
4(5691 5842 5843 5692)
4(5842 5993 5994 5843)
4(5993 6144 6145 5994)
4(6144 6295 6296 6145)
4(6295 6446 6447 6296)
4(6446 6597 6598 6447)
4(6597 6748 6749 6598)
4(6748 6899 6900 6749)
4(6899 7050 7051 6900)
4(7050 7201 7202 7051)
4(7201 7352 7353 7202)
4(7352 7503 7504 7353)
4(7503 7654 7655 7504)
4(7654 7805 7806 7655)
4(7805 7956 7957 7806)
4(105 256 257 106)
4(256 407 408 257)
4(407 558 559 408)
4(558 709 710 559)
4(709 860 861 710)
4(860 1011 1012 861)
4(1011 1162 1163 1012)
4(1162 1313 1314 1163)
4(1313 1464 1465 1314)
4(1464 1615 1616 1465)
4(1615 1766 1767 1616)
4(1766 1917 1918 1767)
4(1917 2068 2069 1918)
4(2068 2219 2220 2069)
4(2219 2370 2371 2220)
4(2370 2521 2522 2371)
4(2521 2672 2673 2522)
4(2672 2823 2824 2673)
4(2823 2974 2975 2824)
4(2974 3125 3126 2975)
4(3125 3276 3277 3126)
4(3276 3427 3428 3277)
4(3427 3578 3579 3428)
4(3578 3729 3730 3579)
4(3729 3880 3881 3730)
4(3880 4031 4032 3881)
4(4031 4182 4183 4032)
4(4182 4333 4334 4183)
4(4333 4484 4485 4334)
4(4484 4635 4636 4485)
4(4635 4786 4787 4636)
4(4786 4937 4938 4787)
4(4937 5088 5089 4938)
4(5088 5239 5240 5089)
4(5239 5390 5391 5240)
4(5390 5541 5542 5391)
4(5541 5692 5693 5542)
4(5692 5843 5844 5693)
4(5843 5994 5995 5844)
4(5994 6145 6146 5995)
4(6145 6296 6297 6146)
4(6296 6447 6448 6297)
4(6447 6598 6599 6448)
4(6598 6749 6750 6599)
4(6749 6900 6901 6750)
4(6900 7051 7052 6901)
4(7051 7202 7203 7052)
4(7202 7353 7354 7203)
4(7353 7504 7505 7354)
4(7504 7655 7656 7505)
4(7655 7806 7807 7656)
4(7806 7957 7958 7807)
4(106 257 258 107)
4(257 408 409 258)
4(408 559 560 409)
4(559 710 711 560)
4(710 861 862 711)
4(861 1012 1013 862)
4(1012 1163 1164 1013)
4(1163 1314 1315 1164)
4(1314 1465 1466 1315)
4(1465 1616 1617 1466)
4(1616 1767 1768 1617)
4(1767 1918 1919 1768)
4(1918 2069 2070 1919)
4(2069 2220 2221 2070)
4(2220 2371 2372 2221)
4(2371 2522 2523 2372)
4(2522 2673 2674 2523)
4(2673 2824 2825 2674)
4(2824 2975 2976 2825)
4(2975 3126 3127 2976)
4(3126 3277 3278 3127)
4(3277 3428 3429 3278)
4(3428 3579 3580 3429)
4(3579 3730 3731 3580)
4(3730 3881 3882 3731)
4(3881 4032 4033 3882)
4(4032 4183 4184 4033)
4(4183 4334 4335 4184)
4(4334 4485 4486 4335)
4(4485 4636 4637 4486)
4(4636 4787 4788 4637)
4(4787 4938 4939 4788)
4(4938 5089 5090 4939)
4(5089 5240 5241 5090)
4(5240 5391 5392 5241)
4(5391 5542 5543 5392)
4(5542 5693 5694 5543)
4(5693 5844 5845 5694)
4(5844 5995 5996 5845)
4(5995 6146 6147 5996)
4(6146 6297 6298 6147)
4(6297 6448 6449 6298)
4(6448 6599 6600 6449)
4(6599 6750 6751 6600)
4(6750 6901 6902 6751)
4(6901 7052 7053 6902)
4(7052 7203 7204 7053)
4(7203 7354 7355 7204)
4(7354 7505 7506 7355)
4(7505 7656 7657 7506)
4(7656 7807 7808 7657)
4(7807 7958 7959 7808)
4(107 258 259 108)
4(258 409 410 259)
4(409 560 561 410)
4(560 711 712 561)
4(711 862 863 712)
4(862 1013 1014 863)
4(1013 1164 1165 1014)
4(1164 1315 1316 1165)
4(1315 1466 1467 1316)
4(1466 1617 1618 1467)
4(1617 1768 1769 1618)
4(1768 1919 1920 1769)
4(1919 2070 2071 1920)
4(2070 2221 2222 2071)
4(2221 2372 2373 2222)
4(2372 2523 2524 2373)
4(2523 2674 2675 2524)
4(2674 2825 2826 2675)
4(2825 2976 2977 2826)
4(2976 3127 3128 2977)
4(3127 3278 3279 3128)
4(3278 3429 3430 3279)
4(3429 3580 3581 3430)
4(3580 3731 3732 3581)
4(3731 3882 3883 3732)
4(3882 4033 4034 3883)
4(4033 4184 4185 4034)
4(4184 4335 4336 4185)
4(4335 4486 4487 4336)
4(4486 4637 4638 4487)
4(4637 4788 4789 4638)
4(4788 4939 4940 4789)
4(4939 5090 5091 4940)
4(5090 5241 5242 5091)
4(5241 5392 5393 5242)
4(5392 5543 5544 5393)
4(5543 5694 5695 5544)
4(5694 5845 5846 5695)
4(5845 5996 5997 5846)
4(5996 6147 6148 5997)
4(6147 6298 6299 6148)
4(6298 6449 6450 6299)
4(6449 6600 6601 6450)
4(6600 6751 6752 6601)
4(6751 6902 6903 6752)
4(6902 7053 7054 6903)
4(7053 7204 7205 7054)
4(7204 7355 7356 7205)
4(7355 7506 7507 7356)
4(7506 7657 7658 7507)
4(7657 7808 7809 7658)
4(7808 7959 7960 7809)
4(108 259 260 109)
4(259 410 411 260)
4(410 561 562 411)
4(561 712 713 562)
4(712 863 864 713)
4(863 1014 1015 864)
4(1014 1165 1166 1015)
4(1165 1316 1317 1166)
4(1316 1467 1468 1317)
4(1467 1618 1619 1468)
4(1618 1769 1770 1619)
4(1769 1920 1921 1770)
4(1920 2071 2072 1921)
4(2071 2222 2223 2072)
4(2222 2373 2374 2223)
4(2373 2524 2525 2374)
4(2524 2675 2676 2525)
4(2675 2826 2827 2676)
4(2826 2977 2978 2827)
4(2977 3128 3129 2978)
4(3128 3279 3280 3129)
4(3279 3430 3431 3280)
4(3430 3581 3582 3431)
4(3581 3732 3733 3582)
4(3732 3883 3884 3733)
4(3883 4034 4035 3884)
4(4034 4185 4186 4035)
4(4185 4336 4337 4186)
4(4336 4487 4488 4337)
4(4487 4638 4639 4488)
4(4638 4789 4790 4639)
4(4789 4940 4941 4790)
4(4940 5091 5092 4941)
4(5091 5242 5243 5092)
4(5242 5393 5394 5243)
4(5393 5544 5545 5394)
4(5544 5695 5696 5545)
4(5695 5846 5847 5696)
4(5846 5997 5998 5847)
4(5997 6148 6149 5998)
4(6148 6299 6300 6149)
4(6299 6450 6451 6300)
4(6450 6601 6602 6451)
4(6601 6752 6753 6602)
4(6752 6903 6904 6753)
4(6903 7054 7055 6904)
4(7054 7205 7206 7055)
4(7205 7356 7357 7206)
4(7356 7507 7508 7357)
4(7507 7658 7659 7508)
4(7658 7809 7810 7659)
4(7809 7960 7961 7810)
4(109 260 261 110)
4(260 411 412 261)
4(411 562 563 412)
4(562 713 714 563)
4(713 864 865 714)
4(864 1015 1016 865)
4(1015 1166 1167 1016)
4(1166 1317 1318 1167)
4(1317 1468 1469 1318)
4(1468 1619 1620 1469)
4(1619 1770 1771 1620)
4(1770 1921 1922 1771)
4(1921 2072 2073 1922)
4(2072 2223 2224 2073)
4(2223 2374 2375 2224)
4(2374 2525 2526 2375)
4(2525 2676 2677 2526)
4(2676 2827 2828 2677)
4(2827 2978 2979 2828)
4(2978 3129 3130 2979)
4(3129 3280 3281 3130)
4(3280 3431 3432 3281)
4(3431 3582 3583 3432)
4(3582 3733 3734 3583)
4(3733 3884 3885 3734)
4(3884 4035 4036 3885)
4(4035 4186 4187 4036)
4(4186 4337 4338 4187)
4(4337 4488 4489 4338)
4(4488 4639 4640 4489)
4(4639 4790 4791 4640)
4(4790 4941 4942 4791)
4(4941 5092 5093 4942)
4(5092 5243 5244 5093)
4(5243 5394 5395 5244)
4(5394 5545 5546 5395)
4(5545 5696 5697 5546)
4(5696 5847 5848 5697)
4(5847 5998 5999 5848)
4(5998 6149 6150 5999)
4(6149 6300 6301 6150)
4(6300 6451 6452 6301)
4(6451 6602 6603 6452)
4(6602 6753 6754 6603)
4(6753 6904 6905 6754)
4(6904 7055 7056 6905)
4(7055 7206 7207 7056)
4(7206 7357 7358 7207)
4(7357 7508 7509 7358)
4(7508 7659 7660 7509)
4(7659 7810 7811 7660)
4(7810 7961 7962 7811)
4(110 261 262 111)
4(261 412 413 262)
4(412 563 564 413)
4(563 714 715 564)
4(714 865 866 715)
4(865 1016 1017 866)
4(1016 1167 1168 1017)
4(1167 1318 1319 1168)
4(1318 1469 1470 1319)
4(1469 1620 1621 1470)
4(1620 1771 1772 1621)
4(1771 1922 1923 1772)
4(1922 2073 2074 1923)
4(2073 2224 2225 2074)
4(2224 2375 2376 2225)
4(2375 2526 2527 2376)
4(2526 2677 2678 2527)
4(2677 2828 2829 2678)
4(2828 2979 2980 2829)
4(2979 3130 3131 2980)
4(3130 3281 3282 3131)
4(3281 3432 3433 3282)
4(3432 3583 3584 3433)
4(3583 3734 3735 3584)
4(3734 3885 3886 3735)
4(3885 4036 4037 3886)
4(4036 4187 4188 4037)
4(4187 4338 4339 4188)
4(4338 4489 4490 4339)
4(4489 4640 4641 4490)
4(4640 4791 4792 4641)
4(4791 4942 4943 4792)
4(4942 5093 5094 4943)
4(5093 5244 5245 5094)
4(5244 5395 5396 5245)
4(5395 5546 5547 5396)
4(5546 5697 5698 5547)
4(5697 5848 5849 5698)
4(5848 5999 6000 5849)
4(5999 6150 6151 6000)
4(6150 6301 6302 6151)
4(6301 6452 6453 6302)
4(6452 6603 6604 6453)
4(6603 6754 6755 6604)
4(6754 6905 6906 6755)
4(6905 7056 7057 6906)
4(7056 7207 7208 7057)
4(7207 7358 7359 7208)
4(7358 7509 7510 7359)
4(7509 7660 7661 7510)
4(7660 7811 7812 7661)
4(7811 7962 7963 7812)
4(111 262 263 112)
4(262 413 414 263)
4(413 564 565 414)
4(564 715 716 565)
4(715 866 867 716)
4(866 1017 1018 867)
4(1017 1168 1169 1018)
4(1168 1319 1320 1169)
4(1319 1470 1471 1320)
4(1470 1621 1622 1471)
4(1621 1772 1773 1622)
4(1772 1923 1924 1773)
4(1923 2074 2075 1924)
4(2074 2225 2226 2075)
4(2225 2376 2377 2226)
4(2376 2527 2528 2377)
4(2527 2678 2679 2528)
4(2678 2829 2830 2679)
4(2829 2980 2981 2830)
4(2980 3131 3132 2981)
4(3131 3282 3283 3132)
4(3282 3433 3434 3283)
4(3433 3584 3585 3434)
4(3584 3735 3736 3585)
4(3735 3886 3887 3736)
4(3886 4037 4038 3887)
4(4037 4188 4189 4038)
4(4188 4339 4340 4189)
4(4339 4490 4491 4340)
4(4490 4641 4642 4491)
4(4641 4792 4793 4642)
4(4792 4943 4944 4793)
4(4943 5094 5095 4944)
4(5094 5245 5246 5095)
4(5245 5396 5397 5246)
4(5396 5547 5548 5397)
4(5547 5698 5699 5548)
4(5698 5849 5850 5699)
4(5849 6000 6001 5850)
4(6000 6151 6152 6001)
4(6151 6302 6303 6152)
4(6302 6453 6454 6303)
4(6453 6604 6605 6454)
4(6604 6755 6756 6605)
4(6755 6906 6907 6756)
4(6906 7057 7058 6907)
4(7057 7208 7209 7058)
4(7208 7359 7360 7209)
4(7359 7510 7511 7360)
4(7510 7661 7662 7511)
4(7661 7812 7813 7662)
4(7812 7963 7964 7813)
4(112 263 264 113)
4(263 414 415 264)
4(414 565 566 415)
4(565 716 717 566)
4(716 867 868 717)
4(867 1018 1019 868)
4(1018 1169 1170 1019)
4(1169 1320 1321 1170)
4(1320 1471 1472 1321)
4(1471 1622 1623 1472)
4(1622 1773 1774 1623)
4(1773 1924 1925 1774)
4(1924 2075 2076 1925)
4(2075 2226 2227 2076)
4(2226 2377 2378 2227)
4(2377 2528 2529 2378)
4(2528 2679 2680 2529)
4(2679 2830 2831 2680)
4(2830 2981 2982 2831)
4(2981 3132 3133 2982)
4(3132 3283 3284 3133)
4(3283 3434 3435 3284)
4(3434 3585 3586 3435)
4(3585 3736 3737 3586)
4(3736 3887 3888 3737)
4(3887 4038 4039 3888)
4(4038 4189 4190 4039)
4(4189 4340 4341 4190)
4(4340 4491 4492 4341)
4(4491 4642 4643 4492)
4(4642 4793 4794 4643)
4(4793 4944 4945 4794)
4(4944 5095 5096 4945)
4(5095 5246 5247 5096)
4(5246 5397 5398 5247)
4(5397 5548 5549 5398)
4(5548 5699 5700 5549)
4(5699 5850 5851 5700)
4(5850 6001 6002 5851)
4(6001 6152 6153 6002)
4(6152 6303 6304 6153)
4(6303 6454 6455 6304)
4(6454 6605 6606 6455)
4(6605 6756 6757 6606)
4(6756 6907 6908 6757)
4(6907 7058 7059 6908)
4(7058 7209 7210 7059)
4(7209 7360 7361 7210)
4(7360 7511 7512 7361)
4(7511 7662 7663 7512)
4(7662 7813 7814 7663)
4(7813 7964 7965 7814)
4(113 264 265 114)
4(264 415 416 265)
4(415 566 567 416)
4(566 717 718 567)
4(717 868 869 718)
4(868 1019 1020 869)
4(1019 1170 1171 1020)
4(1170 1321 1322 1171)
4(1321 1472 1473 1322)
4(1472 1623 1624 1473)
4(1623 1774 1775 1624)
4(1774 1925 1926 1775)
4(1925 2076 2077 1926)
4(2076 2227 2228 2077)
4(2227 2378 2379 2228)
4(2378 2529 2530 2379)
4(2529 2680 2681 2530)
4(2680 2831 2832 2681)
4(2831 2982 2983 2832)
4(2982 3133 3134 2983)
4(3133 3284 3285 3134)
4(3284 3435 3436 3285)
4(3435 3586 3587 3436)
4(3586 3737 3738 3587)
4(3737 3888 3889 3738)
4(3888 4039 4040 3889)
4(4039 4190 4191 4040)
4(4190 4341 4342 4191)
4(4341 4492 4493 4342)
4(4492 4643 4644 4493)
4(4643 4794 4795 4644)
4(4794 4945 4946 4795)
4(4945 5096 5097 4946)
4(5096 5247 5248 5097)
4(5247 5398 5399 5248)
4(5398 5549 5550 5399)
4(5549 5700 5701 5550)
4(5700 5851 5852 5701)
4(5851 6002 6003 5852)
4(6002 6153 6154 6003)
4(6153 6304 6305 6154)
4(6304 6455 6456 6305)
4(6455 6606 6607 6456)
4(6606 6757 6758 6607)
4(6757 6908 6909 6758)
4(6908 7059 7060 6909)
4(7059 7210 7211 7060)
4(7210 7361 7362 7211)
4(7361 7512 7513 7362)
4(7512 7663 7664 7513)
4(7663 7814 7815 7664)
4(7814 7965 7966 7815)
4(114 265 266 115)
4(265 416 417 266)
4(416 567 568 417)
4(567 718 719 568)
4(718 869 870 719)
4(869 1020 1021 870)
4(1020 1171 1172 1021)
4(1171 1322 1323 1172)
4(1322 1473 1474 1323)
4(1473 1624 1625 1474)
4(1624 1775 1776 1625)
4(1775 1926 1927 1776)
4(1926 2077 2078 1927)
4(2077 2228 2229 2078)
4(2228 2379 2380 2229)
4(2379 2530 2531 2380)
4(2530 2681 2682 2531)
4(2681 2832 2833 2682)
4(2832 2983 2984 2833)
4(2983 3134 3135 2984)
4(3134 3285 3286 3135)
4(3285 3436 3437 3286)
4(3436 3587 3588 3437)
4(3587 3738 3739 3588)
4(3738 3889 3890 3739)
4(3889 4040 4041 3890)
4(4040 4191 4192 4041)
4(4191 4342 4343 4192)
4(4342 4493 4494 4343)
4(4493 4644 4645 4494)
4(4644 4795 4796 4645)
4(4795 4946 4947 4796)
4(4946 5097 5098 4947)
4(5097 5248 5249 5098)
4(5248 5399 5400 5249)
4(5399 5550 5551 5400)
4(5550 5701 5702 5551)
4(5701 5852 5853 5702)
4(5852 6003 6004 5853)
4(6003 6154 6155 6004)
4(6154 6305 6306 6155)
4(6305 6456 6457 6306)
4(6456 6607 6608 6457)
4(6607 6758 6759 6608)
4(6758 6909 6910 6759)
4(6909 7060 7061 6910)
4(7060 7211 7212 7061)
4(7211 7362 7363 7212)
4(7362 7513 7514 7363)
4(7513 7664 7665 7514)
4(7664 7815 7816 7665)
4(7815 7966 7967 7816)
4(115 266 267 116)
4(266 417 418 267)
4(417 568 569 418)
4(568 719 720 569)
4(719 870 871 720)
4(870 1021 1022 871)
4(1021 1172 1173 1022)
4(1172 1323 1324 1173)
4(1323 1474 1475 1324)
4(1474 1625 1626 1475)
4(1625 1776 1777 1626)
4(1776 1927 1928 1777)
4(1927 2078 2079 1928)
4(2078 2229 2230 2079)
4(2229 2380 2381 2230)
4(2380 2531 2532 2381)
4(2531 2682 2683 2532)
4(2682 2833 2834 2683)
4(2833 2984 2985 2834)
4(2984 3135 3136 2985)
4(3135 3286 3287 3136)
4(3286 3437 3438 3287)
4(3437 3588 3589 3438)
4(3588 3739 3740 3589)
4(3739 3890 3891 3740)
4(3890 4041 4042 3891)
4(4041 4192 4193 4042)
4(4192 4343 4344 4193)
4(4343 4494 4495 4344)
4(4494 4645 4646 4495)
4(4645 4796 4797 4646)
4(4796 4947 4948 4797)
4(4947 5098 5099 4948)
4(5098 5249 5250 5099)
4(5249 5400 5401 5250)
4(5400 5551 5552 5401)
4(5551 5702 5703 5552)
4(5702 5853 5854 5703)
4(5853 6004 6005 5854)
4(6004 6155 6156 6005)
4(6155 6306 6307 6156)
4(6306 6457 6458 6307)
4(6457 6608 6609 6458)
4(6608 6759 6760 6609)
4(6759 6910 6911 6760)
4(6910 7061 7062 6911)
4(7061 7212 7213 7062)
4(7212 7363 7364 7213)
4(7363 7514 7515 7364)
4(7514 7665 7666 7515)
4(7665 7816 7817 7666)
4(7816 7967 7968 7817)
4(116 267 268 117)
4(267 418 419 268)
4(418 569 570 419)
4(569 720 721 570)
4(720 871 872 721)
4(871 1022 1023 872)
4(1022 1173 1174 1023)
4(1173 1324 1325 1174)
4(1324 1475 1476 1325)
4(1475 1626 1627 1476)
4(1626 1777 1778 1627)
4(1777 1928 1929 1778)
4(1928 2079 2080 1929)
4(2079 2230 2231 2080)
4(2230 2381 2382 2231)
4(2381 2532 2533 2382)
4(2532 2683 2684 2533)
4(2683 2834 2835 2684)
4(2834 2985 2986 2835)
4(2985 3136 3137 2986)
4(3136 3287 3288 3137)
4(3287 3438 3439 3288)
4(3438 3589 3590 3439)
4(3589 3740 3741 3590)
4(3740 3891 3892 3741)
4(3891 4042 4043 3892)
4(4042 4193 4194 4043)
4(4193 4344 4345 4194)
4(4344 4495 4496 4345)
4(4495 4646 4647 4496)
4(4646 4797 4798 4647)
4(4797 4948 4949 4798)
4(4948 5099 5100 4949)
4(5099 5250 5251 5100)
4(5250 5401 5402 5251)
4(5401 5552 5553 5402)
4(5552 5703 5704 5553)
4(5703 5854 5855 5704)
4(5854 6005 6006 5855)
4(6005 6156 6157 6006)
4(6156 6307 6308 6157)
4(6307 6458 6459 6308)
4(6458 6609 6610 6459)
4(6609 6760 6761 6610)
4(6760 6911 6912 6761)
4(6911 7062 7063 6912)
4(7062 7213 7214 7063)
4(7213 7364 7365 7214)
4(7364 7515 7516 7365)
4(7515 7666 7667 7516)
4(7666 7817 7818 7667)
4(7817 7968 7969 7818)
4(117 268 269 118)
4(268 419 420 269)
4(419 570 571 420)
4(570 721 722 571)
4(721 872 873 722)
4(872 1023 1024 873)
4(1023 1174 1175 1024)
4(1174 1325 1326 1175)
4(1325 1476 1477 1326)
4(1476 1627 1628 1477)
4(1627 1778 1779 1628)
4(1778 1929 1930 1779)
4(1929 2080 2081 1930)
4(2080 2231 2232 2081)
4(2231 2382 2383 2232)
4(2382 2533 2534 2383)
4(2533 2684 2685 2534)
4(2684 2835 2836 2685)
4(2835 2986 2987 2836)
4(2986 3137 3138 2987)
4(3137 3288 3289 3138)
4(3288 3439 3440 3289)
4(3439 3590 3591 3440)
4(3590 3741 3742 3591)
4(3741 3892 3893 3742)
4(3892 4043 4044 3893)
4(4043 4194 4195 4044)
4(4194 4345 4346 4195)
4(4345 4496 4497 4346)
4(4496 4647 4648 4497)
4(4647 4798 4799 4648)
4(4798 4949 4950 4799)
4(4949 5100 5101 4950)
4(5100 5251 5252 5101)
4(5251 5402 5403 5252)
4(5402 5553 5554 5403)
4(5553 5704 5705 5554)
4(5704 5855 5856 5705)
4(5855 6006 6007 5856)
4(6006 6157 6158 6007)
4(6157 6308 6309 6158)
4(6308 6459 6460 6309)
4(6459 6610 6611 6460)
4(6610 6761 6762 6611)
4(6761 6912 6913 6762)
4(6912 7063 7064 6913)
4(7063 7214 7215 7064)
4(7214 7365 7366 7215)
4(7365 7516 7517 7366)
4(7516 7667 7668 7517)
4(7667 7818 7819 7668)
4(7818 7969 7970 7819)
4(118 269 270 119)
4(269 420 421 270)
4(420 571 572 421)
4(571 722 723 572)
4(722 873 874 723)
4(873 1024 1025 874)
4(1024 1175 1176 1025)
4(1175 1326 1327 1176)
4(1326 1477 1478 1327)
4(1477 1628 1629 1478)
4(1628 1779 1780 1629)
4(1779 1930 1931 1780)
4(1930 2081 2082 1931)
4(2081 2232 2233 2082)
4(2232 2383 2384 2233)
4(2383 2534 2535 2384)
4(2534 2685 2686 2535)
4(2685 2836 2837 2686)
4(2836 2987 2988 2837)
4(2987 3138 3139 2988)
4(3138 3289 3290 3139)
4(3289 3440 3441 3290)
4(3440 3591 3592 3441)
4(3591 3742 3743 3592)
4(3742 3893 3894 3743)
4(3893 4044 4045 3894)
4(4044 4195 4196 4045)
4(4195 4346 4347 4196)
4(4346 4497 4498 4347)
4(4497 4648 4649 4498)
4(4648 4799 4800 4649)
4(4799 4950 4951 4800)
4(4950 5101 5102 4951)
4(5101 5252 5253 5102)
4(5252 5403 5404 5253)
4(5403 5554 5555 5404)
4(5554 5705 5706 5555)
4(5705 5856 5857 5706)
4(5856 6007 6008 5857)
4(6007 6158 6159 6008)
4(6158 6309 6310 6159)
4(6309 6460 6461 6310)
4(6460 6611 6612 6461)
4(6611 6762 6763 6612)
4(6762 6913 6914 6763)
4(6913 7064 7065 6914)
4(7064 7215 7216 7065)
4(7215 7366 7367 7216)
4(7366 7517 7518 7367)
4(7517 7668 7669 7518)
4(7668 7819 7820 7669)
4(7819 7970 7971 7820)
4(119 270 271 120)
4(270 421 422 271)
4(421 572 573 422)
4(572 723 724 573)
4(723 874 875 724)
4(874 1025 1026 875)
4(1025 1176 1177 1026)
4(1176 1327 1328 1177)
4(1327 1478 1479 1328)
4(1478 1629 1630 1479)
4(1629 1780 1781 1630)
4(1780 1931 1932 1781)
4(1931 2082 2083 1932)
4(2082 2233 2234 2083)
4(2233 2384 2385 2234)
4(2384 2535 2536 2385)
4(2535 2686 2687 2536)
4(2686 2837 2838 2687)
4(2837 2988 2989 2838)
4(2988 3139 3140 2989)
4(3139 3290 3291 3140)
4(3290 3441 3442 3291)
4(3441 3592 3593 3442)
4(3592 3743 3744 3593)
4(3743 3894 3895 3744)
4(3894 4045 4046 3895)
4(4045 4196 4197 4046)
4(4196 4347 4348 4197)
4(4347 4498 4499 4348)
4(4498 4649 4650 4499)
4(4649 4800 4801 4650)
4(4800 4951 4952 4801)
4(4951 5102 5103 4952)
4(5102 5253 5254 5103)
4(5253 5404 5405 5254)
4(5404 5555 5556 5405)
4(5555 5706 5707 5556)
4(5706 5857 5858 5707)
4(5857 6008 6009 5858)
4(6008 6159 6160 6009)
4(6159 6310 6311 6160)
4(6310 6461 6462 6311)
4(6461 6612 6613 6462)
4(6612 6763 6764 6613)
4(6763 6914 6915 6764)
4(6914 7065 7066 6915)
4(7065 7216 7217 7066)
4(7216 7367 7368 7217)
4(7367 7518 7519 7368)
4(7518 7669 7670 7519)
4(7669 7820 7821 7670)
4(7820 7971 7972 7821)
4(120 271 272 121)
4(271 422 423 272)
4(422 573 574 423)
4(573 724 725 574)
4(724 875 876 725)
4(875 1026 1027 876)
4(1026 1177 1178 1027)
4(1177 1328 1329 1178)
4(1328 1479 1480 1329)
4(1479 1630 1631 1480)
4(1630 1781 1782 1631)
4(1781 1932 1933 1782)
4(1932 2083 2084 1933)
4(2083 2234 2235 2084)
4(2234 2385 2386 2235)
4(2385 2536 2537 2386)
4(2536 2687 2688 2537)
4(2687 2838 2839 2688)
4(2838 2989 2990 2839)
4(2989 3140 3141 2990)
4(3140 3291 3292 3141)
4(3291 3442 3443 3292)
4(3442 3593 3594 3443)
4(3593 3744 3745 3594)
4(3744 3895 3896 3745)
4(3895 4046 4047 3896)
4(4046 4197 4198 4047)
4(4197 4348 4349 4198)
4(4348 4499 4500 4349)
4(4499 4650 4651 4500)
4(4650 4801 4802 4651)
4(4801 4952 4953 4802)
4(4952 5103 5104 4953)
4(5103 5254 5255 5104)
4(5254 5405 5406 5255)
4(5405 5556 5557 5406)
4(5556 5707 5708 5557)
4(5707 5858 5859 5708)
4(5858 6009 6010 5859)
4(6009 6160 6161 6010)
4(6160 6311 6312 6161)
4(6311 6462 6463 6312)
4(6462 6613 6614 6463)
4(6613 6764 6765 6614)
4(6764 6915 6916 6765)
4(6915 7066 7067 6916)
4(7066 7217 7218 7067)
4(7217 7368 7369 7218)
4(7368 7519 7520 7369)
4(7519 7670 7671 7520)
4(7670 7821 7822 7671)
4(7821 7972 7973 7822)
4(121 272 273 122)
4(272 423 424 273)
4(423 574 575 424)
4(574 725 726 575)
4(725 876 877 726)
4(876 1027 1028 877)
4(1027 1178 1179 1028)
4(1178 1329 1330 1179)
4(1329 1480 1481 1330)
4(1480 1631 1632 1481)
4(1631 1782 1783 1632)
4(1782 1933 1934 1783)
4(1933 2084 2085 1934)
4(2084 2235 2236 2085)
4(2235 2386 2387 2236)
4(2386 2537 2538 2387)
4(2537 2688 2689 2538)
4(2688 2839 2840 2689)
4(2839 2990 2991 2840)
4(2990 3141 3142 2991)
4(3141 3292 3293 3142)
4(3292 3443 3444 3293)
4(3443 3594 3595 3444)
4(3594 3745 3746 3595)
4(3745 3896 3897 3746)
4(3896 4047 4048 3897)
4(4047 4198 4199 4048)
4(4198 4349 4350 4199)
4(4349 4500 4501 4350)
4(4500 4651 4652 4501)
4(4651 4802 4803 4652)
4(4802 4953 4954 4803)
4(4953 5104 5105 4954)
4(5104 5255 5256 5105)
4(5255 5406 5407 5256)
4(5406 5557 5558 5407)
4(5557 5708 5709 5558)
4(5708 5859 5860 5709)
4(5859 6010 6011 5860)
4(6010 6161 6162 6011)
4(6161 6312 6313 6162)
4(6312 6463 6464 6313)
4(6463 6614 6615 6464)
4(6614 6765 6766 6615)
4(6765 6916 6917 6766)
4(6916 7067 7068 6917)
4(7067 7218 7219 7068)
4(7218 7369 7370 7219)
4(7369 7520 7521 7370)
4(7520 7671 7672 7521)
4(7671 7822 7823 7672)
4(7822 7973 7974 7823)
4(122 273 274 123)
4(273 424 425 274)
4(424 575 576 425)
4(575 726 727 576)
4(726 877 878 727)
4(877 1028 1029 878)
4(1028 1179 1180 1029)
4(1179 1330 1331 1180)
4(1330 1481 1482 1331)
4(1481 1632 1633 1482)
4(1632 1783 1784 1633)
4(1783 1934 1935 1784)
4(1934 2085 2086 1935)
4(2085 2236 2237 2086)
4(2236 2387 2388 2237)
4(2387 2538 2539 2388)
4(2538 2689 2690 2539)
4(2689 2840 2841 2690)
4(2840 2991 2992 2841)
4(2991 3142 3143 2992)
4(3142 3293 3294 3143)
4(3293 3444 3445 3294)
4(3444 3595 3596 3445)
4(3595 3746 3747 3596)
4(3746 3897 3898 3747)
4(3897 4048 4049 3898)
4(4048 4199 4200 4049)
4(4199 4350 4351 4200)
4(4350 4501 4502 4351)
4(4501 4652 4653 4502)
4(4652 4803 4804 4653)
4(4803 4954 4955 4804)
4(4954 5105 5106 4955)
4(5105 5256 5257 5106)
4(5256 5407 5408 5257)
4(5407 5558 5559 5408)
4(5558 5709 5710 5559)
4(5709 5860 5861 5710)
4(5860 6011 6012 5861)
4(6011 6162 6163 6012)
4(6162 6313 6314 6163)
4(6313 6464 6465 6314)
4(6464 6615 6616 6465)
4(6615 6766 6767 6616)
4(6766 6917 6918 6767)
4(6917 7068 7069 6918)
4(7068 7219 7220 7069)
4(7219 7370 7371 7220)
4(7370 7521 7522 7371)
4(7521 7672 7673 7522)
4(7672 7823 7824 7673)
4(7823 7974 7975 7824)
4(123 274 275 124)
4(274 425 426 275)
4(425 576 577 426)
4(576 727 728 577)
4(727 878 879 728)
4(878 1029 1030 879)
4(1029 1180 1181 1030)
4(1180 1331 1332 1181)
4(1331 1482 1483 1332)
4(1482 1633 1634 1483)
4(1633 1784 1785 1634)
4(1784 1935 1936 1785)
4(1935 2086 2087 1936)
4(2086 2237 2238 2087)
4(2237 2388 2389 2238)
4(2388 2539 2540 2389)
4(2539 2690 2691 2540)
4(2690 2841 2842 2691)
4(2841 2992 2993 2842)
4(2992 3143 3144 2993)
4(3143 3294 3295 3144)
4(3294 3445 3446 3295)
4(3445 3596 3597 3446)
4(3596 3747 3748 3597)
4(3747 3898 3899 3748)
4(3898 4049 4050 3899)
4(4049 4200 4201 4050)
4(4200 4351 4352 4201)
4(4351 4502 4503 4352)
4(4502 4653 4654 4503)
4(4653 4804 4805 4654)
4(4804 4955 4956 4805)
4(4955 5106 5107 4956)
4(5106 5257 5258 5107)
4(5257 5408 5409 5258)
4(5408 5559 5560 5409)
4(5559 5710 5711 5560)
4(5710 5861 5862 5711)
4(5861 6012 6013 5862)
4(6012 6163 6164 6013)
4(6163 6314 6315 6164)
4(6314 6465 6466 6315)
4(6465 6616 6617 6466)
4(6616 6767 6768 6617)
4(6767 6918 6919 6768)
4(6918 7069 7070 6919)
4(7069 7220 7221 7070)
4(7220 7371 7372 7221)
4(7371 7522 7523 7372)
4(7522 7673 7674 7523)
4(7673 7824 7825 7674)
4(7824 7975 7976 7825)
4(124 275 276 125)
4(275 426 427 276)
4(426 577 578 427)
4(577 728 729 578)
4(728 879 880 729)
4(879 1030 1031 880)
4(1030 1181 1182 1031)
4(1181 1332 1333 1182)
4(1332 1483 1484 1333)
4(1483 1634 1635 1484)
4(1634 1785 1786 1635)
4(1785 1936 1937 1786)
4(1936 2087 2088 1937)
4(2087 2238 2239 2088)
4(2238 2389 2390 2239)
4(2389 2540 2541 2390)
4(2540 2691 2692 2541)
4(2691 2842 2843 2692)
4(2842 2993 2994 2843)
4(2993 3144 3145 2994)
4(3144 3295 3296 3145)
4(3295 3446 3447 3296)
4(3446 3597 3598 3447)
4(3597 3748 3749 3598)
4(3748 3899 3900 3749)
4(3899 4050 4051 3900)
4(4050 4201 4202 4051)
4(4201 4352 4353 4202)
4(4352 4503 4504 4353)
4(4503 4654 4655 4504)
4(4654 4805 4806 4655)
4(4805 4956 4957 4806)
4(4956 5107 5108 4957)
4(5107 5258 5259 5108)
4(5258 5409 5410 5259)
4(5409 5560 5561 5410)
4(5560 5711 5712 5561)
4(5711 5862 5863 5712)
4(5862 6013 6014 5863)
4(6013 6164 6165 6014)
4(6164 6315 6316 6165)
4(6315 6466 6467 6316)
4(6466 6617 6618 6467)
4(6617 6768 6769 6618)
4(6768 6919 6920 6769)
4(6919 7070 7071 6920)
4(7070 7221 7222 7071)
4(7221 7372 7373 7222)
4(7372 7523 7524 7373)
4(7523 7674 7675 7524)
4(7674 7825 7826 7675)
4(7825 7976 7977 7826)
4(125 276 277 126)
4(276 427 428 277)
4(427 578 579 428)
4(578 729 730 579)
4(729 880 881 730)
4(880 1031 1032 881)
4(1031 1182 1183 1032)
4(1182 1333 1334 1183)
4(1333 1484 1485 1334)
4(1484 1635 1636 1485)
4(1635 1786 1787 1636)
4(1786 1937 1938 1787)
4(1937 2088 2089 1938)
4(2088 2239 2240 2089)
4(2239 2390 2391 2240)
4(2390 2541 2542 2391)
4(2541 2692 2693 2542)
4(2692 2843 2844 2693)
4(2843 2994 2995 2844)
4(2994 3145 3146 2995)
4(3145 3296 3297 3146)
4(3296 3447 3448 3297)
4(3447 3598 3599 3448)
4(3598 3749 3750 3599)
4(3749 3900 3901 3750)
4(3900 4051 4052 3901)
4(4051 4202 4203 4052)
4(4202 4353 4354 4203)
4(4353 4504 4505 4354)
4(4504 4655 4656 4505)
4(4655 4806 4807 4656)
4(4806 4957 4958 4807)
4(4957 5108 5109 4958)
4(5108 5259 5260 5109)
4(5259 5410 5411 5260)
4(5410 5561 5562 5411)
4(5561 5712 5713 5562)
4(5712 5863 5864 5713)
4(5863 6014 6015 5864)
4(6014 6165 6166 6015)
4(6165 6316 6317 6166)
4(6316 6467 6468 6317)
4(6467 6618 6619 6468)
4(6618 6769 6770 6619)
4(6769 6920 6921 6770)
4(6920 7071 7072 6921)
4(7071 7222 7223 7072)
4(7222 7373 7374 7223)
4(7373 7524 7525 7374)
4(7524 7675 7676 7525)
4(7675 7826 7827 7676)
4(7826 7977 7978 7827)
4(126 277 278 127)
4(277 428 429 278)
4(428 579 580 429)
4(579 730 731 580)
4(730 881 882 731)
4(881 1032 1033 882)
4(1032 1183 1184 1033)
4(1183 1334 1335 1184)
4(1334 1485 1486 1335)
4(1485 1636 1637 1486)
4(1636 1787 1788 1637)
4(1787 1938 1939 1788)
4(1938 2089 2090 1939)
4(2089 2240 2241 2090)
4(2240 2391 2392 2241)
4(2391 2542 2543 2392)
4(2542 2693 2694 2543)
4(2693 2844 2845 2694)
4(2844 2995 2996 2845)
4(2995 3146 3147 2996)
4(3146 3297 3298 3147)
4(3297 3448 3449 3298)
4(3448 3599 3600 3449)
4(3599 3750 3751 3600)
4(3750 3901 3902 3751)
4(3901 4052 4053 3902)
4(4052 4203 4204 4053)
4(4203 4354 4355 4204)
4(4354 4505 4506 4355)
4(4505 4656 4657 4506)
4(4656 4807 4808 4657)
4(4807 4958 4959 4808)
4(4958 5109 5110 4959)
4(5109 5260 5261 5110)
4(5260 5411 5412 5261)
4(5411 5562 5563 5412)
4(5562 5713 5714 5563)
4(5713 5864 5865 5714)
4(5864 6015 6016 5865)
4(6015 6166 6167 6016)
4(6166 6317 6318 6167)
4(6317 6468 6469 6318)
4(6468 6619 6620 6469)
4(6619 6770 6771 6620)
4(6770 6921 6922 6771)
4(6921 7072 7073 6922)
4(7072 7223 7224 7073)
4(7223 7374 7375 7224)
4(7374 7525 7526 7375)
4(7525 7676 7677 7526)
4(7676 7827 7828 7677)
4(7827 7978 7979 7828)
4(127 278 279 128)
4(278 429 430 279)
4(429 580 581 430)
4(580 731 732 581)
4(731 882 883 732)
4(882 1033 1034 883)
4(1033 1184 1185 1034)
4(1184 1335 1336 1185)
4(1335 1486 1487 1336)
4(1486 1637 1638 1487)
4(1637 1788 1789 1638)
4(1788 1939 1940 1789)
4(1939 2090 2091 1940)
4(2090 2241 2242 2091)
4(2241 2392 2393 2242)
4(2392 2543 2544 2393)
4(2543 2694 2695 2544)
4(2694 2845 2846 2695)
4(2845 2996 2997 2846)
4(2996 3147 3148 2997)
4(3147 3298 3299 3148)
4(3298 3449 3450 3299)
4(3449 3600 3601 3450)
4(3600 3751 3752 3601)
4(3751 3902 3903 3752)
4(3902 4053 4054 3903)
4(4053 4204 4205 4054)
4(4204 4355 4356 4205)
4(4355 4506 4507 4356)
4(4506 4657 4658 4507)
4(4657 4808 4809 4658)
4(4808 4959 4960 4809)
4(4959 5110 5111 4960)
4(5110 5261 5262 5111)
4(5261 5412 5413 5262)
4(5412 5563 5564 5413)
4(5563 5714 5715 5564)
4(5714 5865 5866 5715)
4(5865 6016 6017 5866)
4(6016 6167 6168 6017)
4(6167 6318 6319 6168)
4(6318 6469 6470 6319)
4(6469 6620 6621 6470)
4(6620 6771 6772 6621)
4(6771 6922 6923 6772)
4(6922 7073 7074 6923)
4(7073 7224 7225 7074)
4(7224 7375 7376 7225)
4(7375 7526 7527 7376)
4(7526 7677 7678 7527)
4(7677 7828 7829 7678)
4(7828 7979 7980 7829)
4(128 279 280 129)
4(279 430 431 280)
4(430 581 582 431)
4(581 732 733 582)
4(732 883 884 733)
4(883 1034 1035 884)
4(1034 1185 1186 1035)
4(1185 1336 1337 1186)
4(1336 1487 1488 1337)
4(1487 1638 1639 1488)
4(1638 1789 1790 1639)
4(1789 1940 1941 1790)
4(1940 2091 2092 1941)
4(2091 2242 2243 2092)
4(2242 2393 2394 2243)
4(2393 2544 2545 2394)
4(2544 2695 2696 2545)
4(2695 2846 2847 2696)
4(2846 2997 2998 2847)
4(2997 3148 3149 2998)
4(3148 3299 3300 3149)
4(3299 3450 3451 3300)
4(3450 3601 3602 3451)
4(3601 3752 3753 3602)
4(3752 3903 3904 3753)
4(3903 4054 4055 3904)
4(4054 4205 4206 4055)
4(4205 4356 4357 4206)
4(4356 4507 4508 4357)
4(4507 4658 4659 4508)
4(4658 4809 4810 4659)
4(4809 4960 4961 4810)
4(4960 5111 5112 4961)
4(5111 5262 5263 5112)
4(5262 5413 5414 5263)
4(5413 5564 5565 5414)
4(5564 5715 5716 5565)
4(5715 5866 5867 5716)
4(5866 6017 6018 5867)
4(6017 6168 6169 6018)
4(6168 6319 6320 6169)
4(6319 6470 6471 6320)
4(6470 6621 6622 6471)
4(6621 6772 6773 6622)
4(6772 6923 6924 6773)
4(6923 7074 7075 6924)
4(7074 7225 7226 7075)
4(7225 7376 7377 7226)
4(7376 7527 7528 7377)
4(7527 7678 7679 7528)
4(7678 7829 7830 7679)
4(7829 7980 7981 7830)
4(129 280 281 130)
4(280 431 432 281)
4(431 582 583 432)
4(582 733 734 583)
4(733 884 885 734)
4(884 1035 1036 885)
4(1035 1186 1187 1036)
4(1186 1337 1338 1187)
4(1337 1488 1489 1338)
4(1488 1639 1640 1489)
4(1639 1790 1791 1640)
4(1790 1941 1942 1791)
4(1941 2092 2093 1942)
4(2092 2243 2244 2093)
4(2243 2394 2395 2244)
4(2394 2545 2546 2395)
4(2545 2696 2697 2546)
4(2696 2847 2848 2697)
4(2847 2998 2999 2848)
4(2998 3149 3150 2999)
4(3149 3300 3301 3150)
4(3300 3451 3452 3301)
4(3451 3602 3603 3452)
4(3602 3753 3754 3603)
4(3753 3904 3905 3754)
4(3904 4055 4056 3905)
4(4055 4206 4207 4056)
4(4206 4357 4358 4207)
4(4357 4508 4509 4358)
4(4508 4659 4660 4509)
4(4659 4810 4811 4660)
4(4810 4961 4962 4811)
4(4961 5112 5113 4962)
4(5112 5263 5264 5113)
4(5263 5414 5415 5264)
4(5414 5565 5566 5415)
4(5565 5716 5717 5566)
4(5716 5867 5868 5717)
4(5867 6018 6019 5868)
4(6018 6169 6170 6019)
4(6169 6320 6321 6170)
4(6320 6471 6472 6321)
4(6471 6622 6623 6472)
4(6622 6773 6774 6623)
4(6773 6924 6925 6774)
4(6924 7075 7076 6925)
4(7075 7226 7227 7076)
4(7226 7377 7378 7227)
4(7377 7528 7529 7378)
4(7528 7679 7680 7529)
4(7679 7830 7831 7680)
4(7830 7981 7982 7831)
4(130 281 282 131)
4(281 432 433 282)
4(432 583 584 433)
4(583 734 735 584)
4(734 885 886 735)
4(885 1036 1037 886)
4(1036 1187 1188 1037)
4(1187 1338 1339 1188)
4(1338 1489 1490 1339)
4(1489 1640 1641 1490)
4(1640 1791 1792 1641)
4(1791 1942 1943 1792)
4(1942 2093 2094 1943)
4(2093 2244 2245 2094)
4(2244 2395 2396 2245)
4(2395 2546 2547 2396)
4(2546 2697 2698 2547)
4(2697 2848 2849 2698)
4(2848 2999 3000 2849)
4(2999 3150 3151 3000)
4(3150 3301 3302 3151)
4(3301 3452 3453 3302)
4(3452 3603 3604 3453)
4(3603 3754 3755 3604)
4(3754 3905 3906 3755)
4(3905 4056 4057 3906)
4(4056 4207 4208 4057)
4(4207 4358 4359 4208)
4(4358 4509 4510 4359)
4(4509 4660 4661 4510)
4(4660 4811 4812 4661)
4(4811 4962 4963 4812)
4(4962 5113 5114 4963)
4(5113 5264 5265 5114)
4(5264 5415 5416 5265)
4(5415 5566 5567 5416)
4(5566 5717 5718 5567)
4(5717 5868 5869 5718)
4(5868 6019 6020 5869)
4(6019 6170 6171 6020)
4(6170 6321 6322 6171)
4(6321 6472 6473 6322)
4(6472 6623 6624 6473)
4(6623 6774 6775 6624)
4(6774 6925 6926 6775)
4(6925 7076 7077 6926)
4(7076 7227 7228 7077)
4(7227 7378 7379 7228)
4(7378 7529 7530 7379)
4(7529 7680 7681 7530)
4(7680 7831 7832 7681)
4(7831 7982 7983 7832)
4(131 282 283 132)
4(282 433 434 283)
4(433 584 585 434)
4(584 735 736 585)
4(735 886 887 736)
4(886 1037 1038 887)
4(1037 1188 1189 1038)
4(1188 1339 1340 1189)
4(1339 1490 1491 1340)
4(1490 1641 1642 1491)
4(1641 1792 1793 1642)
4(1792 1943 1944 1793)
4(1943 2094 2095 1944)
4(2094 2245 2246 2095)
4(2245 2396 2397 2246)
4(2396 2547 2548 2397)
4(2547 2698 2699 2548)
4(2698 2849 2850 2699)
4(2849 3000 3001 2850)
4(3000 3151 3152 3001)
4(3151 3302 3303 3152)
4(3302 3453 3454 3303)
4(3453 3604 3605 3454)
4(3604 3755 3756 3605)
4(3755 3906 3907 3756)
4(3906 4057 4058 3907)
4(4057 4208 4209 4058)
4(4208 4359 4360 4209)
4(4359 4510 4511 4360)
4(4510 4661 4662 4511)
4(4661 4812 4813 4662)
4(4812 4963 4964 4813)
4(4963 5114 5115 4964)
4(5114 5265 5266 5115)
4(5265 5416 5417 5266)
4(5416 5567 5568 5417)
4(5567 5718 5719 5568)
4(5718 5869 5870 5719)
4(5869 6020 6021 5870)
4(6020 6171 6172 6021)
4(6171 6322 6323 6172)
4(6322 6473 6474 6323)
4(6473 6624 6625 6474)
4(6624 6775 6776 6625)
4(6775 6926 6927 6776)
4(6926 7077 7078 6927)
4(7077 7228 7229 7078)
4(7228 7379 7380 7229)
4(7379 7530 7531 7380)
4(7530 7681 7682 7531)
4(7681 7832 7833 7682)
4(7832 7983 7984 7833)
4(132 283 284 133)
4(283 434 435 284)
4(434 585 586 435)
4(585 736 737 586)
4(736 887 888 737)
4(887 1038 1039 888)
4(1038 1189 1190 1039)
4(1189 1340 1341 1190)
4(1340 1491 1492 1341)
4(1491 1642 1643 1492)
4(1642 1793 1794 1643)
4(1793 1944 1945 1794)
4(1944 2095 2096 1945)
4(2095 2246 2247 2096)
4(2246 2397 2398 2247)
4(2397 2548 2549 2398)
4(2548 2699 2700 2549)
4(2699 2850 2851 2700)
4(2850 3001 3002 2851)
4(3001 3152 3153 3002)
4(3152 3303 3304 3153)
4(3303 3454 3455 3304)
4(3454 3605 3606 3455)
4(3605 3756 3757 3606)
4(3756 3907 3908 3757)
4(3907 4058 4059 3908)
4(4058 4209 4210 4059)
4(4209 4360 4361 4210)
4(4360 4511 4512 4361)
4(4511 4662 4663 4512)
4(4662 4813 4814 4663)
4(4813 4964 4965 4814)
4(4964 5115 5116 4965)
4(5115 5266 5267 5116)
4(5266 5417 5418 5267)
4(5417 5568 5569 5418)
4(5568 5719 5720 5569)
4(5719 5870 5871 5720)
4(5870 6021 6022 5871)
4(6021 6172 6173 6022)
4(6172 6323 6324 6173)
4(6323 6474 6475 6324)
4(6474 6625 6626 6475)
4(6625 6776 6777 6626)
4(6776 6927 6928 6777)
4(6927 7078 7079 6928)
4(7078 7229 7230 7079)
4(7229 7380 7381 7230)
4(7380 7531 7532 7381)
4(7531 7682 7683 7532)
4(7682 7833 7834 7683)
4(7833 7984 7985 7834)
4(133 284 285 134)
4(284 435 436 285)
4(435 586 587 436)
4(586 737 738 587)
4(737 888 889 738)
4(888 1039 1040 889)
4(1039 1190 1191 1040)
4(1190 1341 1342 1191)
4(1341 1492 1493 1342)
4(1492 1643 1644 1493)
4(1643 1794 1795 1644)
4(1794 1945 1946 1795)
4(1945 2096 2097 1946)
4(2096 2247 2248 2097)
4(2247 2398 2399 2248)
4(2398 2549 2550 2399)
4(2549 2700 2701 2550)
4(2700 2851 2852 2701)
4(2851 3002 3003 2852)
4(3002 3153 3154 3003)
4(3153 3304 3305 3154)
4(3304 3455 3456 3305)
4(3455 3606 3607 3456)
4(3606 3757 3758 3607)
4(3757 3908 3909 3758)
4(3908 4059 4060 3909)
4(4059 4210 4211 4060)
4(4210 4361 4362 4211)
4(4361 4512 4513 4362)
4(4512 4663 4664 4513)
4(4663 4814 4815 4664)
4(4814 4965 4966 4815)
4(4965 5116 5117 4966)
4(5116 5267 5268 5117)
4(5267 5418 5419 5268)
4(5418 5569 5570 5419)
4(5569 5720 5721 5570)
4(5720 5871 5872 5721)
4(5871 6022 6023 5872)
4(6022 6173 6174 6023)
4(6173 6324 6325 6174)
4(6324 6475 6476 6325)
4(6475 6626 6627 6476)
4(6626 6777 6778 6627)
4(6777 6928 6929 6778)
4(6928 7079 7080 6929)
4(7079 7230 7231 7080)
4(7230 7381 7382 7231)
4(7381 7532 7533 7382)
4(7532 7683 7684 7533)
4(7683 7834 7835 7684)
4(7834 7985 7986 7835)
4(134 285 286 135)
4(285 436 437 286)
4(436 587 588 437)
4(587 738 739 588)
4(738 889 890 739)
4(889 1040 1041 890)
4(1040 1191 1192 1041)
4(1191 1342 1343 1192)
4(1342 1493 1494 1343)
4(1493 1644 1645 1494)
4(1644 1795 1796 1645)
4(1795 1946 1947 1796)
4(1946 2097 2098 1947)
4(2097 2248 2249 2098)
4(2248 2399 2400 2249)
4(2399 2550 2551 2400)
4(2550 2701 2702 2551)
4(2701 2852 2853 2702)
4(2852 3003 3004 2853)
4(3003 3154 3155 3004)
4(3154 3305 3306 3155)
4(3305 3456 3457 3306)
4(3456 3607 3608 3457)
4(3607 3758 3759 3608)
4(3758 3909 3910 3759)
4(3909 4060 4061 3910)
4(4060 4211 4212 4061)
4(4211 4362 4363 4212)
4(4362 4513 4514 4363)
4(4513 4664 4665 4514)
4(4664 4815 4816 4665)
4(4815 4966 4967 4816)
4(4966 5117 5118 4967)
4(5117 5268 5269 5118)
4(5268 5419 5420 5269)
4(5419 5570 5571 5420)
4(5570 5721 5722 5571)
4(5721 5872 5873 5722)
4(5872 6023 6024 5873)
4(6023 6174 6175 6024)
4(6174 6325 6326 6175)
4(6325 6476 6477 6326)
4(6476 6627 6628 6477)
4(6627 6778 6779 6628)
4(6778 6929 6930 6779)
4(6929 7080 7081 6930)
4(7080 7231 7232 7081)
4(7231 7382 7383 7232)
4(7382 7533 7534 7383)
4(7533 7684 7685 7534)
4(7684 7835 7836 7685)
4(7835 7986 7987 7836)
4(135 286 287 136)
4(286 437 438 287)
4(437 588 589 438)
4(588 739 740 589)
4(739 890 891 740)
4(890 1041 1042 891)
4(1041 1192 1193 1042)
4(1192 1343 1344 1193)
4(1343 1494 1495 1344)
4(1494 1645 1646 1495)
4(1645 1796 1797 1646)
4(1796 1947 1948 1797)
4(1947 2098 2099 1948)
4(2098 2249 2250 2099)
4(2249 2400 2401 2250)
4(2400 2551 2552 2401)
4(2551 2702 2703 2552)
4(2702 2853 2854 2703)
4(2853 3004 3005 2854)
4(3004 3155 3156 3005)
4(3155 3306 3307 3156)
4(3306 3457 3458 3307)
4(3457 3608 3609 3458)
4(3608 3759 3760 3609)
4(3759 3910 3911 3760)
4(3910 4061 4062 3911)
4(4061 4212 4213 4062)
4(4212 4363 4364 4213)
4(4363 4514 4515 4364)
4(4514 4665 4666 4515)
4(4665 4816 4817 4666)
4(4816 4967 4968 4817)
4(4967 5118 5119 4968)
4(5118 5269 5270 5119)
4(5269 5420 5421 5270)
4(5420 5571 5572 5421)
4(5571 5722 5723 5572)
4(5722 5873 5874 5723)
4(5873 6024 6025 5874)
4(6024 6175 6176 6025)
4(6175 6326 6327 6176)
4(6326 6477 6478 6327)
4(6477 6628 6629 6478)
4(6628 6779 6780 6629)
4(6779 6930 6931 6780)
4(6930 7081 7082 6931)
4(7081 7232 7233 7082)
4(7232 7383 7384 7233)
4(7383 7534 7535 7384)
4(7534 7685 7686 7535)
4(7685 7836 7837 7686)
4(7836 7987 7988 7837)
4(136 287 288 137)
4(287 438 439 288)
4(438 589 590 439)
4(589 740 741 590)
4(740 891 892 741)
4(891 1042 1043 892)
4(1042 1193 1194 1043)
4(1193 1344 1345 1194)
4(1344 1495 1496 1345)
4(1495 1646 1647 1496)
4(1646 1797 1798 1647)
4(1797 1948 1949 1798)
4(1948 2099 2100 1949)
4(2099 2250 2251 2100)
4(2250 2401 2402 2251)
4(2401 2552 2553 2402)
4(2552 2703 2704 2553)
4(2703 2854 2855 2704)
4(2854 3005 3006 2855)
4(3005 3156 3157 3006)
4(3156 3307 3308 3157)
4(3307 3458 3459 3308)
4(3458 3609 3610 3459)
4(3609 3760 3761 3610)
4(3760 3911 3912 3761)
4(3911 4062 4063 3912)
4(4062 4213 4214 4063)
4(4213 4364 4365 4214)
4(4364 4515 4516 4365)
4(4515 4666 4667 4516)
4(4666 4817 4818 4667)
4(4817 4968 4969 4818)
4(4968 5119 5120 4969)
4(5119 5270 5271 5120)
4(5270 5421 5422 5271)
4(5421 5572 5573 5422)
4(5572 5723 5724 5573)
4(5723 5874 5875 5724)
4(5874 6025 6026 5875)
4(6025 6176 6177 6026)
4(6176 6327 6328 6177)
4(6327 6478 6479 6328)
4(6478 6629 6630 6479)
4(6629 6780 6781 6630)
4(6780 6931 6932 6781)
4(6931 7082 7083 6932)
4(7082 7233 7234 7083)
4(7233 7384 7385 7234)
4(7384 7535 7536 7385)
4(7535 7686 7687 7536)
4(7686 7837 7838 7687)
4(7837 7988 7989 7838)
4(137 288 289 138)
4(288 439 440 289)
4(439 590 591 440)
4(590 741 742 591)
4(741 892 893 742)
4(892 1043 1044 893)
4(1043 1194 1195 1044)
4(1194 1345 1346 1195)
4(1345 1496 1497 1346)
4(1496 1647 1648 1497)
4(1647 1798 1799 1648)
4(1798 1949 1950 1799)
4(1949 2100 2101 1950)
4(2100 2251 2252 2101)
4(2251 2402 2403 2252)
4(2402 2553 2554 2403)
4(2553 2704 2705 2554)
4(2704 2855 2856 2705)
4(2855 3006 3007 2856)
4(3006 3157 3158 3007)
4(3157 3308 3309 3158)
4(3308 3459 3460 3309)
4(3459 3610 3611 3460)
4(3610 3761 3762 3611)
4(3761 3912 3913 3762)
4(3912 4063 4064 3913)
4(4063 4214 4215 4064)
4(4214 4365 4366 4215)
4(4365 4516 4517 4366)
4(4516 4667 4668 4517)
4(4667 4818 4819 4668)
4(4818 4969 4970 4819)
4(4969 5120 5121 4970)
4(5120 5271 5272 5121)
4(5271 5422 5423 5272)
4(5422 5573 5574 5423)
4(5573 5724 5725 5574)
4(5724 5875 5876 5725)
4(5875 6026 6027 5876)
4(6026 6177 6178 6027)
4(6177 6328 6329 6178)
4(6328 6479 6480 6329)
4(6479 6630 6631 6480)
4(6630 6781 6782 6631)
4(6781 6932 6933 6782)
4(6932 7083 7084 6933)
4(7083 7234 7235 7084)
4(7234 7385 7386 7235)
4(7385 7536 7537 7386)
4(7536 7687 7688 7537)
4(7687 7838 7839 7688)
4(7838 7989 7990 7839)
4(138 289 290 139)
4(289 440 441 290)
4(440 591 592 441)
4(591 742 743 592)
4(742 893 894 743)
4(893 1044 1045 894)
4(1044 1195 1196 1045)
4(1195 1346 1347 1196)
4(1346 1497 1498 1347)
4(1497 1648 1649 1498)
4(1648 1799 1800 1649)
4(1799 1950 1951 1800)
4(1950 2101 2102 1951)
4(2101 2252 2253 2102)
4(2252 2403 2404 2253)
4(2403 2554 2555 2404)
4(2554 2705 2706 2555)
4(2705 2856 2857 2706)
4(2856 3007 3008 2857)
4(3007 3158 3159 3008)
4(3158 3309 3310 3159)
4(3309 3460 3461 3310)
4(3460 3611 3612 3461)
4(3611 3762 3763 3612)
4(3762 3913 3914 3763)
4(3913 4064 4065 3914)
4(4064 4215 4216 4065)
4(4215 4366 4367 4216)
4(4366 4517 4518 4367)
4(4517 4668 4669 4518)
4(4668 4819 4820 4669)
4(4819 4970 4971 4820)
4(4970 5121 5122 4971)
4(5121 5272 5273 5122)
4(5272 5423 5424 5273)
4(5423 5574 5575 5424)
4(5574 5725 5726 5575)
4(5725 5876 5877 5726)
4(5876 6027 6028 5877)
4(6027 6178 6179 6028)
4(6178 6329 6330 6179)
4(6329 6480 6481 6330)
4(6480 6631 6632 6481)
4(6631 6782 6783 6632)
4(6782 6933 6934 6783)
4(6933 7084 7085 6934)
4(7084 7235 7236 7085)
4(7235 7386 7387 7236)
4(7386 7537 7538 7387)
4(7537 7688 7689 7538)
4(7688 7839 7840 7689)
4(7839 7990 7991 7840)
4(139 290 291 140)
4(290 441 442 291)
4(441 592 593 442)
4(592 743 744 593)
4(743 894 895 744)
4(894 1045 1046 895)
4(1045 1196 1197 1046)
4(1196 1347 1348 1197)
4(1347 1498 1499 1348)
4(1498 1649 1650 1499)
4(1649 1800 1801 1650)
4(1800 1951 1952 1801)
4(1951 2102 2103 1952)
4(2102 2253 2254 2103)
4(2253 2404 2405 2254)
4(2404 2555 2556 2405)
4(2555 2706 2707 2556)
4(2706 2857 2858 2707)
4(2857 3008 3009 2858)
4(3008 3159 3160 3009)
4(3159 3310 3311 3160)
4(3310 3461 3462 3311)
4(3461 3612 3613 3462)
4(3612 3763 3764 3613)
4(3763 3914 3915 3764)
4(3914 4065 4066 3915)
4(4065 4216 4217 4066)
4(4216 4367 4368 4217)
4(4367 4518 4519 4368)
4(4518 4669 4670 4519)
4(4669 4820 4821 4670)
4(4820 4971 4972 4821)
4(4971 5122 5123 4972)
4(5122 5273 5274 5123)
4(5273 5424 5425 5274)
4(5424 5575 5576 5425)
4(5575 5726 5727 5576)
4(5726 5877 5878 5727)
4(5877 6028 6029 5878)
4(6028 6179 6180 6029)
4(6179 6330 6331 6180)
4(6330 6481 6482 6331)
4(6481 6632 6633 6482)
4(6632 6783 6784 6633)
4(6783 6934 6935 6784)
4(6934 7085 7086 6935)
4(7085 7236 7237 7086)
4(7236 7387 7388 7237)
4(7387 7538 7539 7388)
4(7538 7689 7690 7539)
4(7689 7840 7841 7690)
4(7840 7991 7992 7841)
4(140 291 292 141)
4(291 442 443 292)
4(442 593 594 443)
4(593 744 745 594)
4(744 895 896 745)
4(895 1046 1047 896)
4(1046 1197 1198 1047)
4(1197 1348 1349 1198)
4(1348 1499 1500 1349)
4(1499 1650 1651 1500)
4(1650 1801 1802 1651)
4(1801 1952 1953 1802)
4(1952 2103 2104 1953)
4(2103 2254 2255 2104)
4(2254 2405 2406 2255)
4(2405 2556 2557 2406)
4(2556 2707 2708 2557)
4(2707 2858 2859 2708)
4(2858 3009 3010 2859)
4(3009 3160 3161 3010)
4(3160 3311 3312 3161)
4(3311 3462 3463 3312)
4(3462 3613 3614 3463)
4(3613 3764 3765 3614)
4(3764 3915 3916 3765)
4(3915 4066 4067 3916)
4(4066 4217 4218 4067)
4(4217 4368 4369 4218)
4(4368 4519 4520 4369)
4(4519 4670 4671 4520)
4(4670 4821 4822 4671)
4(4821 4972 4973 4822)
4(4972 5123 5124 4973)
4(5123 5274 5275 5124)
4(5274 5425 5426 5275)
4(5425 5576 5577 5426)
4(5576 5727 5728 5577)
4(5727 5878 5879 5728)
4(5878 6029 6030 5879)
4(6029 6180 6181 6030)
4(6180 6331 6332 6181)
4(6331 6482 6483 6332)
4(6482 6633 6634 6483)
4(6633 6784 6785 6634)
4(6784 6935 6936 6785)
4(6935 7086 7087 6936)
4(7086 7237 7238 7087)
4(7237 7388 7389 7238)
4(7388 7539 7540 7389)
4(7539 7690 7691 7540)
4(7690 7841 7842 7691)
4(7841 7992 7993 7842)
4(141 292 293 142)
4(292 443 444 293)
4(443 594 595 444)
4(594 745 746 595)
4(745 896 897 746)
4(896 1047 1048 897)
4(1047 1198 1199 1048)
4(1198 1349 1350 1199)
4(1349 1500 1501 1350)
4(1500 1651 1652 1501)
4(1651 1802 1803 1652)
4(1802 1953 1954 1803)
4(1953 2104 2105 1954)
4(2104 2255 2256 2105)
4(2255 2406 2407 2256)
4(2406 2557 2558 2407)
4(2557 2708 2709 2558)
4(2708 2859 2860 2709)
4(2859 3010 3011 2860)
4(3010 3161 3162 3011)
4(3161 3312 3313 3162)
4(3312 3463 3464 3313)
4(3463 3614 3615 3464)
4(3614 3765 3766 3615)
4(3765 3916 3917 3766)
4(3916 4067 4068 3917)
4(4067 4218 4219 4068)
4(4218 4369 4370 4219)
4(4369 4520 4521 4370)
4(4520 4671 4672 4521)
4(4671 4822 4823 4672)
4(4822 4973 4974 4823)
4(4973 5124 5125 4974)
4(5124 5275 5276 5125)
4(5275 5426 5427 5276)
4(5426 5577 5578 5427)
4(5577 5728 5729 5578)
4(5728 5879 5880 5729)
4(5879 6030 6031 5880)
4(6030 6181 6182 6031)
4(6181 6332 6333 6182)
4(6332 6483 6484 6333)
4(6483 6634 6635 6484)
4(6634 6785 6786 6635)
4(6785 6936 6937 6786)
4(6936 7087 7088 6937)
4(7087 7238 7239 7088)
4(7238 7389 7390 7239)
4(7389 7540 7541 7390)
4(7540 7691 7692 7541)
4(7691 7842 7843 7692)
4(7842 7993 7994 7843)
4(142 293 294 143)
4(293 444 445 294)
4(444 595 596 445)
4(595 746 747 596)
4(746 897 898 747)
4(897 1048 1049 898)
4(1048 1199 1200 1049)
4(1199 1350 1351 1200)
4(1350 1501 1502 1351)
4(1501 1652 1653 1502)
4(1652 1803 1804 1653)
4(1803 1954 1955 1804)
4(1954 2105 2106 1955)
4(2105 2256 2257 2106)
4(2256 2407 2408 2257)
4(2407 2558 2559 2408)
4(2558 2709 2710 2559)
4(2709 2860 2861 2710)
4(2860 3011 3012 2861)
4(3011 3162 3163 3012)
4(3162 3313 3314 3163)
4(3313 3464 3465 3314)
4(3464 3615 3616 3465)
4(3615 3766 3767 3616)
4(3766 3917 3918 3767)
4(3917 4068 4069 3918)
4(4068 4219 4220 4069)
4(4219 4370 4371 4220)
4(4370 4521 4522 4371)
4(4521 4672 4673 4522)
4(4672 4823 4824 4673)
4(4823 4974 4975 4824)
4(4974 5125 5126 4975)
4(5125 5276 5277 5126)
4(5276 5427 5428 5277)
4(5427 5578 5579 5428)
4(5578 5729 5730 5579)
4(5729 5880 5881 5730)
4(5880 6031 6032 5881)
4(6031 6182 6183 6032)
4(6182 6333 6334 6183)
4(6333 6484 6485 6334)
4(6484 6635 6636 6485)
4(6635 6786 6787 6636)
4(6786 6937 6938 6787)
4(6937 7088 7089 6938)
4(7088 7239 7240 7089)
4(7239 7390 7391 7240)
4(7390 7541 7542 7391)
4(7541 7692 7693 7542)
4(7692 7843 7844 7693)
4(7843 7994 7995 7844)
4(143 294 295 144)
4(294 445 446 295)
4(445 596 597 446)
4(596 747 748 597)
4(747 898 899 748)
4(898 1049 1050 899)
4(1049 1200 1201 1050)
4(1200 1351 1352 1201)
4(1351 1502 1503 1352)
4(1502 1653 1654 1503)
4(1653 1804 1805 1654)
4(1804 1955 1956 1805)
4(1955 2106 2107 1956)
4(2106 2257 2258 2107)
4(2257 2408 2409 2258)
4(2408 2559 2560 2409)
4(2559 2710 2711 2560)
4(2710 2861 2862 2711)
4(2861 3012 3013 2862)
4(3012 3163 3164 3013)
4(3163 3314 3315 3164)
4(3314 3465 3466 3315)
4(3465 3616 3617 3466)
4(3616 3767 3768 3617)
4(3767 3918 3919 3768)
4(3918 4069 4070 3919)
4(4069 4220 4221 4070)
4(4220 4371 4372 4221)
4(4371 4522 4523 4372)
4(4522 4673 4674 4523)
4(4673 4824 4825 4674)
4(4824 4975 4976 4825)
4(4975 5126 5127 4976)
4(5126 5277 5278 5127)
4(5277 5428 5429 5278)
4(5428 5579 5580 5429)
4(5579 5730 5731 5580)
4(5730 5881 5882 5731)
4(5881 6032 6033 5882)
4(6032 6183 6184 6033)
4(6183 6334 6335 6184)
4(6334 6485 6486 6335)
4(6485 6636 6637 6486)
4(6636 6787 6788 6637)
4(6787 6938 6939 6788)
4(6938 7089 7090 6939)
4(7089 7240 7241 7090)
4(7240 7391 7392 7241)
4(7391 7542 7543 7392)
4(7542 7693 7694 7543)
4(7693 7844 7845 7694)
4(7844 7995 7996 7845)
4(144 295 296 145)
4(295 446 447 296)
4(446 597 598 447)
4(597 748 749 598)
4(748 899 900 749)
4(899 1050 1051 900)
4(1050 1201 1202 1051)
4(1201 1352 1353 1202)
4(1352 1503 1504 1353)
4(1503 1654 1655 1504)
4(1654 1805 1806 1655)
4(1805 1956 1957 1806)
4(1956 2107 2108 1957)
4(2107 2258 2259 2108)
4(2258 2409 2410 2259)
4(2409 2560 2561 2410)
4(2560 2711 2712 2561)
4(2711 2862 2863 2712)
4(2862 3013 3014 2863)
4(3013 3164 3165 3014)
4(3164 3315 3316 3165)
4(3315 3466 3467 3316)
4(3466 3617 3618 3467)
4(3617 3768 3769 3618)
4(3768 3919 3920 3769)
4(3919 4070 4071 3920)
4(4070 4221 4222 4071)
4(4221 4372 4373 4222)
4(4372 4523 4524 4373)
4(4523 4674 4675 4524)
4(4674 4825 4826 4675)
4(4825 4976 4977 4826)
4(4976 5127 5128 4977)
4(5127 5278 5279 5128)
4(5278 5429 5430 5279)
4(5429 5580 5581 5430)
4(5580 5731 5732 5581)
4(5731 5882 5883 5732)
4(5882 6033 6034 5883)
4(6033 6184 6185 6034)
4(6184 6335 6336 6185)
4(6335 6486 6487 6336)
4(6486 6637 6638 6487)
4(6637 6788 6789 6638)
4(6788 6939 6940 6789)
4(6939 7090 7091 6940)
4(7090 7241 7242 7091)
4(7241 7392 7393 7242)
4(7392 7543 7544 7393)
4(7543 7694 7695 7544)
4(7694 7845 7846 7695)
4(7845 7996 7997 7846)
4(145 296 297 146)
4(296 447 448 297)
4(447 598 599 448)
4(598 749 750 599)
4(749 900 901 750)
4(900 1051 1052 901)
4(1051 1202 1203 1052)
4(1202 1353 1354 1203)
4(1353 1504 1505 1354)
4(1504 1655 1656 1505)
4(1655 1806 1807 1656)
4(1806 1957 1958 1807)
4(1957 2108 2109 1958)
4(2108 2259 2260 2109)
4(2259 2410 2411 2260)
4(2410 2561 2562 2411)
4(2561 2712 2713 2562)
4(2712 2863 2864 2713)
4(2863 3014 3015 2864)
4(3014 3165 3166 3015)
4(3165 3316 3317 3166)
4(3316 3467 3468 3317)
4(3467 3618 3619 3468)
4(3618 3769 3770 3619)
4(3769 3920 3921 3770)
4(3920 4071 4072 3921)
4(4071 4222 4223 4072)
4(4222 4373 4374 4223)
4(4373 4524 4525 4374)
4(4524 4675 4676 4525)
4(4675 4826 4827 4676)
4(4826 4977 4978 4827)
4(4977 5128 5129 4978)
4(5128 5279 5280 5129)
4(5279 5430 5431 5280)
4(5430 5581 5582 5431)
4(5581 5732 5733 5582)
4(5732 5883 5884 5733)
4(5883 6034 6035 5884)
4(6034 6185 6186 6035)
4(6185 6336 6337 6186)
4(6336 6487 6488 6337)
4(6487 6638 6639 6488)
4(6638 6789 6790 6639)
4(6789 6940 6941 6790)
4(6940 7091 7092 6941)
4(7091 7242 7243 7092)
4(7242 7393 7394 7243)
4(7393 7544 7545 7394)
4(7544 7695 7696 7545)
4(7695 7846 7847 7696)
4(7846 7997 7998 7847)
4(146 297 298 147)
4(297 448 449 298)
4(448 599 600 449)
4(599 750 751 600)
4(750 901 902 751)
4(901 1052 1053 902)
4(1052 1203 1204 1053)
4(1203 1354 1355 1204)
4(1354 1505 1506 1355)
4(1505 1656 1657 1506)
4(1656 1807 1808 1657)
4(1807 1958 1959 1808)
4(1958 2109 2110 1959)
4(2109 2260 2261 2110)
4(2260 2411 2412 2261)
4(2411 2562 2563 2412)
4(2562 2713 2714 2563)
4(2713 2864 2865 2714)
4(2864 3015 3016 2865)
4(3015 3166 3167 3016)
4(3166 3317 3318 3167)
4(3317 3468 3469 3318)
4(3468 3619 3620 3469)
4(3619 3770 3771 3620)
4(3770 3921 3922 3771)
4(3921 4072 4073 3922)
4(4072 4223 4224 4073)
4(4223 4374 4375 4224)
4(4374 4525 4526 4375)
4(4525 4676 4677 4526)
4(4676 4827 4828 4677)
4(4827 4978 4979 4828)
4(4978 5129 5130 4979)
4(5129 5280 5281 5130)
4(5280 5431 5432 5281)
4(5431 5582 5583 5432)
4(5582 5733 5734 5583)
4(5733 5884 5885 5734)
4(5884 6035 6036 5885)
4(6035 6186 6187 6036)
4(6186 6337 6338 6187)
4(6337 6488 6489 6338)
4(6488 6639 6640 6489)
4(6639 6790 6791 6640)
4(6790 6941 6942 6791)
4(6941 7092 7093 6942)
4(7092 7243 7244 7093)
4(7243 7394 7395 7244)
4(7394 7545 7546 7395)
4(7545 7696 7697 7546)
4(7696 7847 7848 7697)
4(7847 7998 7999 7848)
4(147 298 299 148)
4(298 449 450 299)
4(449 600 601 450)
4(600 751 752 601)
4(751 902 903 752)
4(902 1053 1054 903)
4(1053 1204 1205 1054)
4(1204 1355 1356 1205)
4(1355 1506 1507 1356)
4(1506 1657 1658 1507)
4(1657 1808 1809 1658)
4(1808 1959 1960 1809)
4(1959 2110 2111 1960)
4(2110 2261 2262 2111)
4(2261 2412 2413 2262)
4(2412 2563 2564 2413)
4(2563 2714 2715 2564)
4(2714 2865 2866 2715)
4(2865 3016 3017 2866)
4(3016 3167 3168 3017)
4(3167 3318 3319 3168)
4(3318 3469 3470 3319)
4(3469 3620 3621 3470)
4(3620 3771 3772 3621)
4(3771 3922 3923 3772)
4(3922 4073 4074 3923)
4(4073 4224 4225 4074)
4(4224 4375 4376 4225)
4(4375 4526 4527 4376)
4(4526 4677 4678 4527)
4(4677 4828 4829 4678)
4(4828 4979 4980 4829)
4(4979 5130 5131 4980)
4(5130 5281 5282 5131)
4(5281 5432 5433 5282)
4(5432 5583 5584 5433)
4(5583 5734 5735 5584)
4(5734 5885 5886 5735)
4(5885 6036 6037 5886)
4(6036 6187 6188 6037)
4(6187 6338 6339 6188)
4(6338 6489 6490 6339)
4(6489 6640 6641 6490)
4(6640 6791 6792 6641)
4(6791 6942 6943 6792)
4(6942 7093 7094 6943)
4(7093 7244 7245 7094)
4(7244 7395 7396 7245)
4(7395 7546 7547 7396)
4(7546 7697 7698 7547)
4(7697 7848 7849 7698)
4(7848 7999 8000 7849)
4(148 299 300 149)
4(299 450 451 300)
4(450 601 602 451)
4(601 752 753 602)
4(752 903 904 753)
4(903 1054 1055 904)
4(1054 1205 1206 1055)
4(1205 1356 1357 1206)
4(1356 1507 1508 1357)
4(1507 1658 1659 1508)
4(1658 1809 1810 1659)
4(1809 1960 1961 1810)
4(1960 2111 2112 1961)
4(2111 2262 2263 2112)
4(2262 2413 2414 2263)
4(2413 2564 2565 2414)
4(2564 2715 2716 2565)
4(2715 2866 2867 2716)
4(2866 3017 3018 2867)
4(3017 3168 3169 3018)
4(3168 3319 3320 3169)
4(3319 3470 3471 3320)
4(3470 3621 3622 3471)
4(3621 3772 3773 3622)
4(3772 3923 3924 3773)
4(3923 4074 4075 3924)
4(4074 4225 4226 4075)
4(4225 4376 4377 4226)
4(4376 4527 4528 4377)
4(4527 4678 4679 4528)
4(4678 4829 4830 4679)
4(4829 4980 4981 4830)
4(4980 5131 5132 4981)
4(5131 5282 5283 5132)
4(5282 5433 5434 5283)
4(5433 5584 5585 5434)
4(5584 5735 5736 5585)
4(5735 5886 5887 5736)
4(5886 6037 6038 5887)
4(6037 6188 6189 6038)
4(6188 6339 6340 6189)
4(6339 6490 6491 6340)
4(6490 6641 6642 6491)
4(6641 6792 6793 6642)
4(6792 6943 6944 6793)
4(6943 7094 7095 6944)
4(7094 7245 7246 7095)
4(7245 7396 7397 7246)
4(7396 7547 7548 7397)
4(7547 7698 7699 7548)
4(7698 7849 7850 7699)
4(7849 8000 8001 7850)
4(149 300 301 150)
4(300 451 452 301)
4(451 602 603 452)
4(602 753 754 603)
4(753 904 905 754)
4(904 1055 1056 905)
4(1055 1206 1207 1056)
4(1206 1357 1358 1207)
4(1357 1508 1509 1358)
4(1508 1659 1660 1509)
4(1659 1810 1811 1660)
4(1810 1961 1962 1811)
4(1961 2112 2113 1962)
4(2112 2263 2264 2113)
4(2263 2414 2415 2264)
4(2414 2565 2566 2415)
4(2565 2716 2717 2566)
4(2716 2867 2868 2717)
4(2867 3018 3019 2868)
4(3018 3169 3170 3019)
4(3169 3320 3321 3170)
4(3320 3471 3472 3321)
4(3471 3622 3623 3472)
4(3622 3773 3774 3623)
4(3773 3924 3925 3774)
4(3924 4075 4076 3925)
4(4075 4226 4227 4076)
4(4226 4377 4378 4227)
4(4377 4528 4529 4378)
4(4528 4679 4680 4529)
4(4679 4830 4831 4680)
4(4830 4981 4982 4831)
4(4981 5132 5133 4982)
4(5132 5283 5284 5133)
4(5283 5434 5435 5284)
4(5434 5585 5586 5435)
4(5585 5736 5737 5586)
4(5736 5887 5888 5737)
4(5887 6038 6039 5888)
4(6038 6189 6190 6039)
4(6189 6340 6341 6190)
4(6340 6491 6492 6341)
4(6491 6642 6643 6492)
4(6642 6793 6794 6643)
4(6793 6944 6945 6794)
4(6944 7095 7096 6945)
4(7095 7246 7247 7096)
4(7246 7397 7398 7247)
4(7397 7548 7549 7398)
4(7548 7699 7700 7549)
4(7699 7850 7851 7700)
4(7850 8001 8002 7851)
4(8003 8004 8155 8154)
4(8154 8155 8306 8305)
4(8305 8306 8457 8456)
4(8456 8457 8608 8607)
4(8607 8608 8759 8758)
4(8758 8759 8910 8909)
4(8909 8910 9061 9060)
4(9060 9061 9212 9211)
4(9211 9212 9363 9362)
4(9362 9363 9514 9513)
4(9513 9514 9665 9664)
4(9664 9665 9816 9815)
4(9815 9816 9967 9966)
4(9966 9967 10118 10117)
4(10117 10118 10269 10268)
4(10268 10269 10420 10419)
4(10419 10420 10571 10570)
4(10570 10571 10722 10721)
4(10721 10722 10873 10872)
4(10872 10873 11024 11023)
4(11023 11024 11175 11174)
4(11174 11175 11326 11325)
4(11325 11326 11477 11476)
4(11476 11477 11628 11627)
4(11627 11628 11779 11778)
4(11778 11779 11930 11929)
4(11929 11930 12081 12080)
4(12080 12081 12232 12231)
4(12231 12232 12383 12382)
4(12382 12383 12534 12533)
4(12533 12534 12685 12684)
4(12684 12685 12836 12835)
4(12835 12836 12987 12986)
4(12986 12987 13138 13137)
4(13137 13138 13289 13288)
4(13288 13289 13440 13439)
4(13439 13440 13591 13590)
4(13590 13591 13742 13741)
4(13741 13742 13893 13892)
4(13892 13893 14044 14043)
4(14043 14044 14195 14194)
4(14194 14195 14346 14345)
4(14345 14346 14497 14496)
4(14496 14497 14648 14647)
4(14647 14648 14799 14798)
4(14798 14799 14950 14949)
4(14949 14950 15101 15100)
4(15100 15101 15252 15251)
4(15251 15252 15403 15402)
4(15402 15403 15554 15553)
4(15553 15554 15705 15704)
4(15704 15705 15856 15855)
4(8004 8005 8156 8155)
4(8155 8156 8307 8306)
4(8306 8307 8458 8457)
4(8457 8458 8609 8608)
4(8608 8609 8760 8759)
4(8759 8760 8911 8910)
4(8910 8911 9062 9061)
4(9061 9062 9213 9212)
4(9212 9213 9364 9363)
4(9363 9364 9515 9514)
4(9514 9515 9666 9665)
4(9665 9666 9817 9816)
4(9816 9817 9968 9967)
4(9967 9968 10119 10118)
4(10118 10119 10270 10269)
4(10269 10270 10421 10420)
4(10420 10421 10572 10571)
4(10571 10572 10723 10722)
4(10722 10723 10874 10873)
4(10873 10874 11025 11024)
4(11024 11025 11176 11175)
4(11175 11176 11327 11326)
4(11326 11327 11478 11477)
4(11477 11478 11629 11628)
4(11628 11629 11780 11779)
4(11779 11780 11931 11930)
4(11930 11931 12082 12081)
4(12081 12082 12233 12232)
4(12232 12233 12384 12383)
4(12383 12384 12535 12534)
4(12534 12535 12686 12685)
4(12685 12686 12837 12836)
4(12836 12837 12988 12987)
4(12987 12988 13139 13138)
4(13138 13139 13290 13289)
4(13289 13290 13441 13440)
4(13440 13441 13592 13591)
4(13591 13592 13743 13742)
4(13742 13743 13894 13893)
4(13893 13894 14045 14044)
4(14044 14045 14196 14195)
4(14195 14196 14347 14346)
4(14346 14347 14498 14497)
4(14497 14498 14649 14648)
4(14648 14649 14800 14799)
4(14799 14800 14951 14950)
4(14950 14951 15102 15101)
4(15101 15102 15253 15252)
4(15252 15253 15404 15403)
4(15403 15404 15555 15554)
4(15554 15555 15706 15705)
4(15705 15706 15857 15856)
4(8005 8006 8157 8156)
4(8156 8157 8308 8307)
4(8307 8308 8459 8458)
4(8458 8459 8610 8609)
4(8609 8610 8761 8760)
4(8760 8761 8912 8911)
4(8911 8912 9063 9062)
4(9062 9063 9214 9213)
4(9213 9214 9365 9364)
4(9364 9365 9516 9515)
4(9515 9516 9667 9666)
4(9666 9667 9818 9817)
4(9817 9818 9969 9968)
4(9968 9969 10120 10119)
4(10119 10120 10271 10270)
4(10270 10271 10422 10421)
4(10421 10422 10573 10572)
4(10572 10573 10724 10723)
4(10723 10724 10875 10874)
4(10874 10875 11026 11025)
4(11025 11026 11177 11176)
4(11176 11177 11328 11327)
4(11327 11328 11479 11478)
4(11478 11479 11630 11629)
4(11629 11630 11781 11780)
4(11780 11781 11932 11931)
4(11931 11932 12083 12082)
4(12082 12083 12234 12233)
4(12233 12234 12385 12384)
4(12384 12385 12536 12535)
4(12535 12536 12687 12686)
4(12686 12687 12838 12837)
4(12837 12838 12989 12988)
4(12988 12989 13140 13139)
4(13139 13140 13291 13290)
4(13290 13291 13442 13441)
4(13441 13442 13593 13592)
4(13592 13593 13744 13743)
4(13743 13744 13895 13894)
4(13894 13895 14046 14045)
4(14045 14046 14197 14196)
4(14196 14197 14348 14347)
4(14347 14348 14499 14498)
4(14498 14499 14650 14649)
4(14649 14650 14801 14800)
4(14800 14801 14952 14951)
4(14951 14952 15103 15102)
4(15102 15103 15254 15253)
4(15253 15254 15405 15404)
4(15404 15405 15556 15555)
4(15555 15556 15707 15706)
4(15706 15707 15858 15857)
4(8006 8007 8158 8157)
4(8157 8158 8309 8308)
4(8308 8309 8460 8459)
4(8459 8460 8611 8610)
4(8610 8611 8762 8761)
4(8761 8762 8913 8912)
4(8912 8913 9064 9063)
4(9063 9064 9215 9214)
4(9214 9215 9366 9365)
4(9365 9366 9517 9516)
4(9516 9517 9668 9667)
4(9667 9668 9819 9818)
4(9818 9819 9970 9969)
4(9969 9970 10121 10120)
4(10120 10121 10272 10271)
4(10271 10272 10423 10422)
4(10422 10423 10574 10573)
4(10573 10574 10725 10724)
4(10724 10725 10876 10875)
4(10875 10876 11027 11026)
4(11026 11027 11178 11177)
4(11177 11178 11329 11328)
4(11328 11329 11480 11479)
4(11479 11480 11631 11630)
4(11630 11631 11782 11781)
4(11781 11782 11933 11932)
4(11932 11933 12084 12083)
4(12083 12084 12235 12234)
4(12234 12235 12386 12385)
4(12385 12386 12537 12536)
4(12536 12537 12688 12687)
4(12687 12688 12839 12838)
4(12838 12839 12990 12989)
4(12989 12990 13141 13140)
4(13140 13141 13292 13291)
4(13291 13292 13443 13442)
4(13442 13443 13594 13593)
4(13593 13594 13745 13744)
4(13744 13745 13896 13895)
4(13895 13896 14047 14046)
4(14046 14047 14198 14197)
4(14197 14198 14349 14348)
4(14348 14349 14500 14499)
4(14499 14500 14651 14650)
4(14650 14651 14802 14801)
4(14801 14802 14953 14952)
4(14952 14953 15104 15103)
4(15103 15104 15255 15254)
4(15254 15255 15406 15405)
4(15405 15406 15557 15556)
4(15556 15557 15708 15707)
4(15707 15708 15859 15858)
4(8007 8008 8159 8158)
4(8158 8159 8310 8309)
4(8309 8310 8461 8460)
4(8460 8461 8612 8611)
4(8611 8612 8763 8762)
4(8762 8763 8914 8913)
4(8913 8914 9065 9064)
4(9064 9065 9216 9215)
4(9215 9216 9367 9366)
4(9366 9367 9518 9517)
4(9517 9518 9669 9668)
4(9668 9669 9820 9819)
4(9819 9820 9971 9970)
4(9970 9971 10122 10121)
4(10121 10122 10273 10272)
4(10272 10273 10424 10423)
4(10423 10424 10575 10574)
4(10574 10575 10726 10725)
4(10725 10726 10877 10876)
4(10876 10877 11028 11027)
4(11027 11028 11179 11178)
4(11178 11179 11330 11329)
4(11329 11330 11481 11480)
4(11480 11481 11632 11631)
4(11631 11632 11783 11782)
4(11782 11783 11934 11933)
4(11933 11934 12085 12084)
4(12084 12085 12236 12235)
4(12235 12236 12387 12386)
4(12386 12387 12538 12537)
4(12537 12538 12689 12688)
4(12688 12689 12840 12839)
4(12839 12840 12991 12990)
4(12990 12991 13142 13141)
4(13141 13142 13293 13292)
4(13292 13293 13444 13443)
4(13443 13444 13595 13594)
4(13594 13595 13746 13745)
4(13745 13746 13897 13896)
4(13896 13897 14048 14047)
4(14047 14048 14199 14198)
4(14198 14199 14350 14349)
4(14349 14350 14501 14500)
4(14500 14501 14652 14651)
4(14651 14652 14803 14802)
4(14802 14803 14954 14953)
4(14953 14954 15105 15104)
4(15104 15105 15256 15255)
4(15255 15256 15407 15406)
4(15406 15407 15558 15557)
4(15557 15558 15709 15708)
4(15708 15709 15860 15859)
4(8008 8009 8160 8159)
4(8159 8160 8311 8310)
4(8310 8311 8462 8461)
4(8461 8462 8613 8612)
4(8612 8613 8764 8763)
4(8763 8764 8915 8914)
4(8914 8915 9066 9065)
4(9065 9066 9217 9216)
4(9216 9217 9368 9367)
4(9367 9368 9519 9518)
4(9518 9519 9670 9669)
4(9669 9670 9821 9820)
4(9820 9821 9972 9971)
4(9971 9972 10123 10122)
4(10122 10123 10274 10273)
4(10273 10274 10425 10424)
4(10424 10425 10576 10575)
4(10575 10576 10727 10726)
4(10726 10727 10878 10877)
4(10877 10878 11029 11028)
4(11028 11029 11180 11179)
4(11179 11180 11331 11330)
4(11330 11331 11482 11481)
4(11481 11482 11633 11632)
4(11632 11633 11784 11783)
4(11783 11784 11935 11934)
4(11934 11935 12086 12085)
4(12085 12086 12237 12236)
4(12236 12237 12388 12387)
4(12387 12388 12539 12538)
4(12538 12539 12690 12689)
4(12689 12690 12841 12840)
4(12840 12841 12992 12991)
4(12991 12992 13143 13142)
4(13142 13143 13294 13293)
4(13293 13294 13445 13444)
4(13444 13445 13596 13595)
4(13595 13596 13747 13746)
4(13746 13747 13898 13897)
4(13897 13898 14049 14048)
4(14048 14049 14200 14199)
4(14199 14200 14351 14350)
4(14350 14351 14502 14501)
4(14501 14502 14653 14652)
4(14652 14653 14804 14803)
4(14803 14804 14955 14954)
4(14954 14955 15106 15105)
4(15105 15106 15257 15256)
4(15256 15257 15408 15407)
4(15407 15408 15559 15558)
4(15558 15559 15710 15709)
4(15709 15710 15861 15860)
4(8009 8010 8161 8160)
4(8160 8161 8312 8311)
4(8311 8312 8463 8462)
4(8462 8463 8614 8613)
4(8613 8614 8765 8764)
4(8764 8765 8916 8915)
4(8915 8916 9067 9066)
4(9066 9067 9218 9217)
4(9217 9218 9369 9368)
4(9368 9369 9520 9519)
4(9519 9520 9671 9670)
4(9670 9671 9822 9821)
4(9821 9822 9973 9972)
4(9972 9973 10124 10123)
4(10123 10124 10275 10274)
4(10274 10275 10426 10425)
4(10425 10426 10577 10576)
4(10576 10577 10728 10727)
4(10727 10728 10879 10878)
4(10878 10879 11030 11029)
4(11029 11030 11181 11180)
4(11180 11181 11332 11331)
4(11331 11332 11483 11482)
4(11482 11483 11634 11633)
4(11633 11634 11785 11784)
4(11784 11785 11936 11935)
4(11935 11936 12087 12086)
4(12086 12087 12238 12237)
4(12237 12238 12389 12388)
4(12388 12389 12540 12539)
4(12539 12540 12691 12690)
4(12690 12691 12842 12841)
4(12841 12842 12993 12992)
4(12992 12993 13144 13143)
4(13143 13144 13295 13294)
4(13294 13295 13446 13445)
4(13445 13446 13597 13596)
4(13596 13597 13748 13747)
4(13747 13748 13899 13898)
4(13898 13899 14050 14049)
4(14049 14050 14201 14200)
4(14200 14201 14352 14351)
4(14351 14352 14503 14502)
4(14502 14503 14654 14653)
4(14653 14654 14805 14804)
4(14804 14805 14956 14955)
4(14955 14956 15107 15106)
4(15106 15107 15258 15257)
4(15257 15258 15409 15408)
4(15408 15409 15560 15559)
4(15559 15560 15711 15710)
4(15710 15711 15862 15861)
4(8010 8011 8162 8161)
4(8161 8162 8313 8312)
4(8312 8313 8464 8463)
4(8463 8464 8615 8614)
4(8614 8615 8766 8765)
4(8765 8766 8917 8916)
4(8916 8917 9068 9067)
4(9067 9068 9219 9218)
4(9218 9219 9370 9369)
4(9369 9370 9521 9520)
4(9520 9521 9672 9671)
4(9671 9672 9823 9822)
4(9822 9823 9974 9973)
4(9973 9974 10125 10124)
4(10124 10125 10276 10275)
4(10275 10276 10427 10426)
4(10426 10427 10578 10577)
4(10577 10578 10729 10728)
4(10728 10729 10880 10879)
4(10879 10880 11031 11030)
4(11030 11031 11182 11181)
4(11181 11182 11333 11332)
4(11332 11333 11484 11483)
4(11483 11484 11635 11634)
4(11634 11635 11786 11785)
4(11785 11786 11937 11936)
4(11936 11937 12088 12087)
4(12087 12088 12239 12238)
4(12238 12239 12390 12389)
4(12389 12390 12541 12540)
4(12540 12541 12692 12691)
4(12691 12692 12843 12842)
4(12842 12843 12994 12993)
4(12993 12994 13145 13144)
4(13144 13145 13296 13295)
4(13295 13296 13447 13446)
4(13446 13447 13598 13597)
4(13597 13598 13749 13748)
4(13748 13749 13900 13899)
4(13899 13900 14051 14050)
4(14050 14051 14202 14201)
4(14201 14202 14353 14352)
4(14352 14353 14504 14503)
4(14503 14504 14655 14654)
4(14654 14655 14806 14805)
4(14805 14806 14957 14956)
4(14956 14957 15108 15107)
4(15107 15108 15259 15258)
4(15258 15259 15410 15409)
4(15409 15410 15561 15560)
4(15560 15561 15712 15711)
4(15711 15712 15863 15862)
4(8011 8012 8163 8162)
4(8162 8163 8314 8313)
4(8313 8314 8465 8464)
4(8464 8465 8616 8615)
4(8615 8616 8767 8766)
4(8766 8767 8918 8917)
4(8917 8918 9069 9068)
4(9068 9069 9220 9219)
4(9219 9220 9371 9370)
4(9370 9371 9522 9521)
4(9521 9522 9673 9672)
4(9672 9673 9824 9823)
4(9823 9824 9975 9974)
4(9974 9975 10126 10125)
4(10125 10126 10277 10276)
4(10276 10277 10428 10427)
4(10427 10428 10579 10578)
4(10578 10579 10730 10729)
4(10729 10730 10881 10880)
4(10880 10881 11032 11031)
4(11031 11032 11183 11182)
4(11182 11183 11334 11333)
4(11333 11334 11485 11484)
4(11484 11485 11636 11635)
4(11635 11636 11787 11786)
4(11786 11787 11938 11937)
4(11937 11938 12089 12088)
4(12088 12089 12240 12239)
4(12239 12240 12391 12390)
4(12390 12391 12542 12541)
4(12541 12542 12693 12692)
4(12692 12693 12844 12843)
4(12843 12844 12995 12994)
4(12994 12995 13146 13145)
4(13145 13146 13297 13296)
4(13296 13297 13448 13447)
4(13447 13448 13599 13598)
4(13598 13599 13750 13749)
4(13749 13750 13901 13900)
4(13900 13901 14052 14051)
4(14051 14052 14203 14202)
4(14202 14203 14354 14353)
4(14353 14354 14505 14504)
4(14504 14505 14656 14655)
4(14655 14656 14807 14806)
4(14806 14807 14958 14957)
4(14957 14958 15109 15108)
4(15108 15109 15260 15259)
4(15259 15260 15411 15410)
4(15410 15411 15562 15561)
4(15561 15562 15713 15712)
4(15712 15713 15864 15863)
4(8012 8013 8164 8163)
4(8163 8164 8315 8314)
4(8314 8315 8466 8465)
4(8465 8466 8617 8616)
4(8616 8617 8768 8767)
4(8767 8768 8919 8918)
4(8918 8919 9070 9069)
4(9069 9070 9221 9220)
4(9220 9221 9372 9371)
4(9371 9372 9523 9522)
4(9522 9523 9674 9673)
4(9673 9674 9825 9824)
4(9824 9825 9976 9975)
4(9975 9976 10127 10126)
4(10126 10127 10278 10277)
4(10277 10278 10429 10428)
4(10428 10429 10580 10579)
4(10579 10580 10731 10730)
4(10730 10731 10882 10881)
4(10881 10882 11033 11032)
4(11032 11033 11184 11183)
4(11183 11184 11335 11334)
4(11334 11335 11486 11485)
4(11485 11486 11637 11636)
4(11636 11637 11788 11787)
4(11787 11788 11939 11938)
4(11938 11939 12090 12089)
4(12089 12090 12241 12240)
4(12240 12241 12392 12391)
4(12391 12392 12543 12542)
4(12542 12543 12694 12693)
4(12693 12694 12845 12844)
4(12844 12845 12996 12995)
4(12995 12996 13147 13146)
4(13146 13147 13298 13297)
4(13297 13298 13449 13448)
4(13448 13449 13600 13599)
4(13599 13600 13751 13750)
4(13750 13751 13902 13901)
4(13901 13902 14053 14052)
4(14052 14053 14204 14203)
4(14203 14204 14355 14354)
4(14354 14355 14506 14505)
4(14505 14506 14657 14656)
4(14656 14657 14808 14807)
4(14807 14808 14959 14958)
4(14958 14959 15110 15109)
4(15109 15110 15261 15260)
4(15260 15261 15412 15411)
4(15411 15412 15563 15562)
4(15562 15563 15714 15713)
4(15713 15714 15865 15864)
4(8013 8014 8165 8164)
4(8164 8165 8316 8315)
4(8315 8316 8467 8466)
4(8466 8467 8618 8617)
4(8617 8618 8769 8768)
4(8768 8769 8920 8919)
4(8919 8920 9071 9070)
4(9070 9071 9222 9221)
4(9221 9222 9373 9372)
4(9372 9373 9524 9523)
4(9523 9524 9675 9674)
4(9674 9675 9826 9825)
4(9825 9826 9977 9976)
4(9976 9977 10128 10127)
4(10127 10128 10279 10278)
4(10278 10279 10430 10429)
4(10429 10430 10581 10580)
4(10580 10581 10732 10731)
4(10731 10732 10883 10882)
4(10882 10883 11034 11033)
4(11033 11034 11185 11184)
4(11184 11185 11336 11335)
4(11335 11336 11487 11486)
4(11486 11487 11638 11637)
4(11637 11638 11789 11788)
4(11788 11789 11940 11939)
4(11939 11940 12091 12090)
4(12090 12091 12242 12241)
4(12241 12242 12393 12392)
4(12392 12393 12544 12543)
4(12543 12544 12695 12694)
4(12694 12695 12846 12845)
4(12845 12846 12997 12996)
4(12996 12997 13148 13147)
4(13147 13148 13299 13298)
4(13298 13299 13450 13449)
4(13449 13450 13601 13600)
4(13600 13601 13752 13751)
4(13751 13752 13903 13902)
4(13902 13903 14054 14053)
4(14053 14054 14205 14204)
4(14204 14205 14356 14355)
4(14355 14356 14507 14506)
4(14506 14507 14658 14657)
4(14657 14658 14809 14808)
4(14808 14809 14960 14959)
4(14959 14960 15111 15110)
4(15110 15111 15262 15261)
4(15261 15262 15413 15412)
4(15412 15413 15564 15563)
4(15563 15564 15715 15714)
4(15714 15715 15866 15865)
4(8014 8015 8166 8165)
4(8165 8166 8317 8316)
4(8316 8317 8468 8467)
4(8467 8468 8619 8618)
4(8618 8619 8770 8769)
4(8769 8770 8921 8920)
4(8920 8921 9072 9071)
4(9071 9072 9223 9222)
4(9222 9223 9374 9373)
4(9373 9374 9525 9524)
4(9524 9525 9676 9675)
4(9675 9676 9827 9826)
4(9826 9827 9978 9977)
4(9977 9978 10129 10128)
4(10128 10129 10280 10279)
4(10279 10280 10431 10430)
4(10430 10431 10582 10581)
4(10581 10582 10733 10732)
4(10732 10733 10884 10883)
4(10883 10884 11035 11034)
4(11034 11035 11186 11185)
4(11185 11186 11337 11336)
4(11336 11337 11488 11487)
4(11487 11488 11639 11638)
4(11638 11639 11790 11789)
4(11789 11790 11941 11940)
4(11940 11941 12092 12091)
4(12091 12092 12243 12242)
4(12242 12243 12394 12393)
4(12393 12394 12545 12544)
4(12544 12545 12696 12695)
4(12695 12696 12847 12846)
4(12846 12847 12998 12997)
4(12997 12998 13149 13148)
4(13148 13149 13300 13299)
4(13299 13300 13451 13450)
4(13450 13451 13602 13601)
4(13601 13602 13753 13752)
4(13752 13753 13904 13903)
4(13903 13904 14055 14054)
4(14054 14055 14206 14205)
4(14205 14206 14357 14356)
4(14356 14357 14508 14507)
4(14507 14508 14659 14658)
4(14658 14659 14810 14809)
4(14809 14810 14961 14960)
4(14960 14961 15112 15111)
4(15111 15112 15263 15262)
4(15262 15263 15414 15413)
4(15413 15414 15565 15564)
4(15564 15565 15716 15715)
4(15715 15716 15867 15866)
4(8015 8016 8167 8166)
4(8166 8167 8318 8317)
4(8317 8318 8469 8468)
4(8468 8469 8620 8619)
4(8619 8620 8771 8770)
4(8770 8771 8922 8921)
4(8921 8922 9073 9072)
4(9072 9073 9224 9223)
4(9223 9224 9375 9374)
4(9374 9375 9526 9525)
4(9525 9526 9677 9676)
4(9676 9677 9828 9827)
4(9827 9828 9979 9978)
4(9978 9979 10130 10129)
4(10129 10130 10281 10280)
4(10280 10281 10432 10431)
4(10431 10432 10583 10582)
4(10582 10583 10734 10733)
4(10733 10734 10885 10884)
4(10884 10885 11036 11035)
4(11035 11036 11187 11186)
4(11186 11187 11338 11337)
4(11337 11338 11489 11488)
4(11488 11489 11640 11639)
4(11639 11640 11791 11790)
4(11790 11791 11942 11941)
4(11941 11942 12093 12092)
4(12092 12093 12244 12243)
4(12243 12244 12395 12394)
4(12394 12395 12546 12545)
4(12545 12546 12697 12696)
4(12696 12697 12848 12847)
4(12847 12848 12999 12998)
4(12998 12999 13150 13149)
4(13149 13150 13301 13300)
4(13300 13301 13452 13451)
4(13451 13452 13603 13602)
4(13602 13603 13754 13753)
4(13753 13754 13905 13904)
4(13904 13905 14056 14055)
4(14055 14056 14207 14206)
4(14206 14207 14358 14357)
4(14357 14358 14509 14508)
4(14508 14509 14660 14659)
4(14659 14660 14811 14810)
4(14810 14811 14962 14961)
4(14961 14962 15113 15112)
4(15112 15113 15264 15263)
4(15263 15264 15415 15414)
4(15414 15415 15566 15565)
4(15565 15566 15717 15716)
4(15716 15717 15868 15867)
4(8016 8017 8168 8167)
4(8167 8168 8319 8318)
4(8318 8319 8470 8469)
4(8469 8470 8621 8620)
4(8620 8621 8772 8771)
4(8771 8772 8923 8922)
4(8922 8923 9074 9073)
4(9073 9074 9225 9224)
4(9224 9225 9376 9375)
4(9375 9376 9527 9526)
4(9526 9527 9678 9677)
4(9677 9678 9829 9828)
4(9828 9829 9980 9979)
4(9979 9980 10131 10130)
4(10130 10131 10282 10281)
4(10281 10282 10433 10432)
4(10432 10433 10584 10583)
4(10583 10584 10735 10734)
4(10734 10735 10886 10885)
4(10885 10886 11037 11036)
4(11036 11037 11188 11187)
4(11187 11188 11339 11338)
4(11338 11339 11490 11489)
4(11489 11490 11641 11640)
4(11640 11641 11792 11791)
4(11791 11792 11943 11942)
4(11942 11943 12094 12093)
4(12093 12094 12245 12244)
4(12244 12245 12396 12395)
4(12395 12396 12547 12546)
4(12546 12547 12698 12697)
4(12697 12698 12849 12848)
4(12848 12849 13000 12999)
4(12999 13000 13151 13150)
4(13150 13151 13302 13301)
4(13301 13302 13453 13452)
4(13452 13453 13604 13603)
4(13603 13604 13755 13754)
4(13754 13755 13906 13905)
4(13905 13906 14057 14056)
4(14056 14057 14208 14207)
4(14207 14208 14359 14358)
4(14358 14359 14510 14509)
4(14509 14510 14661 14660)
4(14660 14661 14812 14811)
4(14811 14812 14963 14962)
4(14962 14963 15114 15113)
4(15113 15114 15265 15264)
4(15264 15265 15416 15415)
4(15415 15416 15567 15566)
4(15566 15567 15718 15717)
4(15717 15718 15869 15868)
4(8017 8018 8169 8168)
4(8168 8169 8320 8319)
4(8319 8320 8471 8470)
4(8470 8471 8622 8621)
4(8621 8622 8773 8772)
4(8772 8773 8924 8923)
4(8923 8924 9075 9074)
4(9074 9075 9226 9225)
4(9225 9226 9377 9376)
4(9376 9377 9528 9527)
4(9527 9528 9679 9678)
4(9678 9679 9830 9829)
4(9829 9830 9981 9980)
4(9980 9981 10132 10131)
4(10131 10132 10283 10282)
4(10282 10283 10434 10433)
4(10433 10434 10585 10584)
4(10584 10585 10736 10735)
4(10735 10736 10887 10886)
4(10886 10887 11038 11037)
4(11037 11038 11189 11188)
4(11188 11189 11340 11339)
4(11339 11340 11491 11490)
4(11490 11491 11642 11641)
4(11641 11642 11793 11792)
4(11792 11793 11944 11943)
4(11943 11944 12095 12094)
4(12094 12095 12246 12245)
4(12245 12246 12397 12396)
4(12396 12397 12548 12547)
4(12547 12548 12699 12698)
4(12698 12699 12850 12849)
4(12849 12850 13001 13000)
4(13000 13001 13152 13151)
4(13151 13152 13303 13302)
4(13302 13303 13454 13453)
4(13453 13454 13605 13604)
4(13604 13605 13756 13755)
4(13755 13756 13907 13906)
4(13906 13907 14058 14057)
4(14057 14058 14209 14208)
4(14208 14209 14360 14359)
4(14359 14360 14511 14510)
4(14510 14511 14662 14661)
4(14661 14662 14813 14812)
4(14812 14813 14964 14963)
4(14963 14964 15115 15114)
4(15114 15115 15266 15265)
4(15265 15266 15417 15416)
4(15416 15417 15568 15567)
4(15567 15568 15719 15718)
4(15718 15719 15870 15869)
4(8018 8019 8170 8169)
4(8169 8170 8321 8320)
4(8320 8321 8472 8471)
4(8471 8472 8623 8622)
4(8622 8623 8774 8773)
4(8773 8774 8925 8924)
4(8924 8925 9076 9075)
4(9075 9076 9227 9226)
4(9226 9227 9378 9377)
4(9377 9378 9529 9528)
4(9528 9529 9680 9679)
4(9679 9680 9831 9830)
4(9830 9831 9982 9981)
4(9981 9982 10133 10132)
4(10132 10133 10284 10283)
4(10283 10284 10435 10434)
4(10434 10435 10586 10585)
4(10585 10586 10737 10736)
4(10736 10737 10888 10887)
4(10887 10888 11039 11038)
4(11038 11039 11190 11189)
4(11189 11190 11341 11340)
4(11340 11341 11492 11491)
4(11491 11492 11643 11642)
4(11642 11643 11794 11793)
4(11793 11794 11945 11944)
4(11944 11945 12096 12095)
4(12095 12096 12247 12246)
4(12246 12247 12398 12397)
4(12397 12398 12549 12548)
4(12548 12549 12700 12699)
4(12699 12700 12851 12850)
4(12850 12851 13002 13001)
4(13001 13002 13153 13152)
4(13152 13153 13304 13303)
4(13303 13304 13455 13454)
4(13454 13455 13606 13605)
4(13605 13606 13757 13756)
4(13756 13757 13908 13907)
4(13907 13908 14059 14058)
4(14058 14059 14210 14209)
4(14209 14210 14361 14360)
4(14360 14361 14512 14511)
4(14511 14512 14663 14662)
4(14662 14663 14814 14813)
4(14813 14814 14965 14964)
4(14964 14965 15116 15115)
4(15115 15116 15267 15266)
4(15266 15267 15418 15417)
4(15417 15418 15569 15568)
4(15568 15569 15720 15719)
4(15719 15720 15871 15870)
4(8019 8020 8171 8170)
4(8170 8171 8322 8321)
4(8321 8322 8473 8472)
4(8472 8473 8624 8623)
4(8623 8624 8775 8774)
4(8774 8775 8926 8925)
4(8925 8926 9077 9076)
4(9076 9077 9228 9227)
4(9227 9228 9379 9378)
4(9378 9379 9530 9529)
4(9529 9530 9681 9680)
4(9680 9681 9832 9831)
4(9831 9832 9983 9982)
4(9982 9983 10134 10133)
4(10133 10134 10285 10284)
4(10284 10285 10436 10435)
4(10435 10436 10587 10586)
4(10586 10587 10738 10737)
4(10737 10738 10889 10888)
4(10888 10889 11040 11039)
4(11039 11040 11191 11190)
4(11190 11191 11342 11341)
4(11341 11342 11493 11492)
4(11492 11493 11644 11643)
4(11643 11644 11795 11794)
4(11794 11795 11946 11945)
4(11945 11946 12097 12096)
4(12096 12097 12248 12247)
4(12247 12248 12399 12398)
4(12398 12399 12550 12549)
4(12549 12550 12701 12700)
4(12700 12701 12852 12851)
4(12851 12852 13003 13002)
4(13002 13003 13154 13153)
4(13153 13154 13305 13304)
4(13304 13305 13456 13455)
4(13455 13456 13607 13606)
4(13606 13607 13758 13757)
4(13757 13758 13909 13908)
4(13908 13909 14060 14059)
4(14059 14060 14211 14210)
4(14210 14211 14362 14361)
4(14361 14362 14513 14512)
4(14512 14513 14664 14663)
4(14663 14664 14815 14814)
4(14814 14815 14966 14965)
4(14965 14966 15117 15116)
4(15116 15117 15268 15267)
4(15267 15268 15419 15418)
4(15418 15419 15570 15569)
4(15569 15570 15721 15720)
4(15720 15721 15872 15871)
4(8020 8021 8172 8171)
4(8171 8172 8323 8322)
4(8322 8323 8474 8473)
4(8473 8474 8625 8624)
4(8624 8625 8776 8775)
4(8775 8776 8927 8926)
4(8926 8927 9078 9077)
4(9077 9078 9229 9228)
4(9228 9229 9380 9379)
4(9379 9380 9531 9530)
4(9530 9531 9682 9681)
4(9681 9682 9833 9832)
4(9832 9833 9984 9983)
4(9983 9984 10135 10134)
4(10134 10135 10286 10285)
4(10285 10286 10437 10436)
4(10436 10437 10588 10587)
4(10587 10588 10739 10738)
4(10738 10739 10890 10889)
4(10889 10890 11041 11040)
4(11040 11041 11192 11191)
4(11191 11192 11343 11342)
4(11342 11343 11494 11493)
4(11493 11494 11645 11644)
4(11644 11645 11796 11795)
4(11795 11796 11947 11946)
4(11946 11947 12098 12097)
4(12097 12098 12249 12248)
4(12248 12249 12400 12399)
4(12399 12400 12551 12550)
4(12550 12551 12702 12701)
4(12701 12702 12853 12852)
4(12852 12853 13004 13003)
4(13003 13004 13155 13154)
4(13154 13155 13306 13305)
4(13305 13306 13457 13456)
4(13456 13457 13608 13607)
4(13607 13608 13759 13758)
4(13758 13759 13910 13909)
4(13909 13910 14061 14060)
4(14060 14061 14212 14211)
4(14211 14212 14363 14362)
4(14362 14363 14514 14513)
4(14513 14514 14665 14664)
4(14664 14665 14816 14815)
4(14815 14816 14967 14966)
4(14966 14967 15118 15117)
4(15117 15118 15269 15268)
4(15268 15269 15420 15419)
4(15419 15420 15571 15570)
4(15570 15571 15722 15721)
4(15721 15722 15873 15872)
4(8021 8022 8173 8172)
4(8172 8173 8324 8323)
4(8323 8324 8475 8474)
4(8474 8475 8626 8625)
4(8625 8626 8777 8776)
4(8776 8777 8928 8927)
4(8927 8928 9079 9078)
4(9078 9079 9230 9229)
4(9229 9230 9381 9380)
4(9380 9381 9532 9531)
4(9531 9532 9683 9682)
4(9682 9683 9834 9833)
4(9833 9834 9985 9984)
4(9984 9985 10136 10135)
4(10135 10136 10287 10286)
4(10286 10287 10438 10437)
4(10437 10438 10589 10588)
4(10588 10589 10740 10739)
4(10739 10740 10891 10890)
4(10890 10891 11042 11041)
4(11041 11042 11193 11192)
4(11192 11193 11344 11343)
4(11343 11344 11495 11494)
4(11494 11495 11646 11645)
4(11645 11646 11797 11796)
4(11796 11797 11948 11947)
4(11947 11948 12099 12098)
4(12098 12099 12250 12249)
4(12249 12250 12401 12400)
4(12400 12401 12552 12551)
4(12551 12552 12703 12702)
4(12702 12703 12854 12853)
4(12853 12854 13005 13004)
4(13004 13005 13156 13155)
4(13155 13156 13307 13306)
4(13306 13307 13458 13457)
4(13457 13458 13609 13608)
4(13608 13609 13760 13759)
4(13759 13760 13911 13910)
4(13910 13911 14062 14061)
4(14061 14062 14213 14212)
4(14212 14213 14364 14363)
4(14363 14364 14515 14514)
4(14514 14515 14666 14665)
4(14665 14666 14817 14816)
4(14816 14817 14968 14967)
4(14967 14968 15119 15118)
4(15118 15119 15270 15269)
4(15269 15270 15421 15420)
4(15420 15421 15572 15571)
4(15571 15572 15723 15722)
4(15722 15723 15874 15873)
4(8022 8023 8174 8173)
4(8173 8174 8325 8324)
4(8324 8325 8476 8475)
4(8475 8476 8627 8626)
4(8626 8627 8778 8777)
4(8777 8778 8929 8928)
4(8928 8929 9080 9079)
4(9079 9080 9231 9230)
4(9230 9231 9382 9381)
4(9381 9382 9533 9532)
4(9532 9533 9684 9683)
4(9683 9684 9835 9834)
4(9834 9835 9986 9985)
4(9985 9986 10137 10136)
4(10136 10137 10288 10287)
4(10287 10288 10439 10438)
4(10438 10439 10590 10589)
4(10589 10590 10741 10740)
4(10740 10741 10892 10891)
4(10891 10892 11043 11042)
4(11042 11043 11194 11193)
4(11193 11194 11345 11344)
4(11344 11345 11496 11495)
4(11495 11496 11647 11646)
4(11646 11647 11798 11797)
4(11797 11798 11949 11948)
4(11948 11949 12100 12099)
4(12099 12100 12251 12250)
4(12250 12251 12402 12401)
4(12401 12402 12553 12552)
4(12552 12553 12704 12703)
4(12703 12704 12855 12854)
4(12854 12855 13006 13005)
4(13005 13006 13157 13156)
4(13156 13157 13308 13307)
4(13307 13308 13459 13458)
4(13458 13459 13610 13609)
4(13609 13610 13761 13760)
4(13760 13761 13912 13911)
4(13911 13912 14063 14062)
4(14062 14063 14214 14213)
4(14213 14214 14365 14364)
4(14364 14365 14516 14515)
4(14515 14516 14667 14666)
4(14666 14667 14818 14817)
4(14817 14818 14969 14968)
4(14968 14969 15120 15119)
4(15119 15120 15271 15270)
4(15270 15271 15422 15421)
4(15421 15422 15573 15572)
4(15572 15573 15724 15723)
4(15723 15724 15875 15874)
4(8023 8024 8175 8174)
4(8174 8175 8326 8325)
4(8325 8326 8477 8476)
4(8476 8477 8628 8627)
4(8627 8628 8779 8778)
4(8778 8779 8930 8929)
4(8929 8930 9081 9080)
4(9080 9081 9232 9231)
4(9231 9232 9383 9382)
4(9382 9383 9534 9533)
4(9533 9534 9685 9684)
4(9684 9685 9836 9835)
4(9835 9836 9987 9986)
4(9986 9987 10138 10137)
4(10137 10138 10289 10288)
4(10288 10289 10440 10439)
4(10439 10440 10591 10590)
4(10590 10591 10742 10741)
4(10741 10742 10893 10892)
4(10892 10893 11044 11043)
4(11043 11044 11195 11194)
4(11194 11195 11346 11345)
4(11345 11346 11497 11496)
4(11496 11497 11648 11647)
4(11647 11648 11799 11798)
4(11798 11799 11950 11949)
4(11949 11950 12101 12100)
4(12100 12101 12252 12251)
4(12251 12252 12403 12402)
4(12402 12403 12554 12553)
4(12553 12554 12705 12704)
4(12704 12705 12856 12855)
4(12855 12856 13007 13006)
4(13006 13007 13158 13157)
4(13157 13158 13309 13308)
4(13308 13309 13460 13459)
4(13459 13460 13611 13610)
4(13610 13611 13762 13761)
4(13761 13762 13913 13912)
4(13912 13913 14064 14063)
4(14063 14064 14215 14214)
4(14214 14215 14366 14365)
4(14365 14366 14517 14516)
4(14516 14517 14668 14667)
4(14667 14668 14819 14818)
4(14818 14819 14970 14969)
4(14969 14970 15121 15120)
4(15120 15121 15272 15271)
4(15271 15272 15423 15422)
4(15422 15423 15574 15573)
4(15573 15574 15725 15724)
4(15724 15725 15876 15875)
4(8024 8025 8176 8175)
4(8175 8176 8327 8326)
4(8326 8327 8478 8477)
4(8477 8478 8629 8628)
4(8628 8629 8780 8779)
4(8779 8780 8931 8930)
4(8930 8931 9082 9081)
4(9081 9082 9233 9232)
4(9232 9233 9384 9383)
4(9383 9384 9535 9534)
4(9534 9535 9686 9685)
4(9685 9686 9837 9836)
4(9836 9837 9988 9987)
4(9987 9988 10139 10138)
4(10138 10139 10290 10289)
4(10289 10290 10441 10440)
4(10440 10441 10592 10591)
4(10591 10592 10743 10742)
4(10742 10743 10894 10893)
4(10893 10894 11045 11044)
4(11044 11045 11196 11195)
4(11195 11196 11347 11346)
4(11346 11347 11498 11497)
4(11497 11498 11649 11648)
4(11648 11649 11800 11799)
4(11799 11800 11951 11950)
4(11950 11951 12102 12101)
4(12101 12102 12253 12252)
4(12252 12253 12404 12403)
4(12403 12404 12555 12554)
4(12554 12555 12706 12705)
4(12705 12706 12857 12856)
4(12856 12857 13008 13007)
4(13007 13008 13159 13158)
4(13158 13159 13310 13309)
4(13309 13310 13461 13460)
4(13460 13461 13612 13611)
4(13611 13612 13763 13762)
4(13762 13763 13914 13913)
4(13913 13914 14065 14064)
4(14064 14065 14216 14215)
4(14215 14216 14367 14366)
4(14366 14367 14518 14517)
4(14517 14518 14669 14668)
4(14668 14669 14820 14819)
4(14819 14820 14971 14970)
4(14970 14971 15122 15121)
4(15121 15122 15273 15272)
4(15272 15273 15424 15423)
4(15423 15424 15575 15574)
4(15574 15575 15726 15725)
4(15725 15726 15877 15876)
4(8025 8026 8177 8176)
4(8176 8177 8328 8327)
4(8327 8328 8479 8478)
4(8478 8479 8630 8629)
4(8629 8630 8781 8780)
4(8780 8781 8932 8931)
4(8931 8932 9083 9082)
4(9082 9083 9234 9233)
4(9233 9234 9385 9384)
4(9384 9385 9536 9535)
4(9535 9536 9687 9686)
4(9686 9687 9838 9837)
4(9837 9838 9989 9988)
4(9988 9989 10140 10139)
4(10139 10140 10291 10290)
4(10290 10291 10442 10441)
4(10441 10442 10593 10592)
4(10592 10593 10744 10743)
4(10743 10744 10895 10894)
4(10894 10895 11046 11045)
4(11045 11046 11197 11196)
4(11196 11197 11348 11347)
4(11347 11348 11499 11498)
4(11498 11499 11650 11649)
4(11649 11650 11801 11800)
4(11800 11801 11952 11951)
4(11951 11952 12103 12102)
4(12102 12103 12254 12253)
4(12253 12254 12405 12404)
4(12404 12405 12556 12555)
4(12555 12556 12707 12706)
4(12706 12707 12858 12857)
4(12857 12858 13009 13008)
4(13008 13009 13160 13159)
4(13159 13160 13311 13310)
4(13310 13311 13462 13461)
4(13461 13462 13613 13612)
4(13612 13613 13764 13763)
4(13763 13764 13915 13914)
4(13914 13915 14066 14065)
4(14065 14066 14217 14216)
4(14216 14217 14368 14367)
4(14367 14368 14519 14518)
4(14518 14519 14670 14669)
4(14669 14670 14821 14820)
4(14820 14821 14972 14971)
4(14971 14972 15123 15122)
4(15122 15123 15274 15273)
4(15273 15274 15425 15424)
4(15424 15425 15576 15575)
4(15575 15576 15727 15726)
4(15726 15727 15878 15877)
4(8026 8027 8178 8177)
4(8177 8178 8329 8328)
4(8328 8329 8480 8479)
4(8479 8480 8631 8630)
4(8630 8631 8782 8781)
4(8781 8782 8933 8932)
4(8932 8933 9084 9083)
4(9083 9084 9235 9234)
4(9234 9235 9386 9385)
4(9385 9386 9537 9536)
4(9536 9537 9688 9687)
4(9687 9688 9839 9838)
4(9838 9839 9990 9989)
4(9989 9990 10141 10140)
4(10140 10141 10292 10291)
4(10291 10292 10443 10442)
4(10442 10443 10594 10593)
4(10593 10594 10745 10744)
4(10744 10745 10896 10895)
4(10895 10896 11047 11046)
4(11046 11047 11198 11197)
4(11197 11198 11349 11348)
4(11348 11349 11500 11499)
4(11499 11500 11651 11650)
4(11650 11651 11802 11801)
4(11801 11802 11953 11952)
4(11952 11953 12104 12103)
4(12103 12104 12255 12254)
4(12254 12255 12406 12405)
4(12405 12406 12557 12556)
4(12556 12557 12708 12707)
4(12707 12708 12859 12858)
4(12858 12859 13010 13009)
4(13009 13010 13161 13160)
4(13160 13161 13312 13311)
4(13311 13312 13463 13462)
4(13462 13463 13614 13613)
4(13613 13614 13765 13764)
4(13764 13765 13916 13915)
4(13915 13916 14067 14066)
4(14066 14067 14218 14217)
4(14217 14218 14369 14368)
4(14368 14369 14520 14519)
4(14519 14520 14671 14670)
4(14670 14671 14822 14821)
4(14821 14822 14973 14972)
4(14972 14973 15124 15123)
4(15123 15124 15275 15274)
4(15274 15275 15426 15425)
4(15425 15426 15577 15576)
4(15576 15577 15728 15727)
4(15727 15728 15879 15878)
4(8027 8028 8179 8178)
4(8178 8179 8330 8329)
4(8329 8330 8481 8480)
4(8480 8481 8632 8631)
4(8631 8632 8783 8782)
4(8782 8783 8934 8933)
4(8933 8934 9085 9084)
4(9084 9085 9236 9235)
4(9235 9236 9387 9386)
4(9386 9387 9538 9537)
4(9537 9538 9689 9688)
4(9688 9689 9840 9839)
4(9839 9840 9991 9990)
4(9990 9991 10142 10141)
4(10141 10142 10293 10292)
4(10292 10293 10444 10443)
4(10443 10444 10595 10594)
4(10594 10595 10746 10745)
4(10745 10746 10897 10896)
4(10896 10897 11048 11047)
4(11047 11048 11199 11198)
4(11198 11199 11350 11349)
4(11349 11350 11501 11500)
4(11500 11501 11652 11651)
4(11651 11652 11803 11802)
4(11802 11803 11954 11953)
4(11953 11954 12105 12104)
4(12104 12105 12256 12255)
4(12255 12256 12407 12406)
4(12406 12407 12558 12557)
4(12557 12558 12709 12708)
4(12708 12709 12860 12859)
4(12859 12860 13011 13010)
4(13010 13011 13162 13161)
4(13161 13162 13313 13312)
4(13312 13313 13464 13463)
4(13463 13464 13615 13614)
4(13614 13615 13766 13765)
4(13765 13766 13917 13916)
4(13916 13917 14068 14067)
4(14067 14068 14219 14218)
4(14218 14219 14370 14369)
4(14369 14370 14521 14520)
4(14520 14521 14672 14671)
4(14671 14672 14823 14822)
4(14822 14823 14974 14973)
4(14973 14974 15125 15124)
4(15124 15125 15276 15275)
4(15275 15276 15427 15426)
4(15426 15427 15578 15577)
4(15577 15578 15729 15728)
4(15728 15729 15880 15879)
4(8028 8029 8180 8179)
4(8179 8180 8331 8330)
4(8330 8331 8482 8481)
4(8481 8482 8633 8632)
4(8632 8633 8784 8783)
4(8783 8784 8935 8934)
4(8934 8935 9086 9085)
4(9085 9086 9237 9236)
4(9236 9237 9388 9387)
4(9387 9388 9539 9538)
4(9538 9539 9690 9689)
4(9689 9690 9841 9840)
4(9840 9841 9992 9991)
4(9991 9992 10143 10142)
4(10142 10143 10294 10293)
4(10293 10294 10445 10444)
4(10444 10445 10596 10595)
4(10595 10596 10747 10746)
4(10746 10747 10898 10897)
4(10897 10898 11049 11048)
4(11048 11049 11200 11199)
4(11199 11200 11351 11350)
4(11350 11351 11502 11501)
4(11501 11502 11653 11652)
4(11652 11653 11804 11803)
4(11803 11804 11955 11954)
4(11954 11955 12106 12105)
4(12105 12106 12257 12256)
4(12256 12257 12408 12407)
4(12407 12408 12559 12558)
4(12558 12559 12710 12709)
4(12709 12710 12861 12860)
4(12860 12861 13012 13011)
4(13011 13012 13163 13162)
4(13162 13163 13314 13313)
4(13313 13314 13465 13464)
4(13464 13465 13616 13615)
4(13615 13616 13767 13766)
4(13766 13767 13918 13917)
4(13917 13918 14069 14068)
4(14068 14069 14220 14219)
4(14219 14220 14371 14370)
4(14370 14371 14522 14521)
4(14521 14522 14673 14672)
4(14672 14673 14824 14823)
4(14823 14824 14975 14974)
4(14974 14975 15126 15125)
4(15125 15126 15277 15276)
4(15276 15277 15428 15427)
4(15427 15428 15579 15578)
4(15578 15579 15730 15729)
4(15729 15730 15881 15880)
4(8029 8030 8181 8180)
4(8180 8181 8332 8331)
4(8331 8332 8483 8482)
4(8482 8483 8634 8633)
4(8633 8634 8785 8784)
4(8784 8785 8936 8935)
4(8935 8936 9087 9086)
4(9086 9087 9238 9237)
4(9237 9238 9389 9388)
4(9388 9389 9540 9539)
4(9539 9540 9691 9690)
4(9690 9691 9842 9841)
4(9841 9842 9993 9992)
4(9992 9993 10144 10143)
4(10143 10144 10295 10294)
4(10294 10295 10446 10445)
4(10445 10446 10597 10596)
4(10596 10597 10748 10747)
4(10747 10748 10899 10898)
4(10898 10899 11050 11049)
4(11049 11050 11201 11200)
4(11200 11201 11352 11351)
4(11351 11352 11503 11502)
4(11502 11503 11654 11653)
4(11653 11654 11805 11804)
4(11804 11805 11956 11955)
4(11955 11956 12107 12106)
4(12106 12107 12258 12257)
4(12257 12258 12409 12408)
4(12408 12409 12560 12559)
4(12559 12560 12711 12710)
4(12710 12711 12862 12861)
4(12861 12862 13013 13012)
4(13012 13013 13164 13163)
4(13163 13164 13315 13314)
4(13314 13315 13466 13465)
4(13465 13466 13617 13616)
4(13616 13617 13768 13767)
4(13767 13768 13919 13918)
4(13918 13919 14070 14069)
4(14069 14070 14221 14220)
4(14220 14221 14372 14371)
4(14371 14372 14523 14522)
4(14522 14523 14674 14673)
4(14673 14674 14825 14824)
4(14824 14825 14976 14975)
4(14975 14976 15127 15126)
4(15126 15127 15278 15277)
4(15277 15278 15429 15428)
4(15428 15429 15580 15579)
4(15579 15580 15731 15730)
4(15730 15731 15882 15881)
4(8030 8031 8182 8181)
4(8181 8182 8333 8332)
4(8332 8333 8484 8483)
4(8483 8484 8635 8634)
4(8634 8635 8786 8785)
4(8785 8786 8937 8936)
4(8936 8937 9088 9087)
4(9087 9088 9239 9238)
4(9238 9239 9390 9389)
4(9389 9390 9541 9540)
4(9540 9541 9692 9691)
4(9691 9692 9843 9842)
4(9842 9843 9994 9993)
4(9993 9994 10145 10144)
4(10144 10145 10296 10295)
4(10295 10296 10447 10446)
4(10446 10447 10598 10597)
4(10597 10598 10749 10748)
4(10748 10749 10900 10899)
4(10899 10900 11051 11050)
4(11050 11051 11202 11201)
4(11201 11202 11353 11352)
4(11352 11353 11504 11503)
4(11503 11504 11655 11654)
4(11654 11655 11806 11805)
4(11805 11806 11957 11956)
4(11956 11957 12108 12107)
4(12107 12108 12259 12258)
4(12258 12259 12410 12409)
4(12409 12410 12561 12560)
4(12560 12561 12712 12711)
4(12711 12712 12863 12862)
4(12862 12863 13014 13013)
4(13013 13014 13165 13164)
4(13164 13165 13316 13315)
4(13315 13316 13467 13466)
4(13466 13467 13618 13617)
4(13617 13618 13769 13768)
4(13768 13769 13920 13919)
4(13919 13920 14071 14070)
4(14070 14071 14222 14221)
4(14221 14222 14373 14372)
4(14372 14373 14524 14523)
4(14523 14524 14675 14674)
4(14674 14675 14826 14825)
4(14825 14826 14977 14976)
4(14976 14977 15128 15127)
4(15127 15128 15279 15278)
4(15278 15279 15430 15429)
4(15429 15430 15581 15580)
4(15580 15581 15732 15731)
4(15731 15732 15883 15882)
4(8031 8032 8183 8182)
4(8182 8183 8334 8333)
4(8333 8334 8485 8484)
4(8484 8485 8636 8635)
4(8635 8636 8787 8786)
4(8786 8787 8938 8937)
4(8937 8938 9089 9088)
4(9088 9089 9240 9239)
4(9239 9240 9391 9390)
4(9390 9391 9542 9541)
4(9541 9542 9693 9692)
4(9692 9693 9844 9843)
4(9843 9844 9995 9994)
4(9994 9995 10146 10145)
4(10145 10146 10297 10296)
4(10296 10297 10448 10447)
4(10447 10448 10599 10598)
4(10598 10599 10750 10749)
4(10749 10750 10901 10900)
4(10900 10901 11052 11051)
4(11051 11052 11203 11202)
4(11202 11203 11354 11353)
4(11353 11354 11505 11504)
4(11504 11505 11656 11655)
4(11655 11656 11807 11806)
4(11806 11807 11958 11957)
4(11957 11958 12109 12108)
4(12108 12109 12260 12259)
4(12259 12260 12411 12410)
4(12410 12411 12562 12561)
4(12561 12562 12713 12712)
4(12712 12713 12864 12863)
4(12863 12864 13015 13014)
4(13014 13015 13166 13165)
4(13165 13166 13317 13316)
4(13316 13317 13468 13467)
4(13467 13468 13619 13618)
4(13618 13619 13770 13769)
4(13769 13770 13921 13920)
4(13920 13921 14072 14071)
4(14071 14072 14223 14222)
4(14222 14223 14374 14373)
4(14373 14374 14525 14524)
4(14524 14525 14676 14675)
4(14675 14676 14827 14826)
4(14826 14827 14978 14977)
4(14977 14978 15129 15128)
4(15128 15129 15280 15279)
4(15279 15280 15431 15430)
4(15430 15431 15582 15581)
4(15581 15582 15733 15732)
4(15732 15733 15884 15883)
4(8032 8033 8184 8183)
4(8183 8184 8335 8334)
4(8334 8335 8486 8485)
4(8485 8486 8637 8636)
4(8636 8637 8788 8787)
4(8787 8788 8939 8938)
4(8938 8939 9090 9089)
4(9089 9090 9241 9240)
4(9240 9241 9392 9391)
4(9391 9392 9543 9542)
4(9542 9543 9694 9693)
4(9693 9694 9845 9844)
4(9844 9845 9996 9995)
4(9995 9996 10147 10146)
4(10146 10147 10298 10297)
4(10297 10298 10449 10448)
4(10448 10449 10600 10599)
4(10599 10600 10751 10750)
4(10750 10751 10902 10901)
4(10901 10902 11053 11052)
4(11052 11053 11204 11203)
4(11203 11204 11355 11354)
4(11354 11355 11506 11505)
4(11505 11506 11657 11656)
4(11656 11657 11808 11807)
4(11807 11808 11959 11958)
4(11958 11959 12110 12109)
4(12109 12110 12261 12260)
4(12260 12261 12412 12411)
4(12411 12412 12563 12562)
4(12562 12563 12714 12713)
4(12713 12714 12865 12864)
4(12864 12865 13016 13015)
4(13015 13016 13167 13166)
4(13166 13167 13318 13317)
4(13317 13318 13469 13468)
4(13468 13469 13620 13619)
4(13619 13620 13771 13770)
4(13770 13771 13922 13921)
4(13921 13922 14073 14072)
4(14072 14073 14224 14223)
4(14223 14224 14375 14374)
4(14374 14375 14526 14525)
4(14525 14526 14677 14676)
4(14676 14677 14828 14827)
4(14827 14828 14979 14978)
4(14978 14979 15130 15129)
4(15129 15130 15281 15280)
4(15280 15281 15432 15431)
4(15431 15432 15583 15582)
4(15582 15583 15734 15733)
4(15733 15734 15885 15884)
4(8033 8034 8185 8184)
4(8184 8185 8336 8335)
4(8335 8336 8487 8486)
4(8486 8487 8638 8637)
4(8637 8638 8789 8788)
4(8788 8789 8940 8939)
4(8939 8940 9091 9090)
4(9090 9091 9242 9241)
4(9241 9242 9393 9392)
4(9392 9393 9544 9543)
4(9543 9544 9695 9694)
4(9694 9695 9846 9845)
4(9845 9846 9997 9996)
4(9996 9997 10148 10147)
4(10147 10148 10299 10298)
4(10298 10299 10450 10449)
4(10449 10450 10601 10600)
4(10600 10601 10752 10751)
4(10751 10752 10903 10902)
4(10902 10903 11054 11053)
4(11053 11054 11205 11204)
4(11204 11205 11356 11355)
4(11355 11356 11507 11506)
4(11506 11507 11658 11657)
4(11657 11658 11809 11808)
4(11808 11809 11960 11959)
4(11959 11960 12111 12110)
4(12110 12111 12262 12261)
4(12261 12262 12413 12412)
4(12412 12413 12564 12563)
4(12563 12564 12715 12714)
4(12714 12715 12866 12865)
4(12865 12866 13017 13016)
4(13016 13017 13168 13167)
4(13167 13168 13319 13318)
4(13318 13319 13470 13469)
4(13469 13470 13621 13620)
4(13620 13621 13772 13771)
4(13771 13772 13923 13922)
4(13922 13923 14074 14073)
4(14073 14074 14225 14224)
4(14224 14225 14376 14375)
4(14375 14376 14527 14526)
4(14526 14527 14678 14677)
4(14677 14678 14829 14828)
4(14828 14829 14980 14979)
4(14979 14980 15131 15130)
4(15130 15131 15282 15281)
4(15281 15282 15433 15432)
4(15432 15433 15584 15583)
4(15583 15584 15735 15734)
4(15734 15735 15886 15885)
4(8034 8035 8186 8185)
4(8185 8186 8337 8336)
4(8336 8337 8488 8487)
4(8487 8488 8639 8638)
4(8638 8639 8790 8789)
4(8789 8790 8941 8940)
4(8940 8941 9092 9091)
4(9091 9092 9243 9242)
4(9242 9243 9394 9393)
4(9393 9394 9545 9544)
4(9544 9545 9696 9695)
4(9695 9696 9847 9846)
4(9846 9847 9998 9997)
4(9997 9998 10149 10148)
4(10148 10149 10300 10299)
4(10299 10300 10451 10450)
4(10450 10451 10602 10601)
4(10601 10602 10753 10752)
4(10752 10753 10904 10903)
4(10903 10904 11055 11054)
4(11054 11055 11206 11205)
4(11205 11206 11357 11356)
4(11356 11357 11508 11507)
4(11507 11508 11659 11658)
4(11658 11659 11810 11809)
4(11809 11810 11961 11960)
4(11960 11961 12112 12111)
4(12111 12112 12263 12262)
4(12262 12263 12414 12413)
4(12413 12414 12565 12564)
4(12564 12565 12716 12715)
4(12715 12716 12867 12866)
4(12866 12867 13018 13017)
4(13017 13018 13169 13168)
4(13168 13169 13320 13319)
4(13319 13320 13471 13470)
4(13470 13471 13622 13621)
4(13621 13622 13773 13772)
4(13772 13773 13924 13923)
4(13923 13924 14075 14074)
4(14074 14075 14226 14225)
4(14225 14226 14377 14376)
4(14376 14377 14528 14527)
4(14527 14528 14679 14678)
4(14678 14679 14830 14829)
4(14829 14830 14981 14980)
4(14980 14981 15132 15131)
4(15131 15132 15283 15282)
4(15282 15283 15434 15433)
4(15433 15434 15585 15584)
4(15584 15585 15736 15735)
4(15735 15736 15887 15886)
4(8035 8036 8187 8186)
4(8186 8187 8338 8337)
4(8337 8338 8489 8488)
4(8488 8489 8640 8639)
4(8639 8640 8791 8790)
4(8790 8791 8942 8941)
4(8941 8942 9093 9092)
4(9092 9093 9244 9243)
4(9243 9244 9395 9394)
4(9394 9395 9546 9545)
4(9545 9546 9697 9696)
4(9696 9697 9848 9847)
4(9847 9848 9999 9998)
4(9998 9999 10150 10149)
4(10149 10150 10301 10300)
4(10300 10301 10452 10451)
4(10451 10452 10603 10602)
4(10602 10603 10754 10753)
4(10753 10754 10905 10904)
4(10904 10905 11056 11055)
4(11055 11056 11207 11206)
4(11206 11207 11358 11357)
4(11357 11358 11509 11508)
4(11508 11509 11660 11659)
4(11659 11660 11811 11810)
4(11810 11811 11962 11961)
4(11961 11962 12113 12112)
4(12112 12113 12264 12263)
4(12263 12264 12415 12414)
4(12414 12415 12566 12565)
4(12565 12566 12717 12716)
4(12716 12717 12868 12867)
4(12867 12868 13019 13018)
4(13018 13019 13170 13169)
4(13169 13170 13321 13320)
4(13320 13321 13472 13471)
4(13471 13472 13623 13622)
4(13622 13623 13774 13773)
4(13773 13774 13925 13924)
4(13924 13925 14076 14075)
4(14075 14076 14227 14226)
4(14226 14227 14378 14377)
4(14377 14378 14529 14528)
4(14528 14529 14680 14679)
4(14679 14680 14831 14830)
4(14830 14831 14982 14981)
4(14981 14982 15133 15132)
4(15132 15133 15284 15283)
4(15283 15284 15435 15434)
4(15434 15435 15586 15585)
4(15585 15586 15737 15736)
4(15736 15737 15888 15887)
4(8036 8037 8188 8187)
4(8187 8188 8339 8338)
4(8338 8339 8490 8489)
4(8489 8490 8641 8640)
4(8640 8641 8792 8791)
4(8791 8792 8943 8942)
4(8942 8943 9094 9093)
4(9093 9094 9245 9244)
4(9244 9245 9396 9395)
4(9395 9396 9547 9546)
4(9546 9547 9698 9697)
4(9697 9698 9849 9848)
4(9848 9849 10000 9999)
4(9999 10000 10151 10150)
4(10150 10151 10302 10301)
4(10301 10302 10453 10452)
4(10452 10453 10604 10603)
4(10603 10604 10755 10754)
4(10754 10755 10906 10905)
4(10905 10906 11057 11056)
4(11056 11057 11208 11207)
4(11207 11208 11359 11358)
4(11358 11359 11510 11509)
4(11509 11510 11661 11660)
4(11660 11661 11812 11811)
4(11811 11812 11963 11962)
4(11962 11963 12114 12113)
4(12113 12114 12265 12264)
4(12264 12265 12416 12415)
4(12415 12416 12567 12566)
4(12566 12567 12718 12717)
4(12717 12718 12869 12868)
4(12868 12869 13020 13019)
4(13019 13020 13171 13170)
4(13170 13171 13322 13321)
4(13321 13322 13473 13472)
4(13472 13473 13624 13623)
4(13623 13624 13775 13774)
4(13774 13775 13926 13925)
4(13925 13926 14077 14076)
4(14076 14077 14228 14227)
4(14227 14228 14379 14378)
4(14378 14379 14530 14529)
4(14529 14530 14681 14680)
4(14680 14681 14832 14831)
4(14831 14832 14983 14982)
4(14982 14983 15134 15133)
4(15133 15134 15285 15284)
4(15284 15285 15436 15435)
4(15435 15436 15587 15586)
4(15586 15587 15738 15737)
4(15737 15738 15889 15888)
4(8037 8038 8189 8188)
4(8188 8189 8340 8339)
4(8339 8340 8491 8490)
4(8490 8491 8642 8641)
4(8641 8642 8793 8792)
4(8792 8793 8944 8943)
4(8943 8944 9095 9094)
4(9094 9095 9246 9245)
4(9245 9246 9397 9396)
4(9396 9397 9548 9547)
4(9547 9548 9699 9698)
4(9698 9699 9850 9849)
4(9849 9850 10001 10000)
4(10000 10001 10152 10151)
4(10151 10152 10303 10302)
4(10302 10303 10454 10453)
4(10453 10454 10605 10604)
4(10604 10605 10756 10755)
4(10755 10756 10907 10906)
4(10906 10907 11058 11057)
4(11057 11058 11209 11208)
4(11208 11209 11360 11359)
4(11359 11360 11511 11510)
4(11510 11511 11662 11661)
4(11661 11662 11813 11812)
4(11812 11813 11964 11963)
4(11963 11964 12115 12114)
4(12114 12115 12266 12265)
4(12265 12266 12417 12416)
4(12416 12417 12568 12567)
4(12567 12568 12719 12718)
4(12718 12719 12870 12869)
4(12869 12870 13021 13020)
4(13020 13021 13172 13171)
4(13171 13172 13323 13322)
4(13322 13323 13474 13473)
4(13473 13474 13625 13624)
4(13624 13625 13776 13775)
4(13775 13776 13927 13926)
4(13926 13927 14078 14077)
4(14077 14078 14229 14228)
4(14228 14229 14380 14379)
4(14379 14380 14531 14530)
4(14530 14531 14682 14681)
4(14681 14682 14833 14832)
4(14832 14833 14984 14983)
4(14983 14984 15135 15134)
4(15134 15135 15286 15285)
4(15285 15286 15437 15436)
4(15436 15437 15588 15587)
4(15587 15588 15739 15738)
4(15738 15739 15890 15889)
4(8038 8039 8190 8189)
4(8189 8190 8341 8340)
4(8340 8341 8492 8491)
4(8491 8492 8643 8642)
4(8642 8643 8794 8793)
4(8793 8794 8945 8944)
4(8944 8945 9096 9095)
4(9095 9096 9247 9246)
4(9246 9247 9398 9397)
4(9397 9398 9549 9548)
4(9548 9549 9700 9699)
4(9699 9700 9851 9850)
4(9850 9851 10002 10001)
4(10001 10002 10153 10152)
4(10152 10153 10304 10303)
4(10303 10304 10455 10454)
4(10454 10455 10606 10605)
4(10605 10606 10757 10756)
4(10756 10757 10908 10907)
4(10907 10908 11059 11058)
4(11058 11059 11210 11209)
4(11209 11210 11361 11360)
4(11360 11361 11512 11511)
4(11511 11512 11663 11662)
4(11662 11663 11814 11813)
4(11813 11814 11965 11964)
4(11964 11965 12116 12115)
4(12115 12116 12267 12266)
4(12266 12267 12418 12417)
4(12417 12418 12569 12568)
4(12568 12569 12720 12719)
4(12719 12720 12871 12870)
4(12870 12871 13022 13021)
4(13021 13022 13173 13172)
4(13172 13173 13324 13323)
4(13323 13324 13475 13474)
4(13474 13475 13626 13625)
4(13625 13626 13777 13776)
4(13776 13777 13928 13927)
4(13927 13928 14079 14078)
4(14078 14079 14230 14229)
4(14229 14230 14381 14380)
4(14380 14381 14532 14531)
4(14531 14532 14683 14682)
4(14682 14683 14834 14833)
4(14833 14834 14985 14984)
4(14984 14985 15136 15135)
4(15135 15136 15287 15286)
4(15286 15287 15438 15437)
4(15437 15438 15589 15588)
4(15588 15589 15740 15739)
4(15739 15740 15891 15890)
4(8039 8040 8191 8190)
4(8190 8191 8342 8341)
4(8341 8342 8493 8492)
4(8492 8493 8644 8643)
4(8643 8644 8795 8794)
4(8794 8795 8946 8945)
4(8945 8946 9097 9096)
4(9096 9097 9248 9247)
4(9247 9248 9399 9398)
4(9398 9399 9550 9549)
4(9549 9550 9701 9700)
4(9700 9701 9852 9851)
4(9851 9852 10003 10002)
4(10002 10003 10154 10153)
4(10153 10154 10305 10304)
4(10304 10305 10456 10455)
4(10455 10456 10607 10606)
4(10606 10607 10758 10757)
4(10757 10758 10909 10908)
4(10908 10909 11060 11059)
4(11059 11060 11211 11210)
4(11210 11211 11362 11361)
4(11361 11362 11513 11512)
4(11512 11513 11664 11663)
4(11663 11664 11815 11814)
4(11814 11815 11966 11965)
4(11965 11966 12117 12116)
4(12116 12117 12268 12267)
4(12267 12268 12419 12418)
4(12418 12419 12570 12569)
4(12569 12570 12721 12720)
4(12720 12721 12872 12871)
4(12871 12872 13023 13022)
4(13022 13023 13174 13173)
4(13173 13174 13325 13324)
4(13324 13325 13476 13475)
4(13475 13476 13627 13626)
4(13626 13627 13778 13777)
4(13777 13778 13929 13928)
4(13928 13929 14080 14079)
4(14079 14080 14231 14230)
4(14230 14231 14382 14381)
4(14381 14382 14533 14532)
4(14532 14533 14684 14683)
4(14683 14684 14835 14834)
4(14834 14835 14986 14985)
4(14985 14986 15137 15136)
4(15136 15137 15288 15287)
4(15287 15288 15439 15438)
4(15438 15439 15590 15589)
4(15589 15590 15741 15740)
4(15740 15741 15892 15891)
4(8040 8041 8192 8191)
4(8191 8192 8343 8342)
4(8342 8343 8494 8493)
4(8493 8494 8645 8644)
4(8644 8645 8796 8795)
4(8795 8796 8947 8946)
4(8946 8947 9098 9097)
4(9097 9098 9249 9248)
4(9248 9249 9400 9399)
4(9399 9400 9551 9550)
4(9550 9551 9702 9701)
4(9701 9702 9853 9852)
4(9852 9853 10004 10003)
4(10003 10004 10155 10154)
4(10154 10155 10306 10305)
4(10305 10306 10457 10456)
4(10456 10457 10608 10607)
4(10607 10608 10759 10758)
4(10758 10759 10910 10909)
4(10909 10910 11061 11060)
4(11060 11061 11212 11211)
4(11211 11212 11363 11362)
4(11362 11363 11514 11513)
4(11513 11514 11665 11664)
4(11664 11665 11816 11815)
4(11815 11816 11967 11966)
4(11966 11967 12118 12117)
4(12117 12118 12269 12268)
4(12268 12269 12420 12419)
4(12419 12420 12571 12570)
4(12570 12571 12722 12721)
4(12721 12722 12873 12872)
4(12872 12873 13024 13023)
4(13023 13024 13175 13174)
4(13174 13175 13326 13325)
4(13325 13326 13477 13476)
4(13476 13477 13628 13627)
4(13627 13628 13779 13778)
4(13778 13779 13930 13929)
4(13929 13930 14081 14080)
4(14080 14081 14232 14231)
4(14231 14232 14383 14382)
4(14382 14383 14534 14533)
4(14533 14534 14685 14684)
4(14684 14685 14836 14835)
4(14835 14836 14987 14986)
4(14986 14987 15138 15137)
4(15137 15138 15289 15288)
4(15288 15289 15440 15439)
4(15439 15440 15591 15590)
4(15590 15591 15742 15741)
4(15741 15742 15893 15892)
4(8041 8042 8193 8192)
4(8192 8193 8344 8343)
4(8343 8344 8495 8494)
4(8494 8495 8646 8645)
4(8645 8646 8797 8796)
4(8796 8797 8948 8947)
4(8947 8948 9099 9098)
4(9098 9099 9250 9249)
4(9249 9250 9401 9400)
4(9400 9401 9552 9551)
4(9551 9552 9703 9702)
4(9702 9703 9854 9853)
4(9853 9854 10005 10004)
4(10004 10005 10156 10155)
4(10155 10156 10307 10306)
4(10306 10307 10458 10457)
4(10457 10458 10609 10608)
4(10608 10609 10760 10759)
4(10759 10760 10911 10910)
4(10910 10911 11062 11061)
4(11061 11062 11213 11212)
4(11212 11213 11364 11363)
4(11363 11364 11515 11514)
4(11514 11515 11666 11665)
4(11665 11666 11817 11816)
4(11816 11817 11968 11967)
4(11967 11968 12119 12118)
4(12118 12119 12270 12269)
4(12269 12270 12421 12420)
4(12420 12421 12572 12571)
4(12571 12572 12723 12722)
4(12722 12723 12874 12873)
4(12873 12874 13025 13024)
4(13024 13025 13176 13175)
4(13175 13176 13327 13326)
4(13326 13327 13478 13477)
4(13477 13478 13629 13628)
4(13628 13629 13780 13779)
4(13779 13780 13931 13930)
4(13930 13931 14082 14081)
4(14081 14082 14233 14232)
4(14232 14233 14384 14383)
4(14383 14384 14535 14534)
4(14534 14535 14686 14685)
4(14685 14686 14837 14836)
4(14836 14837 14988 14987)
4(14987 14988 15139 15138)
4(15138 15139 15290 15289)
4(15289 15290 15441 15440)
4(15440 15441 15592 15591)
4(15591 15592 15743 15742)
4(15742 15743 15894 15893)
4(8042 8043 8194 8193)
4(8193 8194 8345 8344)
4(8344 8345 8496 8495)
4(8495 8496 8647 8646)
4(8646 8647 8798 8797)
4(8797 8798 8949 8948)
4(8948 8949 9100 9099)
4(9099 9100 9251 9250)
4(9250 9251 9402 9401)
4(9401 9402 9553 9552)
4(9552 9553 9704 9703)
4(9703 9704 9855 9854)
4(9854 9855 10006 10005)
4(10005 10006 10157 10156)
4(10156 10157 10308 10307)
4(10307 10308 10459 10458)
4(10458 10459 10610 10609)
4(10609 10610 10761 10760)
4(10760 10761 10912 10911)
4(10911 10912 11063 11062)
4(11062 11063 11214 11213)
4(11213 11214 11365 11364)
4(11364 11365 11516 11515)
4(11515 11516 11667 11666)
4(11666 11667 11818 11817)
4(11817 11818 11969 11968)
4(11968 11969 12120 12119)
4(12119 12120 12271 12270)
4(12270 12271 12422 12421)
4(12421 12422 12573 12572)
4(12572 12573 12724 12723)
4(12723 12724 12875 12874)
4(12874 12875 13026 13025)
4(13025 13026 13177 13176)
4(13176 13177 13328 13327)
4(13327 13328 13479 13478)
4(13478 13479 13630 13629)
4(13629 13630 13781 13780)
4(13780 13781 13932 13931)
4(13931 13932 14083 14082)
4(14082 14083 14234 14233)
4(14233 14234 14385 14384)
4(14384 14385 14536 14535)
4(14535 14536 14687 14686)
4(14686 14687 14838 14837)
4(14837 14838 14989 14988)
4(14988 14989 15140 15139)
4(15139 15140 15291 15290)
4(15290 15291 15442 15441)
4(15441 15442 15593 15592)
4(15592 15593 15744 15743)
4(15743 15744 15895 15894)
4(8043 8044 8195 8194)
4(8194 8195 8346 8345)
4(8345 8346 8497 8496)
4(8496 8497 8648 8647)
4(8647 8648 8799 8798)
4(8798 8799 8950 8949)
4(8949 8950 9101 9100)
4(9100 9101 9252 9251)
4(9251 9252 9403 9402)
4(9402 9403 9554 9553)
4(9553 9554 9705 9704)
4(9704 9705 9856 9855)
4(9855 9856 10007 10006)
4(10006 10007 10158 10157)
4(10157 10158 10309 10308)
4(10308 10309 10460 10459)
4(10459 10460 10611 10610)
4(10610 10611 10762 10761)
4(10761 10762 10913 10912)
4(10912 10913 11064 11063)
4(11063 11064 11215 11214)
4(11214 11215 11366 11365)
4(11365 11366 11517 11516)
4(11516 11517 11668 11667)
4(11667 11668 11819 11818)
4(11818 11819 11970 11969)
4(11969 11970 12121 12120)
4(12120 12121 12272 12271)
4(12271 12272 12423 12422)
4(12422 12423 12574 12573)
4(12573 12574 12725 12724)
4(12724 12725 12876 12875)
4(12875 12876 13027 13026)
4(13026 13027 13178 13177)
4(13177 13178 13329 13328)
4(13328 13329 13480 13479)
4(13479 13480 13631 13630)
4(13630 13631 13782 13781)
4(13781 13782 13933 13932)
4(13932 13933 14084 14083)
4(14083 14084 14235 14234)
4(14234 14235 14386 14385)
4(14385 14386 14537 14536)
4(14536 14537 14688 14687)
4(14687 14688 14839 14838)
4(14838 14839 14990 14989)
4(14989 14990 15141 15140)
4(15140 15141 15292 15291)
4(15291 15292 15443 15442)
4(15442 15443 15594 15593)
4(15593 15594 15745 15744)
4(15744 15745 15896 15895)
4(8044 8045 8196 8195)
4(8195 8196 8347 8346)
4(8346 8347 8498 8497)
4(8497 8498 8649 8648)
4(8648 8649 8800 8799)
4(8799 8800 8951 8950)
4(8950 8951 9102 9101)
4(9101 9102 9253 9252)
4(9252 9253 9404 9403)
4(9403 9404 9555 9554)
4(9554 9555 9706 9705)
4(9705 9706 9857 9856)
4(9856 9857 10008 10007)
4(10007 10008 10159 10158)
4(10158 10159 10310 10309)
4(10309 10310 10461 10460)
4(10460 10461 10612 10611)
4(10611 10612 10763 10762)
4(10762 10763 10914 10913)
4(10913 10914 11065 11064)
4(11064 11065 11216 11215)
4(11215 11216 11367 11366)
4(11366 11367 11518 11517)
4(11517 11518 11669 11668)
4(11668 11669 11820 11819)
4(11819 11820 11971 11970)
4(11970 11971 12122 12121)
4(12121 12122 12273 12272)
4(12272 12273 12424 12423)
4(12423 12424 12575 12574)
4(12574 12575 12726 12725)
4(12725 12726 12877 12876)
4(12876 12877 13028 13027)
4(13027 13028 13179 13178)
4(13178 13179 13330 13329)
4(13329 13330 13481 13480)
4(13480 13481 13632 13631)
4(13631 13632 13783 13782)
4(13782 13783 13934 13933)
4(13933 13934 14085 14084)
4(14084 14085 14236 14235)
4(14235 14236 14387 14386)
4(14386 14387 14538 14537)
4(14537 14538 14689 14688)
4(14688 14689 14840 14839)
4(14839 14840 14991 14990)
4(14990 14991 15142 15141)
4(15141 15142 15293 15292)
4(15292 15293 15444 15443)
4(15443 15444 15595 15594)
4(15594 15595 15746 15745)
4(15745 15746 15897 15896)
4(8045 8046 8197 8196)
4(8196 8197 8348 8347)
4(8347 8348 8499 8498)
4(8498 8499 8650 8649)
4(8649 8650 8801 8800)
4(8800 8801 8952 8951)
4(8951 8952 9103 9102)
4(9102 9103 9254 9253)
4(9253 9254 9405 9404)
4(9404 9405 9556 9555)
4(9555 9556 9707 9706)
4(9706 9707 9858 9857)
4(9857 9858 10009 10008)
4(10008 10009 10160 10159)
4(10159 10160 10311 10310)
4(10310 10311 10462 10461)
4(10461 10462 10613 10612)
4(10612 10613 10764 10763)
4(10763 10764 10915 10914)
4(10914 10915 11066 11065)
4(11065 11066 11217 11216)
4(11216 11217 11368 11367)
4(11367 11368 11519 11518)
4(11518 11519 11670 11669)
4(11669 11670 11821 11820)
4(11820 11821 11972 11971)
4(11971 11972 12123 12122)
4(12122 12123 12274 12273)
4(12273 12274 12425 12424)
4(12424 12425 12576 12575)
4(12575 12576 12727 12726)
4(12726 12727 12878 12877)
4(12877 12878 13029 13028)
4(13028 13029 13180 13179)
4(13179 13180 13331 13330)
4(13330 13331 13482 13481)
4(13481 13482 13633 13632)
4(13632 13633 13784 13783)
4(13783 13784 13935 13934)
4(13934 13935 14086 14085)
4(14085 14086 14237 14236)
4(14236 14237 14388 14387)
4(14387 14388 14539 14538)
4(14538 14539 14690 14689)
4(14689 14690 14841 14840)
4(14840 14841 14992 14991)
4(14991 14992 15143 15142)
4(15142 15143 15294 15293)
4(15293 15294 15445 15444)
4(15444 15445 15596 15595)
4(15595 15596 15747 15746)
4(15746 15747 15898 15897)
4(8046 8047 8198 8197)
4(8197 8198 8349 8348)
4(8348 8349 8500 8499)
4(8499 8500 8651 8650)
4(8650 8651 8802 8801)
4(8801 8802 8953 8952)
4(8952 8953 9104 9103)
4(9103 9104 9255 9254)
4(9254 9255 9406 9405)
4(9405 9406 9557 9556)
4(9556 9557 9708 9707)
4(9707 9708 9859 9858)
4(9858 9859 10010 10009)
4(10009 10010 10161 10160)
4(10160 10161 10312 10311)
4(10311 10312 10463 10462)
4(10462 10463 10614 10613)
4(10613 10614 10765 10764)
4(10764 10765 10916 10915)
4(10915 10916 11067 11066)
4(11066 11067 11218 11217)
4(11217 11218 11369 11368)
4(11368 11369 11520 11519)
4(11519 11520 11671 11670)
4(11670 11671 11822 11821)
4(11821 11822 11973 11972)
4(11972 11973 12124 12123)
4(12123 12124 12275 12274)
4(12274 12275 12426 12425)
4(12425 12426 12577 12576)
4(12576 12577 12728 12727)
4(12727 12728 12879 12878)
4(12878 12879 13030 13029)
4(13029 13030 13181 13180)
4(13180 13181 13332 13331)
4(13331 13332 13483 13482)
4(13482 13483 13634 13633)
4(13633 13634 13785 13784)
4(13784 13785 13936 13935)
4(13935 13936 14087 14086)
4(14086 14087 14238 14237)
4(14237 14238 14389 14388)
4(14388 14389 14540 14539)
4(14539 14540 14691 14690)
4(14690 14691 14842 14841)
4(14841 14842 14993 14992)
4(14992 14993 15144 15143)
4(15143 15144 15295 15294)
4(15294 15295 15446 15445)
4(15445 15446 15597 15596)
4(15596 15597 15748 15747)
4(15747 15748 15899 15898)
4(8047 8048 8199 8198)
4(8198 8199 8350 8349)
4(8349 8350 8501 8500)
4(8500 8501 8652 8651)
4(8651 8652 8803 8802)
4(8802 8803 8954 8953)
4(8953 8954 9105 9104)
4(9104 9105 9256 9255)
4(9255 9256 9407 9406)
4(9406 9407 9558 9557)
4(9557 9558 9709 9708)
4(9708 9709 9860 9859)
4(9859 9860 10011 10010)
4(10010 10011 10162 10161)
4(10161 10162 10313 10312)
4(10312 10313 10464 10463)
4(10463 10464 10615 10614)
4(10614 10615 10766 10765)
4(10765 10766 10917 10916)
4(10916 10917 11068 11067)
4(11067 11068 11219 11218)
4(11218 11219 11370 11369)
4(11369 11370 11521 11520)
4(11520 11521 11672 11671)
4(11671 11672 11823 11822)
4(11822 11823 11974 11973)
4(11973 11974 12125 12124)
4(12124 12125 12276 12275)
4(12275 12276 12427 12426)
4(12426 12427 12578 12577)
4(12577 12578 12729 12728)
4(12728 12729 12880 12879)
4(12879 12880 13031 13030)
4(13030 13031 13182 13181)
4(13181 13182 13333 13332)
4(13332 13333 13484 13483)
4(13483 13484 13635 13634)
4(13634 13635 13786 13785)
4(13785 13786 13937 13936)
4(13936 13937 14088 14087)
4(14087 14088 14239 14238)
4(14238 14239 14390 14389)
4(14389 14390 14541 14540)
4(14540 14541 14692 14691)
4(14691 14692 14843 14842)
4(14842 14843 14994 14993)
4(14993 14994 15145 15144)
4(15144 15145 15296 15295)
4(15295 15296 15447 15446)
4(15446 15447 15598 15597)
4(15597 15598 15749 15748)
4(15748 15749 15900 15899)
4(8048 8049 8200 8199)
4(8199 8200 8351 8350)
4(8350 8351 8502 8501)
4(8501 8502 8653 8652)
4(8652 8653 8804 8803)
4(8803 8804 8955 8954)
4(8954 8955 9106 9105)
4(9105 9106 9257 9256)
4(9256 9257 9408 9407)
4(9407 9408 9559 9558)
4(9558 9559 9710 9709)
4(9709 9710 9861 9860)
4(9860 9861 10012 10011)
4(10011 10012 10163 10162)
4(10162 10163 10314 10313)
4(10313 10314 10465 10464)
4(10464 10465 10616 10615)
4(10615 10616 10767 10766)
4(10766 10767 10918 10917)
4(10917 10918 11069 11068)
4(11068 11069 11220 11219)
4(11219 11220 11371 11370)
4(11370 11371 11522 11521)
4(11521 11522 11673 11672)
4(11672 11673 11824 11823)
4(11823 11824 11975 11974)
4(11974 11975 12126 12125)
4(12125 12126 12277 12276)
4(12276 12277 12428 12427)
4(12427 12428 12579 12578)
4(12578 12579 12730 12729)
4(12729 12730 12881 12880)
4(12880 12881 13032 13031)
4(13031 13032 13183 13182)
4(13182 13183 13334 13333)
4(13333 13334 13485 13484)
4(13484 13485 13636 13635)
4(13635 13636 13787 13786)
4(13786 13787 13938 13937)
4(13937 13938 14089 14088)
4(14088 14089 14240 14239)
4(14239 14240 14391 14390)
4(14390 14391 14542 14541)
4(14541 14542 14693 14692)
4(14692 14693 14844 14843)
4(14843 14844 14995 14994)
4(14994 14995 15146 15145)
4(15145 15146 15297 15296)
4(15296 15297 15448 15447)
4(15447 15448 15599 15598)
4(15598 15599 15750 15749)
4(15749 15750 15901 15900)
4(8049 8050 8201 8200)
4(8200 8201 8352 8351)
4(8351 8352 8503 8502)
4(8502 8503 8654 8653)
4(8653 8654 8805 8804)
4(8804 8805 8956 8955)
4(8955 8956 9107 9106)
4(9106 9107 9258 9257)
4(9257 9258 9409 9408)
4(9408 9409 9560 9559)
4(9559 9560 9711 9710)
4(9710 9711 9862 9861)
4(9861 9862 10013 10012)
4(10012 10013 10164 10163)
4(10163 10164 10315 10314)
4(10314 10315 10466 10465)
4(10465 10466 10617 10616)
4(10616 10617 10768 10767)
4(10767 10768 10919 10918)
4(10918 10919 11070 11069)
4(11069 11070 11221 11220)
4(11220 11221 11372 11371)
4(11371 11372 11523 11522)
4(11522 11523 11674 11673)
4(11673 11674 11825 11824)
4(11824 11825 11976 11975)
4(11975 11976 12127 12126)
4(12126 12127 12278 12277)
4(12277 12278 12429 12428)
4(12428 12429 12580 12579)
4(12579 12580 12731 12730)
4(12730 12731 12882 12881)
4(12881 12882 13033 13032)
4(13032 13033 13184 13183)
4(13183 13184 13335 13334)
4(13334 13335 13486 13485)
4(13485 13486 13637 13636)
4(13636 13637 13788 13787)
4(13787 13788 13939 13938)
4(13938 13939 14090 14089)
4(14089 14090 14241 14240)
4(14240 14241 14392 14391)
4(14391 14392 14543 14542)
4(14542 14543 14694 14693)
4(14693 14694 14845 14844)
4(14844 14845 14996 14995)
4(14995 14996 15147 15146)
4(15146 15147 15298 15297)
4(15297 15298 15449 15448)
4(15448 15449 15600 15599)
4(15599 15600 15751 15750)
4(15750 15751 15902 15901)
4(8050 8051 8202 8201)
4(8201 8202 8353 8352)
4(8352 8353 8504 8503)
4(8503 8504 8655 8654)
4(8654 8655 8806 8805)
4(8805 8806 8957 8956)
4(8956 8957 9108 9107)
4(9107 9108 9259 9258)
4(9258 9259 9410 9409)
4(9409 9410 9561 9560)
4(9560 9561 9712 9711)
4(9711 9712 9863 9862)
4(9862 9863 10014 10013)
4(10013 10014 10165 10164)
4(10164 10165 10316 10315)
4(10315 10316 10467 10466)
4(10466 10467 10618 10617)
4(10617 10618 10769 10768)
4(10768 10769 10920 10919)
4(10919 10920 11071 11070)
4(11070 11071 11222 11221)
4(11221 11222 11373 11372)
4(11372 11373 11524 11523)
4(11523 11524 11675 11674)
4(11674 11675 11826 11825)
4(11825 11826 11977 11976)
4(11976 11977 12128 12127)
4(12127 12128 12279 12278)
4(12278 12279 12430 12429)
4(12429 12430 12581 12580)
4(12580 12581 12732 12731)
4(12731 12732 12883 12882)
4(12882 12883 13034 13033)
4(13033 13034 13185 13184)
4(13184 13185 13336 13335)
4(13335 13336 13487 13486)
4(13486 13487 13638 13637)
4(13637 13638 13789 13788)
4(13788 13789 13940 13939)
4(13939 13940 14091 14090)
4(14090 14091 14242 14241)
4(14241 14242 14393 14392)
4(14392 14393 14544 14543)
4(14543 14544 14695 14694)
4(14694 14695 14846 14845)
4(14845 14846 14997 14996)
4(14996 14997 15148 15147)
4(15147 15148 15299 15298)
4(15298 15299 15450 15449)
4(15449 15450 15601 15600)
4(15600 15601 15752 15751)
4(15751 15752 15903 15902)
4(8051 8052 8203 8202)
4(8202 8203 8354 8353)
4(8353 8354 8505 8504)
4(8504 8505 8656 8655)
4(8655 8656 8807 8806)
4(8806 8807 8958 8957)
4(8957 8958 9109 9108)
4(9108 9109 9260 9259)
4(9259 9260 9411 9410)
4(9410 9411 9562 9561)
4(9561 9562 9713 9712)
4(9712 9713 9864 9863)
4(9863 9864 10015 10014)
4(10014 10015 10166 10165)
4(10165 10166 10317 10316)
4(10316 10317 10468 10467)
4(10467 10468 10619 10618)
4(10618 10619 10770 10769)
4(10769 10770 10921 10920)
4(10920 10921 11072 11071)
4(11071 11072 11223 11222)
4(11222 11223 11374 11373)
4(11373 11374 11525 11524)
4(11524 11525 11676 11675)
4(11675 11676 11827 11826)
4(11826 11827 11978 11977)
4(11977 11978 12129 12128)
4(12128 12129 12280 12279)
4(12279 12280 12431 12430)
4(12430 12431 12582 12581)
4(12581 12582 12733 12732)
4(12732 12733 12884 12883)
4(12883 12884 13035 13034)
4(13034 13035 13186 13185)
4(13185 13186 13337 13336)
4(13336 13337 13488 13487)
4(13487 13488 13639 13638)
4(13638 13639 13790 13789)
4(13789 13790 13941 13940)
4(13940 13941 14092 14091)
4(14091 14092 14243 14242)
4(14242 14243 14394 14393)
4(14393 14394 14545 14544)
4(14544 14545 14696 14695)
4(14695 14696 14847 14846)
4(14846 14847 14998 14997)
4(14997 14998 15149 15148)
4(15148 15149 15300 15299)
4(15299 15300 15451 15450)
4(15450 15451 15602 15601)
4(15601 15602 15753 15752)
4(15752 15753 15904 15903)
4(8052 8053 8204 8203)
4(8203 8204 8355 8354)
4(8354 8355 8506 8505)
4(8505 8506 8657 8656)
4(8656 8657 8808 8807)
4(8807 8808 8959 8958)
4(8958 8959 9110 9109)
4(9109 9110 9261 9260)
4(9260 9261 9412 9411)
4(9411 9412 9563 9562)
4(9562 9563 9714 9713)
4(9713 9714 9865 9864)
4(9864 9865 10016 10015)
4(10015 10016 10167 10166)
4(10166 10167 10318 10317)
4(10317 10318 10469 10468)
4(10468 10469 10620 10619)
4(10619 10620 10771 10770)
4(10770 10771 10922 10921)
4(10921 10922 11073 11072)
4(11072 11073 11224 11223)
4(11223 11224 11375 11374)
4(11374 11375 11526 11525)
4(11525 11526 11677 11676)
4(11676 11677 11828 11827)
4(11827 11828 11979 11978)
4(11978 11979 12130 12129)
4(12129 12130 12281 12280)
4(12280 12281 12432 12431)
4(12431 12432 12583 12582)
4(12582 12583 12734 12733)
4(12733 12734 12885 12884)
4(12884 12885 13036 13035)
4(13035 13036 13187 13186)
4(13186 13187 13338 13337)
4(13337 13338 13489 13488)
4(13488 13489 13640 13639)
4(13639 13640 13791 13790)
4(13790 13791 13942 13941)
4(13941 13942 14093 14092)
4(14092 14093 14244 14243)
4(14243 14244 14395 14394)
4(14394 14395 14546 14545)
4(14545 14546 14697 14696)
4(14696 14697 14848 14847)
4(14847 14848 14999 14998)
4(14998 14999 15150 15149)
4(15149 15150 15301 15300)
4(15300 15301 15452 15451)
4(15451 15452 15603 15602)
4(15602 15603 15754 15753)
4(15753 15754 15905 15904)
4(8053 8054 8205 8204)
4(8204 8205 8356 8355)
4(8355 8356 8507 8506)
4(8506 8507 8658 8657)
4(8657 8658 8809 8808)
4(8808 8809 8960 8959)
4(8959 8960 9111 9110)
4(9110 9111 9262 9261)
4(9261 9262 9413 9412)
4(9412 9413 9564 9563)
4(9563 9564 9715 9714)
4(9714 9715 9866 9865)
4(9865 9866 10017 10016)
4(10016 10017 10168 10167)
4(10167 10168 10319 10318)
4(10318 10319 10470 10469)
4(10469 10470 10621 10620)
4(10620 10621 10772 10771)
4(10771 10772 10923 10922)
4(10922 10923 11074 11073)
4(11073 11074 11225 11224)
4(11224 11225 11376 11375)
4(11375 11376 11527 11526)
4(11526 11527 11678 11677)
4(11677 11678 11829 11828)
4(11828 11829 11980 11979)
4(11979 11980 12131 12130)
4(12130 12131 12282 12281)
4(12281 12282 12433 12432)
4(12432 12433 12584 12583)
4(12583 12584 12735 12734)
4(12734 12735 12886 12885)
4(12885 12886 13037 13036)
4(13036 13037 13188 13187)
4(13187 13188 13339 13338)
4(13338 13339 13490 13489)
4(13489 13490 13641 13640)
4(13640 13641 13792 13791)
4(13791 13792 13943 13942)
4(13942 13943 14094 14093)
4(14093 14094 14245 14244)
4(14244 14245 14396 14395)
4(14395 14396 14547 14546)
4(14546 14547 14698 14697)
4(14697 14698 14849 14848)
4(14848 14849 15000 14999)
4(14999 15000 15151 15150)
4(15150 15151 15302 15301)
4(15301 15302 15453 15452)
4(15452 15453 15604 15603)
4(15603 15604 15755 15754)
4(15754 15755 15906 15905)
4(8054 8055 8206 8205)
4(8205 8206 8357 8356)
4(8356 8357 8508 8507)
4(8507 8508 8659 8658)
4(8658 8659 8810 8809)
4(8809 8810 8961 8960)
4(8960 8961 9112 9111)
4(9111 9112 9263 9262)
4(9262 9263 9414 9413)
4(9413 9414 9565 9564)
4(9564 9565 9716 9715)
4(9715 9716 9867 9866)
4(9866 9867 10018 10017)
4(10017 10018 10169 10168)
4(10168 10169 10320 10319)
4(10319 10320 10471 10470)
4(10470 10471 10622 10621)
4(10621 10622 10773 10772)
4(10772 10773 10924 10923)
4(10923 10924 11075 11074)
4(11074 11075 11226 11225)
4(11225 11226 11377 11376)
4(11376 11377 11528 11527)
4(11527 11528 11679 11678)
4(11678 11679 11830 11829)
4(11829 11830 11981 11980)
4(11980 11981 12132 12131)
4(12131 12132 12283 12282)
4(12282 12283 12434 12433)
4(12433 12434 12585 12584)
4(12584 12585 12736 12735)
4(12735 12736 12887 12886)
4(12886 12887 13038 13037)
4(13037 13038 13189 13188)
4(13188 13189 13340 13339)
4(13339 13340 13491 13490)
4(13490 13491 13642 13641)
4(13641 13642 13793 13792)
4(13792 13793 13944 13943)
4(13943 13944 14095 14094)
4(14094 14095 14246 14245)
4(14245 14246 14397 14396)
4(14396 14397 14548 14547)
4(14547 14548 14699 14698)
4(14698 14699 14850 14849)
4(14849 14850 15001 15000)
4(15000 15001 15152 15151)
4(15151 15152 15303 15302)
4(15302 15303 15454 15453)
4(15453 15454 15605 15604)
4(15604 15605 15756 15755)
4(15755 15756 15907 15906)
4(8055 8056 8207 8206)
4(8206 8207 8358 8357)
4(8357 8358 8509 8508)
4(8508 8509 8660 8659)
4(8659 8660 8811 8810)
4(8810 8811 8962 8961)
4(8961 8962 9113 9112)
4(9112 9113 9264 9263)
4(9263 9264 9415 9414)
4(9414 9415 9566 9565)
4(9565 9566 9717 9716)
4(9716 9717 9868 9867)
4(9867 9868 10019 10018)
4(10018 10019 10170 10169)
4(10169 10170 10321 10320)
4(10320 10321 10472 10471)
4(10471 10472 10623 10622)
4(10622 10623 10774 10773)
4(10773 10774 10925 10924)
4(10924 10925 11076 11075)
4(11075 11076 11227 11226)
4(11226 11227 11378 11377)
4(11377 11378 11529 11528)
4(11528 11529 11680 11679)
4(11679 11680 11831 11830)
4(11830 11831 11982 11981)
4(11981 11982 12133 12132)
4(12132 12133 12284 12283)
4(12283 12284 12435 12434)
4(12434 12435 12586 12585)
4(12585 12586 12737 12736)
4(12736 12737 12888 12887)
4(12887 12888 13039 13038)
4(13038 13039 13190 13189)
4(13189 13190 13341 13340)
4(13340 13341 13492 13491)
4(13491 13492 13643 13642)
4(13642 13643 13794 13793)
4(13793 13794 13945 13944)
4(13944 13945 14096 14095)
4(14095 14096 14247 14246)
4(14246 14247 14398 14397)
4(14397 14398 14549 14548)
4(14548 14549 14700 14699)
4(14699 14700 14851 14850)
4(14850 14851 15002 15001)
4(15001 15002 15153 15152)
4(15152 15153 15304 15303)
4(15303 15304 15455 15454)
4(15454 15455 15606 15605)
4(15605 15606 15757 15756)
4(15756 15757 15908 15907)
4(8056 8057 8208 8207)
4(8207 8208 8359 8358)
4(8358 8359 8510 8509)
4(8509 8510 8661 8660)
4(8660 8661 8812 8811)
4(8811 8812 8963 8962)
4(8962 8963 9114 9113)
4(9113 9114 9265 9264)
4(9264 9265 9416 9415)
4(9415 9416 9567 9566)
4(9566 9567 9718 9717)
4(9717 9718 9869 9868)
4(9868 9869 10020 10019)
4(10019 10020 10171 10170)
4(10170 10171 10322 10321)
4(10321 10322 10473 10472)
4(10472 10473 10624 10623)
4(10623 10624 10775 10774)
4(10774 10775 10926 10925)
4(10925 10926 11077 11076)
4(11076 11077 11228 11227)
4(11227 11228 11379 11378)
4(11378 11379 11530 11529)
4(11529 11530 11681 11680)
4(11680 11681 11832 11831)
4(11831 11832 11983 11982)
4(11982 11983 12134 12133)
4(12133 12134 12285 12284)
4(12284 12285 12436 12435)
4(12435 12436 12587 12586)
4(12586 12587 12738 12737)
4(12737 12738 12889 12888)
4(12888 12889 13040 13039)
4(13039 13040 13191 13190)
4(13190 13191 13342 13341)
4(13341 13342 13493 13492)
4(13492 13493 13644 13643)
4(13643 13644 13795 13794)
4(13794 13795 13946 13945)
4(13945 13946 14097 14096)
4(14096 14097 14248 14247)
4(14247 14248 14399 14398)
4(14398 14399 14550 14549)
4(14549 14550 14701 14700)
4(14700 14701 14852 14851)
4(14851 14852 15003 15002)
4(15002 15003 15154 15153)
4(15153 15154 15305 15304)
4(15304 15305 15456 15455)
4(15455 15456 15607 15606)
4(15606 15607 15758 15757)
4(15757 15758 15909 15908)
4(8057 8058 8209 8208)
4(8208 8209 8360 8359)
4(8359 8360 8511 8510)
4(8510 8511 8662 8661)
4(8661 8662 8813 8812)
4(8812 8813 8964 8963)
4(8963 8964 9115 9114)
4(9114 9115 9266 9265)
4(9265 9266 9417 9416)
4(9416 9417 9568 9567)
4(9567 9568 9719 9718)
4(9718 9719 9870 9869)
4(9869 9870 10021 10020)
4(10020 10021 10172 10171)
4(10171 10172 10323 10322)
4(10322 10323 10474 10473)
4(10473 10474 10625 10624)
4(10624 10625 10776 10775)
4(10775 10776 10927 10926)
4(10926 10927 11078 11077)
4(11077 11078 11229 11228)
4(11228 11229 11380 11379)
4(11379 11380 11531 11530)
4(11530 11531 11682 11681)
4(11681 11682 11833 11832)
4(11832 11833 11984 11983)
4(11983 11984 12135 12134)
4(12134 12135 12286 12285)
4(12285 12286 12437 12436)
4(12436 12437 12588 12587)
4(12587 12588 12739 12738)
4(12738 12739 12890 12889)
4(12889 12890 13041 13040)
4(13040 13041 13192 13191)
4(13191 13192 13343 13342)
4(13342 13343 13494 13493)
4(13493 13494 13645 13644)
4(13644 13645 13796 13795)
4(13795 13796 13947 13946)
4(13946 13947 14098 14097)
4(14097 14098 14249 14248)
4(14248 14249 14400 14399)
4(14399 14400 14551 14550)
4(14550 14551 14702 14701)
4(14701 14702 14853 14852)
4(14852 14853 15004 15003)
4(15003 15004 15155 15154)
4(15154 15155 15306 15305)
4(15305 15306 15457 15456)
4(15456 15457 15608 15607)
4(15607 15608 15759 15758)
4(15758 15759 15910 15909)
4(8058 8059 8210 8209)
4(8209 8210 8361 8360)
4(8360 8361 8512 8511)
4(8511 8512 8663 8662)
4(8662 8663 8814 8813)
4(8813 8814 8965 8964)
4(8964 8965 9116 9115)
4(9115 9116 9267 9266)
4(9266 9267 9418 9417)
4(9417 9418 9569 9568)
4(9568 9569 9720 9719)
4(9719 9720 9871 9870)
4(9870 9871 10022 10021)
4(10021 10022 10173 10172)
4(10172 10173 10324 10323)
4(10323 10324 10475 10474)
4(10474 10475 10626 10625)
4(10625 10626 10777 10776)
4(10776 10777 10928 10927)
4(10927 10928 11079 11078)
4(11078 11079 11230 11229)
4(11229 11230 11381 11380)
4(11380 11381 11532 11531)
4(11531 11532 11683 11682)
4(11682 11683 11834 11833)
4(11833 11834 11985 11984)
4(11984 11985 12136 12135)
4(12135 12136 12287 12286)
4(12286 12287 12438 12437)
4(12437 12438 12589 12588)
4(12588 12589 12740 12739)
4(12739 12740 12891 12890)
4(12890 12891 13042 13041)
4(13041 13042 13193 13192)
4(13192 13193 13344 13343)
4(13343 13344 13495 13494)
4(13494 13495 13646 13645)
4(13645 13646 13797 13796)
4(13796 13797 13948 13947)
4(13947 13948 14099 14098)
4(14098 14099 14250 14249)
4(14249 14250 14401 14400)
4(14400 14401 14552 14551)
4(14551 14552 14703 14702)
4(14702 14703 14854 14853)
4(14853 14854 15005 15004)
4(15004 15005 15156 15155)
4(15155 15156 15307 15306)
4(15306 15307 15458 15457)
4(15457 15458 15609 15608)
4(15608 15609 15760 15759)
4(15759 15760 15911 15910)
4(8059 8060 8211 8210)
4(8210 8211 8362 8361)
4(8361 8362 8513 8512)
4(8512 8513 8664 8663)
4(8663 8664 8815 8814)
4(8814 8815 8966 8965)
4(8965 8966 9117 9116)
4(9116 9117 9268 9267)
4(9267 9268 9419 9418)
4(9418 9419 9570 9569)
4(9569 9570 9721 9720)
4(9720 9721 9872 9871)
4(9871 9872 10023 10022)
4(10022 10023 10174 10173)
4(10173 10174 10325 10324)
4(10324 10325 10476 10475)
4(10475 10476 10627 10626)
4(10626 10627 10778 10777)
4(10777 10778 10929 10928)
4(10928 10929 11080 11079)
4(11079 11080 11231 11230)
4(11230 11231 11382 11381)
4(11381 11382 11533 11532)
4(11532 11533 11684 11683)
4(11683 11684 11835 11834)
4(11834 11835 11986 11985)
4(11985 11986 12137 12136)
4(12136 12137 12288 12287)
4(12287 12288 12439 12438)
4(12438 12439 12590 12589)
4(12589 12590 12741 12740)
4(12740 12741 12892 12891)
4(12891 12892 13043 13042)
4(13042 13043 13194 13193)
4(13193 13194 13345 13344)
4(13344 13345 13496 13495)
4(13495 13496 13647 13646)
4(13646 13647 13798 13797)
4(13797 13798 13949 13948)
4(13948 13949 14100 14099)
4(14099 14100 14251 14250)
4(14250 14251 14402 14401)
4(14401 14402 14553 14552)
4(14552 14553 14704 14703)
4(14703 14704 14855 14854)
4(14854 14855 15006 15005)
4(15005 15006 15157 15156)
4(15156 15157 15308 15307)
4(15307 15308 15459 15458)
4(15458 15459 15610 15609)
4(15609 15610 15761 15760)
4(15760 15761 15912 15911)
4(8060 8061 8212 8211)
4(8211 8212 8363 8362)
4(8362 8363 8514 8513)
4(8513 8514 8665 8664)
4(8664 8665 8816 8815)
4(8815 8816 8967 8966)
4(8966 8967 9118 9117)
4(9117 9118 9269 9268)
4(9268 9269 9420 9419)
4(9419 9420 9571 9570)
4(9570 9571 9722 9721)
4(9721 9722 9873 9872)
4(9872 9873 10024 10023)
4(10023 10024 10175 10174)
4(10174 10175 10326 10325)
4(10325 10326 10477 10476)
4(10476 10477 10628 10627)
4(10627 10628 10779 10778)
4(10778 10779 10930 10929)
4(10929 10930 11081 11080)
4(11080 11081 11232 11231)
4(11231 11232 11383 11382)
4(11382 11383 11534 11533)
4(11533 11534 11685 11684)
4(11684 11685 11836 11835)
4(11835 11836 11987 11986)
4(11986 11987 12138 12137)
4(12137 12138 12289 12288)
4(12288 12289 12440 12439)
4(12439 12440 12591 12590)
4(12590 12591 12742 12741)
4(12741 12742 12893 12892)
4(12892 12893 13044 13043)
4(13043 13044 13195 13194)
4(13194 13195 13346 13345)
4(13345 13346 13497 13496)
4(13496 13497 13648 13647)
4(13647 13648 13799 13798)
4(13798 13799 13950 13949)
4(13949 13950 14101 14100)
4(14100 14101 14252 14251)
4(14251 14252 14403 14402)
4(14402 14403 14554 14553)
4(14553 14554 14705 14704)
4(14704 14705 14856 14855)
4(14855 14856 15007 15006)
4(15006 15007 15158 15157)
4(15157 15158 15309 15308)
4(15308 15309 15460 15459)
4(15459 15460 15611 15610)
4(15610 15611 15762 15761)
4(15761 15762 15913 15912)
4(8061 8062 8213 8212)
4(8212 8213 8364 8363)
4(8363 8364 8515 8514)
4(8514 8515 8666 8665)
4(8665 8666 8817 8816)
4(8816 8817 8968 8967)
4(8967 8968 9119 9118)
4(9118 9119 9270 9269)
4(9269 9270 9421 9420)
4(9420 9421 9572 9571)
4(9571 9572 9723 9722)
4(9722 9723 9874 9873)
4(9873 9874 10025 10024)
4(10024 10025 10176 10175)
4(10175 10176 10327 10326)
4(10326 10327 10478 10477)
4(10477 10478 10629 10628)
4(10628 10629 10780 10779)
4(10779 10780 10931 10930)
4(10930 10931 11082 11081)
4(11081 11082 11233 11232)
4(11232 11233 11384 11383)
4(11383 11384 11535 11534)
4(11534 11535 11686 11685)
4(11685 11686 11837 11836)
4(11836 11837 11988 11987)
4(11987 11988 12139 12138)
4(12138 12139 12290 12289)
4(12289 12290 12441 12440)
4(12440 12441 12592 12591)
4(12591 12592 12743 12742)
4(12742 12743 12894 12893)
4(12893 12894 13045 13044)
4(13044 13045 13196 13195)
4(13195 13196 13347 13346)
4(13346 13347 13498 13497)
4(13497 13498 13649 13648)
4(13648 13649 13800 13799)
4(13799 13800 13951 13950)
4(13950 13951 14102 14101)
4(14101 14102 14253 14252)
4(14252 14253 14404 14403)
4(14403 14404 14555 14554)
4(14554 14555 14706 14705)
4(14705 14706 14857 14856)
4(14856 14857 15008 15007)
4(15007 15008 15159 15158)
4(15158 15159 15310 15309)
4(15309 15310 15461 15460)
4(15460 15461 15612 15611)
4(15611 15612 15763 15762)
4(15762 15763 15914 15913)
4(8062 8063 8214 8213)
4(8213 8214 8365 8364)
4(8364 8365 8516 8515)
4(8515 8516 8667 8666)
4(8666 8667 8818 8817)
4(8817 8818 8969 8968)
4(8968 8969 9120 9119)
4(9119 9120 9271 9270)
4(9270 9271 9422 9421)
4(9421 9422 9573 9572)
4(9572 9573 9724 9723)
4(9723 9724 9875 9874)
4(9874 9875 10026 10025)
4(10025 10026 10177 10176)
4(10176 10177 10328 10327)
4(10327 10328 10479 10478)
4(10478 10479 10630 10629)
4(10629 10630 10781 10780)
4(10780 10781 10932 10931)
4(10931 10932 11083 11082)
4(11082 11083 11234 11233)
4(11233 11234 11385 11384)
4(11384 11385 11536 11535)
4(11535 11536 11687 11686)
4(11686 11687 11838 11837)
4(11837 11838 11989 11988)
4(11988 11989 12140 12139)
4(12139 12140 12291 12290)
4(12290 12291 12442 12441)
4(12441 12442 12593 12592)
4(12592 12593 12744 12743)
4(12743 12744 12895 12894)
4(12894 12895 13046 13045)
4(13045 13046 13197 13196)
4(13196 13197 13348 13347)
4(13347 13348 13499 13498)
4(13498 13499 13650 13649)
4(13649 13650 13801 13800)
4(13800 13801 13952 13951)
4(13951 13952 14103 14102)
4(14102 14103 14254 14253)
4(14253 14254 14405 14404)
4(14404 14405 14556 14555)
4(14555 14556 14707 14706)
4(14706 14707 14858 14857)
4(14857 14858 15009 15008)
4(15008 15009 15160 15159)
4(15159 15160 15311 15310)
4(15310 15311 15462 15461)
4(15461 15462 15613 15612)
4(15612 15613 15764 15763)
4(15763 15764 15915 15914)
4(8063 8064 8215 8214)
4(8214 8215 8366 8365)
4(8365 8366 8517 8516)
4(8516 8517 8668 8667)
4(8667 8668 8819 8818)
4(8818 8819 8970 8969)
4(8969 8970 9121 9120)
4(9120 9121 9272 9271)
4(9271 9272 9423 9422)
4(9422 9423 9574 9573)
4(9573 9574 9725 9724)
4(9724 9725 9876 9875)
4(9875 9876 10027 10026)
4(10026 10027 10178 10177)
4(10177 10178 10329 10328)
4(10328 10329 10480 10479)
4(10479 10480 10631 10630)
4(10630 10631 10782 10781)
4(10781 10782 10933 10932)
4(10932 10933 11084 11083)
4(11083 11084 11235 11234)
4(11234 11235 11386 11385)
4(11385 11386 11537 11536)
4(11536 11537 11688 11687)
4(11687 11688 11839 11838)
4(11838 11839 11990 11989)
4(11989 11990 12141 12140)
4(12140 12141 12292 12291)
4(12291 12292 12443 12442)
4(12442 12443 12594 12593)
4(12593 12594 12745 12744)
4(12744 12745 12896 12895)
4(12895 12896 13047 13046)
4(13046 13047 13198 13197)
4(13197 13198 13349 13348)
4(13348 13349 13500 13499)
4(13499 13500 13651 13650)
4(13650 13651 13802 13801)
4(13801 13802 13953 13952)
4(13952 13953 14104 14103)
4(14103 14104 14255 14254)
4(14254 14255 14406 14405)
4(14405 14406 14557 14556)
4(14556 14557 14708 14707)
4(14707 14708 14859 14858)
4(14858 14859 15010 15009)
4(15009 15010 15161 15160)
4(15160 15161 15312 15311)
4(15311 15312 15463 15462)
4(15462 15463 15614 15613)
4(15613 15614 15765 15764)
4(15764 15765 15916 15915)
4(8064 8065 8216 8215)
4(8215 8216 8367 8366)
4(8366 8367 8518 8517)
4(8517 8518 8669 8668)
4(8668 8669 8820 8819)
4(8819 8820 8971 8970)
4(8970 8971 9122 9121)
4(9121 9122 9273 9272)
4(9272 9273 9424 9423)
4(9423 9424 9575 9574)
4(9574 9575 9726 9725)
4(9725 9726 9877 9876)
4(9876 9877 10028 10027)
4(10027 10028 10179 10178)
4(10178 10179 10330 10329)
4(10329 10330 10481 10480)
4(10480 10481 10632 10631)
4(10631 10632 10783 10782)
4(10782 10783 10934 10933)
4(10933 10934 11085 11084)
4(11084 11085 11236 11235)
4(11235 11236 11387 11386)
4(11386 11387 11538 11537)
4(11537 11538 11689 11688)
4(11688 11689 11840 11839)
4(11839 11840 11991 11990)
4(11990 11991 12142 12141)
4(12141 12142 12293 12292)
4(12292 12293 12444 12443)
4(12443 12444 12595 12594)
4(12594 12595 12746 12745)
4(12745 12746 12897 12896)
4(12896 12897 13048 13047)
4(13047 13048 13199 13198)
4(13198 13199 13350 13349)
4(13349 13350 13501 13500)
4(13500 13501 13652 13651)
4(13651 13652 13803 13802)
4(13802 13803 13954 13953)
4(13953 13954 14105 14104)
4(14104 14105 14256 14255)
4(14255 14256 14407 14406)
4(14406 14407 14558 14557)
4(14557 14558 14709 14708)
4(14708 14709 14860 14859)
4(14859 14860 15011 15010)
4(15010 15011 15162 15161)
4(15161 15162 15313 15312)
4(15312 15313 15464 15463)
4(15463 15464 15615 15614)
4(15614 15615 15766 15765)
4(15765 15766 15917 15916)
4(8065 8066 8217 8216)
4(8216 8217 8368 8367)
4(8367 8368 8519 8518)
4(8518 8519 8670 8669)
4(8669 8670 8821 8820)
4(8820 8821 8972 8971)
4(8971 8972 9123 9122)
4(9122 9123 9274 9273)
4(9273 9274 9425 9424)
4(9424 9425 9576 9575)
4(9575 9576 9727 9726)
4(9726 9727 9878 9877)
4(9877 9878 10029 10028)
4(10028 10029 10180 10179)
4(10179 10180 10331 10330)
4(10330 10331 10482 10481)
4(10481 10482 10633 10632)
4(10632 10633 10784 10783)
4(10783 10784 10935 10934)
4(10934 10935 11086 11085)
4(11085 11086 11237 11236)
4(11236 11237 11388 11387)
4(11387 11388 11539 11538)
4(11538 11539 11690 11689)
4(11689 11690 11841 11840)
4(11840 11841 11992 11991)
4(11991 11992 12143 12142)
4(12142 12143 12294 12293)
4(12293 12294 12445 12444)
4(12444 12445 12596 12595)
4(12595 12596 12747 12746)
4(12746 12747 12898 12897)
4(12897 12898 13049 13048)
4(13048 13049 13200 13199)
4(13199 13200 13351 13350)
4(13350 13351 13502 13501)
4(13501 13502 13653 13652)
4(13652 13653 13804 13803)
4(13803 13804 13955 13954)
4(13954 13955 14106 14105)
4(14105 14106 14257 14256)
4(14256 14257 14408 14407)
4(14407 14408 14559 14558)
4(14558 14559 14710 14709)
4(14709 14710 14861 14860)
4(14860 14861 15012 15011)
4(15011 15012 15163 15162)
4(15162 15163 15314 15313)
4(15313 15314 15465 15464)
4(15464 15465 15616 15615)
4(15615 15616 15767 15766)
4(15766 15767 15918 15917)
4(8066 8067 8218 8217)
4(8217 8218 8369 8368)
4(8368 8369 8520 8519)
4(8519 8520 8671 8670)
4(8670 8671 8822 8821)
4(8821 8822 8973 8972)
4(8972 8973 9124 9123)
4(9123 9124 9275 9274)
4(9274 9275 9426 9425)
4(9425 9426 9577 9576)
4(9576 9577 9728 9727)
4(9727 9728 9879 9878)
4(9878 9879 10030 10029)
4(10029 10030 10181 10180)
4(10180 10181 10332 10331)
4(10331 10332 10483 10482)
4(10482 10483 10634 10633)
4(10633 10634 10785 10784)
4(10784 10785 10936 10935)
4(10935 10936 11087 11086)
4(11086 11087 11238 11237)
4(11237 11238 11389 11388)
4(11388 11389 11540 11539)
4(11539 11540 11691 11690)
4(11690 11691 11842 11841)
4(11841 11842 11993 11992)
4(11992 11993 12144 12143)
4(12143 12144 12295 12294)
4(12294 12295 12446 12445)
4(12445 12446 12597 12596)
4(12596 12597 12748 12747)
4(12747 12748 12899 12898)
4(12898 12899 13050 13049)
4(13049 13050 13201 13200)
4(13200 13201 13352 13351)
4(13351 13352 13503 13502)
4(13502 13503 13654 13653)
4(13653 13654 13805 13804)
4(13804 13805 13956 13955)
4(13955 13956 14107 14106)
4(14106 14107 14258 14257)
4(14257 14258 14409 14408)
4(14408 14409 14560 14559)
4(14559 14560 14711 14710)
4(14710 14711 14862 14861)
4(14861 14862 15013 15012)
4(15012 15013 15164 15163)
4(15163 15164 15315 15314)
4(15314 15315 15466 15465)
4(15465 15466 15617 15616)
4(15616 15617 15768 15767)
4(15767 15768 15919 15918)
4(8067 8068 8219 8218)
4(8218 8219 8370 8369)
4(8369 8370 8521 8520)
4(8520 8521 8672 8671)
4(8671 8672 8823 8822)
4(8822 8823 8974 8973)
4(8973 8974 9125 9124)
4(9124 9125 9276 9275)
4(9275 9276 9427 9426)
4(9426 9427 9578 9577)
4(9577 9578 9729 9728)
4(9728 9729 9880 9879)
4(9879 9880 10031 10030)
4(10030 10031 10182 10181)
4(10181 10182 10333 10332)
4(10332 10333 10484 10483)
4(10483 10484 10635 10634)
4(10634 10635 10786 10785)
4(10785 10786 10937 10936)
4(10936 10937 11088 11087)
4(11087 11088 11239 11238)
4(11238 11239 11390 11389)
4(11389 11390 11541 11540)
4(11540 11541 11692 11691)
4(11691 11692 11843 11842)
4(11842 11843 11994 11993)
4(11993 11994 12145 12144)
4(12144 12145 12296 12295)
4(12295 12296 12447 12446)
4(12446 12447 12598 12597)
4(12597 12598 12749 12748)
4(12748 12749 12900 12899)
4(12899 12900 13051 13050)
4(13050 13051 13202 13201)
4(13201 13202 13353 13352)
4(13352 13353 13504 13503)
4(13503 13504 13655 13654)
4(13654 13655 13806 13805)
4(13805 13806 13957 13956)
4(13956 13957 14108 14107)
4(14107 14108 14259 14258)
4(14258 14259 14410 14409)
4(14409 14410 14561 14560)
4(14560 14561 14712 14711)
4(14711 14712 14863 14862)
4(14862 14863 15014 15013)
4(15013 15014 15165 15164)
4(15164 15165 15316 15315)
4(15315 15316 15467 15466)
4(15466 15467 15618 15617)
4(15617 15618 15769 15768)
4(15768 15769 15920 15919)
4(8068 8069 8220 8219)
4(8219 8220 8371 8370)
4(8370 8371 8522 8521)
4(8521 8522 8673 8672)
4(8672 8673 8824 8823)
4(8823 8824 8975 8974)
4(8974 8975 9126 9125)
4(9125 9126 9277 9276)
4(9276 9277 9428 9427)
4(9427 9428 9579 9578)
4(9578 9579 9730 9729)
4(9729 9730 9881 9880)
4(9880 9881 10032 10031)
4(10031 10032 10183 10182)
4(10182 10183 10334 10333)
4(10333 10334 10485 10484)
4(10484 10485 10636 10635)
4(10635 10636 10787 10786)
4(10786 10787 10938 10937)
4(10937 10938 11089 11088)
4(11088 11089 11240 11239)
4(11239 11240 11391 11390)
4(11390 11391 11542 11541)
4(11541 11542 11693 11692)
4(11692 11693 11844 11843)
4(11843 11844 11995 11994)
4(11994 11995 12146 12145)
4(12145 12146 12297 12296)
4(12296 12297 12448 12447)
4(12447 12448 12599 12598)
4(12598 12599 12750 12749)
4(12749 12750 12901 12900)
4(12900 12901 13052 13051)
4(13051 13052 13203 13202)
4(13202 13203 13354 13353)
4(13353 13354 13505 13504)
4(13504 13505 13656 13655)
4(13655 13656 13807 13806)
4(13806 13807 13958 13957)
4(13957 13958 14109 14108)
4(14108 14109 14260 14259)
4(14259 14260 14411 14410)
4(14410 14411 14562 14561)
4(14561 14562 14713 14712)
4(14712 14713 14864 14863)
4(14863 14864 15015 15014)
4(15014 15015 15166 15165)
4(15165 15166 15317 15316)
4(15316 15317 15468 15467)
4(15467 15468 15619 15618)
4(15618 15619 15770 15769)
4(15769 15770 15921 15920)
4(8069 8070 8221 8220)
4(8220 8221 8372 8371)
4(8371 8372 8523 8522)
4(8522 8523 8674 8673)
4(8673 8674 8825 8824)
4(8824 8825 8976 8975)
4(8975 8976 9127 9126)
4(9126 9127 9278 9277)
4(9277 9278 9429 9428)
4(9428 9429 9580 9579)
4(9579 9580 9731 9730)
4(9730 9731 9882 9881)
4(9881 9882 10033 10032)
4(10032 10033 10184 10183)
4(10183 10184 10335 10334)
4(10334 10335 10486 10485)
4(10485 10486 10637 10636)
4(10636 10637 10788 10787)
4(10787 10788 10939 10938)
4(10938 10939 11090 11089)
4(11089 11090 11241 11240)
4(11240 11241 11392 11391)
4(11391 11392 11543 11542)
4(11542 11543 11694 11693)
4(11693 11694 11845 11844)
4(11844 11845 11996 11995)
4(11995 11996 12147 12146)
4(12146 12147 12298 12297)
4(12297 12298 12449 12448)
4(12448 12449 12600 12599)
4(12599 12600 12751 12750)
4(12750 12751 12902 12901)
4(12901 12902 13053 13052)
4(13052 13053 13204 13203)
4(13203 13204 13355 13354)
4(13354 13355 13506 13505)
4(13505 13506 13657 13656)
4(13656 13657 13808 13807)
4(13807 13808 13959 13958)
4(13958 13959 14110 14109)
4(14109 14110 14261 14260)
4(14260 14261 14412 14411)
4(14411 14412 14563 14562)
4(14562 14563 14714 14713)
4(14713 14714 14865 14864)
4(14864 14865 15016 15015)
4(15015 15016 15167 15166)
4(15166 15167 15318 15317)
4(15317 15318 15469 15468)
4(15468 15469 15620 15619)
4(15619 15620 15771 15770)
4(15770 15771 15922 15921)
4(8070 8071 8222 8221)
4(8221 8222 8373 8372)
4(8372 8373 8524 8523)
4(8523 8524 8675 8674)
4(8674 8675 8826 8825)
4(8825 8826 8977 8976)
4(8976 8977 9128 9127)
4(9127 9128 9279 9278)
4(9278 9279 9430 9429)
4(9429 9430 9581 9580)
4(9580 9581 9732 9731)
4(9731 9732 9883 9882)
4(9882 9883 10034 10033)
4(10033 10034 10185 10184)
4(10184 10185 10336 10335)
4(10335 10336 10487 10486)
4(10486 10487 10638 10637)
4(10637 10638 10789 10788)
4(10788 10789 10940 10939)
4(10939 10940 11091 11090)
4(11090 11091 11242 11241)
4(11241 11242 11393 11392)
4(11392 11393 11544 11543)
4(11543 11544 11695 11694)
4(11694 11695 11846 11845)
4(11845 11846 11997 11996)
4(11996 11997 12148 12147)
4(12147 12148 12299 12298)
4(12298 12299 12450 12449)
4(12449 12450 12601 12600)
4(12600 12601 12752 12751)
4(12751 12752 12903 12902)
4(12902 12903 13054 13053)
4(13053 13054 13205 13204)
4(13204 13205 13356 13355)
4(13355 13356 13507 13506)
4(13506 13507 13658 13657)
4(13657 13658 13809 13808)
4(13808 13809 13960 13959)
4(13959 13960 14111 14110)
4(14110 14111 14262 14261)
4(14261 14262 14413 14412)
4(14412 14413 14564 14563)
4(14563 14564 14715 14714)
4(14714 14715 14866 14865)
4(14865 14866 15017 15016)
4(15016 15017 15168 15167)
4(15167 15168 15319 15318)
4(15318 15319 15470 15469)
4(15469 15470 15621 15620)
4(15620 15621 15772 15771)
4(15771 15772 15923 15922)
4(8071 8072 8223 8222)
4(8222 8223 8374 8373)
4(8373 8374 8525 8524)
4(8524 8525 8676 8675)
4(8675 8676 8827 8826)
4(8826 8827 8978 8977)
4(8977 8978 9129 9128)
4(9128 9129 9280 9279)
4(9279 9280 9431 9430)
4(9430 9431 9582 9581)
4(9581 9582 9733 9732)
4(9732 9733 9884 9883)
4(9883 9884 10035 10034)
4(10034 10035 10186 10185)
4(10185 10186 10337 10336)
4(10336 10337 10488 10487)
4(10487 10488 10639 10638)
4(10638 10639 10790 10789)
4(10789 10790 10941 10940)
4(10940 10941 11092 11091)
4(11091 11092 11243 11242)
4(11242 11243 11394 11393)
4(11393 11394 11545 11544)
4(11544 11545 11696 11695)
4(11695 11696 11847 11846)
4(11846 11847 11998 11997)
4(11997 11998 12149 12148)
4(12148 12149 12300 12299)
4(12299 12300 12451 12450)
4(12450 12451 12602 12601)
4(12601 12602 12753 12752)
4(12752 12753 12904 12903)
4(12903 12904 13055 13054)
4(13054 13055 13206 13205)
4(13205 13206 13357 13356)
4(13356 13357 13508 13507)
4(13507 13508 13659 13658)
4(13658 13659 13810 13809)
4(13809 13810 13961 13960)
4(13960 13961 14112 14111)
4(14111 14112 14263 14262)
4(14262 14263 14414 14413)
4(14413 14414 14565 14564)
4(14564 14565 14716 14715)
4(14715 14716 14867 14866)
4(14866 14867 15018 15017)
4(15017 15018 15169 15168)
4(15168 15169 15320 15319)
4(15319 15320 15471 15470)
4(15470 15471 15622 15621)
4(15621 15622 15773 15772)
4(15772 15773 15924 15923)
4(8072 8073 8224 8223)
4(8223 8224 8375 8374)
4(8374 8375 8526 8525)
4(8525 8526 8677 8676)
4(8676 8677 8828 8827)
4(8827 8828 8979 8978)
4(8978 8979 9130 9129)
4(9129 9130 9281 9280)
4(9280 9281 9432 9431)
4(9431 9432 9583 9582)
4(9582 9583 9734 9733)
4(9733 9734 9885 9884)
4(9884 9885 10036 10035)
4(10035 10036 10187 10186)
4(10186 10187 10338 10337)
4(10337 10338 10489 10488)
4(10488 10489 10640 10639)
4(10639 10640 10791 10790)
4(10790 10791 10942 10941)
4(10941 10942 11093 11092)
4(11092 11093 11244 11243)
4(11243 11244 11395 11394)
4(11394 11395 11546 11545)
4(11545 11546 11697 11696)
4(11696 11697 11848 11847)
4(11847 11848 11999 11998)
4(11998 11999 12150 12149)
4(12149 12150 12301 12300)
4(12300 12301 12452 12451)
4(12451 12452 12603 12602)
4(12602 12603 12754 12753)
4(12753 12754 12905 12904)
4(12904 12905 13056 13055)
4(13055 13056 13207 13206)
4(13206 13207 13358 13357)
4(13357 13358 13509 13508)
4(13508 13509 13660 13659)
4(13659 13660 13811 13810)
4(13810 13811 13962 13961)
4(13961 13962 14113 14112)
4(14112 14113 14264 14263)
4(14263 14264 14415 14414)
4(14414 14415 14566 14565)
4(14565 14566 14717 14716)
4(14716 14717 14868 14867)
4(14867 14868 15019 15018)
4(15018 15019 15170 15169)
4(15169 15170 15321 15320)
4(15320 15321 15472 15471)
4(15471 15472 15623 15622)
4(15622 15623 15774 15773)
4(15773 15774 15925 15924)
4(8073 8074 8225 8224)
4(8224 8225 8376 8375)
4(8375 8376 8527 8526)
4(8526 8527 8678 8677)
4(8677 8678 8829 8828)
4(8828 8829 8980 8979)
4(8979 8980 9131 9130)
4(9130 9131 9282 9281)
4(9281 9282 9433 9432)
4(9432 9433 9584 9583)
4(9583 9584 9735 9734)
4(9734 9735 9886 9885)
4(9885 9886 10037 10036)
4(10036 10037 10188 10187)
4(10187 10188 10339 10338)
4(10338 10339 10490 10489)
4(10489 10490 10641 10640)
4(10640 10641 10792 10791)
4(10791 10792 10943 10942)
4(10942 10943 11094 11093)
4(11093 11094 11245 11244)
4(11244 11245 11396 11395)
4(11395 11396 11547 11546)
4(11546 11547 11698 11697)
4(11697 11698 11849 11848)
4(11848 11849 12000 11999)
4(11999 12000 12151 12150)
4(12150 12151 12302 12301)
4(12301 12302 12453 12452)
4(12452 12453 12604 12603)
4(12603 12604 12755 12754)
4(12754 12755 12906 12905)
4(12905 12906 13057 13056)
4(13056 13057 13208 13207)
4(13207 13208 13359 13358)
4(13358 13359 13510 13509)
4(13509 13510 13661 13660)
4(13660 13661 13812 13811)
4(13811 13812 13963 13962)
4(13962 13963 14114 14113)
4(14113 14114 14265 14264)
4(14264 14265 14416 14415)
4(14415 14416 14567 14566)
4(14566 14567 14718 14717)
4(14717 14718 14869 14868)
4(14868 14869 15020 15019)
4(15019 15020 15171 15170)
4(15170 15171 15322 15321)
4(15321 15322 15473 15472)
4(15472 15473 15624 15623)
4(15623 15624 15775 15774)
4(15774 15775 15926 15925)
4(8074 8075 8226 8225)
4(8225 8226 8377 8376)
4(8376 8377 8528 8527)
4(8527 8528 8679 8678)
4(8678 8679 8830 8829)
4(8829 8830 8981 8980)
4(8980 8981 9132 9131)
4(9131 9132 9283 9282)
4(9282 9283 9434 9433)
4(9433 9434 9585 9584)
4(9584 9585 9736 9735)
4(9735 9736 9887 9886)
4(9886 9887 10038 10037)
4(10037 10038 10189 10188)
4(10188 10189 10340 10339)
4(10339 10340 10491 10490)
4(10490 10491 10642 10641)
4(10641 10642 10793 10792)
4(10792 10793 10944 10943)
4(10943 10944 11095 11094)
4(11094 11095 11246 11245)
4(11245 11246 11397 11396)
4(11396 11397 11548 11547)
4(11547 11548 11699 11698)
4(11698 11699 11850 11849)
4(11849 11850 12001 12000)
4(12000 12001 12152 12151)
4(12151 12152 12303 12302)
4(12302 12303 12454 12453)
4(12453 12454 12605 12604)
4(12604 12605 12756 12755)
4(12755 12756 12907 12906)
4(12906 12907 13058 13057)
4(13057 13058 13209 13208)
4(13208 13209 13360 13359)
4(13359 13360 13511 13510)
4(13510 13511 13662 13661)
4(13661 13662 13813 13812)
4(13812 13813 13964 13963)
4(13963 13964 14115 14114)
4(14114 14115 14266 14265)
4(14265 14266 14417 14416)
4(14416 14417 14568 14567)
4(14567 14568 14719 14718)
4(14718 14719 14870 14869)
4(14869 14870 15021 15020)
4(15020 15021 15172 15171)
4(15171 15172 15323 15322)
4(15322 15323 15474 15473)
4(15473 15474 15625 15624)
4(15624 15625 15776 15775)
4(15775 15776 15927 15926)
4(8075 8076 8227 8226)
4(8226 8227 8378 8377)
4(8377 8378 8529 8528)
4(8528 8529 8680 8679)
4(8679 8680 8831 8830)
4(8830 8831 8982 8981)
4(8981 8982 9133 9132)
4(9132 9133 9284 9283)
4(9283 9284 9435 9434)
4(9434 9435 9586 9585)
4(9585 9586 9737 9736)
4(9736 9737 9888 9887)
4(9887 9888 10039 10038)
4(10038 10039 10190 10189)
4(10189 10190 10341 10340)
4(10340 10341 10492 10491)
4(10491 10492 10643 10642)
4(10642 10643 10794 10793)
4(10793 10794 10945 10944)
4(10944 10945 11096 11095)
4(11095 11096 11247 11246)
4(11246 11247 11398 11397)
4(11397 11398 11549 11548)
4(11548 11549 11700 11699)
4(11699 11700 11851 11850)
4(11850 11851 12002 12001)
4(12001 12002 12153 12152)
4(12152 12153 12304 12303)
4(12303 12304 12455 12454)
4(12454 12455 12606 12605)
4(12605 12606 12757 12756)
4(12756 12757 12908 12907)
4(12907 12908 13059 13058)
4(13058 13059 13210 13209)
4(13209 13210 13361 13360)
4(13360 13361 13512 13511)
4(13511 13512 13663 13662)
4(13662 13663 13814 13813)
4(13813 13814 13965 13964)
4(13964 13965 14116 14115)
4(14115 14116 14267 14266)
4(14266 14267 14418 14417)
4(14417 14418 14569 14568)
4(14568 14569 14720 14719)
4(14719 14720 14871 14870)
4(14870 14871 15022 15021)
4(15021 15022 15173 15172)
4(15172 15173 15324 15323)
4(15323 15324 15475 15474)
4(15474 15475 15626 15625)
4(15625 15626 15777 15776)
4(15776 15777 15928 15927)
4(8076 8077 8228 8227)
4(8227 8228 8379 8378)
4(8378 8379 8530 8529)
4(8529 8530 8681 8680)
4(8680 8681 8832 8831)
4(8831 8832 8983 8982)
4(8982 8983 9134 9133)
4(9133 9134 9285 9284)
4(9284 9285 9436 9435)
4(9435 9436 9587 9586)
4(9586 9587 9738 9737)
4(9737 9738 9889 9888)
4(9888 9889 10040 10039)
4(10039 10040 10191 10190)
4(10190 10191 10342 10341)
4(10341 10342 10493 10492)
4(10492 10493 10644 10643)
4(10643 10644 10795 10794)
4(10794 10795 10946 10945)
4(10945 10946 11097 11096)
4(11096 11097 11248 11247)
4(11247 11248 11399 11398)
4(11398 11399 11550 11549)
4(11549 11550 11701 11700)
4(11700 11701 11852 11851)
4(11851 11852 12003 12002)
4(12002 12003 12154 12153)
4(12153 12154 12305 12304)
4(12304 12305 12456 12455)
4(12455 12456 12607 12606)
4(12606 12607 12758 12757)
4(12757 12758 12909 12908)
4(12908 12909 13060 13059)
4(13059 13060 13211 13210)
4(13210 13211 13362 13361)
4(13361 13362 13513 13512)
4(13512 13513 13664 13663)
4(13663 13664 13815 13814)
4(13814 13815 13966 13965)
4(13965 13966 14117 14116)
4(14116 14117 14268 14267)
4(14267 14268 14419 14418)
4(14418 14419 14570 14569)
4(14569 14570 14721 14720)
4(14720 14721 14872 14871)
4(14871 14872 15023 15022)
4(15022 15023 15174 15173)
4(15173 15174 15325 15324)
4(15324 15325 15476 15475)
4(15475 15476 15627 15626)
4(15626 15627 15778 15777)
4(15777 15778 15929 15928)
4(8077 8078 8229 8228)
4(8228 8229 8380 8379)
4(8379 8380 8531 8530)
4(8530 8531 8682 8681)
4(8681 8682 8833 8832)
4(8832 8833 8984 8983)
4(8983 8984 9135 9134)
4(9134 9135 9286 9285)
4(9285 9286 9437 9436)
4(9436 9437 9588 9587)
4(9587 9588 9739 9738)
4(9738 9739 9890 9889)
4(9889 9890 10041 10040)
4(10040 10041 10192 10191)
4(10191 10192 10343 10342)
4(10342 10343 10494 10493)
4(10493 10494 10645 10644)
4(10644 10645 10796 10795)
4(10795 10796 10947 10946)
4(10946 10947 11098 11097)
4(11097 11098 11249 11248)
4(11248 11249 11400 11399)
4(11399 11400 11551 11550)
4(11550 11551 11702 11701)
4(11701 11702 11853 11852)
4(11852 11853 12004 12003)
4(12003 12004 12155 12154)
4(12154 12155 12306 12305)
4(12305 12306 12457 12456)
4(12456 12457 12608 12607)
4(12607 12608 12759 12758)
4(12758 12759 12910 12909)
4(12909 12910 13061 13060)
4(13060 13061 13212 13211)
4(13211 13212 13363 13362)
4(13362 13363 13514 13513)
4(13513 13514 13665 13664)
4(13664 13665 13816 13815)
4(13815 13816 13967 13966)
4(13966 13967 14118 14117)
4(14117 14118 14269 14268)
4(14268 14269 14420 14419)
4(14419 14420 14571 14570)
4(14570 14571 14722 14721)
4(14721 14722 14873 14872)
4(14872 14873 15024 15023)
4(15023 15024 15175 15174)
4(15174 15175 15326 15325)
4(15325 15326 15477 15476)
4(15476 15477 15628 15627)
4(15627 15628 15779 15778)
4(15778 15779 15930 15929)
4(8078 8079 8230 8229)
4(8229 8230 8381 8380)
4(8380 8381 8532 8531)
4(8531 8532 8683 8682)
4(8682 8683 8834 8833)
4(8833 8834 8985 8984)
4(8984 8985 9136 9135)
4(9135 9136 9287 9286)
4(9286 9287 9438 9437)
4(9437 9438 9589 9588)
4(9588 9589 9740 9739)
4(9739 9740 9891 9890)
4(9890 9891 10042 10041)
4(10041 10042 10193 10192)
4(10192 10193 10344 10343)
4(10343 10344 10495 10494)
4(10494 10495 10646 10645)
4(10645 10646 10797 10796)
4(10796 10797 10948 10947)
4(10947 10948 11099 11098)
4(11098 11099 11250 11249)
4(11249 11250 11401 11400)
4(11400 11401 11552 11551)
4(11551 11552 11703 11702)
4(11702 11703 11854 11853)
4(11853 11854 12005 12004)
4(12004 12005 12156 12155)
4(12155 12156 12307 12306)
4(12306 12307 12458 12457)
4(12457 12458 12609 12608)
4(12608 12609 12760 12759)
4(12759 12760 12911 12910)
4(12910 12911 13062 13061)
4(13061 13062 13213 13212)
4(13212 13213 13364 13363)
4(13363 13364 13515 13514)
4(13514 13515 13666 13665)
4(13665 13666 13817 13816)
4(13816 13817 13968 13967)
4(13967 13968 14119 14118)
4(14118 14119 14270 14269)
4(14269 14270 14421 14420)
4(14420 14421 14572 14571)
4(14571 14572 14723 14722)
4(14722 14723 14874 14873)
4(14873 14874 15025 15024)
4(15024 15025 15176 15175)
4(15175 15176 15327 15326)
4(15326 15327 15478 15477)
4(15477 15478 15629 15628)
4(15628 15629 15780 15779)
4(15779 15780 15931 15930)
4(8079 8080 8231 8230)
4(8230 8231 8382 8381)
4(8381 8382 8533 8532)
4(8532 8533 8684 8683)
4(8683 8684 8835 8834)
4(8834 8835 8986 8985)
4(8985 8986 9137 9136)
4(9136 9137 9288 9287)
4(9287 9288 9439 9438)
4(9438 9439 9590 9589)
4(9589 9590 9741 9740)
4(9740 9741 9892 9891)
4(9891 9892 10043 10042)
4(10042 10043 10194 10193)
4(10193 10194 10345 10344)
4(10344 10345 10496 10495)
4(10495 10496 10647 10646)
4(10646 10647 10798 10797)
4(10797 10798 10949 10948)
4(10948 10949 11100 11099)
4(11099 11100 11251 11250)
4(11250 11251 11402 11401)
4(11401 11402 11553 11552)
4(11552 11553 11704 11703)
4(11703 11704 11855 11854)
4(11854 11855 12006 12005)
4(12005 12006 12157 12156)
4(12156 12157 12308 12307)
4(12307 12308 12459 12458)
4(12458 12459 12610 12609)
4(12609 12610 12761 12760)
4(12760 12761 12912 12911)
4(12911 12912 13063 13062)
4(13062 13063 13214 13213)
4(13213 13214 13365 13364)
4(13364 13365 13516 13515)
4(13515 13516 13667 13666)
4(13666 13667 13818 13817)
4(13817 13818 13969 13968)
4(13968 13969 14120 14119)
4(14119 14120 14271 14270)
4(14270 14271 14422 14421)
4(14421 14422 14573 14572)
4(14572 14573 14724 14723)
4(14723 14724 14875 14874)
4(14874 14875 15026 15025)
4(15025 15026 15177 15176)
4(15176 15177 15328 15327)
4(15327 15328 15479 15478)
4(15478 15479 15630 15629)
4(15629 15630 15781 15780)
4(15780 15781 15932 15931)
4(8080 8081 8232 8231)
4(8231 8232 8383 8382)
4(8382 8383 8534 8533)
4(8533 8534 8685 8684)
4(8684 8685 8836 8835)
4(8835 8836 8987 8986)
4(8986 8987 9138 9137)
4(9137 9138 9289 9288)
4(9288 9289 9440 9439)
4(9439 9440 9591 9590)
4(9590 9591 9742 9741)
4(9741 9742 9893 9892)
4(9892 9893 10044 10043)
4(10043 10044 10195 10194)
4(10194 10195 10346 10345)
4(10345 10346 10497 10496)
4(10496 10497 10648 10647)
4(10647 10648 10799 10798)
4(10798 10799 10950 10949)
4(10949 10950 11101 11100)
4(11100 11101 11252 11251)
4(11251 11252 11403 11402)
4(11402 11403 11554 11553)
4(11553 11554 11705 11704)
4(11704 11705 11856 11855)
4(11855 11856 12007 12006)
4(12006 12007 12158 12157)
4(12157 12158 12309 12308)
4(12308 12309 12460 12459)
4(12459 12460 12611 12610)
4(12610 12611 12762 12761)
4(12761 12762 12913 12912)
4(12912 12913 13064 13063)
4(13063 13064 13215 13214)
4(13214 13215 13366 13365)
4(13365 13366 13517 13516)
4(13516 13517 13668 13667)
4(13667 13668 13819 13818)
4(13818 13819 13970 13969)
4(13969 13970 14121 14120)
4(14120 14121 14272 14271)
4(14271 14272 14423 14422)
4(14422 14423 14574 14573)
4(14573 14574 14725 14724)
4(14724 14725 14876 14875)
4(14875 14876 15027 15026)
4(15026 15027 15178 15177)
4(15177 15178 15329 15328)
4(15328 15329 15480 15479)
4(15479 15480 15631 15630)
4(15630 15631 15782 15781)
4(15781 15782 15933 15932)
4(8081 8082 8233 8232)
4(8232 8233 8384 8383)
4(8383 8384 8535 8534)
4(8534 8535 8686 8685)
4(8685 8686 8837 8836)
4(8836 8837 8988 8987)
4(8987 8988 9139 9138)
4(9138 9139 9290 9289)
4(9289 9290 9441 9440)
4(9440 9441 9592 9591)
4(9591 9592 9743 9742)
4(9742 9743 9894 9893)
4(9893 9894 10045 10044)
4(10044 10045 10196 10195)
4(10195 10196 10347 10346)
4(10346 10347 10498 10497)
4(10497 10498 10649 10648)
4(10648 10649 10800 10799)
4(10799 10800 10951 10950)
4(10950 10951 11102 11101)
4(11101 11102 11253 11252)
4(11252 11253 11404 11403)
4(11403 11404 11555 11554)
4(11554 11555 11706 11705)
4(11705 11706 11857 11856)
4(11856 11857 12008 12007)
4(12007 12008 12159 12158)
4(12158 12159 12310 12309)
4(12309 12310 12461 12460)
4(12460 12461 12612 12611)
4(12611 12612 12763 12762)
4(12762 12763 12914 12913)
4(12913 12914 13065 13064)
4(13064 13065 13216 13215)
4(13215 13216 13367 13366)
4(13366 13367 13518 13517)
4(13517 13518 13669 13668)
4(13668 13669 13820 13819)
4(13819 13820 13971 13970)
4(13970 13971 14122 14121)
4(14121 14122 14273 14272)
4(14272 14273 14424 14423)
4(14423 14424 14575 14574)
4(14574 14575 14726 14725)
4(14725 14726 14877 14876)
4(14876 14877 15028 15027)
4(15027 15028 15179 15178)
4(15178 15179 15330 15329)
4(15329 15330 15481 15480)
4(15480 15481 15632 15631)
4(15631 15632 15783 15782)
4(15782 15783 15934 15933)
4(8082 8083 8234 8233)
4(8233 8234 8385 8384)
4(8384 8385 8536 8535)
4(8535 8536 8687 8686)
4(8686 8687 8838 8837)
4(8837 8838 8989 8988)
4(8988 8989 9140 9139)
4(9139 9140 9291 9290)
4(9290 9291 9442 9441)
4(9441 9442 9593 9592)
4(9592 9593 9744 9743)
4(9743 9744 9895 9894)
4(9894 9895 10046 10045)
4(10045 10046 10197 10196)
4(10196 10197 10348 10347)
4(10347 10348 10499 10498)
4(10498 10499 10650 10649)
4(10649 10650 10801 10800)
4(10800 10801 10952 10951)
4(10951 10952 11103 11102)
4(11102 11103 11254 11253)
4(11253 11254 11405 11404)
4(11404 11405 11556 11555)
4(11555 11556 11707 11706)
4(11706 11707 11858 11857)
4(11857 11858 12009 12008)
4(12008 12009 12160 12159)
4(12159 12160 12311 12310)
4(12310 12311 12462 12461)
4(12461 12462 12613 12612)
4(12612 12613 12764 12763)
4(12763 12764 12915 12914)
4(12914 12915 13066 13065)
4(13065 13066 13217 13216)
4(13216 13217 13368 13367)
4(13367 13368 13519 13518)
4(13518 13519 13670 13669)
4(13669 13670 13821 13820)
4(13820 13821 13972 13971)
4(13971 13972 14123 14122)
4(14122 14123 14274 14273)
4(14273 14274 14425 14424)
4(14424 14425 14576 14575)
4(14575 14576 14727 14726)
4(14726 14727 14878 14877)
4(14877 14878 15029 15028)
4(15028 15029 15180 15179)
4(15179 15180 15331 15330)
4(15330 15331 15482 15481)
4(15481 15482 15633 15632)
4(15632 15633 15784 15783)
4(15783 15784 15935 15934)
4(8083 8084 8235 8234)
4(8234 8235 8386 8385)
4(8385 8386 8537 8536)
4(8536 8537 8688 8687)
4(8687 8688 8839 8838)
4(8838 8839 8990 8989)
4(8989 8990 9141 9140)
4(9140 9141 9292 9291)
4(9291 9292 9443 9442)
4(9442 9443 9594 9593)
4(9593 9594 9745 9744)
4(9744 9745 9896 9895)
4(9895 9896 10047 10046)
4(10046 10047 10198 10197)
4(10197 10198 10349 10348)
4(10348 10349 10500 10499)
4(10499 10500 10651 10650)
4(10650 10651 10802 10801)
4(10801 10802 10953 10952)
4(10952 10953 11104 11103)
4(11103 11104 11255 11254)
4(11254 11255 11406 11405)
4(11405 11406 11557 11556)
4(11556 11557 11708 11707)
4(11707 11708 11859 11858)
4(11858 11859 12010 12009)
4(12009 12010 12161 12160)
4(12160 12161 12312 12311)
4(12311 12312 12463 12462)
4(12462 12463 12614 12613)
4(12613 12614 12765 12764)
4(12764 12765 12916 12915)
4(12915 12916 13067 13066)
4(13066 13067 13218 13217)
4(13217 13218 13369 13368)
4(13368 13369 13520 13519)
4(13519 13520 13671 13670)
4(13670 13671 13822 13821)
4(13821 13822 13973 13972)
4(13972 13973 14124 14123)
4(14123 14124 14275 14274)
4(14274 14275 14426 14425)
4(14425 14426 14577 14576)
4(14576 14577 14728 14727)
4(14727 14728 14879 14878)
4(14878 14879 15030 15029)
4(15029 15030 15181 15180)
4(15180 15181 15332 15331)
4(15331 15332 15483 15482)
4(15482 15483 15634 15633)
4(15633 15634 15785 15784)
4(15784 15785 15936 15935)
4(8084 8085 8236 8235)
4(8235 8236 8387 8386)
4(8386 8387 8538 8537)
4(8537 8538 8689 8688)
4(8688 8689 8840 8839)
4(8839 8840 8991 8990)
4(8990 8991 9142 9141)
4(9141 9142 9293 9292)
4(9292 9293 9444 9443)
4(9443 9444 9595 9594)
4(9594 9595 9746 9745)
4(9745 9746 9897 9896)
4(9896 9897 10048 10047)
4(10047 10048 10199 10198)
4(10198 10199 10350 10349)
4(10349 10350 10501 10500)
4(10500 10501 10652 10651)
4(10651 10652 10803 10802)
4(10802 10803 10954 10953)
4(10953 10954 11105 11104)
4(11104 11105 11256 11255)
4(11255 11256 11407 11406)
4(11406 11407 11558 11557)
4(11557 11558 11709 11708)
4(11708 11709 11860 11859)
4(11859 11860 12011 12010)
4(12010 12011 12162 12161)
4(12161 12162 12313 12312)
4(12312 12313 12464 12463)
4(12463 12464 12615 12614)
4(12614 12615 12766 12765)
4(12765 12766 12917 12916)
4(12916 12917 13068 13067)
4(13067 13068 13219 13218)
4(13218 13219 13370 13369)
4(13369 13370 13521 13520)
4(13520 13521 13672 13671)
4(13671 13672 13823 13822)
4(13822 13823 13974 13973)
4(13973 13974 14125 14124)
4(14124 14125 14276 14275)
4(14275 14276 14427 14426)
4(14426 14427 14578 14577)
4(14577 14578 14729 14728)
4(14728 14729 14880 14879)
4(14879 14880 15031 15030)
4(15030 15031 15182 15181)
4(15181 15182 15333 15332)
4(15332 15333 15484 15483)
4(15483 15484 15635 15634)
4(15634 15635 15786 15785)
4(15785 15786 15937 15936)
4(8085 8086 8237 8236)
4(8236 8237 8388 8387)
4(8387 8388 8539 8538)
4(8538 8539 8690 8689)
4(8689 8690 8841 8840)
4(8840 8841 8992 8991)
4(8991 8992 9143 9142)
4(9142 9143 9294 9293)
4(9293 9294 9445 9444)
4(9444 9445 9596 9595)
4(9595 9596 9747 9746)
4(9746 9747 9898 9897)
4(9897 9898 10049 10048)
4(10048 10049 10200 10199)
4(10199 10200 10351 10350)
4(10350 10351 10502 10501)
4(10501 10502 10653 10652)
4(10652 10653 10804 10803)
4(10803 10804 10955 10954)
4(10954 10955 11106 11105)
4(11105 11106 11257 11256)
4(11256 11257 11408 11407)
4(11407 11408 11559 11558)
4(11558 11559 11710 11709)
4(11709 11710 11861 11860)
4(11860 11861 12012 12011)
4(12011 12012 12163 12162)
4(12162 12163 12314 12313)
4(12313 12314 12465 12464)
4(12464 12465 12616 12615)
4(12615 12616 12767 12766)
4(12766 12767 12918 12917)
4(12917 12918 13069 13068)
4(13068 13069 13220 13219)
4(13219 13220 13371 13370)
4(13370 13371 13522 13521)
4(13521 13522 13673 13672)
4(13672 13673 13824 13823)
4(13823 13824 13975 13974)
4(13974 13975 14126 14125)
4(14125 14126 14277 14276)
4(14276 14277 14428 14427)
4(14427 14428 14579 14578)
4(14578 14579 14730 14729)
4(14729 14730 14881 14880)
4(14880 14881 15032 15031)
4(15031 15032 15183 15182)
4(15182 15183 15334 15333)
4(15333 15334 15485 15484)
4(15484 15485 15636 15635)
4(15635 15636 15787 15786)
4(15786 15787 15938 15937)
4(8086 8087 8238 8237)
4(8237 8238 8389 8388)
4(8388 8389 8540 8539)
4(8539 8540 8691 8690)
4(8690 8691 8842 8841)
4(8841 8842 8993 8992)
4(8992 8993 9144 9143)
4(9143 9144 9295 9294)
4(9294 9295 9446 9445)
4(9445 9446 9597 9596)
4(9596 9597 9748 9747)
4(9747 9748 9899 9898)
4(9898 9899 10050 10049)
4(10049 10050 10201 10200)
4(10200 10201 10352 10351)
4(10351 10352 10503 10502)
4(10502 10503 10654 10653)
4(10653 10654 10805 10804)
4(10804 10805 10956 10955)
4(10955 10956 11107 11106)
4(11106 11107 11258 11257)
4(11257 11258 11409 11408)
4(11408 11409 11560 11559)
4(11559 11560 11711 11710)
4(11710 11711 11862 11861)
4(11861 11862 12013 12012)
4(12012 12013 12164 12163)
4(12163 12164 12315 12314)
4(12314 12315 12466 12465)
4(12465 12466 12617 12616)
4(12616 12617 12768 12767)
4(12767 12768 12919 12918)
4(12918 12919 13070 13069)
4(13069 13070 13221 13220)
4(13220 13221 13372 13371)
4(13371 13372 13523 13522)
4(13522 13523 13674 13673)
4(13673 13674 13825 13824)
4(13824 13825 13976 13975)
4(13975 13976 14127 14126)
4(14126 14127 14278 14277)
4(14277 14278 14429 14428)
4(14428 14429 14580 14579)
4(14579 14580 14731 14730)
4(14730 14731 14882 14881)
4(14881 14882 15033 15032)
4(15032 15033 15184 15183)
4(15183 15184 15335 15334)
4(15334 15335 15486 15485)
4(15485 15486 15637 15636)
4(15636 15637 15788 15787)
4(15787 15788 15939 15938)
4(8087 8088 8239 8238)
4(8238 8239 8390 8389)
4(8389 8390 8541 8540)
4(8540 8541 8692 8691)
4(8691 8692 8843 8842)
4(8842 8843 8994 8993)
4(8993 8994 9145 9144)
4(9144 9145 9296 9295)
4(9295 9296 9447 9446)
4(9446 9447 9598 9597)
4(9597 9598 9749 9748)
4(9748 9749 9900 9899)
4(9899 9900 10051 10050)
4(10050 10051 10202 10201)
4(10201 10202 10353 10352)
4(10352 10353 10504 10503)
4(10503 10504 10655 10654)
4(10654 10655 10806 10805)
4(10805 10806 10957 10956)
4(10956 10957 11108 11107)
4(11107 11108 11259 11258)
4(11258 11259 11410 11409)
4(11409 11410 11561 11560)
4(11560 11561 11712 11711)
4(11711 11712 11863 11862)
4(11862 11863 12014 12013)
4(12013 12014 12165 12164)
4(12164 12165 12316 12315)
4(12315 12316 12467 12466)
4(12466 12467 12618 12617)
4(12617 12618 12769 12768)
4(12768 12769 12920 12919)
4(12919 12920 13071 13070)
4(13070 13071 13222 13221)
4(13221 13222 13373 13372)
4(13372 13373 13524 13523)
4(13523 13524 13675 13674)
4(13674 13675 13826 13825)
4(13825 13826 13977 13976)
4(13976 13977 14128 14127)
4(14127 14128 14279 14278)
4(14278 14279 14430 14429)
4(14429 14430 14581 14580)
4(14580 14581 14732 14731)
4(14731 14732 14883 14882)
4(14882 14883 15034 15033)
4(15033 15034 15185 15184)
4(15184 15185 15336 15335)
4(15335 15336 15487 15486)
4(15486 15487 15638 15637)
4(15637 15638 15789 15788)
4(15788 15789 15940 15939)
4(8088 8089 8240 8239)
4(8239 8240 8391 8390)
4(8390 8391 8542 8541)
4(8541 8542 8693 8692)
4(8692 8693 8844 8843)
4(8843 8844 8995 8994)
4(8994 8995 9146 9145)
4(9145 9146 9297 9296)
4(9296 9297 9448 9447)
4(9447 9448 9599 9598)
4(9598 9599 9750 9749)
4(9749 9750 9901 9900)
4(9900 9901 10052 10051)
4(10051 10052 10203 10202)
4(10202 10203 10354 10353)
4(10353 10354 10505 10504)
4(10504 10505 10656 10655)
4(10655 10656 10807 10806)
4(10806 10807 10958 10957)
4(10957 10958 11109 11108)
4(11108 11109 11260 11259)
4(11259 11260 11411 11410)
4(11410 11411 11562 11561)
4(11561 11562 11713 11712)
4(11712 11713 11864 11863)
4(11863 11864 12015 12014)
4(12014 12015 12166 12165)
4(12165 12166 12317 12316)
4(12316 12317 12468 12467)
4(12467 12468 12619 12618)
4(12618 12619 12770 12769)
4(12769 12770 12921 12920)
4(12920 12921 13072 13071)
4(13071 13072 13223 13222)
4(13222 13223 13374 13373)
4(13373 13374 13525 13524)
4(13524 13525 13676 13675)
4(13675 13676 13827 13826)
4(13826 13827 13978 13977)
4(13977 13978 14129 14128)
4(14128 14129 14280 14279)
4(14279 14280 14431 14430)
4(14430 14431 14582 14581)
4(14581 14582 14733 14732)
4(14732 14733 14884 14883)
4(14883 14884 15035 15034)
4(15034 15035 15186 15185)
4(15185 15186 15337 15336)
4(15336 15337 15488 15487)
4(15487 15488 15639 15638)
4(15638 15639 15790 15789)
4(15789 15790 15941 15940)
4(8089 8090 8241 8240)
4(8240 8241 8392 8391)
4(8391 8392 8543 8542)
4(8542 8543 8694 8693)
4(8693 8694 8845 8844)
4(8844 8845 8996 8995)
4(8995 8996 9147 9146)
4(9146 9147 9298 9297)
4(9297 9298 9449 9448)
4(9448 9449 9600 9599)
4(9599 9600 9751 9750)
4(9750 9751 9902 9901)
4(9901 9902 10053 10052)
4(10052 10053 10204 10203)
4(10203 10204 10355 10354)
4(10354 10355 10506 10505)
4(10505 10506 10657 10656)
4(10656 10657 10808 10807)
4(10807 10808 10959 10958)
4(10958 10959 11110 11109)
4(11109 11110 11261 11260)
4(11260 11261 11412 11411)
4(11411 11412 11563 11562)
4(11562 11563 11714 11713)
4(11713 11714 11865 11864)
4(11864 11865 12016 12015)
4(12015 12016 12167 12166)
4(12166 12167 12318 12317)
4(12317 12318 12469 12468)
4(12468 12469 12620 12619)
4(12619 12620 12771 12770)
4(12770 12771 12922 12921)
4(12921 12922 13073 13072)
4(13072 13073 13224 13223)
4(13223 13224 13375 13374)
4(13374 13375 13526 13525)
4(13525 13526 13677 13676)
4(13676 13677 13828 13827)
4(13827 13828 13979 13978)
4(13978 13979 14130 14129)
4(14129 14130 14281 14280)
4(14280 14281 14432 14431)
4(14431 14432 14583 14582)
4(14582 14583 14734 14733)
4(14733 14734 14885 14884)
4(14884 14885 15036 15035)
4(15035 15036 15187 15186)
4(15186 15187 15338 15337)
4(15337 15338 15489 15488)
4(15488 15489 15640 15639)
4(15639 15640 15791 15790)
4(15790 15791 15942 15941)
4(8090 8091 8242 8241)
4(8241 8242 8393 8392)
4(8392 8393 8544 8543)
4(8543 8544 8695 8694)
4(8694 8695 8846 8845)
4(8845 8846 8997 8996)
4(8996 8997 9148 9147)
4(9147 9148 9299 9298)
4(9298 9299 9450 9449)
4(9449 9450 9601 9600)
4(9600 9601 9752 9751)
4(9751 9752 9903 9902)
4(9902 9903 10054 10053)
4(10053 10054 10205 10204)
4(10204 10205 10356 10355)
4(10355 10356 10507 10506)
4(10506 10507 10658 10657)
4(10657 10658 10809 10808)
4(10808 10809 10960 10959)
4(10959 10960 11111 11110)
4(11110 11111 11262 11261)
4(11261 11262 11413 11412)
4(11412 11413 11564 11563)
4(11563 11564 11715 11714)
4(11714 11715 11866 11865)
4(11865 11866 12017 12016)
4(12016 12017 12168 12167)
4(12167 12168 12319 12318)
4(12318 12319 12470 12469)
4(12469 12470 12621 12620)
4(12620 12621 12772 12771)
4(12771 12772 12923 12922)
4(12922 12923 13074 13073)
4(13073 13074 13225 13224)
4(13224 13225 13376 13375)
4(13375 13376 13527 13526)
4(13526 13527 13678 13677)
4(13677 13678 13829 13828)
4(13828 13829 13980 13979)
4(13979 13980 14131 14130)
4(14130 14131 14282 14281)
4(14281 14282 14433 14432)
4(14432 14433 14584 14583)
4(14583 14584 14735 14734)
4(14734 14735 14886 14885)
4(14885 14886 15037 15036)
4(15036 15037 15188 15187)
4(15187 15188 15339 15338)
4(15338 15339 15490 15489)
4(15489 15490 15641 15640)
4(15640 15641 15792 15791)
4(15791 15792 15943 15942)
4(8091 8092 8243 8242)
4(8242 8243 8394 8393)
4(8393 8394 8545 8544)
4(8544 8545 8696 8695)
4(8695 8696 8847 8846)
4(8846 8847 8998 8997)
4(8997 8998 9149 9148)
4(9148 9149 9300 9299)
4(9299 9300 9451 9450)
4(9450 9451 9602 9601)
4(9601 9602 9753 9752)
4(9752 9753 9904 9903)
4(9903 9904 10055 10054)
4(10054 10055 10206 10205)
4(10205 10206 10357 10356)
4(10356 10357 10508 10507)
4(10507 10508 10659 10658)
4(10658 10659 10810 10809)
4(10809 10810 10961 10960)
4(10960 10961 11112 11111)
4(11111 11112 11263 11262)
4(11262 11263 11414 11413)
4(11413 11414 11565 11564)
4(11564 11565 11716 11715)
4(11715 11716 11867 11866)
4(11866 11867 12018 12017)
4(12017 12018 12169 12168)
4(12168 12169 12320 12319)
4(12319 12320 12471 12470)
4(12470 12471 12622 12621)
4(12621 12622 12773 12772)
4(12772 12773 12924 12923)
4(12923 12924 13075 13074)
4(13074 13075 13226 13225)
4(13225 13226 13377 13376)
4(13376 13377 13528 13527)
4(13527 13528 13679 13678)
4(13678 13679 13830 13829)
4(13829 13830 13981 13980)
4(13980 13981 14132 14131)
4(14131 14132 14283 14282)
4(14282 14283 14434 14433)
4(14433 14434 14585 14584)
4(14584 14585 14736 14735)
4(14735 14736 14887 14886)
4(14886 14887 15038 15037)
4(15037 15038 15189 15188)
4(15188 15189 15340 15339)
4(15339 15340 15491 15490)
4(15490 15491 15642 15641)
4(15641 15642 15793 15792)
4(15792 15793 15944 15943)
4(8092 8093 8244 8243)
4(8243 8244 8395 8394)
4(8394 8395 8546 8545)
4(8545 8546 8697 8696)
4(8696 8697 8848 8847)
4(8847 8848 8999 8998)
4(8998 8999 9150 9149)
4(9149 9150 9301 9300)
4(9300 9301 9452 9451)
4(9451 9452 9603 9602)
4(9602 9603 9754 9753)
4(9753 9754 9905 9904)
4(9904 9905 10056 10055)
4(10055 10056 10207 10206)
4(10206 10207 10358 10357)
4(10357 10358 10509 10508)
4(10508 10509 10660 10659)
4(10659 10660 10811 10810)
4(10810 10811 10962 10961)
4(10961 10962 11113 11112)
4(11112 11113 11264 11263)
4(11263 11264 11415 11414)
4(11414 11415 11566 11565)
4(11565 11566 11717 11716)
4(11716 11717 11868 11867)
4(11867 11868 12019 12018)
4(12018 12019 12170 12169)
4(12169 12170 12321 12320)
4(12320 12321 12472 12471)
4(12471 12472 12623 12622)
4(12622 12623 12774 12773)
4(12773 12774 12925 12924)
4(12924 12925 13076 13075)
4(13075 13076 13227 13226)
4(13226 13227 13378 13377)
4(13377 13378 13529 13528)
4(13528 13529 13680 13679)
4(13679 13680 13831 13830)
4(13830 13831 13982 13981)
4(13981 13982 14133 14132)
4(14132 14133 14284 14283)
4(14283 14284 14435 14434)
4(14434 14435 14586 14585)
4(14585 14586 14737 14736)
4(14736 14737 14888 14887)
4(14887 14888 15039 15038)
4(15038 15039 15190 15189)
4(15189 15190 15341 15340)
4(15340 15341 15492 15491)
4(15491 15492 15643 15642)
4(15642 15643 15794 15793)
4(15793 15794 15945 15944)
4(8093 8094 8245 8244)
4(8244 8245 8396 8395)
4(8395 8396 8547 8546)
4(8546 8547 8698 8697)
4(8697 8698 8849 8848)
4(8848 8849 9000 8999)
4(8999 9000 9151 9150)
4(9150 9151 9302 9301)
4(9301 9302 9453 9452)
4(9452 9453 9604 9603)
4(9603 9604 9755 9754)
4(9754 9755 9906 9905)
4(9905 9906 10057 10056)
4(10056 10057 10208 10207)
4(10207 10208 10359 10358)
4(10358 10359 10510 10509)
4(10509 10510 10661 10660)
4(10660 10661 10812 10811)
4(10811 10812 10963 10962)
4(10962 10963 11114 11113)
4(11113 11114 11265 11264)
4(11264 11265 11416 11415)
4(11415 11416 11567 11566)
4(11566 11567 11718 11717)
4(11717 11718 11869 11868)
4(11868 11869 12020 12019)
4(12019 12020 12171 12170)
4(12170 12171 12322 12321)
4(12321 12322 12473 12472)
4(12472 12473 12624 12623)
4(12623 12624 12775 12774)
4(12774 12775 12926 12925)
4(12925 12926 13077 13076)
4(13076 13077 13228 13227)
4(13227 13228 13379 13378)
4(13378 13379 13530 13529)
4(13529 13530 13681 13680)
4(13680 13681 13832 13831)
4(13831 13832 13983 13982)
4(13982 13983 14134 14133)
4(14133 14134 14285 14284)
4(14284 14285 14436 14435)
4(14435 14436 14587 14586)
4(14586 14587 14738 14737)
4(14737 14738 14889 14888)
4(14888 14889 15040 15039)
4(15039 15040 15191 15190)
4(15190 15191 15342 15341)
4(15341 15342 15493 15492)
4(15492 15493 15644 15643)
4(15643 15644 15795 15794)
4(15794 15795 15946 15945)
4(8094 8095 8246 8245)
4(8245 8246 8397 8396)
4(8396 8397 8548 8547)
4(8547 8548 8699 8698)
4(8698 8699 8850 8849)
4(8849 8850 9001 9000)
4(9000 9001 9152 9151)
4(9151 9152 9303 9302)
4(9302 9303 9454 9453)
4(9453 9454 9605 9604)
4(9604 9605 9756 9755)
4(9755 9756 9907 9906)
4(9906 9907 10058 10057)
4(10057 10058 10209 10208)
4(10208 10209 10360 10359)
4(10359 10360 10511 10510)
4(10510 10511 10662 10661)
4(10661 10662 10813 10812)
4(10812 10813 10964 10963)
4(10963 10964 11115 11114)
4(11114 11115 11266 11265)
4(11265 11266 11417 11416)
4(11416 11417 11568 11567)
4(11567 11568 11719 11718)
4(11718 11719 11870 11869)
4(11869 11870 12021 12020)
4(12020 12021 12172 12171)
4(12171 12172 12323 12322)
4(12322 12323 12474 12473)
4(12473 12474 12625 12624)
4(12624 12625 12776 12775)
4(12775 12776 12927 12926)
4(12926 12927 13078 13077)
4(13077 13078 13229 13228)
4(13228 13229 13380 13379)
4(13379 13380 13531 13530)
4(13530 13531 13682 13681)
4(13681 13682 13833 13832)
4(13832 13833 13984 13983)
4(13983 13984 14135 14134)
4(14134 14135 14286 14285)
4(14285 14286 14437 14436)
4(14436 14437 14588 14587)
4(14587 14588 14739 14738)
4(14738 14739 14890 14889)
4(14889 14890 15041 15040)
4(15040 15041 15192 15191)
4(15191 15192 15343 15342)
4(15342 15343 15494 15493)
4(15493 15494 15645 15644)
4(15644 15645 15796 15795)
4(15795 15796 15947 15946)
4(8095 8096 8247 8246)
4(8246 8247 8398 8397)
4(8397 8398 8549 8548)
4(8548 8549 8700 8699)
4(8699 8700 8851 8850)
4(8850 8851 9002 9001)
4(9001 9002 9153 9152)
4(9152 9153 9304 9303)
4(9303 9304 9455 9454)
4(9454 9455 9606 9605)
4(9605 9606 9757 9756)
4(9756 9757 9908 9907)
4(9907 9908 10059 10058)
4(10058 10059 10210 10209)
4(10209 10210 10361 10360)
4(10360 10361 10512 10511)
4(10511 10512 10663 10662)
4(10662 10663 10814 10813)
4(10813 10814 10965 10964)
4(10964 10965 11116 11115)
4(11115 11116 11267 11266)
4(11266 11267 11418 11417)
4(11417 11418 11569 11568)
4(11568 11569 11720 11719)
4(11719 11720 11871 11870)
4(11870 11871 12022 12021)
4(12021 12022 12173 12172)
4(12172 12173 12324 12323)
4(12323 12324 12475 12474)
4(12474 12475 12626 12625)
4(12625 12626 12777 12776)
4(12776 12777 12928 12927)
4(12927 12928 13079 13078)
4(13078 13079 13230 13229)
4(13229 13230 13381 13380)
4(13380 13381 13532 13531)
4(13531 13532 13683 13682)
4(13682 13683 13834 13833)
4(13833 13834 13985 13984)
4(13984 13985 14136 14135)
4(14135 14136 14287 14286)
4(14286 14287 14438 14437)
4(14437 14438 14589 14588)
4(14588 14589 14740 14739)
4(14739 14740 14891 14890)
4(14890 14891 15042 15041)
4(15041 15042 15193 15192)
4(15192 15193 15344 15343)
4(15343 15344 15495 15494)
4(15494 15495 15646 15645)
4(15645 15646 15797 15796)
4(15796 15797 15948 15947)
4(8096 8097 8248 8247)
4(8247 8248 8399 8398)
4(8398 8399 8550 8549)
4(8549 8550 8701 8700)
4(8700 8701 8852 8851)
4(8851 8852 9003 9002)
4(9002 9003 9154 9153)
4(9153 9154 9305 9304)
4(9304 9305 9456 9455)
4(9455 9456 9607 9606)
4(9606 9607 9758 9757)
4(9757 9758 9909 9908)
4(9908 9909 10060 10059)
4(10059 10060 10211 10210)
4(10210 10211 10362 10361)
4(10361 10362 10513 10512)
4(10512 10513 10664 10663)
4(10663 10664 10815 10814)
4(10814 10815 10966 10965)
4(10965 10966 11117 11116)
4(11116 11117 11268 11267)
4(11267 11268 11419 11418)
4(11418 11419 11570 11569)
4(11569 11570 11721 11720)
4(11720 11721 11872 11871)
4(11871 11872 12023 12022)
4(12022 12023 12174 12173)
4(12173 12174 12325 12324)
4(12324 12325 12476 12475)
4(12475 12476 12627 12626)
4(12626 12627 12778 12777)
4(12777 12778 12929 12928)
4(12928 12929 13080 13079)
4(13079 13080 13231 13230)
4(13230 13231 13382 13381)
4(13381 13382 13533 13532)
4(13532 13533 13684 13683)
4(13683 13684 13835 13834)
4(13834 13835 13986 13985)
4(13985 13986 14137 14136)
4(14136 14137 14288 14287)
4(14287 14288 14439 14438)
4(14438 14439 14590 14589)
4(14589 14590 14741 14740)
4(14740 14741 14892 14891)
4(14891 14892 15043 15042)
4(15042 15043 15194 15193)
4(15193 15194 15345 15344)
4(15344 15345 15496 15495)
4(15495 15496 15647 15646)
4(15646 15647 15798 15797)
4(15797 15798 15949 15948)
4(8097 8098 8249 8248)
4(8248 8249 8400 8399)
4(8399 8400 8551 8550)
4(8550 8551 8702 8701)
4(8701 8702 8853 8852)
4(8852 8853 9004 9003)
4(9003 9004 9155 9154)
4(9154 9155 9306 9305)
4(9305 9306 9457 9456)
4(9456 9457 9608 9607)
4(9607 9608 9759 9758)
4(9758 9759 9910 9909)
4(9909 9910 10061 10060)
4(10060 10061 10212 10211)
4(10211 10212 10363 10362)
4(10362 10363 10514 10513)
4(10513 10514 10665 10664)
4(10664 10665 10816 10815)
4(10815 10816 10967 10966)
4(10966 10967 11118 11117)
4(11117 11118 11269 11268)
4(11268 11269 11420 11419)
4(11419 11420 11571 11570)
4(11570 11571 11722 11721)
4(11721 11722 11873 11872)
4(11872 11873 12024 12023)
4(12023 12024 12175 12174)
4(12174 12175 12326 12325)
4(12325 12326 12477 12476)
4(12476 12477 12628 12627)
4(12627 12628 12779 12778)
4(12778 12779 12930 12929)
4(12929 12930 13081 13080)
4(13080 13081 13232 13231)
4(13231 13232 13383 13382)
4(13382 13383 13534 13533)
4(13533 13534 13685 13684)
4(13684 13685 13836 13835)
4(13835 13836 13987 13986)
4(13986 13987 14138 14137)
4(14137 14138 14289 14288)
4(14288 14289 14440 14439)
4(14439 14440 14591 14590)
4(14590 14591 14742 14741)
4(14741 14742 14893 14892)
4(14892 14893 15044 15043)
4(15043 15044 15195 15194)
4(15194 15195 15346 15345)
4(15345 15346 15497 15496)
4(15496 15497 15648 15647)
4(15647 15648 15799 15798)
4(15798 15799 15950 15949)
4(8098 8099 8250 8249)
4(8249 8250 8401 8400)
4(8400 8401 8552 8551)
4(8551 8552 8703 8702)
4(8702 8703 8854 8853)
4(8853 8854 9005 9004)
4(9004 9005 9156 9155)
4(9155 9156 9307 9306)
4(9306 9307 9458 9457)
4(9457 9458 9609 9608)
4(9608 9609 9760 9759)
4(9759 9760 9911 9910)
4(9910 9911 10062 10061)
4(10061 10062 10213 10212)
4(10212 10213 10364 10363)
4(10363 10364 10515 10514)
4(10514 10515 10666 10665)
4(10665 10666 10817 10816)
4(10816 10817 10968 10967)
4(10967 10968 11119 11118)
4(11118 11119 11270 11269)
4(11269 11270 11421 11420)
4(11420 11421 11572 11571)
4(11571 11572 11723 11722)
4(11722 11723 11874 11873)
4(11873 11874 12025 12024)
4(12024 12025 12176 12175)
4(12175 12176 12327 12326)
4(12326 12327 12478 12477)
4(12477 12478 12629 12628)
4(12628 12629 12780 12779)
4(12779 12780 12931 12930)
4(12930 12931 13082 13081)
4(13081 13082 13233 13232)
4(13232 13233 13384 13383)
4(13383 13384 13535 13534)
4(13534 13535 13686 13685)
4(13685 13686 13837 13836)
4(13836 13837 13988 13987)
4(13987 13988 14139 14138)
4(14138 14139 14290 14289)
4(14289 14290 14441 14440)
4(14440 14441 14592 14591)
4(14591 14592 14743 14742)
4(14742 14743 14894 14893)
4(14893 14894 15045 15044)
4(15044 15045 15196 15195)
4(15195 15196 15347 15346)
4(15346 15347 15498 15497)
4(15497 15498 15649 15648)
4(15648 15649 15800 15799)
4(15799 15800 15951 15950)
4(8099 8100 8251 8250)
4(8250 8251 8402 8401)
4(8401 8402 8553 8552)
4(8552 8553 8704 8703)
4(8703 8704 8855 8854)
4(8854 8855 9006 9005)
4(9005 9006 9157 9156)
4(9156 9157 9308 9307)
4(9307 9308 9459 9458)
4(9458 9459 9610 9609)
4(9609 9610 9761 9760)
4(9760 9761 9912 9911)
4(9911 9912 10063 10062)
4(10062 10063 10214 10213)
4(10213 10214 10365 10364)
4(10364 10365 10516 10515)
4(10515 10516 10667 10666)
4(10666 10667 10818 10817)
4(10817 10818 10969 10968)
4(10968 10969 11120 11119)
4(11119 11120 11271 11270)
4(11270 11271 11422 11421)
4(11421 11422 11573 11572)
4(11572 11573 11724 11723)
4(11723 11724 11875 11874)
4(11874 11875 12026 12025)
4(12025 12026 12177 12176)
4(12176 12177 12328 12327)
4(12327 12328 12479 12478)
4(12478 12479 12630 12629)
4(12629 12630 12781 12780)
4(12780 12781 12932 12931)
4(12931 12932 13083 13082)
4(13082 13083 13234 13233)
4(13233 13234 13385 13384)
4(13384 13385 13536 13535)
4(13535 13536 13687 13686)
4(13686 13687 13838 13837)
4(13837 13838 13989 13988)
4(13988 13989 14140 14139)
4(14139 14140 14291 14290)
4(14290 14291 14442 14441)
4(14441 14442 14593 14592)
4(14592 14593 14744 14743)
4(14743 14744 14895 14894)
4(14894 14895 15046 15045)
4(15045 15046 15197 15196)
4(15196 15197 15348 15347)
4(15347 15348 15499 15498)
4(15498 15499 15650 15649)
4(15649 15650 15801 15800)
4(15800 15801 15952 15951)
4(8100 8101 8252 8251)
4(8251 8252 8403 8402)
4(8402 8403 8554 8553)
4(8553 8554 8705 8704)
4(8704 8705 8856 8855)
4(8855 8856 9007 9006)
4(9006 9007 9158 9157)
4(9157 9158 9309 9308)
4(9308 9309 9460 9459)
4(9459 9460 9611 9610)
4(9610 9611 9762 9761)
4(9761 9762 9913 9912)
4(9912 9913 10064 10063)
4(10063 10064 10215 10214)
4(10214 10215 10366 10365)
4(10365 10366 10517 10516)
4(10516 10517 10668 10667)
4(10667 10668 10819 10818)
4(10818 10819 10970 10969)
4(10969 10970 11121 11120)
4(11120 11121 11272 11271)
4(11271 11272 11423 11422)
4(11422 11423 11574 11573)
4(11573 11574 11725 11724)
4(11724 11725 11876 11875)
4(11875 11876 12027 12026)
4(12026 12027 12178 12177)
4(12177 12178 12329 12328)
4(12328 12329 12480 12479)
4(12479 12480 12631 12630)
4(12630 12631 12782 12781)
4(12781 12782 12933 12932)
4(12932 12933 13084 13083)
4(13083 13084 13235 13234)
4(13234 13235 13386 13385)
4(13385 13386 13537 13536)
4(13536 13537 13688 13687)
4(13687 13688 13839 13838)
4(13838 13839 13990 13989)
4(13989 13990 14141 14140)
4(14140 14141 14292 14291)
4(14291 14292 14443 14442)
4(14442 14443 14594 14593)
4(14593 14594 14745 14744)
4(14744 14745 14896 14895)
4(14895 14896 15047 15046)
4(15046 15047 15198 15197)
4(15197 15198 15349 15348)
4(15348 15349 15500 15499)
4(15499 15500 15651 15650)
4(15650 15651 15802 15801)
4(15801 15802 15953 15952)
4(8101 8102 8253 8252)
4(8252 8253 8404 8403)
4(8403 8404 8555 8554)
4(8554 8555 8706 8705)
4(8705 8706 8857 8856)
4(8856 8857 9008 9007)
4(9007 9008 9159 9158)
4(9158 9159 9310 9309)
4(9309 9310 9461 9460)
4(9460 9461 9612 9611)
4(9611 9612 9763 9762)
4(9762 9763 9914 9913)
4(9913 9914 10065 10064)
4(10064 10065 10216 10215)
4(10215 10216 10367 10366)
4(10366 10367 10518 10517)
4(10517 10518 10669 10668)
4(10668 10669 10820 10819)
4(10819 10820 10971 10970)
4(10970 10971 11122 11121)
4(11121 11122 11273 11272)
4(11272 11273 11424 11423)
4(11423 11424 11575 11574)
4(11574 11575 11726 11725)
4(11725 11726 11877 11876)
4(11876 11877 12028 12027)
4(12027 12028 12179 12178)
4(12178 12179 12330 12329)
4(12329 12330 12481 12480)
4(12480 12481 12632 12631)
4(12631 12632 12783 12782)
4(12782 12783 12934 12933)
4(12933 12934 13085 13084)
4(13084 13085 13236 13235)
4(13235 13236 13387 13386)
4(13386 13387 13538 13537)
4(13537 13538 13689 13688)
4(13688 13689 13840 13839)
4(13839 13840 13991 13990)
4(13990 13991 14142 14141)
4(14141 14142 14293 14292)
4(14292 14293 14444 14443)
4(14443 14444 14595 14594)
4(14594 14595 14746 14745)
4(14745 14746 14897 14896)
4(14896 14897 15048 15047)
4(15047 15048 15199 15198)
4(15198 15199 15350 15349)
4(15349 15350 15501 15500)
4(15500 15501 15652 15651)
4(15651 15652 15803 15802)
4(15802 15803 15954 15953)
4(8102 8103 8254 8253)
4(8253 8254 8405 8404)
4(8404 8405 8556 8555)
4(8555 8556 8707 8706)
4(8706 8707 8858 8857)
4(8857 8858 9009 9008)
4(9008 9009 9160 9159)
4(9159 9160 9311 9310)
4(9310 9311 9462 9461)
4(9461 9462 9613 9612)
4(9612 9613 9764 9763)
4(9763 9764 9915 9914)
4(9914 9915 10066 10065)
4(10065 10066 10217 10216)
4(10216 10217 10368 10367)
4(10367 10368 10519 10518)
4(10518 10519 10670 10669)
4(10669 10670 10821 10820)
4(10820 10821 10972 10971)
4(10971 10972 11123 11122)
4(11122 11123 11274 11273)
4(11273 11274 11425 11424)
4(11424 11425 11576 11575)
4(11575 11576 11727 11726)
4(11726 11727 11878 11877)
4(11877 11878 12029 12028)
4(12028 12029 12180 12179)
4(12179 12180 12331 12330)
4(12330 12331 12482 12481)
4(12481 12482 12633 12632)
4(12632 12633 12784 12783)
4(12783 12784 12935 12934)
4(12934 12935 13086 13085)
4(13085 13086 13237 13236)
4(13236 13237 13388 13387)
4(13387 13388 13539 13538)
4(13538 13539 13690 13689)
4(13689 13690 13841 13840)
4(13840 13841 13992 13991)
4(13991 13992 14143 14142)
4(14142 14143 14294 14293)
4(14293 14294 14445 14444)
4(14444 14445 14596 14595)
4(14595 14596 14747 14746)
4(14746 14747 14898 14897)
4(14897 14898 15049 15048)
4(15048 15049 15200 15199)
4(15199 15200 15351 15350)
4(15350 15351 15502 15501)
4(15501 15502 15653 15652)
4(15652 15653 15804 15803)
4(15803 15804 15955 15954)
4(8103 8104 8255 8254)
4(8254 8255 8406 8405)
4(8405 8406 8557 8556)
4(8556 8557 8708 8707)
4(8707 8708 8859 8858)
4(8858 8859 9010 9009)
4(9009 9010 9161 9160)
4(9160 9161 9312 9311)
4(9311 9312 9463 9462)
4(9462 9463 9614 9613)
4(9613 9614 9765 9764)
4(9764 9765 9916 9915)
4(9915 9916 10067 10066)
4(10066 10067 10218 10217)
4(10217 10218 10369 10368)
4(10368 10369 10520 10519)
4(10519 10520 10671 10670)
4(10670 10671 10822 10821)
4(10821 10822 10973 10972)
4(10972 10973 11124 11123)
4(11123 11124 11275 11274)
4(11274 11275 11426 11425)
4(11425 11426 11577 11576)
4(11576 11577 11728 11727)
4(11727 11728 11879 11878)
4(11878 11879 12030 12029)
4(12029 12030 12181 12180)
4(12180 12181 12332 12331)
4(12331 12332 12483 12482)
4(12482 12483 12634 12633)
4(12633 12634 12785 12784)
4(12784 12785 12936 12935)
4(12935 12936 13087 13086)
4(13086 13087 13238 13237)
4(13237 13238 13389 13388)
4(13388 13389 13540 13539)
4(13539 13540 13691 13690)
4(13690 13691 13842 13841)
4(13841 13842 13993 13992)
4(13992 13993 14144 14143)
4(14143 14144 14295 14294)
4(14294 14295 14446 14445)
4(14445 14446 14597 14596)
4(14596 14597 14748 14747)
4(14747 14748 14899 14898)
4(14898 14899 15050 15049)
4(15049 15050 15201 15200)
4(15200 15201 15352 15351)
4(15351 15352 15503 15502)
4(15502 15503 15654 15653)
4(15653 15654 15805 15804)
4(15804 15805 15956 15955)
4(8104 8105 8256 8255)
4(8255 8256 8407 8406)
4(8406 8407 8558 8557)
4(8557 8558 8709 8708)
4(8708 8709 8860 8859)
4(8859 8860 9011 9010)
4(9010 9011 9162 9161)
4(9161 9162 9313 9312)
4(9312 9313 9464 9463)
4(9463 9464 9615 9614)
4(9614 9615 9766 9765)
4(9765 9766 9917 9916)
4(9916 9917 10068 10067)
4(10067 10068 10219 10218)
4(10218 10219 10370 10369)
4(10369 10370 10521 10520)
4(10520 10521 10672 10671)
4(10671 10672 10823 10822)
4(10822 10823 10974 10973)
4(10973 10974 11125 11124)
4(11124 11125 11276 11275)
4(11275 11276 11427 11426)
4(11426 11427 11578 11577)
4(11577 11578 11729 11728)
4(11728 11729 11880 11879)
4(11879 11880 12031 12030)
4(12030 12031 12182 12181)
4(12181 12182 12333 12332)
4(12332 12333 12484 12483)
4(12483 12484 12635 12634)
4(12634 12635 12786 12785)
4(12785 12786 12937 12936)
4(12936 12937 13088 13087)
4(13087 13088 13239 13238)
4(13238 13239 13390 13389)
4(13389 13390 13541 13540)
4(13540 13541 13692 13691)
4(13691 13692 13843 13842)
4(13842 13843 13994 13993)
4(13993 13994 14145 14144)
4(14144 14145 14296 14295)
4(14295 14296 14447 14446)
4(14446 14447 14598 14597)
4(14597 14598 14749 14748)
4(14748 14749 14900 14899)
4(14899 14900 15051 15050)
4(15050 15051 15202 15201)
4(15201 15202 15353 15352)
4(15352 15353 15504 15503)
4(15503 15504 15655 15654)
4(15654 15655 15806 15805)
4(15805 15806 15957 15956)
4(8105 8106 8257 8256)
4(8256 8257 8408 8407)
4(8407 8408 8559 8558)
4(8558 8559 8710 8709)
4(8709 8710 8861 8860)
4(8860 8861 9012 9011)
4(9011 9012 9163 9162)
4(9162 9163 9314 9313)
4(9313 9314 9465 9464)
4(9464 9465 9616 9615)
4(9615 9616 9767 9766)
4(9766 9767 9918 9917)
4(9917 9918 10069 10068)
4(10068 10069 10220 10219)
4(10219 10220 10371 10370)
4(10370 10371 10522 10521)
4(10521 10522 10673 10672)
4(10672 10673 10824 10823)
4(10823 10824 10975 10974)
4(10974 10975 11126 11125)
4(11125 11126 11277 11276)
4(11276 11277 11428 11427)
4(11427 11428 11579 11578)
4(11578 11579 11730 11729)
4(11729 11730 11881 11880)
4(11880 11881 12032 12031)
4(12031 12032 12183 12182)
4(12182 12183 12334 12333)
4(12333 12334 12485 12484)
4(12484 12485 12636 12635)
4(12635 12636 12787 12786)
4(12786 12787 12938 12937)
4(12937 12938 13089 13088)
4(13088 13089 13240 13239)
4(13239 13240 13391 13390)
4(13390 13391 13542 13541)
4(13541 13542 13693 13692)
4(13692 13693 13844 13843)
4(13843 13844 13995 13994)
4(13994 13995 14146 14145)
4(14145 14146 14297 14296)
4(14296 14297 14448 14447)
4(14447 14448 14599 14598)
4(14598 14599 14750 14749)
4(14749 14750 14901 14900)
4(14900 14901 15052 15051)
4(15051 15052 15203 15202)
4(15202 15203 15354 15353)
4(15353 15354 15505 15504)
4(15504 15505 15656 15655)
4(15655 15656 15807 15806)
4(15806 15807 15958 15957)
4(8106 8107 8258 8257)
4(8257 8258 8409 8408)
4(8408 8409 8560 8559)
4(8559 8560 8711 8710)
4(8710 8711 8862 8861)
4(8861 8862 9013 9012)
4(9012 9013 9164 9163)
4(9163 9164 9315 9314)
4(9314 9315 9466 9465)
4(9465 9466 9617 9616)
4(9616 9617 9768 9767)
4(9767 9768 9919 9918)
4(9918 9919 10070 10069)
4(10069 10070 10221 10220)
4(10220 10221 10372 10371)
4(10371 10372 10523 10522)
4(10522 10523 10674 10673)
4(10673 10674 10825 10824)
4(10824 10825 10976 10975)
4(10975 10976 11127 11126)
4(11126 11127 11278 11277)
4(11277 11278 11429 11428)
4(11428 11429 11580 11579)
4(11579 11580 11731 11730)
4(11730 11731 11882 11881)
4(11881 11882 12033 12032)
4(12032 12033 12184 12183)
4(12183 12184 12335 12334)
4(12334 12335 12486 12485)
4(12485 12486 12637 12636)
4(12636 12637 12788 12787)
4(12787 12788 12939 12938)
4(12938 12939 13090 13089)
4(13089 13090 13241 13240)
4(13240 13241 13392 13391)
4(13391 13392 13543 13542)
4(13542 13543 13694 13693)
4(13693 13694 13845 13844)
4(13844 13845 13996 13995)
4(13995 13996 14147 14146)
4(14146 14147 14298 14297)
4(14297 14298 14449 14448)
4(14448 14449 14600 14599)
4(14599 14600 14751 14750)
4(14750 14751 14902 14901)
4(14901 14902 15053 15052)
4(15052 15053 15204 15203)
4(15203 15204 15355 15354)
4(15354 15355 15506 15505)
4(15505 15506 15657 15656)
4(15656 15657 15808 15807)
4(15807 15808 15959 15958)
4(8107 8108 8259 8258)
4(8258 8259 8410 8409)
4(8409 8410 8561 8560)
4(8560 8561 8712 8711)
4(8711 8712 8863 8862)
4(8862 8863 9014 9013)
4(9013 9014 9165 9164)
4(9164 9165 9316 9315)
4(9315 9316 9467 9466)
4(9466 9467 9618 9617)
4(9617 9618 9769 9768)
4(9768 9769 9920 9919)
4(9919 9920 10071 10070)
4(10070 10071 10222 10221)
4(10221 10222 10373 10372)
4(10372 10373 10524 10523)
4(10523 10524 10675 10674)
4(10674 10675 10826 10825)
4(10825 10826 10977 10976)
4(10976 10977 11128 11127)
4(11127 11128 11279 11278)
4(11278 11279 11430 11429)
4(11429 11430 11581 11580)
4(11580 11581 11732 11731)
4(11731 11732 11883 11882)
4(11882 11883 12034 12033)
4(12033 12034 12185 12184)
4(12184 12185 12336 12335)
4(12335 12336 12487 12486)
4(12486 12487 12638 12637)
4(12637 12638 12789 12788)
4(12788 12789 12940 12939)
4(12939 12940 13091 13090)
4(13090 13091 13242 13241)
4(13241 13242 13393 13392)
4(13392 13393 13544 13543)
4(13543 13544 13695 13694)
4(13694 13695 13846 13845)
4(13845 13846 13997 13996)
4(13996 13997 14148 14147)
4(14147 14148 14299 14298)
4(14298 14299 14450 14449)
4(14449 14450 14601 14600)
4(14600 14601 14752 14751)
4(14751 14752 14903 14902)
4(14902 14903 15054 15053)
4(15053 15054 15205 15204)
4(15204 15205 15356 15355)
4(15355 15356 15507 15506)
4(15506 15507 15658 15657)
4(15657 15658 15809 15808)
4(15808 15809 15960 15959)
4(8108 8109 8260 8259)
4(8259 8260 8411 8410)
4(8410 8411 8562 8561)
4(8561 8562 8713 8712)
4(8712 8713 8864 8863)
4(8863 8864 9015 9014)
4(9014 9015 9166 9165)
4(9165 9166 9317 9316)
4(9316 9317 9468 9467)
4(9467 9468 9619 9618)
4(9618 9619 9770 9769)
4(9769 9770 9921 9920)
4(9920 9921 10072 10071)
4(10071 10072 10223 10222)
4(10222 10223 10374 10373)
4(10373 10374 10525 10524)
4(10524 10525 10676 10675)
4(10675 10676 10827 10826)
4(10826 10827 10978 10977)
4(10977 10978 11129 11128)
4(11128 11129 11280 11279)
4(11279 11280 11431 11430)
4(11430 11431 11582 11581)
4(11581 11582 11733 11732)
4(11732 11733 11884 11883)
4(11883 11884 12035 12034)
4(12034 12035 12186 12185)
4(12185 12186 12337 12336)
4(12336 12337 12488 12487)
4(12487 12488 12639 12638)
4(12638 12639 12790 12789)
4(12789 12790 12941 12940)
4(12940 12941 13092 13091)
4(13091 13092 13243 13242)
4(13242 13243 13394 13393)
4(13393 13394 13545 13544)
4(13544 13545 13696 13695)
4(13695 13696 13847 13846)
4(13846 13847 13998 13997)
4(13997 13998 14149 14148)
4(14148 14149 14300 14299)
4(14299 14300 14451 14450)
4(14450 14451 14602 14601)
4(14601 14602 14753 14752)
4(14752 14753 14904 14903)
4(14903 14904 15055 15054)
4(15054 15055 15206 15205)
4(15205 15206 15357 15356)
4(15356 15357 15508 15507)
4(15507 15508 15659 15658)
4(15658 15659 15810 15809)
4(15809 15810 15961 15960)
4(8109 8110 8261 8260)
4(8260 8261 8412 8411)
4(8411 8412 8563 8562)
4(8562 8563 8714 8713)
4(8713 8714 8865 8864)
4(8864 8865 9016 9015)
4(9015 9016 9167 9166)
4(9166 9167 9318 9317)
4(9317 9318 9469 9468)
4(9468 9469 9620 9619)
4(9619 9620 9771 9770)
4(9770 9771 9922 9921)
4(9921 9922 10073 10072)
4(10072 10073 10224 10223)
4(10223 10224 10375 10374)
4(10374 10375 10526 10525)
4(10525 10526 10677 10676)
4(10676 10677 10828 10827)
4(10827 10828 10979 10978)
4(10978 10979 11130 11129)
4(11129 11130 11281 11280)
4(11280 11281 11432 11431)
4(11431 11432 11583 11582)
4(11582 11583 11734 11733)
4(11733 11734 11885 11884)
4(11884 11885 12036 12035)
4(12035 12036 12187 12186)
4(12186 12187 12338 12337)
4(12337 12338 12489 12488)
4(12488 12489 12640 12639)
4(12639 12640 12791 12790)
4(12790 12791 12942 12941)
4(12941 12942 13093 13092)
4(13092 13093 13244 13243)
4(13243 13244 13395 13394)
4(13394 13395 13546 13545)
4(13545 13546 13697 13696)
4(13696 13697 13848 13847)
4(13847 13848 13999 13998)
4(13998 13999 14150 14149)
4(14149 14150 14301 14300)
4(14300 14301 14452 14451)
4(14451 14452 14603 14602)
4(14602 14603 14754 14753)
4(14753 14754 14905 14904)
4(14904 14905 15056 15055)
4(15055 15056 15207 15206)
4(15206 15207 15358 15357)
4(15357 15358 15509 15508)
4(15508 15509 15660 15659)
4(15659 15660 15811 15810)
4(15810 15811 15962 15961)
4(8110 8111 8262 8261)
4(8261 8262 8413 8412)
4(8412 8413 8564 8563)
4(8563 8564 8715 8714)
4(8714 8715 8866 8865)
4(8865 8866 9017 9016)
4(9016 9017 9168 9167)
4(9167 9168 9319 9318)
4(9318 9319 9470 9469)
4(9469 9470 9621 9620)
4(9620 9621 9772 9771)
4(9771 9772 9923 9922)
4(9922 9923 10074 10073)
4(10073 10074 10225 10224)
4(10224 10225 10376 10375)
4(10375 10376 10527 10526)
4(10526 10527 10678 10677)
4(10677 10678 10829 10828)
4(10828 10829 10980 10979)
4(10979 10980 11131 11130)
4(11130 11131 11282 11281)
4(11281 11282 11433 11432)
4(11432 11433 11584 11583)
4(11583 11584 11735 11734)
4(11734 11735 11886 11885)
4(11885 11886 12037 12036)
4(12036 12037 12188 12187)
4(12187 12188 12339 12338)
4(12338 12339 12490 12489)
4(12489 12490 12641 12640)
4(12640 12641 12792 12791)
4(12791 12792 12943 12942)
4(12942 12943 13094 13093)
4(13093 13094 13245 13244)
4(13244 13245 13396 13395)
4(13395 13396 13547 13546)
4(13546 13547 13698 13697)
4(13697 13698 13849 13848)
4(13848 13849 14000 13999)
4(13999 14000 14151 14150)
4(14150 14151 14302 14301)
4(14301 14302 14453 14452)
4(14452 14453 14604 14603)
4(14603 14604 14755 14754)
4(14754 14755 14906 14905)
4(14905 14906 15057 15056)
4(15056 15057 15208 15207)
4(15207 15208 15359 15358)
4(15358 15359 15510 15509)
4(15509 15510 15661 15660)
4(15660 15661 15812 15811)
4(15811 15812 15963 15962)
4(8111 8112 8263 8262)
4(8262 8263 8414 8413)
4(8413 8414 8565 8564)
4(8564 8565 8716 8715)
4(8715 8716 8867 8866)
4(8866 8867 9018 9017)
4(9017 9018 9169 9168)
4(9168 9169 9320 9319)
4(9319 9320 9471 9470)
4(9470 9471 9622 9621)
4(9621 9622 9773 9772)
4(9772 9773 9924 9923)
4(9923 9924 10075 10074)
4(10074 10075 10226 10225)
4(10225 10226 10377 10376)
4(10376 10377 10528 10527)
4(10527 10528 10679 10678)
4(10678 10679 10830 10829)
4(10829 10830 10981 10980)
4(10980 10981 11132 11131)
4(11131 11132 11283 11282)
4(11282 11283 11434 11433)
4(11433 11434 11585 11584)
4(11584 11585 11736 11735)
4(11735 11736 11887 11886)
4(11886 11887 12038 12037)
4(12037 12038 12189 12188)
4(12188 12189 12340 12339)
4(12339 12340 12491 12490)
4(12490 12491 12642 12641)
4(12641 12642 12793 12792)
4(12792 12793 12944 12943)
4(12943 12944 13095 13094)
4(13094 13095 13246 13245)
4(13245 13246 13397 13396)
4(13396 13397 13548 13547)
4(13547 13548 13699 13698)
4(13698 13699 13850 13849)
4(13849 13850 14001 14000)
4(14000 14001 14152 14151)
4(14151 14152 14303 14302)
4(14302 14303 14454 14453)
4(14453 14454 14605 14604)
4(14604 14605 14756 14755)
4(14755 14756 14907 14906)
4(14906 14907 15058 15057)
4(15057 15058 15209 15208)
4(15208 15209 15360 15359)
4(15359 15360 15511 15510)
4(15510 15511 15662 15661)
4(15661 15662 15813 15812)
4(15812 15813 15964 15963)
4(8112 8113 8264 8263)
4(8263 8264 8415 8414)
4(8414 8415 8566 8565)
4(8565 8566 8717 8716)
4(8716 8717 8868 8867)
4(8867 8868 9019 9018)
4(9018 9019 9170 9169)
4(9169 9170 9321 9320)
4(9320 9321 9472 9471)
4(9471 9472 9623 9622)
4(9622 9623 9774 9773)
4(9773 9774 9925 9924)
4(9924 9925 10076 10075)
4(10075 10076 10227 10226)
4(10226 10227 10378 10377)
4(10377 10378 10529 10528)
4(10528 10529 10680 10679)
4(10679 10680 10831 10830)
4(10830 10831 10982 10981)
4(10981 10982 11133 11132)
4(11132 11133 11284 11283)
4(11283 11284 11435 11434)
4(11434 11435 11586 11585)
4(11585 11586 11737 11736)
4(11736 11737 11888 11887)
4(11887 11888 12039 12038)
4(12038 12039 12190 12189)
4(12189 12190 12341 12340)
4(12340 12341 12492 12491)
4(12491 12492 12643 12642)
4(12642 12643 12794 12793)
4(12793 12794 12945 12944)
4(12944 12945 13096 13095)
4(13095 13096 13247 13246)
4(13246 13247 13398 13397)
4(13397 13398 13549 13548)
4(13548 13549 13700 13699)
4(13699 13700 13851 13850)
4(13850 13851 14002 14001)
4(14001 14002 14153 14152)
4(14152 14153 14304 14303)
4(14303 14304 14455 14454)
4(14454 14455 14606 14605)
4(14605 14606 14757 14756)
4(14756 14757 14908 14907)
4(14907 14908 15059 15058)
4(15058 15059 15210 15209)
4(15209 15210 15361 15360)
4(15360 15361 15512 15511)
4(15511 15512 15663 15662)
4(15662 15663 15814 15813)
4(15813 15814 15965 15964)
4(8113 8114 8265 8264)
4(8264 8265 8416 8415)
4(8415 8416 8567 8566)
4(8566 8567 8718 8717)
4(8717 8718 8869 8868)
4(8868 8869 9020 9019)
4(9019 9020 9171 9170)
4(9170 9171 9322 9321)
4(9321 9322 9473 9472)
4(9472 9473 9624 9623)
4(9623 9624 9775 9774)
4(9774 9775 9926 9925)
4(9925 9926 10077 10076)
4(10076 10077 10228 10227)
4(10227 10228 10379 10378)
4(10378 10379 10530 10529)
4(10529 10530 10681 10680)
4(10680 10681 10832 10831)
4(10831 10832 10983 10982)
4(10982 10983 11134 11133)
4(11133 11134 11285 11284)
4(11284 11285 11436 11435)
4(11435 11436 11587 11586)
4(11586 11587 11738 11737)
4(11737 11738 11889 11888)
4(11888 11889 12040 12039)
4(12039 12040 12191 12190)
4(12190 12191 12342 12341)
4(12341 12342 12493 12492)
4(12492 12493 12644 12643)
4(12643 12644 12795 12794)
4(12794 12795 12946 12945)
4(12945 12946 13097 13096)
4(13096 13097 13248 13247)
4(13247 13248 13399 13398)
4(13398 13399 13550 13549)
4(13549 13550 13701 13700)
4(13700 13701 13852 13851)
4(13851 13852 14003 14002)
4(14002 14003 14154 14153)
4(14153 14154 14305 14304)
4(14304 14305 14456 14455)
4(14455 14456 14607 14606)
4(14606 14607 14758 14757)
4(14757 14758 14909 14908)
4(14908 14909 15060 15059)
4(15059 15060 15211 15210)
4(15210 15211 15362 15361)
4(15361 15362 15513 15512)
4(15512 15513 15664 15663)
4(15663 15664 15815 15814)
4(15814 15815 15966 15965)
4(8114 8115 8266 8265)
4(8265 8266 8417 8416)
4(8416 8417 8568 8567)
4(8567 8568 8719 8718)
4(8718 8719 8870 8869)
4(8869 8870 9021 9020)
4(9020 9021 9172 9171)
4(9171 9172 9323 9322)
4(9322 9323 9474 9473)
4(9473 9474 9625 9624)
4(9624 9625 9776 9775)
4(9775 9776 9927 9926)
4(9926 9927 10078 10077)
4(10077 10078 10229 10228)
4(10228 10229 10380 10379)
4(10379 10380 10531 10530)
4(10530 10531 10682 10681)
4(10681 10682 10833 10832)
4(10832 10833 10984 10983)
4(10983 10984 11135 11134)
4(11134 11135 11286 11285)
4(11285 11286 11437 11436)
4(11436 11437 11588 11587)
4(11587 11588 11739 11738)
4(11738 11739 11890 11889)
4(11889 11890 12041 12040)
4(12040 12041 12192 12191)
4(12191 12192 12343 12342)
4(12342 12343 12494 12493)
4(12493 12494 12645 12644)
4(12644 12645 12796 12795)
4(12795 12796 12947 12946)
4(12946 12947 13098 13097)
4(13097 13098 13249 13248)
4(13248 13249 13400 13399)
4(13399 13400 13551 13550)
4(13550 13551 13702 13701)
4(13701 13702 13853 13852)
4(13852 13853 14004 14003)
4(14003 14004 14155 14154)
4(14154 14155 14306 14305)
4(14305 14306 14457 14456)
4(14456 14457 14608 14607)
4(14607 14608 14759 14758)
4(14758 14759 14910 14909)
4(14909 14910 15061 15060)
4(15060 15061 15212 15211)
4(15211 15212 15363 15362)
4(15362 15363 15514 15513)
4(15513 15514 15665 15664)
4(15664 15665 15816 15815)
4(15815 15816 15967 15966)
4(8115 8116 8267 8266)
4(8266 8267 8418 8417)
4(8417 8418 8569 8568)
4(8568 8569 8720 8719)
4(8719 8720 8871 8870)
4(8870 8871 9022 9021)
4(9021 9022 9173 9172)
4(9172 9173 9324 9323)
4(9323 9324 9475 9474)
4(9474 9475 9626 9625)
4(9625 9626 9777 9776)
4(9776 9777 9928 9927)
4(9927 9928 10079 10078)
4(10078 10079 10230 10229)
4(10229 10230 10381 10380)
4(10380 10381 10532 10531)
4(10531 10532 10683 10682)
4(10682 10683 10834 10833)
4(10833 10834 10985 10984)
4(10984 10985 11136 11135)
4(11135 11136 11287 11286)
4(11286 11287 11438 11437)
4(11437 11438 11589 11588)
4(11588 11589 11740 11739)
4(11739 11740 11891 11890)
4(11890 11891 12042 12041)
4(12041 12042 12193 12192)
4(12192 12193 12344 12343)
4(12343 12344 12495 12494)
4(12494 12495 12646 12645)
4(12645 12646 12797 12796)
4(12796 12797 12948 12947)
4(12947 12948 13099 13098)
4(13098 13099 13250 13249)
4(13249 13250 13401 13400)
4(13400 13401 13552 13551)
4(13551 13552 13703 13702)
4(13702 13703 13854 13853)
4(13853 13854 14005 14004)
4(14004 14005 14156 14155)
4(14155 14156 14307 14306)
4(14306 14307 14458 14457)
4(14457 14458 14609 14608)
4(14608 14609 14760 14759)
4(14759 14760 14911 14910)
4(14910 14911 15062 15061)
4(15061 15062 15213 15212)
4(15212 15213 15364 15363)
4(15363 15364 15515 15514)
4(15514 15515 15666 15665)
4(15665 15666 15817 15816)
4(15816 15817 15968 15967)
4(8116 8117 8268 8267)
4(8267 8268 8419 8418)
4(8418 8419 8570 8569)
4(8569 8570 8721 8720)
4(8720 8721 8872 8871)
4(8871 8872 9023 9022)
4(9022 9023 9174 9173)
4(9173 9174 9325 9324)
4(9324 9325 9476 9475)
4(9475 9476 9627 9626)
4(9626 9627 9778 9777)
4(9777 9778 9929 9928)
4(9928 9929 10080 10079)
4(10079 10080 10231 10230)
4(10230 10231 10382 10381)
4(10381 10382 10533 10532)
4(10532 10533 10684 10683)
4(10683 10684 10835 10834)
4(10834 10835 10986 10985)
4(10985 10986 11137 11136)
4(11136 11137 11288 11287)
4(11287 11288 11439 11438)
4(11438 11439 11590 11589)
4(11589 11590 11741 11740)
4(11740 11741 11892 11891)
4(11891 11892 12043 12042)
4(12042 12043 12194 12193)
4(12193 12194 12345 12344)
4(12344 12345 12496 12495)
4(12495 12496 12647 12646)
4(12646 12647 12798 12797)
4(12797 12798 12949 12948)
4(12948 12949 13100 13099)
4(13099 13100 13251 13250)
4(13250 13251 13402 13401)
4(13401 13402 13553 13552)
4(13552 13553 13704 13703)
4(13703 13704 13855 13854)
4(13854 13855 14006 14005)
4(14005 14006 14157 14156)
4(14156 14157 14308 14307)
4(14307 14308 14459 14458)
4(14458 14459 14610 14609)
4(14609 14610 14761 14760)
4(14760 14761 14912 14911)
4(14911 14912 15063 15062)
4(15062 15063 15214 15213)
4(15213 15214 15365 15364)
4(15364 15365 15516 15515)
4(15515 15516 15667 15666)
4(15666 15667 15818 15817)
4(15817 15818 15969 15968)
4(8117 8118 8269 8268)
4(8268 8269 8420 8419)
4(8419 8420 8571 8570)
4(8570 8571 8722 8721)
4(8721 8722 8873 8872)
4(8872 8873 9024 9023)
4(9023 9024 9175 9174)
4(9174 9175 9326 9325)
4(9325 9326 9477 9476)
4(9476 9477 9628 9627)
4(9627 9628 9779 9778)
4(9778 9779 9930 9929)
4(9929 9930 10081 10080)
4(10080 10081 10232 10231)
4(10231 10232 10383 10382)
4(10382 10383 10534 10533)
4(10533 10534 10685 10684)
4(10684 10685 10836 10835)
4(10835 10836 10987 10986)
4(10986 10987 11138 11137)
4(11137 11138 11289 11288)
4(11288 11289 11440 11439)
4(11439 11440 11591 11590)
4(11590 11591 11742 11741)
4(11741 11742 11893 11892)
4(11892 11893 12044 12043)
4(12043 12044 12195 12194)
4(12194 12195 12346 12345)
4(12345 12346 12497 12496)
4(12496 12497 12648 12647)
4(12647 12648 12799 12798)
4(12798 12799 12950 12949)
4(12949 12950 13101 13100)
4(13100 13101 13252 13251)
4(13251 13252 13403 13402)
4(13402 13403 13554 13553)
4(13553 13554 13705 13704)
4(13704 13705 13856 13855)
4(13855 13856 14007 14006)
4(14006 14007 14158 14157)
4(14157 14158 14309 14308)
4(14308 14309 14460 14459)
4(14459 14460 14611 14610)
4(14610 14611 14762 14761)
4(14761 14762 14913 14912)
4(14912 14913 15064 15063)
4(15063 15064 15215 15214)
4(15214 15215 15366 15365)
4(15365 15366 15517 15516)
4(15516 15517 15668 15667)
4(15667 15668 15819 15818)
4(15818 15819 15970 15969)
4(8118 8119 8270 8269)
4(8269 8270 8421 8420)
4(8420 8421 8572 8571)
4(8571 8572 8723 8722)
4(8722 8723 8874 8873)
4(8873 8874 9025 9024)
4(9024 9025 9176 9175)
4(9175 9176 9327 9326)
4(9326 9327 9478 9477)
4(9477 9478 9629 9628)
4(9628 9629 9780 9779)
4(9779 9780 9931 9930)
4(9930 9931 10082 10081)
4(10081 10082 10233 10232)
4(10232 10233 10384 10383)
4(10383 10384 10535 10534)
4(10534 10535 10686 10685)
4(10685 10686 10837 10836)
4(10836 10837 10988 10987)
4(10987 10988 11139 11138)
4(11138 11139 11290 11289)
4(11289 11290 11441 11440)
4(11440 11441 11592 11591)
4(11591 11592 11743 11742)
4(11742 11743 11894 11893)
4(11893 11894 12045 12044)
4(12044 12045 12196 12195)
4(12195 12196 12347 12346)
4(12346 12347 12498 12497)
4(12497 12498 12649 12648)
4(12648 12649 12800 12799)
4(12799 12800 12951 12950)
4(12950 12951 13102 13101)
4(13101 13102 13253 13252)
4(13252 13253 13404 13403)
4(13403 13404 13555 13554)
4(13554 13555 13706 13705)
4(13705 13706 13857 13856)
4(13856 13857 14008 14007)
4(14007 14008 14159 14158)
4(14158 14159 14310 14309)
4(14309 14310 14461 14460)
4(14460 14461 14612 14611)
4(14611 14612 14763 14762)
4(14762 14763 14914 14913)
4(14913 14914 15065 15064)
4(15064 15065 15216 15215)
4(15215 15216 15367 15366)
4(15366 15367 15518 15517)
4(15517 15518 15669 15668)
4(15668 15669 15820 15819)
4(15819 15820 15971 15970)
4(8119 8120 8271 8270)
4(8270 8271 8422 8421)
4(8421 8422 8573 8572)
4(8572 8573 8724 8723)
4(8723 8724 8875 8874)
4(8874 8875 9026 9025)
4(9025 9026 9177 9176)
4(9176 9177 9328 9327)
4(9327 9328 9479 9478)
4(9478 9479 9630 9629)
4(9629 9630 9781 9780)
4(9780 9781 9932 9931)
4(9931 9932 10083 10082)
4(10082 10083 10234 10233)
4(10233 10234 10385 10384)
4(10384 10385 10536 10535)
4(10535 10536 10687 10686)
4(10686 10687 10838 10837)
4(10837 10838 10989 10988)
4(10988 10989 11140 11139)
4(11139 11140 11291 11290)
4(11290 11291 11442 11441)
4(11441 11442 11593 11592)
4(11592 11593 11744 11743)
4(11743 11744 11895 11894)
4(11894 11895 12046 12045)
4(12045 12046 12197 12196)
4(12196 12197 12348 12347)
4(12347 12348 12499 12498)
4(12498 12499 12650 12649)
4(12649 12650 12801 12800)
4(12800 12801 12952 12951)
4(12951 12952 13103 13102)
4(13102 13103 13254 13253)
4(13253 13254 13405 13404)
4(13404 13405 13556 13555)
4(13555 13556 13707 13706)
4(13706 13707 13858 13857)
4(13857 13858 14009 14008)
4(14008 14009 14160 14159)
4(14159 14160 14311 14310)
4(14310 14311 14462 14461)
4(14461 14462 14613 14612)
4(14612 14613 14764 14763)
4(14763 14764 14915 14914)
4(14914 14915 15066 15065)
4(15065 15066 15217 15216)
4(15216 15217 15368 15367)
4(15367 15368 15519 15518)
4(15518 15519 15670 15669)
4(15669 15670 15821 15820)
4(15820 15821 15972 15971)
4(8120 8121 8272 8271)
4(8271 8272 8423 8422)
4(8422 8423 8574 8573)
4(8573 8574 8725 8724)
4(8724 8725 8876 8875)
4(8875 8876 9027 9026)
4(9026 9027 9178 9177)
4(9177 9178 9329 9328)
4(9328 9329 9480 9479)
4(9479 9480 9631 9630)
4(9630 9631 9782 9781)
4(9781 9782 9933 9932)
4(9932 9933 10084 10083)
4(10083 10084 10235 10234)
4(10234 10235 10386 10385)
4(10385 10386 10537 10536)
4(10536 10537 10688 10687)
4(10687 10688 10839 10838)
4(10838 10839 10990 10989)
4(10989 10990 11141 11140)
4(11140 11141 11292 11291)
4(11291 11292 11443 11442)
4(11442 11443 11594 11593)
4(11593 11594 11745 11744)
4(11744 11745 11896 11895)
4(11895 11896 12047 12046)
4(12046 12047 12198 12197)
4(12197 12198 12349 12348)
4(12348 12349 12500 12499)
4(12499 12500 12651 12650)
4(12650 12651 12802 12801)
4(12801 12802 12953 12952)
4(12952 12953 13104 13103)
4(13103 13104 13255 13254)
4(13254 13255 13406 13405)
4(13405 13406 13557 13556)
4(13556 13557 13708 13707)
4(13707 13708 13859 13858)
4(13858 13859 14010 14009)
4(14009 14010 14161 14160)
4(14160 14161 14312 14311)
4(14311 14312 14463 14462)
4(14462 14463 14614 14613)
4(14613 14614 14765 14764)
4(14764 14765 14916 14915)
4(14915 14916 15067 15066)
4(15066 15067 15218 15217)
4(15217 15218 15369 15368)
4(15368 15369 15520 15519)
4(15519 15520 15671 15670)
4(15670 15671 15822 15821)
4(15821 15822 15973 15972)
4(8121 8122 8273 8272)
4(8272 8273 8424 8423)
4(8423 8424 8575 8574)
4(8574 8575 8726 8725)
4(8725 8726 8877 8876)
4(8876 8877 9028 9027)
4(9027 9028 9179 9178)
4(9178 9179 9330 9329)
4(9329 9330 9481 9480)
4(9480 9481 9632 9631)
4(9631 9632 9783 9782)
4(9782 9783 9934 9933)
4(9933 9934 10085 10084)
4(10084 10085 10236 10235)
4(10235 10236 10387 10386)
4(10386 10387 10538 10537)
4(10537 10538 10689 10688)
4(10688 10689 10840 10839)
4(10839 10840 10991 10990)
4(10990 10991 11142 11141)
4(11141 11142 11293 11292)
4(11292 11293 11444 11443)
4(11443 11444 11595 11594)
4(11594 11595 11746 11745)
4(11745 11746 11897 11896)
4(11896 11897 12048 12047)
4(12047 12048 12199 12198)
4(12198 12199 12350 12349)
4(12349 12350 12501 12500)
4(12500 12501 12652 12651)
4(12651 12652 12803 12802)
4(12802 12803 12954 12953)
4(12953 12954 13105 13104)
4(13104 13105 13256 13255)
4(13255 13256 13407 13406)
4(13406 13407 13558 13557)
4(13557 13558 13709 13708)
4(13708 13709 13860 13859)
4(13859 13860 14011 14010)
4(14010 14011 14162 14161)
4(14161 14162 14313 14312)
4(14312 14313 14464 14463)
4(14463 14464 14615 14614)
4(14614 14615 14766 14765)
4(14765 14766 14917 14916)
4(14916 14917 15068 15067)
4(15067 15068 15219 15218)
4(15218 15219 15370 15369)
4(15369 15370 15521 15520)
4(15520 15521 15672 15671)
4(15671 15672 15823 15822)
4(15822 15823 15974 15973)
4(8122 8123 8274 8273)
4(8273 8274 8425 8424)
4(8424 8425 8576 8575)
4(8575 8576 8727 8726)
4(8726 8727 8878 8877)
4(8877 8878 9029 9028)
4(9028 9029 9180 9179)
4(9179 9180 9331 9330)
4(9330 9331 9482 9481)
4(9481 9482 9633 9632)
4(9632 9633 9784 9783)
4(9783 9784 9935 9934)
4(9934 9935 10086 10085)
4(10085 10086 10237 10236)
4(10236 10237 10388 10387)
4(10387 10388 10539 10538)
4(10538 10539 10690 10689)
4(10689 10690 10841 10840)
4(10840 10841 10992 10991)
4(10991 10992 11143 11142)
4(11142 11143 11294 11293)
4(11293 11294 11445 11444)
4(11444 11445 11596 11595)
4(11595 11596 11747 11746)
4(11746 11747 11898 11897)
4(11897 11898 12049 12048)
4(12048 12049 12200 12199)
4(12199 12200 12351 12350)
4(12350 12351 12502 12501)
4(12501 12502 12653 12652)
4(12652 12653 12804 12803)
4(12803 12804 12955 12954)
4(12954 12955 13106 13105)
4(13105 13106 13257 13256)
4(13256 13257 13408 13407)
4(13407 13408 13559 13558)
4(13558 13559 13710 13709)
4(13709 13710 13861 13860)
4(13860 13861 14012 14011)
4(14011 14012 14163 14162)
4(14162 14163 14314 14313)
4(14313 14314 14465 14464)
4(14464 14465 14616 14615)
4(14615 14616 14767 14766)
4(14766 14767 14918 14917)
4(14917 14918 15069 15068)
4(15068 15069 15220 15219)
4(15219 15220 15371 15370)
4(15370 15371 15522 15521)
4(15521 15522 15673 15672)
4(15672 15673 15824 15823)
4(15823 15824 15975 15974)
4(8123 8124 8275 8274)
4(8274 8275 8426 8425)
4(8425 8426 8577 8576)
4(8576 8577 8728 8727)
4(8727 8728 8879 8878)
4(8878 8879 9030 9029)
4(9029 9030 9181 9180)
4(9180 9181 9332 9331)
4(9331 9332 9483 9482)
4(9482 9483 9634 9633)
4(9633 9634 9785 9784)
4(9784 9785 9936 9935)
4(9935 9936 10087 10086)
4(10086 10087 10238 10237)
4(10237 10238 10389 10388)
4(10388 10389 10540 10539)
4(10539 10540 10691 10690)
4(10690 10691 10842 10841)
4(10841 10842 10993 10992)
4(10992 10993 11144 11143)
4(11143 11144 11295 11294)
4(11294 11295 11446 11445)
4(11445 11446 11597 11596)
4(11596 11597 11748 11747)
4(11747 11748 11899 11898)
4(11898 11899 12050 12049)
4(12049 12050 12201 12200)
4(12200 12201 12352 12351)
4(12351 12352 12503 12502)
4(12502 12503 12654 12653)
4(12653 12654 12805 12804)
4(12804 12805 12956 12955)
4(12955 12956 13107 13106)
4(13106 13107 13258 13257)
4(13257 13258 13409 13408)
4(13408 13409 13560 13559)
4(13559 13560 13711 13710)
4(13710 13711 13862 13861)
4(13861 13862 14013 14012)
4(14012 14013 14164 14163)
4(14163 14164 14315 14314)
4(14314 14315 14466 14465)
4(14465 14466 14617 14616)
4(14616 14617 14768 14767)
4(14767 14768 14919 14918)
4(14918 14919 15070 15069)
4(15069 15070 15221 15220)
4(15220 15221 15372 15371)
4(15371 15372 15523 15522)
4(15522 15523 15674 15673)
4(15673 15674 15825 15824)
4(15824 15825 15976 15975)
4(8124 8125 8276 8275)
4(8275 8276 8427 8426)
4(8426 8427 8578 8577)
4(8577 8578 8729 8728)
4(8728 8729 8880 8879)
4(8879 8880 9031 9030)
4(9030 9031 9182 9181)
4(9181 9182 9333 9332)
4(9332 9333 9484 9483)
4(9483 9484 9635 9634)
4(9634 9635 9786 9785)
4(9785 9786 9937 9936)
4(9936 9937 10088 10087)
4(10087 10088 10239 10238)
4(10238 10239 10390 10389)
4(10389 10390 10541 10540)
4(10540 10541 10692 10691)
4(10691 10692 10843 10842)
4(10842 10843 10994 10993)
4(10993 10994 11145 11144)
4(11144 11145 11296 11295)
4(11295 11296 11447 11446)
4(11446 11447 11598 11597)
4(11597 11598 11749 11748)
4(11748 11749 11900 11899)
4(11899 11900 12051 12050)
4(12050 12051 12202 12201)
4(12201 12202 12353 12352)
4(12352 12353 12504 12503)
4(12503 12504 12655 12654)
4(12654 12655 12806 12805)
4(12805 12806 12957 12956)
4(12956 12957 13108 13107)
4(13107 13108 13259 13258)
4(13258 13259 13410 13409)
4(13409 13410 13561 13560)
4(13560 13561 13712 13711)
4(13711 13712 13863 13862)
4(13862 13863 14014 14013)
4(14013 14014 14165 14164)
4(14164 14165 14316 14315)
4(14315 14316 14467 14466)
4(14466 14467 14618 14617)
4(14617 14618 14769 14768)
4(14768 14769 14920 14919)
4(14919 14920 15071 15070)
4(15070 15071 15222 15221)
4(15221 15222 15373 15372)
4(15372 15373 15524 15523)
4(15523 15524 15675 15674)
4(15674 15675 15826 15825)
4(15825 15826 15977 15976)
4(8125 8126 8277 8276)
4(8276 8277 8428 8427)
4(8427 8428 8579 8578)
4(8578 8579 8730 8729)
4(8729 8730 8881 8880)
4(8880 8881 9032 9031)
4(9031 9032 9183 9182)
4(9182 9183 9334 9333)
4(9333 9334 9485 9484)
4(9484 9485 9636 9635)
4(9635 9636 9787 9786)
4(9786 9787 9938 9937)
4(9937 9938 10089 10088)
4(10088 10089 10240 10239)
4(10239 10240 10391 10390)
4(10390 10391 10542 10541)
4(10541 10542 10693 10692)
4(10692 10693 10844 10843)
4(10843 10844 10995 10994)
4(10994 10995 11146 11145)
4(11145 11146 11297 11296)
4(11296 11297 11448 11447)
4(11447 11448 11599 11598)
4(11598 11599 11750 11749)
4(11749 11750 11901 11900)
4(11900 11901 12052 12051)
4(12051 12052 12203 12202)
4(12202 12203 12354 12353)
4(12353 12354 12505 12504)
4(12504 12505 12656 12655)
4(12655 12656 12807 12806)
4(12806 12807 12958 12957)
4(12957 12958 13109 13108)
4(13108 13109 13260 13259)
4(13259 13260 13411 13410)
4(13410 13411 13562 13561)
4(13561 13562 13713 13712)
4(13712 13713 13864 13863)
4(13863 13864 14015 14014)
4(14014 14015 14166 14165)
4(14165 14166 14317 14316)
4(14316 14317 14468 14467)
4(14467 14468 14619 14618)
4(14618 14619 14770 14769)
4(14769 14770 14921 14920)
4(14920 14921 15072 15071)
4(15071 15072 15223 15222)
4(15222 15223 15374 15373)
4(15373 15374 15525 15524)
4(15524 15525 15676 15675)
4(15675 15676 15827 15826)
4(15826 15827 15978 15977)
4(8126 8127 8278 8277)
4(8277 8278 8429 8428)
4(8428 8429 8580 8579)
4(8579 8580 8731 8730)
4(8730 8731 8882 8881)
4(8881 8882 9033 9032)
4(9032 9033 9184 9183)
4(9183 9184 9335 9334)
4(9334 9335 9486 9485)
4(9485 9486 9637 9636)
4(9636 9637 9788 9787)
4(9787 9788 9939 9938)
4(9938 9939 10090 10089)
4(10089 10090 10241 10240)
4(10240 10241 10392 10391)
4(10391 10392 10543 10542)
4(10542 10543 10694 10693)
4(10693 10694 10845 10844)
4(10844 10845 10996 10995)
4(10995 10996 11147 11146)
4(11146 11147 11298 11297)
4(11297 11298 11449 11448)
4(11448 11449 11600 11599)
4(11599 11600 11751 11750)
4(11750 11751 11902 11901)
4(11901 11902 12053 12052)
4(12052 12053 12204 12203)
4(12203 12204 12355 12354)
4(12354 12355 12506 12505)
4(12505 12506 12657 12656)
4(12656 12657 12808 12807)
4(12807 12808 12959 12958)
4(12958 12959 13110 13109)
4(13109 13110 13261 13260)
4(13260 13261 13412 13411)
4(13411 13412 13563 13562)
4(13562 13563 13714 13713)
4(13713 13714 13865 13864)
4(13864 13865 14016 14015)
4(14015 14016 14167 14166)
4(14166 14167 14318 14317)
4(14317 14318 14469 14468)
4(14468 14469 14620 14619)
4(14619 14620 14771 14770)
4(14770 14771 14922 14921)
4(14921 14922 15073 15072)
4(15072 15073 15224 15223)
4(15223 15224 15375 15374)
4(15374 15375 15526 15525)
4(15525 15526 15677 15676)
4(15676 15677 15828 15827)
4(15827 15828 15979 15978)
4(8127 8128 8279 8278)
4(8278 8279 8430 8429)
4(8429 8430 8581 8580)
4(8580 8581 8732 8731)
4(8731 8732 8883 8882)
4(8882 8883 9034 9033)
4(9033 9034 9185 9184)
4(9184 9185 9336 9335)
4(9335 9336 9487 9486)
4(9486 9487 9638 9637)
4(9637 9638 9789 9788)
4(9788 9789 9940 9939)
4(9939 9940 10091 10090)
4(10090 10091 10242 10241)
4(10241 10242 10393 10392)
4(10392 10393 10544 10543)
4(10543 10544 10695 10694)
4(10694 10695 10846 10845)
4(10845 10846 10997 10996)
4(10996 10997 11148 11147)
4(11147 11148 11299 11298)
4(11298 11299 11450 11449)
4(11449 11450 11601 11600)
4(11600 11601 11752 11751)
4(11751 11752 11903 11902)
4(11902 11903 12054 12053)
4(12053 12054 12205 12204)
4(12204 12205 12356 12355)
4(12355 12356 12507 12506)
4(12506 12507 12658 12657)
4(12657 12658 12809 12808)
4(12808 12809 12960 12959)
4(12959 12960 13111 13110)
4(13110 13111 13262 13261)
4(13261 13262 13413 13412)
4(13412 13413 13564 13563)
4(13563 13564 13715 13714)
4(13714 13715 13866 13865)
4(13865 13866 14017 14016)
4(14016 14017 14168 14167)
4(14167 14168 14319 14318)
4(14318 14319 14470 14469)
4(14469 14470 14621 14620)
4(14620 14621 14772 14771)
4(14771 14772 14923 14922)
4(14922 14923 15074 15073)
4(15073 15074 15225 15224)
4(15224 15225 15376 15375)
4(15375 15376 15527 15526)
4(15526 15527 15678 15677)
4(15677 15678 15829 15828)
4(15828 15829 15980 15979)
4(8128 8129 8280 8279)
4(8279 8280 8431 8430)
4(8430 8431 8582 8581)
4(8581 8582 8733 8732)
4(8732 8733 8884 8883)
4(8883 8884 9035 9034)
4(9034 9035 9186 9185)
4(9185 9186 9337 9336)
4(9336 9337 9488 9487)
4(9487 9488 9639 9638)
4(9638 9639 9790 9789)
4(9789 9790 9941 9940)
4(9940 9941 10092 10091)
4(10091 10092 10243 10242)
4(10242 10243 10394 10393)
4(10393 10394 10545 10544)
4(10544 10545 10696 10695)
4(10695 10696 10847 10846)
4(10846 10847 10998 10997)
4(10997 10998 11149 11148)
4(11148 11149 11300 11299)
4(11299 11300 11451 11450)
4(11450 11451 11602 11601)
4(11601 11602 11753 11752)
4(11752 11753 11904 11903)
4(11903 11904 12055 12054)
4(12054 12055 12206 12205)
4(12205 12206 12357 12356)
4(12356 12357 12508 12507)
4(12507 12508 12659 12658)
4(12658 12659 12810 12809)
4(12809 12810 12961 12960)
4(12960 12961 13112 13111)
4(13111 13112 13263 13262)
4(13262 13263 13414 13413)
4(13413 13414 13565 13564)
4(13564 13565 13716 13715)
4(13715 13716 13867 13866)
4(13866 13867 14018 14017)
4(14017 14018 14169 14168)
4(14168 14169 14320 14319)
4(14319 14320 14471 14470)
4(14470 14471 14622 14621)
4(14621 14622 14773 14772)
4(14772 14773 14924 14923)
4(14923 14924 15075 15074)
4(15074 15075 15226 15225)
4(15225 15226 15377 15376)
4(15376 15377 15528 15527)
4(15527 15528 15679 15678)
4(15678 15679 15830 15829)
4(15829 15830 15981 15980)
4(8129 8130 8281 8280)
4(8280 8281 8432 8431)
4(8431 8432 8583 8582)
4(8582 8583 8734 8733)
4(8733 8734 8885 8884)
4(8884 8885 9036 9035)
4(9035 9036 9187 9186)
4(9186 9187 9338 9337)
4(9337 9338 9489 9488)
4(9488 9489 9640 9639)
4(9639 9640 9791 9790)
4(9790 9791 9942 9941)
4(9941 9942 10093 10092)
4(10092 10093 10244 10243)
4(10243 10244 10395 10394)
4(10394 10395 10546 10545)
4(10545 10546 10697 10696)
4(10696 10697 10848 10847)
4(10847 10848 10999 10998)
4(10998 10999 11150 11149)
4(11149 11150 11301 11300)
4(11300 11301 11452 11451)
4(11451 11452 11603 11602)
4(11602 11603 11754 11753)
4(11753 11754 11905 11904)
4(11904 11905 12056 12055)
4(12055 12056 12207 12206)
4(12206 12207 12358 12357)
4(12357 12358 12509 12508)
4(12508 12509 12660 12659)
4(12659 12660 12811 12810)
4(12810 12811 12962 12961)
4(12961 12962 13113 13112)
4(13112 13113 13264 13263)
4(13263 13264 13415 13414)
4(13414 13415 13566 13565)
4(13565 13566 13717 13716)
4(13716 13717 13868 13867)
4(13867 13868 14019 14018)
4(14018 14019 14170 14169)
4(14169 14170 14321 14320)
4(14320 14321 14472 14471)
4(14471 14472 14623 14622)
4(14622 14623 14774 14773)
4(14773 14774 14925 14924)
4(14924 14925 15076 15075)
4(15075 15076 15227 15226)
4(15226 15227 15378 15377)
4(15377 15378 15529 15528)
4(15528 15529 15680 15679)
4(15679 15680 15831 15830)
4(15830 15831 15982 15981)
4(8130 8131 8282 8281)
4(8281 8282 8433 8432)
4(8432 8433 8584 8583)
4(8583 8584 8735 8734)
4(8734 8735 8886 8885)
4(8885 8886 9037 9036)
4(9036 9037 9188 9187)
4(9187 9188 9339 9338)
4(9338 9339 9490 9489)
4(9489 9490 9641 9640)
4(9640 9641 9792 9791)
4(9791 9792 9943 9942)
4(9942 9943 10094 10093)
4(10093 10094 10245 10244)
4(10244 10245 10396 10395)
4(10395 10396 10547 10546)
4(10546 10547 10698 10697)
4(10697 10698 10849 10848)
4(10848 10849 11000 10999)
4(10999 11000 11151 11150)
4(11150 11151 11302 11301)
4(11301 11302 11453 11452)
4(11452 11453 11604 11603)
4(11603 11604 11755 11754)
4(11754 11755 11906 11905)
4(11905 11906 12057 12056)
4(12056 12057 12208 12207)
4(12207 12208 12359 12358)
4(12358 12359 12510 12509)
4(12509 12510 12661 12660)
4(12660 12661 12812 12811)
4(12811 12812 12963 12962)
4(12962 12963 13114 13113)
4(13113 13114 13265 13264)
4(13264 13265 13416 13415)
4(13415 13416 13567 13566)
4(13566 13567 13718 13717)
4(13717 13718 13869 13868)
4(13868 13869 14020 14019)
4(14019 14020 14171 14170)
4(14170 14171 14322 14321)
4(14321 14322 14473 14472)
4(14472 14473 14624 14623)
4(14623 14624 14775 14774)
4(14774 14775 14926 14925)
4(14925 14926 15077 15076)
4(15076 15077 15228 15227)
4(15227 15228 15379 15378)
4(15378 15379 15530 15529)
4(15529 15530 15681 15680)
4(15680 15681 15832 15831)
4(15831 15832 15983 15982)
4(8131 8132 8283 8282)
4(8282 8283 8434 8433)
4(8433 8434 8585 8584)
4(8584 8585 8736 8735)
4(8735 8736 8887 8886)
4(8886 8887 9038 9037)
4(9037 9038 9189 9188)
4(9188 9189 9340 9339)
4(9339 9340 9491 9490)
4(9490 9491 9642 9641)
4(9641 9642 9793 9792)
4(9792 9793 9944 9943)
4(9943 9944 10095 10094)
4(10094 10095 10246 10245)
4(10245 10246 10397 10396)
4(10396 10397 10548 10547)
4(10547 10548 10699 10698)
4(10698 10699 10850 10849)
4(10849 10850 11001 11000)
4(11000 11001 11152 11151)
4(11151 11152 11303 11302)
4(11302 11303 11454 11453)
4(11453 11454 11605 11604)
4(11604 11605 11756 11755)
4(11755 11756 11907 11906)
4(11906 11907 12058 12057)
4(12057 12058 12209 12208)
4(12208 12209 12360 12359)
4(12359 12360 12511 12510)
4(12510 12511 12662 12661)
4(12661 12662 12813 12812)
4(12812 12813 12964 12963)
4(12963 12964 13115 13114)
4(13114 13115 13266 13265)
4(13265 13266 13417 13416)
4(13416 13417 13568 13567)
4(13567 13568 13719 13718)
4(13718 13719 13870 13869)
4(13869 13870 14021 14020)
4(14020 14021 14172 14171)
4(14171 14172 14323 14322)
4(14322 14323 14474 14473)
4(14473 14474 14625 14624)
4(14624 14625 14776 14775)
4(14775 14776 14927 14926)
4(14926 14927 15078 15077)
4(15077 15078 15229 15228)
4(15228 15229 15380 15379)
4(15379 15380 15531 15530)
4(15530 15531 15682 15681)
4(15681 15682 15833 15832)
4(15832 15833 15984 15983)
4(8132 8133 8284 8283)
4(8283 8284 8435 8434)
4(8434 8435 8586 8585)
4(8585 8586 8737 8736)
4(8736 8737 8888 8887)
4(8887 8888 9039 9038)
4(9038 9039 9190 9189)
4(9189 9190 9341 9340)
4(9340 9341 9492 9491)
4(9491 9492 9643 9642)
4(9642 9643 9794 9793)
4(9793 9794 9945 9944)
4(9944 9945 10096 10095)
4(10095 10096 10247 10246)
4(10246 10247 10398 10397)
4(10397 10398 10549 10548)
4(10548 10549 10700 10699)
4(10699 10700 10851 10850)
4(10850 10851 11002 11001)
4(11001 11002 11153 11152)
4(11152 11153 11304 11303)
4(11303 11304 11455 11454)
4(11454 11455 11606 11605)
4(11605 11606 11757 11756)
4(11756 11757 11908 11907)
4(11907 11908 12059 12058)
4(12058 12059 12210 12209)
4(12209 12210 12361 12360)
4(12360 12361 12512 12511)
4(12511 12512 12663 12662)
4(12662 12663 12814 12813)
4(12813 12814 12965 12964)
4(12964 12965 13116 13115)
4(13115 13116 13267 13266)
4(13266 13267 13418 13417)
4(13417 13418 13569 13568)
4(13568 13569 13720 13719)
4(13719 13720 13871 13870)
4(13870 13871 14022 14021)
4(14021 14022 14173 14172)
4(14172 14173 14324 14323)
4(14323 14324 14475 14474)
4(14474 14475 14626 14625)
4(14625 14626 14777 14776)
4(14776 14777 14928 14927)
4(14927 14928 15079 15078)
4(15078 15079 15230 15229)
4(15229 15230 15381 15380)
4(15380 15381 15532 15531)
4(15531 15532 15683 15682)
4(15682 15683 15834 15833)
4(15833 15834 15985 15984)
4(8133 8134 8285 8284)
4(8284 8285 8436 8435)
4(8435 8436 8587 8586)
4(8586 8587 8738 8737)
4(8737 8738 8889 8888)
4(8888 8889 9040 9039)
4(9039 9040 9191 9190)
4(9190 9191 9342 9341)
4(9341 9342 9493 9492)
4(9492 9493 9644 9643)
4(9643 9644 9795 9794)
4(9794 9795 9946 9945)
4(9945 9946 10097 10096)
4(10096 10097 10248 10247)
4(10247 10248 10399 10398)
4(10398 10399 10550 10549)
4(10549 10550 10701 10700)
4(10700 10701 10852 10851)
4(10851 10852 11003 11002)
4(11002 11003 11154 11153)
4(11153 11154 11305 11304)
4(11304 11305 11456 11455)
4(11455 11456 11607 11606)
4(11606 11607 11758 11757)
4(11757 11758 11909 11908)
4(11908 11909 12060 12059)
4(12059 12060 12211 12210)
4(12210 12211 12362 12361)
4(12361 12362 12513 12512)
4(12512 12513 12664 12663)
4(12663 12664 12815 12814)
4(12814 12815 12966 12965)
4(12965 12966 13117 13116)
4(13116 13117 13268 13267)
4(13267 13268 13419 13418)
4(13418 13419 13570 13569)
4(13569 13570 13721 13720)
4(13720 13721 13872 13871)
4(13871 13872 14023 14022)
4(14022 14023 14174 14173)
4(14173 14174 14325 14324)
4(14324 14325 14476 14475)
4(14475 14476 14627 14626)
4(14626 14627 14778 14777)
4(14777 14778 14929 14928)
4(14928 14929 15080 15079)
4(15079 15080 15231 15230)
4(15230 15231 15382 15381)
4(15381 15382 15533 15532)
4(15532 15533 15684 15683)
4(15683 15684 15835 15834)
4(15834 15835 15986 15985)
4(8134 8135 8286 8285)
4(8285 8286 8437 8436)
4(8436 8437 8588 8587)
4(8587 8588 8739 8738)
4(8738 8739 8890 8889)
4(8889 8890 9041 9040)
4(9040 9041 9192 9191)
4(9191 9192 9343 9342)
4(9342 9343 9494 9493)
4(9493 9494 9645 9644)
4(9644 9645 9796 9795)
4(9795 9796 9947 9946)
4(9946 9947 10098 10097)
4(10097 10098 10249 10248)
4(10248 10249 10400 10399)
4(10399 10400 10551 10550)
4(10550 10551 10702 10701)
4(10701 10702 10853 10852)
4(10852 10853 11004 11003)
4(11003 11004 11155 11154)
4(11154 11155 11306 11305)
4(11305 11306 11457 11456)
4(11456 11457 11608 11607)
4(11607 11608 11759 11758)
4(11758 11759 11910 11909)
4(11909 11910 12061 12060)
4(12060 12061 12212 12211)
4(12211 12212 12363 12362)
4(12362 12363 12514 12513)
4(12513 12514 12665 12664)
4(12664 12665 12816 12815)
4(12815 12816 12967 12966)
4(12966 12967 13118 13117)
4(13117 13118 13269 13268)
4(13268 13269 13420 13419)
4(13419 13420 13571 13570)
4(13570 13571 13722 13721)
4(13721 13722 13873 13872)
4(13872 13873 14024 14023)
4(14023 14024 14175 14174)
4(14174 14175 14326 14325)
4(14325 14326 14477 14476)
4(14476 14477 14628 14627)
4(14627 14628 14779 14778)
4(14778 14779 14930 14929)
4(14929 14930 15081 15080)
4(15080 15081 15232 15231)
4(15231 15232 15383 15382)
4(15382 15383 15534 15533)
4(15533 15534 15685 15684)
4(15684 15685 15836 15835)
4(15835 15836 15987 15986)
4(8135 8136 8287 8286)
4(8286 8287 8438 8437)
4(8437 8438 8589 8588)
4(8588 8589 8740 8739)
4(8739 8740 8891 8890)
4(8890 8891 9042 9041)
4(9041 9042 9193 9192)
4(9192 9193 9344 9343)
4(9343 9344 9495 9494)
4(9494 9495 9646 9645)
4(9645 9646 9797 9796)
4(9796 9797 9948 9947)
4(9947 9948 10099 10098)
4(10098 10099 10250 10249)
4(10249 10250 10401 10400)
4(10400 10401 10552 10551)
4(10551 10552 10703 10702)
4(10702 10703 10854 10853)
4(10853 10854 11005 11004)
4(11004 11005 11156 11155)
4(11155 11156 11307 11306)
4(11306 11307 11458 11457)
4(11457 11458 11609 11608)
4(11608 11609 11760 11759)
4(11759 11760 11911 11910)
4(11910 11911 12062 12061)
4(12061 12062 12213 12212)
4(12212 12213 12364 12363)
4(12363 12364 12515 12514)
4(12514 12515 12666 12665)
4(12665 12666 12817 12816)
4(12816 12817 12968 12967)
4(12967 12968 13119 13118)
4(13118 13119 13270 13269)
4(13269 13270 13421 13420)
4(13420 13421 13572 13571)
4(13571 13572 13723 13722)
4(13722 13723 13874 13873)
4(13873 13874 14025 14024)
4(14024 14025 14176 14175)
4(14175 14176 14327 14326)
4(14326 14327 14478 14477)
4(14477 14478 14629 14628)
4(14628 14629 14780 14779)
4(14779 14780 14931 14930)
4(14930 14931 15082 15081)
4(15081 15082 15233 15232)
4(15232 15233 15384 15383)
4(15383 15384 15535 15534)
4(15534 15535 15686 15685)
4(15685 15686 15837 15836)
4(15836 15837 15988 15987)
4(8136 8137 8288 8287)
4(8287 8288 8439 8438)
4(8438 8439 8590 8589)
4(8589 8590 8741 8740)
4(8740 8741 8892 8891)
4(8891 8892 9043 9042)
4(9042 9043 9194 9193)
4(9193 9194 9345 9344)
4(9344 9345 9496 9495)
4(9495 9496 9647 9646)
4(9646 9647 9798 9797)
4(9797 9798 9949 9948)
4(9948 9949 10100 10099)
4(10099 10100 10251 10250)
4(10250 10251 10402 10401)
4(10401 10402 10553 10552)
4(10552 10553 10704 10703)
4(10703 10704 10855 10854)
4(10854 10855 11006 11005)
4(11005 11006 11157 11156)
4(11156 11157 11308 11307)
4(11307 11308 11459 11458)
4(11458 11459 11610 11609)
4(11609 11610 11761 11760)
4(11760 11761 11912 11911)
4(11911 11912 12063 12062)
4(12062 12063 12214 12213)
4(12213 12214 12365 12364)
4(12364 12365 12516 12515)
4(12515 12516 12667 12666)
4(12666 12667 12818 12817)
4(12817 12818 12969 12968)
4(12968 12969 13120 13119)
4(13119 13120 13271 13270)
4(13270 13271 13422 13421)
4(13421 13422 13573 13572)
4(13572 13573 13724 13723)
4(13723 13724 13875 13874)
4(13874 13875 14026 14025)
4(14025 14026 14177 14176)
4(14176 14177 14328 14327)
4(14327 14328 14479 14478)
4(14478 14479 14630 14629)
4(14629 14630 14781 14780)
4(14780 14781 14932 14931)
4(14931 14932 15083 15082)
4(15082 15083 15234 15233)
4(15233 15234 15385 15384)
4(15384 15385 15536 15535)
4(15535 15536 15687 15686)
4(15686 15687 15838 15837)
4(15837 15838 15989 15988)
4(8137 8138 8289 8288)
4(8288 8289 8440 8439)
4(8439 8440 8591 8590)
4(8590 8591 8742 8741)
4(8741 8742 8893 8892)
4(8892 8893 9044 9043)
4(9043 9044 9195 9194)
4(9194 9195 9346 9345)
4(9345 9346 9497 9496)
4(9496 9497 9648 9647)
4(9647 9648 9799 9798)
4(9798 9799 9950 9949)
4(9949 9950 10101 10100)
4(10100 10101 10252 10251)
4(10251 10252 10403 10402)
4(10402 10403 10554 10553)
4(10553 10554 10705 10704)
4(10704 10705 10856 10855)
4(10855 10856 11007 11006)
4(11006 11007 11158 11157)
4(11157 11158 11309 11308)
4(11308 11309 11460 11459)
4(11459 11460 11611 11610)
4(11610 11611 11762 11761)
4(11761 11762 11913 11912)
4(11912 11913 12064 12063)
4(12063 12064 12215 12214)
4(12214 12215 12366 12365)
4(12365 12366 12517 12516)
4(12516 12517 12668 12667)
4(12667 12668 12819 12818)
4(12818 12819 12970 12969)
4(12969 12970 13121 13120)
4(13120 13121 13272 13271)
4(13271 13272 13423 13422)
4(13422 13423 13574 13573)
4(13573 13574 13725 13724)
4(13724 13725 13876 13875)
4(13875 13876 14027 14026)
4(14026 14027 14178 14177)
4(14177 14178 14329 14328)
4(14328 14329 14480 14479)
4(14479 14480 14631 14630)
4(14630 14631 14782 14781)
4(14781 14782 14933 14932)
4(14932 14933 15084 15083)
4(15083 15084 15235 15234)
4(15234 15235 15386 15385)
4(15385 15386 15537 15536)
4(15536 15537 15688 15687)
4(15687 15688 15839 15838)
4(15838 15839 15990 15989)
4(8138 8139 8290 8289)
4(8289 8290 8441 8440)
4(8440 8441 8592 8591)
4(8591 8592 8743 8742)
4(8742 8743 8894 8893)
4(8893 8894 9045 9044)
4(9044 9045 9196 9195)
4(9195 9196 9347 9346)
4(9346 9347 9498 9497)
4(9497 9498 9649 9648)
4(9648 9649 9800 9799)
4(9799 9800 9951 9950)
4(9950 9951 10102 10101)
4(10101 10102 10253 10252)
4(10252 10253 10404 10403)
4(10403 10404 10555 10554)
4(10554 10555 10706 10705)
4(10705 10706 10857 10856)
4(10856 10857 11008 11007)
4(11007 11008 11159 11158)
4(11158 11159 11310 11309)
4(11309 11310 11461 11460)
4(11460 11461 11612 11611)
4(11611 11612 11763 11762)
4(11762 11763 11914 11913)
4(11913 11914 12065 12064)
4(12064 12065 12216 12215)
4(12215 12216 12367 12366)
4(12366 12367 12518 12517)
4(12517 12518 12669 12668)
4(12668 12669 12820 12819)
4(12819 12820 12971 12970)
4(12970 12971 13122 13121)
4(13121 13122 13273 13272)
4(13272 13273 13424 13423)
4(13423 13424 13575 13574)
4(13574 13575 13726 13725)
4(13725 13726 13877 13876)
4(13876 13877 14028 14027)
4(14027 14028 14179 14178)
4(14178 14179 14330 14329)
4(14329 14330 14481 14480)
4(14480 14481 14632 14631)
4(14631 14632 14783 14782)
4(14782 14783 14934 14933)
4(14933 14934 15085 15084)
4(15084 15085 15236 15235)
4(15235 15236 15387 15386)
4(15386 15387 15538 15537)
4(15537 15538 15689 15688)
4(15688 15689 15840 15839)
4(15839 15840 15991 15990)
4(8139 8140 8291 8290)
4(8290 8291 8442 8441)
4(8441 8442 8593 8592)
4(8592 8593 8744 8743)
4(8743 8744 8895 8894)
4(8894 8895 9046 9045)
4(9045 9046 9197 9196)
4(9196 9197 9348 9347)
4(9347 9348 9499 9498)
4(9498 9499 9650 9649)
4(9649 9650 9801 9800)
4(9800 9801 9952 9951)
4(9951 9952 10103 10102)
4(10102 10103 10254 10253)
4(10253 10254 10405 10404)
4(10404 10405 10556 10555)
4(10555 10556 10707 10706)
4(10706 10707 10858 10857)
4(10857 10858 11009 11008)
4(11008 11009 11160 11159)
4(11159 11160 11311 11310)
4(11310 11311 11462 11461)
4(11461 11462 11613 11612)
4(11612 11613 11764 11763)
4(11763 11764 11915 11914)
4(11914 11915 12066 12065)
4(12065 12066 12217 12216)
4(12216 12217 12368 12367)
4(12367 12368 12519 12518)
4(12518 12519 12670 12669)
4(12669 12670 12821 12820)
4(12820 12821 12972 12971)
4(12971 12972 13123 13122)
4(13122 13123 13274 13273)
4(13273 13274 13425 13424)
4(13424 13425 13576 13575)
4(13575 13576 13727 13726)
4(13726 13727 13878 13877)
4(13877 13878 14029 14028)
4(14028 14029 14180 14179)
4(14179 14180 14331 14330)
4(14330 14331 14482 14481)
4(14481 14482 14633 14632)
4(14632 14633 14784 14783)
4(14783 14784 14935 14934)
4(14934 14935 15086 15085)
4(15085 15086 15237 15236)
4(15236 15237 15388 15387)
4(15387 15388 15539 15538)
4(15538 15539 15690 15689)
4(15689 15690 15841 15840)
4(15840 15841 15992 15991)
4(8140 8141 8292 8291)
4(8291 8292 8443 8442)
4(8442 8443 8594 8593)
4(8593 8594 8745 8744)
4(8744 8745 8896 8895)
4(8895 8896 9047 9046)
4(9046 9047 9198 9197)
4(9197 9198 9349 9348)
4(9348 9349 9500 9499)
4(9499 9500 9651 9650)
4(9650 9651 9802 9801)
4(9801 9802 9953 9952)
4(9952 9953 10104 10103)
4(10103 10104 10255 10254)
4(10254 10255 10406 10405)
4(10405 10406 10557 10556)
4(10556 10557 10708 10707)
4(10707 10708 10859 10858)
4(10858 10859 11010 11009)
4(11009 11010 11161 11160)
4(11160 11161 11312 11311)
4(11311 11312 11463 11462)
4(11462 11463 11614 11613)
4(11613 11614 11765 11764)
4(11764 11765 11916 11915)
4(11915 11916 12067 12066)
4(12066 12067 12218 12217)
4(12217 12218 12369 12368)
4(12368 12369 12520 12519)
4(12519 12520 12671 12670)
4(12670 12671 12822 12821)
4(12821 12822 12973 12972)
4(12972 12973 13124 13123)
4(13123 13124 13275 13274)
4(13274 13275 13426 13425)
4(13425 13426 13577 13576)
4(13576 13577 13728 13727)
4(13727 13728 13879 13878)
4(13878 13879 14030 14029)
4(14029 14030 14181 14180)
4(14180 14181 14332 14331)
4(14331 14332 14483 14482)
4(14482 14483 14634 14633)
4(14633 14634 14785 14784)
4(14784 14785 14936 14935)
4(14935 14936 15087 15086)
4(15086 15087 15238 15237)
4(15237 15238 15389 15388)
4(15388 15389 15540 15539)
4(15539 15540 15691 15690)
4(15690 15691 15842 15841)
4(15841 15842 15993 15992)
4(8141 8142 8293 8292)
4(8292 8293 8444 8443)
4(8443 8444 8595 8594)
4(8594 8595 8746 8745)
4(8745 8746 8897 8896)
4(8896 8897 9048 9047)
4(9047 9048 9199 9198)
4(9198 9199 9350 9349)
4(9349 9350 9501 9500)
4(9500 9501 9652 9651)
4(9651 9652 9803 9802)
4(9802 9803 9954 9953)
4(9953 9954 10105 10104)
4(10104 10105 10256 10255)
4(10255 10256 10407 10406)
4(10406 10407 10558 10557)
4(10557 10558 10709 10708)
4(10708 10709 10860 10859)
4(10859 10860 11011 11010)
4(11010 11011 11162 11161)
4(11161 11162 11313 11312)
4(11312 11313 11464 11463)
4(11463 11464 11615 11614)
4(11614 11615 11766 11765)
4(11765 11766 11917 11916)
4(11916 11917 12068 12067)
4(12067 12068 12219 12218)
4(12218 12219 12370 12369)
4(12369 12370 12521 12520)
4(12520 12521 12672 12671)
4(12671 12672 12823 12822)
4(12822 12823 12974 12973)
4(12973 12974 13125 13124)
4(13124 13125 13276 13275)
4(13275 13276 13427 13426)
4(13426 13427 13578 13577)
4(13577 13578 13729 13728)
4(13728 13729 13880 13879)
4(13879 13880 14031 14030)
4(14030 14031 14182 14181)
4(14181 14182 14333 14332)
4(14332 14333 14484 14483)
4(14483 14484 14635 14634)
4(14634 14635 14786 14785)
4(14785 14786 14937 14936)
4(14936 14937 15088 15087)
4(15087 15088 15239 15238)
4(15238 15239 15390 15389)
4(15389 15390 15541 15540)
4(15540 15541 15692 15691)
4(15691 15692 15843 15842)
4(15842 15843 15994 15993)
4(8142 8143 8294 8293)
4(8293 8294 8445 8444)
4(8444 8445 8596 8595)
4(8595 8596 8747 8746)
4(8746 8747 8898 8897)
4(8897 8898 9049 9048)
4(9048 9049 9200 9199)
4(9199 9200 9351 9350)
4(9350 9351 9502 9501)
4(9501 9502 9653 9652)
4(9652 9653 9804 9803)
4(9803 9804 9955 9954)
4(9954 9955 10106 10105)
4(10105 10106 10257 10256)
4(10256 10257 10408 10407)
4(10407 10408 10559 10558)
4(10558 10559 10710 10709)
4(10709 10710 10861 10860)
4(10860 10861 11012 11011)
4(11011 11012 11163 11162)
4(11162 11163 11314 11313)
4(11313 11314 11465 11464)
4(11464 11465 11616 11615)
4(11615 11616 11767 11766)
4(11766 11767 11918 11917)
4(11917 11918 12069 12068)
4(12068 12069 12220 12219)
4(12219 12220 12371 12370)
4(12370 12371 12522 12521)
4(12521 12522 12673 12672)
4(12672 12673 12824 12823)
4(12823 12824 12975 12974)
4(12974 12975 13126 13125)
4(13125 13126 13277 13276)
4(13276 13277 13428 13427)
4(13427 13428 13579 13578)
4(13578 13579 13730 13729)
4(13729 13730 13881 13880)
4(13880 13881 14032 14031)
4(14031 14032 14183 14182)
4(14182 14183 14334 14333)
4(14333 14334 14485 14484)
4(14484 14485 14636 14635)
4(14635 14636 14787 14786)
4(14786 14787 14938 14937)
4(14937 14938 15089 15088)
4(15088 15089 15240 15239)
4(15239 15240 15391 15390)
4(15390 15391 15542 15541)
4(15541 15542 15693 15692)
4(15692 15693 15844 15843)
4(15843 15844 15995 15994)
4(8143 8144 8295 8294)
4(8294 8295 8446 8445)
4(8445 8446 8597 8596)
4(8596 8597 8748 8747)
4(8747 8748 8899 8898)
4(8898 8899 9050 9049)
4(9049 9050 9201 9200)
4(9200 9201 9352 9351)
4(9351 9352 9503 9502)
4(9502 9503 9654 9653)
4(9653 9654 9805 9804)
4(9804 9805 9956 9955)
4(9955 9956 10107 10106)
4(10106 10107 10258 10257)
4(10257 10258 10409 10408)
4(10408 10409 10560 10559)
4(10559 10560 10711 10710)
4(10710 10711 10862 10861)
4(10861 10862 11013 11012)
4(11012 11013 11164 11163)
4(11163 11164 11315 11314)
4(11314 11315 11466 11465)
4(11465 11466 11617 11616)
4(11616 11617 11768 11767)
4(11767 11768 11919 11918)
4(11918 11919 12070 12069)
4(12069 12070 12221 12220)
4(12220 12221 12372 12371)
4(12371 12372 12523 12522)
4(12522 12523 12674 12673)
4(12673 12674 12825 12824)
4(12824 12825 12976 12975)
4(12975 12976 13127 13126)
4(13126 13127 13278 13277)
4(13277 13278 13429 13428)
4(13428 13429 13580 13579)
4(13579 13580 13731 13730)
4(13730 13731 13882 13881)
4(13881 13882 14033 14032)
4(14032 14033 14184 14183)
4(14183 14184 14335 14334)
4(14334 14335 14486 14485)
4(14485 14486 14637 14636)
4(14636 14637 14788 14787)
4(14787 14788 14939 14938)
4(14938 14939 15090 15089)
4(15089 15090 15241 15240)
4(15240 15241 15392 15391)
4(15391 15392 15543 15542)
4(15542 15543 15694 15693)
4(15693 15694 15845 15844)
4(15844 15845 15996 15995)
4(8144 8145 8296 8295)
4(8295 8296 8447 8446)
4(8446 8447 8598 8597)
4(8597 8598 8749 8748)
4(8748 8749 8900 8899)
4(8899 8900 9051 9050)
4(9050 9051 9202 9201)
4(9201 9202 9353 9352)
4(9352 9353 9504 9503)
4(9503 9504 9655 9654)
4(9654 9655 9806 9805)
4(9805 9806 9957 9956)
4(9956 9957 10108 10107)
4(10107 10108 10259 10258)
4(10258 10259 10410 10409)
4(10409 10410 10561 10560)
4(10560 10561 10712 10711)
4(10711 10712 10863 10862)
4(10862 10863 11014 11013)
4(11013 11014 11165 11164)
4(11164 11165 11316 11315)
4(11315 11316 11467 11466)
4(11466 11467 11618 11617)
4(11617 11618 11769 11768)
4(11768 11769 11920 11919)
4(11919 11920 12071 12070)
4(12070 12071 12222 12221)
4(12221 12222 12373 12372)
4(12372 12373 12524 12523)
4(12523 12524 12675 12674)
4(12674 12675 12826 12825)
4(12825 12826 12977 12976)
4(12976 12977 13128 13127)
4(13127 13128 13279 13278)
4(13278 13279 13430 13429)
4(13429 13430 13581 13580)
4(13580 13581 13732 13731)
4(13731 13732 13883 13882)
4(13882 13883 14034 14033)
4(14033 14034 14185 14184)
4(14184 14185 14336 14335)
4(14335 14336 14487 14486)
4(14486 14487 14638 14637)
4(14637 14638 14789 14788)
4(14788 14789 14940 14939)
4(14939 14940 15091 15090)
4(15090 15091 15242 15241)
4(15241 15242 15393 15392)
4(15392 15393 15544 15543)
4(15543 15544 15695 15694)
4(15694 15695 15846 15845)
4(15845 15846 15997 15996)
4(8145 8146 8297 8296)
4(8296 8297 8448 8447)
4(8447 8448 8599 8598)
4(8598 8599 8750 8749)
4(8749 8750 8901 8900)
4(8900 8901 9052 9051)
4(9051 9052 9203 9202)
4(9202 9203 9354 9353)
4(9353 9354 9505 9504)
4(9504 9505 9656 9655)
4(9655 9656 9807 9806)
4(9806 9807 9958 9957)
4(9957 9958 10109 10108)
4(10108 10109 10260 10259)
4(10259 10260 10411 10410)
4(10410 10411 10562 10561)
4(10561 10562 10713 10712)
4(10712 10713 10864 10863)
4(10863 10864 11015 11014)
4(11014 11015 11166 11165)
4(11165 11166 11317 11316)
4(11316 11317 11468 11467)
4(11467 11468 11619 11618)
4(11618 11619 11770 11769)
4(11769 11770 11921 11920)
4(11920 11921 12072 12071)
4(12071 12072 12223 12222)
4(12222 12223 12374 12373)
4(12373 12374 12525 12524)
4(12524 12525 12676 12675)
4(12675 12676 12827 12826)
4(12826 12827 12978 12977)
4(12977 12978 13129 13128)
4(13128 13129 13280 13279)
4(13279 13280 13431 13430)
4(13430 13431 13582 13581)
4(13581 13582 13733 13732)
4(13732 13733 13884 13883)
4(13883 13884 14035 14034)
4(14034 14035 14186 14185)
4(14185 14186 14337 14336)
4(14336 14337 14488 14487)
4(14487 14488 14639 14638)
4(14638 14639 14790 14789)
4(14789 14790 14941 14940)
4(14940 14941 15092 15091)
4(15091 15092 15243 15242)
4(15242 15243 15394 15393)
4(15393 15394 15545 15544)
4(15544 15545 15696 15695)
4(15695 15696 15847 15846)
4(15846 15847 15998 15997)
4(8146 8147 8298 8297)
4(8297 8298 8449 8448)
4(8448 8449 8600 8599)
4(8599 8600 8751 8750)
4(8750 8751 8902 8901)
4(8901 8902 9053 9052)
4(9052 9053 9204 9203)
4(9203 9204 9355 9354)
4(9354 9355 9506 9505)
4(9505 9506 9657 9656)
4(9656 9657 9808 9807)
4(9807 9808 9959 9958)
4(9958 9959 10110 10109)
4(10109 10110 10261 10260)
4(10260 10261 10412 10411)
4(10411 10412 10563 10562)
4(10562 10563 10714 10713)
4(10713 10714 10865 10864)
4(10864 10865 11016 11015)
4(11015 11016 11167 11166)
4(11166 11167 11318 11317)
4(11317 11318 11469 11468)
4(11468 11469 11620 11619)
4(11619 11620 11771 11770)
4(11770 11771 11922 11921)
4(11921 11922 12073 12072)
4(12072 12073 12224 12223)
4(12223 12224 12375 12374)
4(12374 12375 12526 12525)
4(12525 12526 12677 12676)
4(12676 12677 12828 12827)
4(12827 12828 12979 12978)
4(12978 12979 13130 13129)
4(13129 13130 13281 13280)
4(13280 13281 13432 13431)
4(13431 13432 13583 13582)
4(13582 13583 13734 13733)
4(13733 13734 13885 13884)
4(13884 13885 14036 14035)
4(14035 14036 14187 14186)
4(14186 14187 14338 14337)
4(14337 14338 14489 14488)
4(14488 14489 14640 14639)
4(14639 14640 14791 14790)
4(14790 14791 14942 14941)
4(14941 14942 15093 15092)
4(15092 15093 15244 15243)
4(15243 15244 15395 15394)
4(15394 15395 15546 15545)
4(15545 15546 15697 15696)
4(15696 15697 15848 15847)
4(15847 15848 15999 15998)
4(8147 8148 8299 8298)
4(8298 8299 8450 8449)
4(8449 8450 8601 8600)
4(8600 8601 8752 8751)
4(8751 8752 8903 8902)
4(8902 8903 9054 9053)
4(9053 9054 9205 9204)
4(9204 9205 9356 9355)
4(9355 9356 9507 9506)
4(9506 9507 9658 9657)
4(9657 9658 9809 9808)
4(9808 9809 9960 9959)
4(9959 9960 10111 10110)
4(10110 10111 10262 10261)
4(10261 10262 10413 10412)
4(10412 10413 10564 10563)
4(10563 10564 10715 10714)
4(10714 10715 10866 10865)
4(10865 10866 11017 11016)
4(11016 11017 11168 11167)
4(11167 11168 11319 11318)
4(11318 11319 11470 11469)
4(11469 11470 11621 11620)
4(11620 11621 11772 11771)
4(11771 11772 11923 11922)
4(11922 11923 12074 12073)
4(12073 12074 12225 12224)
4(12224 12225 12376 12375)
4(12375 12376 12527 12526)
4(12526 12527 12678 12677)
4(12677 12678 12829 12828)
4(12828 12829 12980 12979)
4(12979 12980 13131 13130)
4(13130 13131 13282 13281)
4(13281 13282 13433 13432)
4(13432 13433 13584 13583)
4(13583 13584 13735 13734)
4(13734 13735 13886 13885)
4(13885 13886 14037 14036)
4(14036 14037 14188 14187)
4(14187 14188 14339 14338)
4(14338 14339 14490 14489)
4(14489 14490 14641 14640)
4(14640 14641 14792 14791)
4(14791 14792 14943 14942)
4(14942 14943 15094 15093)
4(15093 15094 15245 15244)
4(15244 15245 15396 15395)
4(15395 15396 15547 15546)
4(15546 15547 15698 15697)
4(15697 15698 15849 15848)
4(15848 15849 16000 15999)
4(8148 8149 8300 8299)
4(8299 8300 8451 8450)
4(8450 8451 8602 8601)
4(8601 8602 8753 8752)
4(8752 8753 8904 8903)
4(8903 8904 9055 9054)
4(9054 9055 9206 9205)
4(9205 9206 9357 9356)
4(9356 9357 9508 9507)
4(9507 9508 9659 9658)
4(9658 9659 9810 9809)
4(9809 9810 9961 9960)
4(9960 9961 10112 10111)
4(10111 10112 10263 10262)
4(10262 10263 10414 10413)
4(10413 10414 10565 10564)
4(10564 10565 10716 10715)
4(10715 10716 10867 10866)
4(10866 10867 11018 11017)
4(11017 11018 11169 11168)
4(11168 11169 11320 11319)
4(11319 11320 11471 11470)
4(11470 11471 11622 11621)
4(11621 11622 11773 11772)
4(11772 11773 11924 11923)
4(11923 11924 12075 12074)
4(12074 12075 12226 12225)
4(12225 12226 12377 12376)
4(12376 12377 12528 12527)
4(12527 12528 12679 12678)
4(12678 12679 12830 12829)
4(12829 12830 12981 12980)
4(12980 12981 13132 13131)
4(13131 13132 13283 13282)
4(13282 13283 13434 13433)
4(13433 13434 13585 13584)
4(13584 13585 13736 13735)
4(13735 13736 13887 13886)
4(13886 13887 14038 14037)
4(14037 14038 14189 14188)
4(14188 14189 14340 14339)
4(14339 14340 14491 14490)
4(14490 14491 14642 14641)
4(14641 14642 14793 14792)
4(14792 14793 14944 14943)
4(14943 14944 15095 15094)
4(15094 15095 15246 15245)
4(15245 15246 15397 15396)
4(15396 15397 15548 15547)
4(15547 15548 15699 15698)
4(15698 15699 15850 15849)
4(15849 15850 16001 16000)
4(8149 8150 8301 8300)
4(8300 8301 8452 8451)
4(8451 8452 8603 8602)
4(8602 8603 8754 8753)
4(8753 8754 8905 8904)
4(8904 8905 9056 9055)
4(9055 9056 9207 9206)
4(9206 9207 9358 9357)
4(9357 9358 9509 9508)
4(9508 9509 9660 9659)
4(9659 9660 9811 9810)
4(9810 9811 9962 9961)
4(9961 9962 10113 10112)
4(10112 10113 10264 10263)
4(10263 10264 10415 10414)
4(10414 10415 10566 10565)
4(10565 10566 10717 10716)
4(10716 10717 10868 10867)
4(10867 10868 11019 11018)
4(11018 11019 11170 11169)
4(11169 11170 11321 11320)
4(11320 11321 11472 11471)
4(11471 11472 11623 11622)
4(11622 11623 11774 11773)
4(11773 11774 11925 11924)
4(11924 11925 12076 12075)
4(12075 12076 12227 12226)
4(12226 12227 12378 12377)
4(12377 12378 12529 12528)
4(12528 12529 12680 12679)
4(12679 12680 12831 12830)
4(12830 12831 12982 12981)
4(12981 12982 13133 13132)
4(13132 13133 13284 13283)
4(13283 13284 13435 13434)
4(13434 13435 13586 13585)
4(13585 13586 13737 13736)
4(13736 13737 13888 13887)
4(13887 13888 14039 14038)
4(14038 14039 14190 14189)
4(14189 14190 14341 14340)
4(14340 14341 14492 14491)
4(14491 14492 14643 14642)
4(14642 14643 14794 14793)
4(14793 14794 14945 14944)
4(14944 14945 15096 15095)
4(15095 15096 15247 15246)
4(15246 15247 15398 15397)
4(15397 15398 15549 15548)
4(15548 15549 15700 15699)
4(15699 15700 15851 15850)
4(15850 15851 16002 16001)
4(8150 8151 8302 8301)
4(8301 8302 8453 8452)
4(8452 8453 8604 8603)
4(8603 8604 8755 8754)
4(8754 8755 8906 8905)
4(8905 8906 9057 9056)
4(9056 9057 9208 9207)
4(9207 9208 9359 9358)
4(9358 9359 9510 9509)
4(9509 9510 9661 9660)
4(9660 9661 9812 9811)
4(9811 9812 9963 9962)
4(9962 9963 10114 10113)
4(10113 10114 10265 10264)
4(10264 10265 10416 10415)
4(10415 10416 10567 10566)
4(10566 10567 10718 10717)
4(10717 10718 10869 10868)
4(10868 10869 11020 11019)
4(11019 11020 11171 11170)
4(11170 11171 11322 11321)
4(11321 11322 11473 11472)
4(11472 11473 11624 11623)
4(11623 11624 11775 11774)
4(11774 11775 11926 11925)
4(11925 11926 12077 12076)
4(12076 12077 12228 12227)
4(12227 12228 12379 12378)
4(12378 12379 12530 12529)
4(12529 12530 12681 12680)
4(12680 12681 12832 12831)
4(12831 12832 12983 12982)
4(12982 12983 13134 13133)
4(13133 13134 13285 13284)
4(13284 13285 13436 13435)
4(13435 13436 13587 13586)
4(13586 13587 13738 13737)
4(13737 13738 13889 13888)
4(13888 13889 14040 14039)
4(14039 14040 14191 14190)
4(14190 14191 14342 14341)
4(14341 14342 14493 14492)
4(14492 14493 14644 14643)
4(14643 14644 14795 14794)
4(14794 14795 14946 14945)
4(14945 14946 15097 15096)
4(15096 15097 15248 15247)
4(15247 15248 15399 15398)
4(15398 15399 15550 15549)
4(15549 15550 15701 15700)
4(15700 15701 15852 15851)
4(15851 15852 16003 16002)
4(8151 8152 8303 8302)
4(8302 8303 8454 8453)
4(8453 8454 8605 8604)
4(8604 8605 8756 8755)
4(8755 8756 8907 8906)
4(8906 8907 9058 9057)
4(9057 9058 9209 9208)
4(9208 9209 9360 9359)
4(9359 9360 9511 9510)
4(9510 9511 9662 9661)
4(9661 9662 9813 9812)
4(9812 9813 9964 9963)
4(9963 9964 10115 10114)
4(10114 10115 10266 10265)
4(10265 10266 10417 10416)
4(10416 10417 10568 10567)
4(10567 10568 10719 10718)
4(10718 10719 10870 10869)
4(10869 10870 11021 11020)
4(11020 11021 11172 11171)
4(11171 11172 11323 11322)
4(11322 11323 11474 11473)
4(11473 11474 11625 11624)
4(11624 11625 11776 11775)
4(11775 11776 11927 11926)
4(11926 11927 12078 12077)
4(12077 12078 12229 12228)
4(12228 12229 12380 12379)
4(12379 12380 12531 12530)
4(12530 12531 12682 12681)
4(12681 12682 12833 12832)
4(12832 12833 12984 12983)
4(12983 12984 13135 13134)
4(13134 13135 13286 13285)
4(13285 13286 13437 13436)
4(13436 13437 13588 13587)
4(13587 13588 13739 13738)
4(13738 13739 13890 13889)
4(13889 13890 14041 14040)
4(14040 14041 14192 14191)
4(14191 14192 14343 14342)
4(14342 14343 14494 14493)
4(14493 14494 14645 14644)
4(14644 14645 14796 14795)
4(14795 14796 14947 14946)
4(14946 14947 15098 15097)
4(15097 15098 15249 15248)
4(15248 15249 15400 15399)
4(15399 15400 15551 15550)
4(15550 15551 15702 15701)
4(15701 15702 15853 15852)
4(15852 15853 16004 16003)
4(8152 8153 8304 8303)
4(8303 8304 8455 8454)
4(8454 8455 8606 8605)
4(8605 8606 8757 8756)
4(8756 8757 8908 8907)
4(8907 8908 9059 9058)
4(9058 9059 9210 9209)
4(9209 9210 9361 9360)
4(9360 9361 9512 9511)
4(9511 9512 9663 9662)
4(9662 9663 9814 9813)
4(9813 9814 9965 9964)
4(9964 9965 10116 10115)
4(10115 10116 10267 10266)
4(10266 10267 10418 10417)
4(10417 10418 10569 10568)
4(10568 10569 10720 10719)
4(10719 10720 10871 10870)
4(10870 10871 11022 11021)
4(11021 11022 11173 11172)
4(11172 11173 11324 11323)
4(11323 11324 11475 11474)
4(11474 11475 11626 11625)
4(11625 11626 11777 11776)
4(11776 11777 11928 11927)
4(11927 11928 12079 12078)
4(12078 12079 12230 12229)
4(12229 12230 12381 12380)
4(12380 12381 12532 12531)
4(12531 12532 12683 12682)
4(12682 12683 12834 12833)
4(12833 12834 12985 12984)
4(12984 12985 13136 13135)
4(13135 13136 13287 13286)
4(13286 13287 13438 13437)
4(13437 13438 13589 13588)
4(13588 13589 13740 13739)
4(13739 13740 13891 13890)
4(13890 13891 14042 14041)
4(14041 14042 14193 14192)
4(14192 14193 14344 14343)
4(14343 14344 14495 14494)
4(14494 14495 14646 14645)
4(14645 14646 14797 14796)
4(14796 14797 14948 14947)
4(14947 14948 15099 15098)
4(15098 15099 15250 15249)
4(15249 15250 15401 15400)
4(15400 15401 15552 15551)
4(15551 15552 15703 15702)
4(15702 15703 15854 15853)
4(15853 15854 16005 16004)
)


// ************************************************************************* //
