/*--------------------------------*- C++ -*----------------------------------*\
| =========                 |                                                 |
| \\      /  F ield         | OpenFOAM: The Open Source CFD Toolbox           |
|  \\    /   O peration     | Version:  2606                                  |
|   \\  /    A nd           | Website:  www.openfoam.com                      |
|    \\/     M anipulation  |                                                 |
\*---------------------------------------------------------------------------*/
FoamFile
{
    version     2.0;
    format      ascii;
    arch        "LSB;label=32;scalar=64";
    class       vectorField;
    location    "constant/polyMesh";
    object      points;
}
// * * * * * * * * * * * * * * * * * * * * * * * * * * * * * * * * * * * * * //


16006
(
(0 0 0)
(0.006133333333 0 0)
(0.01226666667 0 0)
(0.0184 0 0)
(0.02453333333 0 0)
(0.03066666667 0 0)
(0.0368 0 0)
(0.04293333333 0 0)
(0.04906666667 0 0)
(0.0552 0 0)
(0.06133333333 0 0)
(0.06746666667 0 0)
(0.0736 0 0)
(0.07973333333 0 0)
(0.08586666667 0 0)
(0.092 0 0)
(0.09813333333 0 0)
(0.1042666667 0 0)
(0.1104 0 0)
(0.1165333333 0 0)
(0.1226666667 0 0)
(0.1288 0 0)
(0.1349333333 0 0)
(0.1410666667 0 0)
(0.1472 0 0)
(0.1533333333 0 0)
(0.1594666667 0 0)
(0.1656 0 0)
(0.1717333333 0 0)
(0.1778666667 0 0)
(0.184 0 0)
(0.1901333333 0 0)
(0.1962666667 0 0)
(0.2024 0 0)
(0.2085333333 0 0)
(0.2146666667 0 0)
(0.2208 0 0)
(0.2269333333 0 0)
(0.2330666667 0 0)
(0.2392 0 0)
(0.2453333333 0 0)
(0.2514666667 0 0)
(0.2576 0 0)
(0.2637333333 0 0)
(0.2698666667 0 0)
(0.276 0 0)
(0.2821333333 0 0)
(0.2882666667 0 0)
(0.2944 0 0)
(0.3005333333 0 0)
(0.3066666667 0 0)
(0.3128 0 0)
(0.3189333333 0 0)
(0.3250666667 0 0)
(0.3312 0 0)
(0.3373333333 0 0)
(0.3434666667 0 0)
(0.3496 0 0)
(0.3557333333 0 0)
(0.3618666667 0 0)
(0.368 0 0)
(0.3741333333 0 0)
(0.3802666667 0 0)
(0.3864 0 0)
(0.3925333333 0 0)
(0.3986666667 0 0)
(0.4048 0 0)
(0.4109333333 0 0)
(0.4170666667 0 0)
(0.4232 0 0)
(0.4293333333 0 0)
(0.4354666667 0 0)
(0.4416 0 0)
(0.4477333333 0 0)
(0.4538666667 0 0)
(0.46 0 0)
(0.4661333333 0 0)
(0.4722666667 0 0)
(0.4784 0 0)
(0.4845333333 0 0)
(0.4906666667 0 0)
(0.4968 0 0)
(0.5029333333 0 0)
(0.5090666667 0 0)
(0.5152 0 0)
(0.5213333333 0 0)
(0.5274666667 0 0)
(0.5336 0 0)
(0.5397333333 0 0)
(0.5458666667 0 0)
(0.552 0 0)
(0.5581333333 0 0)
(0.5642666667 0 0)
(0.5704 0 0)
(0.5765333333 0 0)
(0.5826666667 0 0)
(0.5888 0 0)
(0.5949333333 0 0)
(0.6010666667 0 0)
(0.6072 0 0)
(0.6133333333 0 0)
(0.6194666667 0 0)
(0.6256 0 0)
(0.6317333333 0 0)
(0.6378666667 0 0)
(0.644 0 0)
(0.6501333333 0 0)
(0.6562666667 0 0)
(0.6624 0 0)
(0.6685333333 0 0)
(0.6746666667 0 0)
(0.6808 0 0)
(0.6869333333 0 0)
(0.6930666667 0 0)
(0.6992 0 0)
(0.7053333333 0 0)
(0.7114666667 0 0)
(0.7176 0 0)
(0.7237333333 0 0)
(0.7298666667 0 0)
(0.736 0 0)
(0.7421333333 0 0)
(0.7482666667 0 0)
(0.7544 0 0)
(0.7605333333 0 0)
(0.7666666667 0 0)
(0.7728 0 0)
(0.7789333333 0 0)
(0.7850666667 0 0)
(0.7912 0 0)
(0.7973333333 0 0)
(0.8034666667 0 0)
(0.8096 0 0)
(0.8157333333 0 0)
(0.8218666667 0 0)
(0.828 0 0)
(0.8341333333 0 0)
(0.8402666667 0 0)
(0.8464 0 0)
(0.8525333333 0 0)
(0.8586666667 0 0)
(0.8648 0 0)
(0.8709333333 0 0)
(0.8770666667 0 0)
(0.8832 0 0)
(0.8893333333 0 0)
(0.8954666667 0 0)
(0.9016 0 0)
(0.9077333333 0 0)
(0.9138666667 0 0)
(0.92 0 0)
(0 0.0001501222608 0)
(0.006133333333 0.0001501222608 0)
(0.01226666667 0.0001501222608 0)
(0.0184 0.0001501222608 0)
(0.02453333333 0.0001501222608 0)
(0.03066666667 0.0001501222608 0)
(0.0368 0.0001501222608 0)
(0.04293333333 0.0001501222608 0)
(0.04906666667 0.0001501222608 0)
(0.0552 0.0001501222608 0)
(0.06133333333 0.0001501222608 0)
(0.06746666667 0.0001501222608 0)
(0.0736 0.0001501222608 0)
(0.07973333333 0.0001501222608 0)
(0.08586666667 0.0001501222608 0)
(0.092 0.0001501222608 0)
(0.09813333333 0.0001501222608 0)
(0.1042666667 0.0001501222608 0)
(0.1104 0.0001501222608 0)
(0.1165333333 0.0001501222608 0)
(0.1226666667 0.0001501222608 0)
(0.1288 0.0001501222608 0)
(0.1349333333 0.0001501222608 0)
(0.1410666667 0.0001501222608 0)
(0.1472 0.0001501222608 0)
(0.1533333333 0.0001501222608 0)
(0.1594666667 0.0001501222608 0)
(0.1656 0.0001501222608 0)
(0.1717333333 0.0001501222608 0)
(0.1778666667 0.0001501222608 0)
(0.184 0.0001501222608 0)
(0.1901333333 0.0001501222608 0)
(0.1962666667 0.0001501222608 0)
(0.2024 0.0001501222608 0)
(0.2085333333 0.0001501222608 0)
(0.2146666667 0.0001501222608 0)
(0.2208 0.0001501222608 0)
(0.2269333333 0.0001501222608 0)
(0.2330666667 0.0001501222608 0)
(0.2392 0.0001501222608 0)
(0.2453333333 0.0001501222608 0)
(0.2514666667 0.0001501222608 0)
(0.2576 0.0001501222608 0)
(0.2637333333 0.0001501222608 0)
(0.2698666667 0.0001501222608 0)
(0.276 0.0001501222608 0)
(0.2821333333 0.0001501222608 0)
(0.2882666667 0.0001501222608 0)
(0.2944 0.0001501222608 0)
(0.3005333333 0.0001501222608 0)
(0.3066666667 0.0001501222608 0)
(0.3128 0.0001501222608 0)
(0.3189333333 0.0001501222608 0)
(0.3250666667 0.0001501222608 0)
(0.3312 0.0001501222608 0)
(0.3373333333 0.0001501222608 0)
(0.3434666667 0.0001501222608 0)
(0.3496 0.0001501222608 0)
(0.3557333333 0.0001501222608 0)
(0.3618666667 0.0001501222608 0)
(0.368 0.0001501222608 0)
(0.3741333333 0.0001501222608 0)
(0.3802666667 0.0001501222608 0)
(0.3864 0.0001501222608 0)
(0.3925333333 0.0001501222608 0)
(0.3986666667 0.0001501222608 0)
(0.4048 0.0001501222608 0)
(0.4109333333 0.0001501222608 0)
(0.4170666667 0.0001501222608 0)
(0.4232 0.0001501222608 0)
(0.4293333333 0.0001501222608 0)
(0.4354666667 0.0001501222608 0)
(0.4416 0.0001501222608 0)
(0.4477333333 0.0001501222608 0)
(0.4538666667 0.0001501222608 0)
(0.46 0.0001501222608 0)
(0.4661333333 0.0001501222608 0)
(0.4722666667 0.0001501222608 0)
(0.4784 0.0001501222608 0)
(0.4845333333 0.0001501222608 0)
(0.4906666667 0.0001501222608 0)
(0.4968 0.0001501222608 0)
(0.5029333333 0.0001501222608 0)
(0.5090666667 0.0001501222608 0)
(0.5152 0.0001501222608 0)
(0.5213333333 0.0001501222608 0)
(0.5274666667 0.0001501222608 0)
(0.5336 0.0001501222608 0)
(0.5397333333 0.0001501222608 0)
(0.5458666667 0.0001501222608 0)
(0.552 0.0001501222608 0)
(0.5581333333 0.0001501222608 0)
(0.5642666667 0.0001501222608 0)
(0.5704 0.0001501222608 0)
(0.5765333333 0.0001501222608 0)
(0.5826666667 0.0001501222608 0)
(0.5888 0.0001501222608 0)
(0.5949333333 0.0001501222608 0)
(0.6010666667 0.0001501222608 0)
(0.6072 0.0001501222608 0)
(0.6133333333 0.0001501222608 0)
(0.6194666667 0.0001501222608 0)
(0.6256 0.0001501222608 0)
(0.6317333333 0.0001501222608 0)
(0.6378666667 0.0001501222608 0)
(0.644 0.0001501222608 0)
(0.6501333333 0.0001501222608 0)
(0.6562666667 0.0001501222608 0)
(0.6624 0.0001501222608 0)
(0.6685333333 0.0001501222608 0)
(0.6746666667 0.0001501222608 0)
(0.6808 0.0001501222608 0)
(0.6869333333 0.0001501222608 0)
(0.6930666667 0.0001501222608 0)
(0.6992 0.0001501222608 0)
(0.7053333333 0.0001501222608 0)
(0.7114666667 0.0001501222608 0)
(0.7176 0.0001501222608 0)
(0.7237333333 0.0001501222608 0)
(0.7298666667 0.0001501222608 0)
(0.736 0.0001501222608 0)
(0.7421333333 0.0001501222608 0)
(0.7482666667 0.0001501222608 0)
(0.7544 0.0001501222608 0)
(0.7605333333 0.0001501222608 0)
(0.7666666667 0.0001501222608 0)
(0.7728 0.0001501222608 0)
(0.7789333333 0.0001501222608 0)
(0.7850666667 0.0001501222608 0)
(0.7912 0.0001501222608 0)
(0.7973333333 0.0001501222608 0)
(0.8034666667 0.0001501222608 0)
(0.8096 0.0001501222608 0)
(0.8157333333 0.0001501222608 0)
(0.8218666667 0.0001501222608 0)
(0.828 0.0001501222608 0)
(0.8341333333 0.0001501222608 0)
(0.8402666667 0.0001501222608 0)
(0.8464 0.0001501222608 0)
(0.8525333333 0.0001501222608 0)
(0.8586666667 0.0001501222608 0)
(0.8648 0.0001501222608 0)
(0.8709333333 0.0001501222608 0)
(0.8770666667 0.0001501222608 0)
(0.8832 0.0001501222608 0)
(0.8893333333 0.0001501222608 0)
(0.8954666667 0.0001501222608 0)
(0.9016 0.0001501222608 0)
(0.9077333333 0.0001501222608 0)
(0.9138666667 0.0001501222608 0)
(0.92 0.0001501222608 0)
(0 0.0003152534878 0)
(0.006133333333 0.0003152534878 0)
(0.01226666667 0.0003152534878 0)
(0.0184 0.0003152534878 0)
(0.02453333333 0.0003152534878 0)
(0.03066666667 0.0003152534878 0)
(0.0368 0.0003152534878 0)
(0.04293333333 0.0003152534878 0)
(0.04906666667 0.0003152534878 0)
(0.0552 0.0003152534878 0)
(0.06133333333 0.0003152534878 0)
(0.06746666667 0.0003152534878 0)
(0.0736 0.0003152534878 0)
(0.07973333333 0.0003152534878 0)
(0.08586666667 0.0003152534878 0)
(0.092 0.0003152534878 0)
(0.09813333333 0.0003152534878 0)
(0.1042666667 0.0003152534878 0)
(0.1104 0.0003152534878 0)
(0.1165333333 0.0003152534878 0)
(0.1226666667 0.0003152534878 0)
(0.1288 0.0003152534878 0)
(0.1349333333 0.0003152534878 0)
(0.1410666667 0.0003152534878 0)
(0.1472 0.0003152534878 0)
(0.1533333333 0.0003152534878 0)
(0.1594666667 0.0003152534878 0)
(0.1656 0.0003152534878 0)
(0.1717333333 0.0003152534878 0)
(0.1778666667 0.0003152534878 0)
(0.184 0.0003152534878 0)
(0.1901333333 0.0003152534878 0)
(0.1962666667 0.0003152534878 0)
(0.2024 0.0003152534878 0)
(0.2085333333 0.0003152534878 0)
(0.2146666667 0.0003152534878 0)
(0.2208 0.0003152534878 0)
(0.2269333333 0.0003152534878 0)
(0.2330666667 0.0003152534878 0)
(0.2392 0.0003152534878 0)
(0.2453333333 0.0003152534878 0)
(0.2514666667 0.0003152534878 0)
(0.2576 0.0003152534878 0)
(0.2637333333 0.0003152534878 0)
(0.2698666667 0.0003152534878 0)
(0.276 0.0003152534878 0)
(0.2821333333 0.0003152534878 0)
(0.2882666667 0.0003152534878 0)
(0.2944 0.0003152534878 0)
(0.3005333333 0.0003152534878 0)
(0.3066666667 0.0003152534878 0)
(0.3128 0.0003152534878 0)
(0.3189333333 0.0003152534878 0)
(0.3250666667 0.0003152534878 0)
(0.3312 0.0003152534878 0)
(0.3373333333 0.0003152534878 0)
(0.3434666667 0.0003152534878 0)
(0.3496 0.0003152534878 0)
(0.3557333333 0.0003152534878 0)
(0.3618666667 0.0003152534878 0)
(0.368 0.0003152534878 0)
(0.3741333333 0.0003152534878 0)
(0.3802666667 0.0003152534878 0)
(0.3864 0.0003152534878 0)
(0.3925333333 0.0003152534878 0)
(0.3986666667 0.0003152534878 0)
(0.4048 0.0003152534878 0)
(0.4109333333 0.0003152534878 0)
(0.4170666667 0.0003152534878 0)
(0.4232 0.0003152534878 0)
(0.4293333333 0.0003152534878 0)
(0.4354666667 0.0003152534878 0)
(0.4416 0.0003152534878 0)
(0.4477333333 0.0003152534878 0)
(0.4538666667 0.0003152534878 0)
(0.46 0.0003152534878 0)
(0.4661333333 0.0003152534878 0)
(0.4722666667 0.0003152534878 0)
(0.4784 0.0003152534878 0)
(0.4845333333 0.0003152534878 0)
(0.4906666667 0.0003152534878 0)
(0.4968 0.0003152534878 0)
(0.5029333333 0.0003152534878 0)
(0.5090666667 0.0003152534878 0)
(0.5152 0.0003152534878 0)
(0.5213333333 0.0003152534878 0)
(0.5274666667 0.0003152534878 0)
(0.5336 0.0003152534878 0)
(0.5397333333 0.0003152534878 0)
(0.5458666667 0.0003152534878 0)
(0.552 0.0003152534878 0)
(0.5581333333 0.0003152534878 0)
(0.5642666667 0.0003152534878 0)
(0.5704 0.0003152534878 0)
(0.5765333333 0.0003152534878 0)
(0.5826666667 0.0003152534878 0)
(0.5888 0.0003152534878 0)
(0.5949333333 0.0003152534878 0)
(0.6010666667 0.0003152534878 0)
(0.6072 0.0003152534878 0)
(0.6133333333 0.0003152534878 0)
(0.6194666667 0.0003152534878 0)
(0.6256 0.0003152534878 0)
(0.6317333333 0.0003152534878 0)
(0.6378666667 0.0003152534878 0)
(0.644 0.0003152534878 0)
(0.6501333333 0.0003152534878 0)
(0.6562666667 0.0003152534878 0)
(0.6624 0.0003152534878 0)
(0.6685333333 0.0003152534878 0)
(0.6746666667 0.0003152534878 0)
(0.6808 0.0003152534878 0)
(0.6869333333 0.0003152534878 0)
(0.6930666667 0.0003152534878 0)
(0.6992 0.0003152534878 0)
(0.7053333333 0.0003152534878 0)
(0.7114666667 0.0003152534878 0)
(0.7176 0.0003152534878 0)
(0.7237333333 0.0003152534878 0)
(0.7298666667 0.0003152534878 0)
(0.736 0.0003152534878 0)
(0.7421333333 0.0003152534878 0)
(0.7482666667 0.0003152534878 0)
(0.7544 0.0003152534878 0)
(0.7605333333 0.0003152534878 0)
(0.7666666667 0.0003152534878 0)
(0.7728 0.0003152534878 0)
(0.7789333333 0.0003152534878 0)
(0.7850666667 0.0003152534878 0)
(0.7912 0.0003152534878 0)
(0.7973333333 0.0003152534878 0)
(0.8034666667 0.0003152534878 0)
(0.8096 0.0003152534878 0)
(0.8157333333 0.0003152534878 0)
(0.8218666667 0.0003152534878 0)
(0.828 0.0003152534878 0)
(0.8341333333 0.0003152534878 0)
(0.8402666667 0.0003152534878 0)
(0.8464 0.0003152534878 0)
(0.8525333333 0.0003152534878 0)
(0.8586666667 0.0003152534878 0)
(0.8648 0.0003152534878 0)
(0.8709333333 0.0003152534878 0)
(0.8770666667 0.0003152534878 0)
(0.8832 0.0003152534878 0)
(0.8893333333 0.0003152534878 0)
(0.8954666667 0.0003152534878 0)
(0.9016 0.0003152534878 0)
(0.9077333333 0.0003152534878 0)
(0.9138666667 0.0003152534878 0)
(0.92 0.0003152534878 0)
(0 0.0004968942518 0)
(0.006133333333 0.0004968942518 0)
(0.01226666667 0.0004968942518 0)
(0.0184 0.0004968942518 0)
(0.02453333333 0.0004968942518 0)
(0.03066666667 0.0004968942518 0)
(0.0368 0.0004968942518 0)
(0.04293333333 0.0004968942518 0)
(0.04906666667 0.0004968942518 0)
(0.0552 0.0004968942518 0)
(0.06133333333 0.0004968942518 0)
(0.06746666667 0.0004968942518 0)
(0.0736 0.0004968942518 0)
(0.07973333333 0.0004968942518 0)
(0.08586666667 0.0004968942518 0)
(0.092 0.0004968942518 0)
(0.09813333333 0.0004968942518 0)
(0.1042666667 0.0004968942518 0)
(0.1104 0.0004968942518 0)
(0.1165333333 0.0004968942518 0)
(0.1226666667 0.0004968942518 0)
(0.1288 0.0004968942518 0)
(0.1349333333 0.0004968942518 0)
(0.1410666667 0.0004968942518 0)
(0.1472 0.0004968942518 0)
(0.1533333333 0.0004968942518 0)
(0.1594666667 0.0004968942518 0)
(0.1656 0.0004968942518 0)
(0.1717333333 0.0004968942518 0)
(0.1778666667 0.0004968942518 0)
(0.184 0.0004968942518 0)
(0.1901333333 0.0004968942518 0)
(0.1962666667 0.0004968942518 0)
(0.2024 0.0004968942518 0)
(0.2085333333 0.0004968942518 0)
(0.2146666667 0.0004968942518 0)
(0.2208 0.0004968942518 0)
(0.2269333333 0.0004968942518 0)
(0.2330666667 0.0004968942518 0)
(0.2392 0.0004968942518 0)
(0.2453333333 0.0004968942518 0)
(0.2514666667 0.0004968942518 0)
(0.2576 0.0004968942518 0)
(0.2637333333 0.0004968942518 0)
(0.2698666667 0.0004968942518 0)
(0.276 0.0004968942518 0)
(0.2821333333 0.0004968942518 0)
(0.2882666667 0.0004968942518 0)
(0.2944 0.0004968942518 0)
(0.3005333333 0.0004968942518 0)
(0.3066666667 0.0004968942518 0)
(0.3128 0.0004968942518 0)
(0.3189333333 0.0004968942518 0)
(0.3250666667 0.0004968942518 0)
(0.3312 0.0004968942518 0)
(0.3373333333 0.0004968942518 0)
(0.3434666667 0.0004968942518 0)
(0.3496 0.0004968942518 0)
(0.3557333333 0.0004968942518 0)
(0.3618666667 0.0004968942518 0)
(0.368 0.0004968942518 0)
(0.3741333333 0.0004968942518 0)
(0.3802666667 0.0004968942518 0)
(0.3864 0.0004968942518 0)
(0.3925333333 0.0004968942518 0)
(0.3986666667 0.0004968942518 0)
(0.4048 0.0004968942518 0)
(0.4109333333 0.0004968942518 0)
(0.4170666667 0.0004968942518 0)
(0.4232 0.0004968942518 0)
(0.4293333333 0.0004968942518 0)
(0.4354666667 0.0004968942518 0)
(0.4416 0.0004968942518 0)
(0.4477333333 0.0004968942518 0)
(0.4538666667 0.0004968942518 0)
(0.46 0.0004968942518 0)
(0.4661333333 0.0004968942518 0)
(0.4722666667 0.0004968942518 0)
(0.4784 0.0004968942518 0)
(0.4845333333 0.0004968942518 0)
(0.4906666667 0.0004968942518 0)
(0.4968 0.0004968942518 0)
(0.5029333333 0.0004968942518 0)
(0.5090666667 0.0004968942518 0)
(0.5152 0.0004968942518 0)
(0.5213333333 0.0004968942518 0)
(0.5274666667 0.0004968942518 0)
(0.5336 0.0004968942518 0)
(0.5397333333 0.0004968942518 0)
(0.5458666667 0.0004968942518 0)
(0.552 0.0004968942518 0)
(0.5581333333 0.0004968942518 0)
(0.5642666667 0.0004968942518 0)
(0.5704 0.0004968942518 0)
(0.5765333333 0.0004968942518 0)
(0.5826666667 0.0004968942518 0)
(0.5888 0.0004968942518 0)
(0.5949333333 0.0004968942518 0)
(0.6010666667 0.0004968942518 0)
(0.6072 0.0004968942518 0)
(0.6133333333 0.0004968942518 0)
(0.6194666667 0.0004968942518 0)
(0.6256 0.0004968942518 0)
(0.6317333333 0.0004968942518 0)
(0.6378666667 0.0004968942518 0)
(0.644 0.0004968942518 0)
(0.6501333333 0.0004968942518 0)
(0.6562666667 0.0004968942518 0)
(0.6624 0.0004968942518 0)
(0.6685333333 0.0004968942518 0)
(0.6746666667 0.0004968942518 0)
(0.6808 0.0004968942518 0)
(0.6869333333 0.0004968942518 0)
(0.6930666667 0.0004968942518 0)
(0.6992 0.0004968942518 0)
(0.7053333333 0.0004968942518 0)
(0.7114666667 0.0004968942518 0)
(0.7176 0.0004968942518 0)
(0.7237333333 0.0004968942518 0)
(0.7298666667 0.0004968942518 0)
(0.736 0.0004968942518 0)
(0.7421333333 0.0004968942518 0)
(0.7482666667 0.0004968942518 0)
(0.7544 0.0004968942518 0)
(0.7605333333 0.0004968942518 0)
(0.7666666667 0.0004968942518 0)
(0.7728 0.0004968942518 0)
(0.7789333333 0.0004968942518 0)
(0.7850666667 0.0004968942518 0)
(0.7912 0.0004968942518 0)
(0.7973333333 0.0004968942518 0)
(0.8034666667 0.0004968942518 0)
(0.8096 0.0004968942518 0)
(0.8157333333 0.0004968942518 0)
(0.8218666667 0.0004968942518 0)
(0.828 0.0004968942518 0)
(0.8341333333 0.0004968942518 0)
(0.8402666667 0.0004968942518 0)
(0.8464 0.0004968942518 0)
(0.8525333333 0.0004968942518 0)
(0.8586666667 0.0004968942518 0)
(0.8648 0.0004968942518 0)
(0.8709333333 0.0004968942518 0)
(0.8770666667 0.0004968942518 0)
(0.8832 0.0004968942518 0)
(0.8893333333 0.0004968942518 0)
(0.8954666667 0.0004968942518 0)
(0.9016 0.0004968942518 0)
(0.9077333333 0.0004968942518 0)
(0.9138666667 0.0004968942518 0)
(0.92 0.0004968942518 0)
(0 0.0006966951481 0)
(0.006133333333 0.0006966951481 0)
(0.01226666667 0.0006966951481 0)
(0.0184 0.0006966951481 0)
(0.02453333333 0.0006966951481 0)
(0.03066666667 0.0006966951481 0)
(0.0368 0.0006966951481 0)
(0.04293333333 0.0006966951481 0)
(0.04906666667 0.0006966951481 0)
(0.0552 0.0006966951481 0)
(0.06133333333 0.0006966951481 0)
(0.06746666667 0.0006966951481 0)
(0.0736 0.0006966951481 0)
(0.07973333333 0.0006966951481 0)
(0.08586666667 0.0006966951481 0)
(0.092 0.0006966951481 0)
(0.09813333333 0.0006966951481 0)
(0.1042666667 0.0006966951481 0)
(0.1104 0.0006966951481 0)
(0.1165333333 0.0006966951481 0)
(0.1226666667 0.0006966951481 0)
(0.1288 0.0006966951481 0)
(0.1349333333 0.0006966951481 0)
(0.1410666667 0.0006966951481 0)
(0.1472 0.0006966951481 0)
(0.1533333333 0.0006966951481 0)
(0.1594666667 0.0006966951481 0)
(0.1656 0.0006966951481 0)
(0.1717333333 0.0006966951481 0)
(0.1778666667 0.0006966951481 0)
(0.184 0.0006966951481 0)
(0.1901333333 0.0006966951481 0)
(0.1962666667 0.0006966951481 0)
(0.2024 0.0006966951481 0)
(0.2085333333 0.0006966951481 0)
(0.2146666667 0.0006966951481 0)
(0.2208 0.0006966951481 0)
(0.2269333333 0.0006966951481 0)
(0.2330666667 0.0006966951481 0)
(0.2392 0.0006966951481 0)
(0.2453333333 0.0006966951481 0)
(0.2514666667 0.0006966951481 0)
(0.2576 0.0006966951481 0)
(0.2637333333 0.0006966951481 0)
(0.2698666667 0.0006966951481 0)
(0.276 0.0006966951481 0)
(0.2821333333 0.0006966951481 0)
(0.2882666667 0.0006966951481 0)
(0.2944 0.0006966951481 0)
(0.3005333333 0.0006966951481 0)
(0.3066666667 0.0006966951481 0)
(0.3128 0.0006966951481 0)
(0.3189333333 0.0006966951481 0)
(0.3250666667 0.0006966951481 0)
(0.3312 0.0006966951481 0)
(0.3373333333 0.0006966951481 0)
(0.3434666667 0.0006966951481 0)
(0.3496 0.0006966951481 0)
(0.3557333333 0.0006966951481 0)
(0.3618666667 0.0006966951481 0)
(0.368 0.0006966951481 0)
(0.3741333333 0.0006966951481 0)
(0.3802666667 0.0006966951481 0)
(0.3864 0.0006966951481 0)
(0.3925333333 0.0006966951481 0)
(0.3986666667 0.0006966951481 0)
(0.4048 0.0006966951481 0)
(0.4109333333 0.0006966951481 0)
(0.4170666667 0.0006966951481 0)
(0.4232 0.0006966951481 0)
(0.4293333333 0.0006966951481 0)
(0.4354666667 0.0006966951481 0)
(0.4416 0.0006966951481 0)
(0.4477333333 0.0006966951481 0)
(0.4538666667 0.0006966951481 0)
(0.46 0.0006966951481 0)
(0.4661333333 0.0006966951481 0)
(0.4722666667 0.0006966951481 0)
(0.4784 0.0006966951481 0)
(0.4845333333 0.0006966951481 0)
(0.4906666667 0.0006966951481 0)
(0.4968 0.0006966951481 0)
(0.5029333333 0.0006966951481 0)
(0.5090666667 0.0006966951481 0)
(0.5152 0.0006966951481 0)
(0.5213333333 0.0006966951481 0)
(0.5274666667 0.0006966951481 0)
(0.5336 0.0006966951481 0)
(0.5397333333 0.0006966951481 0)
(0.5458666667 0.0006966951481 0)
(0.552 0.0006966951481 0)
(0.5581333333 0.0006966951481 0)
(0.5642666667 0.0006966951481 0)
(0.5704 0.0006966951481 0)
(0.5765333333 0.0006966951481 0)
(0.5826666667 0.0006966951481 0)
(0.5888 0.0006966951481 0)
(0.5949333333 0.0006966951481 0)
(0.6010666667 0.0006966951481 0)
(0.6072 0.0006966951481 0)
(0.6133333333 0.0006966951481 0)
(0.6194666667 0.0006966951481 0)
(0.6256 0.0006966951481 0)
(0.6317333333 0.0006966951481 0)
(0.6378666667 0.0006966951481 0)
(0.644 0.0006966951481 0)
(0.6501333333 0.0006966951481 0)
(0.6562666667 0.0006966951481 0)
(0.6624 0.0006966951481 0)
(0.6685333333 0.0006966951481 0)
(0.6746666667 0.0006966951481 0)
(0.6808 0.0006966951481 0)
(0.6869333333 0.0006966951481 0)
(0.6930666667 0.0006966951481 0)
(0.6992 0.0006966951481 0)
(0.7053333333 0.0006966951481 0)
(0.7114666667 0.0006966951481 0)
(0.7176 0.0006966951481 0)
(0.7237333333 0.0006966951481 0)
(0.7298666667 0.0006966951481 0)
(0.736 0.0006966951481 0)
(0.7421333333 0.0006966951481 0)
(0.7482666667 0.0006966951481 0)
(0.7544 0.0006966951481 0)
(0.7605333333 0.0006966951481 0)
(0.7666666667 0.0006966951481 0)
(0.7728 0.0006966951481 0)
(0.7789333333 0.0006966951481 0)
(0.7850666667 0.0006966951481 0)
(0.7912 0.0006966951481 0)
(0.7973333333 0.0006966951481 0)
(0.8034666667 0.0006966951481 0)
(0.8096 0.0006966951481 0)
(0.8157333333 0.0006966951481 0)
(0.8218666667 0.0006966951481 0)
(0.828 0.0006966951481 0)
(0.8341333333 0.0006966951481 0)
(0.8402666667 0.0006966951481 0)
(0.8464 0.0006966951481 0)
(0.8525333333 0.0006966951481 0)
(0.8586666667 0.0006966951481 0)
(0.8648 0.0006966951481 0)
(0.8709333333 0.0006966951481 0)
(0.8770666667 0.0006966951481 0)
(0.8832 0.0006966951481 0)
(0.8893333333 0.0006966951481 0)
(0.8954666667 0.0006966951481 0)
(0.9016 0.0006966951481 0)
(0.9077333333 0.0006966951481 0)
(0.9138666667 0.0006966951481 0)
(0.92 0.0006966951481 0)
(0 0.0009164717954 0)
(0.006133333333 0.0009164717954 0)
(0.01226666667 0.0009164717954 0)
(0.0184 0.0009164717954 0)
(0.02453333333 0.0009164717954 0)
(0.03066666667 0.0009164717954 0)
(0.0368 0.0009164717954 0)
(0.04293333333 0.0009164717954 0)
(0.04906666667 0.0009164717954 0)
(0.0552 0.0009164717954 0)
(0.06133333333 0.0009164717954 0)
(0.06746666667 0.0009164717954 0)
(0.0736 0.0009164717954 0)
(0.07973333333 0.0009164717954 0)
(0.08586666667 0.0009164717954 0)
(0.092 0.0009164717954 0)
(0.09813333333 0.0009164717954 0)
(0.1042666667 0.0009164717954 0)
(0.1104 0.0009164717954 0)
(0.1165333333 0.0009164717954 0)
(0.1226666667 0.0009164717954 0)
(0.1288 0.0009164717954 0)
(0.1349333333 0.0009164717954 0)
(0.1410666667 0.0009164717954 0)
(0.1472 0.0009164717954 0)
(0.1533333333 0.0009164717954 0)
(0.1594666667 0.0009164717954 0)
(0.1656 0.0009164717954 0)
(0.1717333333 0.0009164717954 0)
(0.1778666667 0.0009164717954 0)
(0.184 0.0009164717954 0)
(0.1901333333 0.0009164717954 0)
(0.1962666667 0.0009164717954 0)
(0.2024 0.0009164717954 0)
(0.2085333333 0.0009164717954 0)
(0.2146666667 0.0009164717954 0)
(0.2208 0.0009164717954 0)
(0.2269333333 0.0009164717954 0)
(0.2330666667 0.0009164717954 0)
(0.2392 0.0009164717954 0)
(0.2453333333 0.0009164717954 0)
(0.2514666667 0.0009164717954 0)
(0.2576 0.0009164717954 0)
(0.2637333333 0.0009164717954 0)
(0.2698666667 0.0009164717954 0)
(0.276 0.0009164717954 0)
(0.2821333333 0.0009164717954 0)
(0.2882666667 0.0009164717954 0)
(0.2944 0.0009164717954 0)
(0.3005333333 0.0009164717954 0)
(0.3066666667 0.0009164717954 0)
(0.3128 0.0009164717954 0)
(0.3189333333 0.0009164717954 0)
(0.3250666667 0.0009164717954 0)
(0.3312 0.0009164717954 0)
(0.3373333333 0.0009164717954 0)
(0.3434666667 0.0009164717954 0)
(0.3496 0.0009164717954 0)
(0.3557333333 0.0009164717954 0)
(0.3618666667 0.0009164717954 0)
(0.368 0.0009164717954 0)
(0.3741333333 0.0009164717954 0)
(0.3802666667 0.0009164717954 0)
(0.3864 0.0009164717954 0)
(0.3925333333 0.0009164717954 0)
(0.3986666667 0.0009164717954 0)
(0.4048 0.0009164717954 0)
(0.4109333333 0.0009164717954 0)
(0.4170666667 0.0009164717954 0)
(0.4232 0.0009164717954 0)
(0.4293333333 0.0009164717954 0)
(0.4354666667 0.0009164717954 0)
(0.4416 0.0009164717954 0)
(0.4477333333 0.0009164717954 0)
(0.4538666667 0.0009164717954 0)
(0.46 0.0009164717954 0)
(0.4661333333 0.0009164717954 0)
(0.4722666667 0.0009164717954 0)
(0.4784 0.0009164717954 0)
(0.4845333333 0.0009164717954 0)
(0.4906666667 0.0009164717954 0)
(0.4968 0.0009164717954 0)
(0.5029333333 0.0009164717954 0)
(0.5090666667 0.0009164717954 0)
(0.5152 0.0009164717954 0)
(0.5213333333 0.0009164717954 0)
(0.5274666667 0.0009164717954 0)
(0.5336 0.0009164717954 0)
(0.5397333333 0.0009164717954 0)
(0.5458666667 0.0009164717954 0)
(0.552 0.0009164717954 0)
(0.5581333333 0.0009164717954 0)
(0.5642666667 0.0009164717954 0)
(0.5704 0.0009164717954 0)
(0.5765333333 0.0009164717954 0)
(0.5826666667 0.0009164717954 0)
(0.5888 0.0009164717954 0)
(0.5949333333 0.0009164717954 0)
(0.6010666667 0.0009164717954 0)
(0.6072 0.0009164717954 0)
(0.6133333333 0.0009164717954 0)
(0.6194666667 0.0009164717954 0)
(0.6256 0.0009164717954 0)
(0.6317333333 0.0009164717954 0)
(0.6378666667 0.0009164717954 0)
(0.644 0.0009164717954 0)
(0.6501333333 0.0009164717954 0)
(0.6562666667 0.0009164717954 0)
(0.6624 0.0009164717954 0)
(0.6685333333 0.0009164717954 0)
(0.6746666667 0.0009164717954 0)
(0.6808 0.0009164717954 0)
(0.6869333333 0.0009164717954 0)
(0.6930666667 0.0009164717954 0)
(0.6992 0.0009164717954 0)
(0.7053333333 0.0009164717954 0)
(0.7114666667 0.0009164717954 0)
(0.7176 0.0009164717954 0)
(0.7237333333 0.0009164717954 0)
(0.7298666667 0.0009164717954 0)
(0.736 0.0009164717954 0)
(0.7421333333 0.0009164717954 0)
(0.7482666667 0.0009164717954 0)
(0.7544 0.0009164717954 0)
(0.7605333333 0.0009164717954 0)
(0.7666666667 0.0009164717954 0)
(0.7728 0.0009164717954 0)
(0.7789333333 0.0009164717954 0)
(0.7850666667 0.0009164717954 0)
(0.7912 0.0009164717954 0)
(0.7973333333 0.0009164717954 0)
(0.8034666667 0.0009164717954 0)
(0.8096 0.0009164717954 0)
(0.8157333333 0.0009164717954 0)
(0.8218666667 0.0009164717954 0)
(0.828 0.0009164717954 0)
(0.8341333333 0.0009164717954 0)
(0.8402666667 0.0009164717954 0)
(0.8464 0.0009164717954 0)
(0.8525333333 0.0009164717954 0)
(0.8586666667 0.0009164717954 0)
(0.8648 0.0009164717954 0)
(0.8709333333 0.0009164717954 0)
(0.8770666667 0.0009164717954 0)
(0.8832 0.0009164717954 0)
(0.8893333333 0.0009164717954 0)
(0.8954666667 0.0009164717954 0)
(0.9016 0.0009164717954 0)
(0.9077333333 0.0009164717954 0)
(0.9138666667 0.0009164717954 0)
(0.92 0.0009164717954 0)
(0 0.001158221335 0)
(0.006133333333 0.001158221335 0)
(0.01226666667 0.001158221335 0)
(0.0184 0.001158221335 0)
(0.02453333333 0.001158221335 0)
(0.03066666667 0.001158221335 0)
(0.0368 0.001158221335 0)
(0.04293333333 0.001158221335 0)
(0.04906666667 0.001158221335 0)
(0.0552 0.001158221335 0)
(0.06133333333 0.001158221335 0)
(0.06746666667 0.001158221335 0)
(0.0736 0.001158221335 0)
(0.07973333333 0.001158221335 0)
(0.08586666667 0.001158221335 0)
(0.092 0.001158221335 0)
(0.09813333333 0.001158221335 0)
(0.1042666667 0.001158221335 0)
(0.1104 0.001158221335 0)
(0.1165333333 0.001158221335 0)
(0.1226666667 0.001158221335 0)
(0.1288 0.001158221335 0)
(0.1349333333 0.001158221335 0)
(0.1410666667 0.001158221335 0)
(0.1472 0.001158221335 0)
(0.1533333333 0.001158221335 0)
(0.1594666667 0.001158221335 0)
(0.1656 0.001158221335 0)
(0.1717333333 0.001158221335 0)
(0.1778666667 0.001158221335 0)
(0.184 0.001158221335 0)
(0.1901333333 0.001158221335 0)
(0.1962666667 0.001158221335 0)
(0.2024 0.001158221335 0)
(0.2085333333 0.001158221335 0)
(0.2146666667 0.001158221335 0)
(0.2208 0.001158221335 0)
(0.2269333333 0.001158221335 0)
(0.2330666667 0.001158221335 0)
(0.2392 0.001158221335 0)
(0.2453333333 0.001158221335 0)
(0.2514666667 0.001158221335 0)
(0.2576 0.001158221335 0)
(0.2637333333 0.001158221335 0)
(0.2698666667 0.001158221335 0)
(0.276 0.001158221335 0)
(0.2821333333 0.001158221335 0)
(0.2882666667 0.001158221335 0)
(0.2944 0.001158221335 0)
(0.3005333333 0.001158221335 0)
(0.3066666667 0.001158221335 0)
(0.3128 0.001158221335 0)
(0.3189333333 0.001158221335 0)
(0.3250666667 0.001158221335 0)
(0.3312 0.001158221335 0)
(0.3373333333 0.001158221335 0)
(0.3434666667 0.001158221335 0)
(0.3496 0.001158221335 0)
(0.3557333333 0.001158221335 0)
(0.3618666667 0.001158221335 0)
(0.368 0.001158221335 0)
(0.3741333333 0.001158221335 0)
(0.3802666667 0.001158221335 0)
(0.3864 0.001158221335 0)
(0.3925333333 0.001158221335 0)
(0.3986666667 0.001158221335 0)
(0.4048 0.001158221335 0)
(0.4109333333 0.001158221335 0)
(0.4170666667 0.001158221335 0)
(0.4232 0.001158221335 0)
(0.4293333333 0.001158221335 0)
(0.4354666667 0.001158221335 0)
(0.4416 0.001158221335 0)
(0.4477333333 0.001158221335 0)
(0.4538666667 0.001158221335 0)
(0.46 0.001158221335 0)
(0.4661333333 0.001158221335 0)
(0.4722666667 0.001158221335 0)
(0.4784 0.001158221335 0)
(0.4845333333 0.001158221335 0)
(0.4906666667 0.001158221335 0)
(0.4968 0.001158221335 0)
(0.5029333333 0.001158221335 0)
(0.5090666667 0.001158221335 0)
(0.5152 0.001158221335 0)
(0.5213333333 0.001158221335 0)
(0.5274666667 0.001158221335 0)
(0.5336 0.001158221335 0)
(0.5397333333 0.001158221335 0)
(0.5458666667 0.001158221335 0)
(0.552 0.001158221335 0)
(0.5581333333 0.001158221335 0)
(0.5642666667 0.001158221335 0)
(0.5704 0.001158221335 0)
(0.5765333333 0.001158221335 0)
(0.5826666667 0.001158221335 0)
(0.5888 0.001158221335 0)
(0.5949333333 0.001158221335 0)
(0.6010666667 0.001158221335 0)
(0.6072 0.001158221335 0)
(0.6133333333 0.001158221335 0)
(0.6194666667 0.001158221335 0)
(0.6256 0.001158221335 0)
(0.6317333333 0.001158221335 0)
(0.6378666667 0.001158221335 0)
(0.644 0.001158221335 0)
(0.6501333333 0.001158221335 0)
(0.6562666667 0.001158221335 0)
(0.6624 0.001158221335 0)
(0.6685333333 0.001158221335 0)
(0.6746666667 0.001158221335 0)
(0.6808 0.001158221335 0)
(0.6869333333 0.001158221335 0)
(0.6930666667 0.001158221335 0)
(0.6992 0.001158221335 0)
(0.7053333333 0.001158221335 0)
(0.7114666667 0.001158221335 0)
(0.7176 0.001158221335 0)
(0.7237333333 0.001158221335 0)
(0.7298666667 0.001158221335 0)
(0.736 0.001158221335 0)
(0.7421333333 0.001158221335 0)
(0.7482666667 0.001158221335 0)
(0.7544 0.001158221335 0)
(0.7605333333 0.001158221335 0)
(0.7666666667 0.001158221335 0)
(0.7728 0.001158221335 0)
(0.7789333333 0.001158221335 0)
(0.7850666667 0.001158221335 0)
(0.7912 0.001158221335 0)
(0.7973333333 0.001158221335 0)
(0.8034666667 0.001158221335 0)
(0.8096 0.001158221335 0)
(0.8157333333 0.001158221335 0)
(0.8218666667 0.001158221335 0)
(0.828 0.001158221335 0)
(0.8341333333 0.001158221335 0)
(0.8402666667 0.001158221335 0)
(0.8464 0.001158221335 0)
(0.8525333333 0.001158221335 0)
(0.8586666667 0.001158221335 0)
(0.8648 0.001158221335 0)
(0.8709333333 0.001158221335 0)
(0.8770666667 0.001158221335 0)
(0.8832 0.001158221335 0)
(0.8893333333 0.001158221335 0)
(0.8954666667 0.001158221335 0)
(0.9016 0.001158221335 0)
(0.9077333333 0.001158221335 0)
(0.9138666667 0.001158221335 0)
(0.92 0.001158221335 0)
(0 0.001424140579 0)
(0.006133333333 0.001424140579 0)
(0.01226666667 0.001424140579 0)
(0.0184 0.001424140579 0)
(0.02453333333 0.001424140579 0)
(0.03066666667 0.001424140579 0)
(0.0368 0.001424140579 0)
(0.04293333333 0.001424140579 0)
(0.04906666667 0.001424140579 0)
(0.0552 0.001424140579 0)
(0.06133333333 0.001424140579 0)
(0.06746666667 0.001424140579 0)
(0.0736 0.001424140579 0)
(0.07973333333 0.001424140579 0)
(0.08586666667 0.001424140579 0)
(0.092 0.001424140579 0)
(0.09813333333 0.001424140579 0)
(0.1042666667 0.001424140579 0)
(0.1104 0.001424140579 0)
(0.1165333333 0.001424140579 0)
(0.1226666667 0.001424140579 0)
(0.1288 0.001424140579 0)
(0.1349333333 0.001424140579 0)
(0.1410666667 0.001424140579 0)
(0.1472 0.001424140579 0)
(0.1533333333 0.001424140579 0)
(0.1594666667 0.001424140579 0)
(0.1656 0.001424140579 0)
(0.1717333333 0.001424140579 0)
(0.1778666667 0.001424140579 0)
(0.184 0.001424140579 0)
(0.1901333333 0.001424140579 0)
(0.1962666667 0.001424140579 0)
(0.2024 0.001424140579 0)
(0.2085333333 0.001424140579 0)
(0.2146666667 0.001424140579 0)
(0.2208 0.001424140579 0)
(0.2269333333 0.001424140579 0)
(0.2330666667 0.001424140579 0)
(0.2392 0.001424140579 0)
(0.2453333333 0.001424140579 0)
(0.2514666667 0.001424140579 0)
(0.2576 0.001424140579 0)
(0.2637333333 0.001424140579 0)
(0.2698666667 0.001424140579 0)
(0.276 0.001424140579 0)
(0.2821333333 0.001424140579 0)
(0.2882666667 0.001424140579 0)
(0.2944 0.001424140579 0)
(0.3005333333 0.001424140579 0)
(0.3066666667 0.001424140579 0)
(0.3128 0.001424140579 0)
(0.3189333333 0.001424140579 0)
(0.3250666667 0.001424140579 0)
(0.3312 0.001424140579 0)
(0.3373333333 0.001424140579 0)
(0.3434666667 0.001424140579 0)
(0.3496 0.001424140579 0)
(0.3557333333 0.001424140579 0)
(0.3618666667 0.001424140579 0)
(0.368 0.001424140579 0)
(0.3741333333 0.001424140579 0)
(0.3802666667 0.001424140579 0)
(0.3864 0.001424140579 0)
(0.3925333333 0.001424140579 0)
(0.3986666667 0.001424140579 0)
(0.4048 0.001424140579 0)
(0.4109333333 0.001424140579 0)
(0.4170666667 0.001424140579 0)
(0.4232 0.001424140579 0)
(0.4293333333 0.001424140579 0)
(0.4354666667 0.001424140579 0)
(0.4416 0.001424140579 0)
(0.4477333333 0.001424140579 0)
(0.4538666667 0.001424140579 0)
(0.46 0.001424140579 0)
(0.4661333333 0.001424140579 0)
(0.4722666667 0.001424140579 0)
(0.4784 0.001424140579 0)
(0.4845333333 0.001424140579 0)
(0.4906666667 0.001424140579 0)
(0.4968 0.001424140579 0)
(0.5029333333 0.001424140579 0)
(0.5090666667 0.001424140579 0)
(0.5152 0.001424140579 0)
(0.5213333333 0.001424140579 0)
(0.5274666667 0.001424140579 0)
(0.5336 0.001424140579 0)
(0.5397333333 0.001424140579 0)
(0.5458666667 0.001424140579 0)
(0.552 0.001424140579 0)
(0.5581333333 0.001424140579 0)
(0.5642666667 0.001424140579 0)
(0.5704 0.001424140579 0)
(0.5765333333 0.001424140579 0)
(0.5826666667 0.001424140579 0)
(0.5888 0.001424140579 0)
(0.5949333333 0.001424140579 0)
(0.6010666667 0.001424140579 0)
(0.6072 0.001424140579 0)
(0.6133333333 0.001424140579 0)
(0.6194666667 0.001424140579 0)
(0.6256 0.001424140579 0)
(0.6317333333 0.001424140579 0)
(0.6378666667 0.001424140579 0)
(0.644 0.001424140579 0)
(0.6501333333 0.001424140579 0)
(0.6562666667 0.001424140579 0)
(0.6624 0.001424140579 0)
(0.6685333333 0.001424140579 0)
(0.6746666667 0.001424140579 0)
(0.6808 0.001424140579 0)
(0.6869333333 0.001424140579 0)
(0.6930666667 0.001424140579 0)
(0.6992 0.001424140579 0)
(0.7053333333 0.001424140579 0)
(0.7114666667 0.001424140579 0)
(0.7176 0.001424140579 0)
(0.7237333333 0.001424140579 0)
(0.7298666667 0.001424140579 0)
(0.736 0.001424140579 0)
(0.7421333333 0.001424140579 0)
(0.7482666667 0.001424140579 0)
(0.7544 0.001424140579 0)
(0.7605333333 0.001424140579 0)
(0.7666666667 0.001424140579 0)
(0.7728 0.001424140579 0)
(0.7789333333 0.001424140579 0)
(0.7850666667 0.001424140579 0)
(0.7912 0.001424140579 0)
(0.7973333333 0.001424140579 0)
(0.8034666667 0.001424140579 0)
(0.8096 0.001424140579 0)
(0.8157333333 0.001424140579 0)
(0.8218666667 0.001424140579 0)
(0.828 0.001424140579 0)
(0.8341333333 0.001424140579 0)
(0.8402666667 0.001424140579 0)
(0.8464 0.001424140579 0)
(0.8525333333 0.001424140579 0)
(0.8586666667 0.001424140579 0)
(0.8648 0.001424140579 0)
(0.8709333333 0.001424140579 0)
(0.8770666667 0.001424140579 0)
(0.8832 0.001424140579 0)
(0.8893333333 0.001424140579 0)
(0.8954666667 0.001424140579 0)
(0.9016 0.001424140579 0)
(0.9077333333 0.001424140579 0)
(0.9138666667 0.001424140579 0)
(0.92 0.001424140579 0)
(0 0.001716645974 0)
(0.006133333333 0.001716645974 0)
(0.01226666667 0.001716645974 0)
(0.0184 0.001716645974 0)
(0.02453333333 0.001716645974 0)
(0.03066666667 0.001716645974 0)
(0.0368 0.001716645974 0)
(0.04293333333 0.001716645974 0)
(0.04906666667 0.001716645974 0)
(0.0552 0.001716645974 0)
(0.06133333333 0.001716645974 0)
(0.06746666667 0.001716645974 0)
(0.0736 0.001716645974 0)
(0.07973333333 0.001716645974 0)
(0.08586666667 0.001716645974 0)
(0.092 0.001716645974 0)
(0.09813333333 0.001716645974 0)
(0.1042666667 0.001716645974 0)
(0.1104 0.001716645974 0)
(0.1165333333 0.001716645974 0)
(0.1226666667 0.001716645974 0)
(0.1288 0.001716645974 0)
(0.1349333333 0.001716645974 0)
(0.1410666667 0.001716645974 0)
(0.1472 0.001716645974 0)
(0.1533333333 0.001716645974 0)
(0.1594666667 0.001716645974 0)
(0.1656 0.001716645974 0)
(0.1717333333 0.001716645974 0)
(0.1778666667 0.001716645974 0)
(0.184 0.001716645974 0)
(0.1901333333 0.001716645974 0)
(0.1962666667 0.001716645974 0)
(0.2024 0.001716645974 0)
(0.2085333333 0.001716645974 0)
(0.2146666667 0.001716645974 0)
(0.2208 0.001716645974 0)
(0.2269333333 0.001716645974 0)
(0.2330666667 0.001716645974 0)
(0.2392 0.001716645974 0)
(0.2453333333 0.001716645974 0)
(0.2514666667 0.001716645974 0)
(0.2576 0.001716645974 0)
(0.2637333333 0.001716645974 0)
(0.2698666667 0.001716645974 0)
(0.276 0.001716645974 0)
(0.2821333333 0.001716645974 0)
(0.2882666667 0.001716645974 0)
(0.2944 0.001716645974 0)
(0.3005333333 0.001716645974 0)
(0.3066666667 0.001716645974 0)
(0.3128 0.001716645974 0)
(0.3189333333 0.001716645974 0)
(0.3250666667 0.001716645974 0)
(0.3312 0.001716645974 0)
(0.3373333333 0.001716645974 0)
(0.3434666667 0.001716645974 0)
(0.3496 0.001716645974 0)
(0.3557333333 0.001716645974 0)
(0.3618666667 0.001716645974 0)
(0.368 0.001716645974 0)
(0.3741333333 0.001716645974 0)
(0.3802666667 0.001716645974 0)
(0.3864 0.001716645974 0)
(0.3925333333 0.001716645974 0)
(0.3986666667 0.001716645974 0)
(0.4048 0.001716645974 0)
(0.4109333333 0.001716645974 0)
(0.4170666667 0.001716645974 0)
(0.4232 0.001716645974 0)
(0.4293333333 0.001716645974 0)
(0.4354666667 0.001716645974 0)
(0.4416 0.001716645974 0)
(0.4477333333 0.001716645974 0)
(0.4538666667 0.001716645974 0)
(0.46 0.001716645974 0)
(0.4661333333 0.001716645974 0)
(0.4722666667 0.001716645974 0)
(0.4784 0.001716645974 0)
(0.4845333333 0.001716645974 0)
(0.4906666667 0.001716645974 0)
(0.4968 0.001716645974 0)
(0.5029333333 0.001716645974 0)
(0.5090666667 0.001716645974 0)
(0.5152 0.001716645974 0)
(0.5213333333 0.001716645974 0)
(0.5274666667 0.001716645974 0)
(0.5336 0.001716645974 0)
(0.5397333333 0.001716645974 0)
(0.5458666667 0.001716645974 0)
(0.552 0.001716645974 0)
(0.5581333333 0.001716645974 0)
(0.5642666667 0.001716645974 0)
(0.5704 0.001716645974 0)
(0.5765333333 0.001716645974 0)
(0.5826666667 0.001716645974 0)
(0.5888 0.001716645974 0)
(0.5949333333 0.001716645974 0)
(0.6010666667 0.001716645974 0)
(0.6072 0.001716645974 0)
(0.6133333333 0.001716645974 0)
(0.6194666667 0.001716645974 0)
(0.6256 0.001716645974 0)
(0.6317333333 0.001716645974 0)
(0.6378666667 0.001716645974 0)
(0.644 0.001716645974 0)
(0.6501333333 0.001716645974 0)
(0.6562666667 0.001716645974 0)
(0.6624 0.001716645974 0)
(0.6685333333 0.001716645974 0)
(0.6746666667 0.001716645974 0)
(0.6808 0.001716645974 0)
(0.6869333333 0.001716645974 0)
(0.6930666667 0.001716645974 0)
(0.6992 0.001716645974 0)
(0.7053333333 0.001716645974 0)
(0.7114666667 0.001716645974 0)
(0.7176 0.001716645974 0)
(0.7237333333 0.001716645974 0)
(0.7298666667 0.001716645974 0)
(0.736 0.001716645974 0)
(0.7421333333 0.001716645974 0)
(0.7482666667 0.001716645974 0)
(0.7544 0.001716645974 0)
(0.7605333333 0.001716645974 0)
(0.7666666667 0.001716645974 0)
(0.7728 0.001716645974 0)
(0.7789333333 0.001716645974 0)
(0.7850666667 0.001716645974 0)
(0.7912 0.001716645974 0)
(0.7973333333 0.001716645974 0)
(0.8034666667 0.001716645974 0)
(0.8096 0.001716645974 0)
(0.8157333333 0.001716645974 0)
(0.8218666667 0.001716645974 0)
(0.828 0.001716645974 0)
(0.8341333333 0.001716645974 0)
(0.8402666667 0.001716645974 0)
(0.8464 0.001716645974 0)
(0.8525333333 0.001716645974 0)
(0.8586666667 0.001716645974 0)
(0.8648 0.001716645974 0)
(0.8709333333 0.001716645974 0)
(0.8770666667 0.001716645974 0)
(0.8832 0.001716645974 0)
(0.8893333333 0.001716645974 0)
(0.8954666667 0.001716645974 0)
(0.9016 0.001716645974 0)
(0.9077333333 0.001716645974 0)
(0.9138666667 0.001716645974 0)
(0.92 0.001716645974 0)
(0 0.002038395556 0)
(0.006133333333 0.002038395556 0)
(0.01226666667 0.002038395556 0)
(0.0184 0.002038395556 0)
(0.02453333333 0.002038395556 0)
(0.03066666667 0.002038395556 0)
(0.0368 0.002038395556 0)
(0.04293333333 0.002038395556 0)
(0.04906666667 0.002038395556 0)
(0.0552 0.002038395556 0)
(0.06133333333 0.002038395556 0)
(0.06746666667 0.002038395556 0)
(0.0736 0.002038395556 0)
(0.07973333333 0.002038395556 0)
(0.08586666667 0.002038395556 0)
(0.092 0.002038395556 0)
(0.09813333333 0.002038395556 0)
(0.1042666667 0.002038395556 0)
(0.1104 0.002038395556 0)
(0.1165333333 0.002038395556 0)
(0.1226666667 0.002038395556 0)
(0.1288 0.002038395556 0)
(0.1349333333 0.002038395556 0)
(0.1410666667 0.002038395556 0)
(0.1472 0.002038395556 0)
(0.1533333333 0.002038395556 0)
(0.1594666667 0.002038395556 0)
(0.1656 0.002038395556 0)
(0.1717333333 0.002038395556 0)
(0.1778666667 0.002038395556 0)
(0.184 0.002038395556 0)
(0.1901333333 0.002038395556 0)
(0.1962666667 0.002038395556 0)
(0.2024 0.002038395556 0)
(0.2085333333 0.002038395556 0)
(0.2146666667 0.002038395556 0)
(0.2208 0.002038395556 0)
(0.2269333333 0.002038395556 0)
(0.2330666667 0.002038395556 0)
(0.2392 0.002038395556 0)
(0.2453333333 0.002038395556 0)
(0.2514666667 0.002038395556 0)
(0.2576 0.002038395556 0)
(0.2637333333 0.002038395556 0)
(0.2698666667 0.002038395556 0)
(0.276 0.002038395556 0)
(0.2821333333 0.002038395556 0)
(0.2882666667 0.002038395556 0)
(0.2944 0.002038395556 0)
(0.3005333333 0.002038395556 0)
(0.3066666667 0.002038395556 0)
(0.3128 0.002038395556 0)
(0.3189333333 0.002038395556 0)
(0.3250666667 0.002038395556 0)
(0.3312 0.002038395556 0)
(0.3373333333 0.002038395556 0)
(0.3434666667 0.002038395556 0)
(0.3496 0.002038395556 0)
(0.3557333333 0.002038395556 0)
(0.3618666667 0.002038395556 0)
(0.368 0.002038395556 0)
(0.3741333333 0.002038395556 0)
(0.3802666667 0.002038395556 0)
(0.3864 0.002038395556 0)
(0.3925333333 0.002038395556 0)
(0.3986666667 0.002038395556 0)
(0.4048 0.002038395556 0)
(0.4109333333 0.002038395556 0)
(0.4170666667 0.002038395556 0)
(0.4232 0.002038395556 0)
(0.4293333333 0.002038395556 0)
(0.4354666667 0.002038395556 0)
(0.4416 0.002038395556 0)
(0.4477333333 0.002038395556 0)
(0.4538666667 0.002038395556 0)
(0.46 0.002038395556 0)
(0.4661333333 0.002038395556 0)
(0.4722666667 0.002038395556 0)
(0.4784 0.002038395556 0)
(0.4845333333 0.002038395556 0)
(0.4906666667 0.002038395556 0)
(0.4968 0.002038395556 0)
(0.5029333333 0.002038395556 0)
(0.5090666667 0.002038395556 0)
(0.5152 0.002038395556 0)
(0.5213333333 0.002038395556 0)
(0.5274666667 0.002038395556 0)
(0.5336 0.002038395556 0)
(0.5397333333 0.002038395556 0)
(0.5458666667 0.002038395556 0)
(0.552 0.002038395556 0)
(0.5581333333 0.002038395556 0)
(0.5642666667 0.002038395556 0)
(0.5704 0.002038395556 0)
(0.5765333333 0.002038395556 0)
(0.5826666667 0.002038395556 0)
(0.5888 0.002038395556 0)
(0.5949333333 0.002038395556 0)
(0.6010666667 0.002038395556 0)
(0.6072 0.002038395556 0)
(0.6133333333 0.002038395556 0)
(0.6194666667 0.002038395556 0)
(0.6256 0.002038395556 0)
(0.6317333333 0.002038395556 0)
(0.6378666667 0.002038395556 0)
(0.644 0.002038395556 0)
(0.6501333333 0.002038395556 0)
(0.6562666667 0.002038395556 0)
(0.6624 0.002038395556 0)
(0.6685333333 0.002038395556 0)
(0.6746666667 0.002038395556 0)
(0.6808 0.002038395556 0)
(0.6869333333 0.002038395556 0)
(0.6930666667 0.002038395556 0)
(0.6992 0.002038395556 0)
(0.7053333333 0.002038395556 0)
(0.7114666667 0.002038395556 0)
(0.7176 0.002038395556 0)
(0.7237333333 0.002038395556 0)
(0.7298666667 0.002038395556 0)
(0.736 0.002038395556 0)
(0.7421333333 0.002038395556 0)
(0.7482666667 0.002038395556 0)
(0.7544 0.002038395556 0)
(0.7605333333 0.002038395556 0)
(0.7666666667 0.002038395556 0)
(0.7728 0.002038395556 0)
(0.7789333333 0.002038395556 0)
(0.7850666667 0.002038395556 0)
(0.7912 0.002038395556 0)
(0.7973333333 0.002038395556 0)
(0.8034666667 0.002038395556 0)
(0.8096 0.002038395556 0)
(0.8157333333 0.002038395556 0)
(0.8218666667 0.002038395556 0)
(0.828 0.002038395556 0)
(0.8341333333 0.002038395556 0)
(0.8402666667 0.002038395556 0)
(0.8464 0.002038395556 0)
(0.8525333333 0.002038395556 0)
(0.8586666667 0.002038395556 0)
(0.8648 0.002038395556 0)
(0.8709333333 0.002038395556 0)
(0.8770666667 0.002038395556 0)
(0.8832 0.002038395556 0)
(0.8893333333 0.002038395556 0)
(0.8954666667 0.002038395556 0)
(0.9016 0.002038395556 0)
(0.9077333333 0.002038395556 0)
(0.9138666667 0.002038395556 0)
(0.92 0.002038395556 0)
(0 0.00239231311 0)
(0.006133333333 0.00239231311 0)
(0.01226666667 0.00239231311 0)
(0.0184 0.00239231311 0)
(0.02453333333 0.00239231311 0)
(0.03066666667 0.00239231311 0)
(0.0368 0.00239231311 0)
(0.04293333333 0.00239231311 0)
(0.04906666667 0.00239231311 0)
(0.0552 0.00239231311 0)
(0.06133333333 0.00239231311 0)
(0.06746666667 0.00239231311 0)
(0.0736 0.00239231311 0)
(0.07973333333 0.00239231311 0)
(0.08586666667 0.00239231311 0)
(0.092 0.00239231311 0)
(0.09813333333 0.00239231311 0)
(0.1042666667 0.00239231311 0)
(0.1104 0.00239231311 0)
(0.1165333333 0.00239231311 0)
(0.1226666667 0.00239231311 0)
(0.1288 0.00239231311 0)
(0.1349333333 0.00239231311 0)
(0.1410666667 0.00239231311 0)
(0.1472 0.00239231311 0)
(0.1533333333 0.00239231311 0)
(0.1594666667 0.00239231311 0)
(0.1656 0.00239231311 0)
(0.1717333333 0.00239231311 0)
(0.1778666667 0.00239231311 0)
(0.184 0.00239231311 0)
(0.1901333333 0.00239231311 0)
(0.1962666667 0.00239231311 0)
(0.2024 0.00239231311 0)
(0.2085333333 0.00239231311 0)
(0.2146666667 0.00239231311 0)
(0.2208 0.00239231311 0)
(0.2269333333 0.00239231311 0)
(0.2330666667 0.00239231311 0)
(0.2392 0.00239231311 0)
(0.2453333333 0.00239231311 0)
(0.2514666667 0.00239231311 0)
(0.2576 0.00239231311 0)
(0.2637333333 0.00239231311 0)
(0.2698666667 0.00239231311 0)
(0.276 0.00239231311 0)
(0.2821333333 0.00239231311 0)
(0.2882666667 0.00239231311 0)
(0.2944 0.00239231311 0)
(0.3005333333 0.00239231311 0)
(0.3066666667 0.00239231311 0)
(0.3128 0.00239231311 0)
(0.3189333333 0.00239231311 0)
(0.3250666667 0.00239231311 0)
(0.3312 0.00239231311 0)
(0.3373333333 0.00239231311 0)
(0.3434666667 0.00239231311 0)
(0.3496 0.00239231311 0)
(0.3557333333 0.00239231311 0)
(0.3618666667 0.00239231311 0)
(0.368 0.00239231311 0)
(0.3741333333 0.00239231311 0)
(0.3802666667 0.00239231311 0)
(0.3864 0.00239231311 0)
(0.3925333333 0.00239231311 0)
(0.3986666667 0.00239231311 0)
(0.4048 0.00239231311 0)
(0.4109333333 0.00239231311 0)
(0.4170666667 0.00239231311 0)
(0.4232 0.00239231311 0)
(0.4293333333 0.00239231311 0)
(0.4354666667 0.00239231311 0)
(0.4416 0.00239231311 0)
(0.4477333333 0.00239231311 0)
(0.4538666667 0.00239231311 0)
(0.46 0.00239231311 0)
(0.4661333333 0.00239231311 0)
(0.4722666667 0.00239231311 0)
(0.4784 0.00239231311 0)
(0.4845333333 0.00239231311 0)
(0.4906666667 0.00239231311 0)
(0.4968 0.00239231311 0)
(0.5029333333 0.00239231311 0)
(0.5090666667 0.00239231311 0)
(0.5152 0.00239231311 0)
(0.5213333333 0.00239231311 0)
(0.5274666667 0.00239231311 0)
(0.5336 0.00239231311 0)
(0.5397333333 0.00239231311 0)
(0.5458666667 0.00239231311 0)
(0.552 0.00239231311 0)
(0.5581333333 0.00239231311 0)
(0.5642666667 0.00239231311 0)
(0.5704 0.00239231311 0)
(0.5765333333 0.00239231311 0)
(0.5826666667 0.00239231311 0)
(0.5888 0.00239231311 0)
(0.5949333333 0.00239231311 0)
(0.6010666667 0.00239231311 0)
(0.6072 0.00239231311 0)
(0.6133333333 0.00239231311 0)
(0.6194666667 0.00239231311 0)
(0.6256 0.00239231311 0)
(0.6317333333 0.00239231311 0)
(0.6378666667 0.00239231311 0)
(0.644 0.00239231311 0)
(0.6501333333 0.00239231311 0)
(0.6562666667 0.00239231311 0)
(0.6624 0.00239231311 0)
(0.6685333333 0.00239231311 0)
(0.6746666667 0.00239231311 0)
(0.6808 0.00239231311 0)
(0.6869333333 0.00239231311 0)
(0.6930666667 0.00239231311 0)
(0.6992 0.00239231311 0)
(0.7053333333 0.00239231311 0)
(0.7114666667 0.00239231311 0)
(0.7176 0.00239231311 0)
(0.7237333333 0.00239231311 0)
(0.7298666667 0.00239231311 0)
(0.736 0.00239231311 0)
(0.7421333333 0.00239231311 0)
(0.7482666667 0.00239231311 0)
(0.7544 0.00239231311 0)
(0.7605333333 0.00239231311 0)
(0.7666666667 0.00239231311 0)
(0.7728 0.00239231311 0)
(0.7789333333 0.00239231311 0)
(0.7850666667 0.00239231311 0)
(0.7912 0.00239231311 0)
(0.7973333333 0.00239231311 0)
(0.8034666667 0.00239231311 0)
(0.8096 0.00239231311 0)
(0.8157333333 0.00239231311 0)
(0.8218666667 0.00239231311 0)
(0.828 0.00239231311 0)
(0.8341333333 0.00239231311 0)
(0.8402666667 0.00239231311 0)
(0.8464 0.00239231311 0)
(0.8525333333 0.00239231311 0)
(0.8586666667 0.00239231311 0)
(0.8648 0.00239231311 0)
(0.8709333333 0.00239231311 0)
(0.8770666667 0.00239231311 0)
(0.8832 0.00239231311 0)
(0.8893333333 0.00239231311 0)
(0.8954666667 0.00239231311 0)
(0.9016 0.00239231311 0)
(0.9077333333 0.00239231311 0)
(0.9138666667 0.00239231311 0)
(0.92 0.00239231311 0)
(0 0.002781614734 0)
(0.006133333333 0.002781614734 0)
(0.01226666667 0.002781614734 0)
(0.0184 0.002781614734 0)
(0.02453333333 0.002781614734 0)
(0.03066666667 0.002781614734 0)
(0.0368 0.002781614734 0)
(0.04293333333 0.002781614734 0)
(0.04906666667 0.002781614734 0)
(0.0552 0.002781614734 0)
(0.06133333333 0.002781614734 0)
(0.06746666667 0.002781614734 0)
(0.0736 0.002781614734 0)
(0.07973333333 0.002781614734 0)
(0.08586666667 0.002781614734 0)
(0.092 0.002781614734 0)
(0.09813333333 0.002781614734 0)
(0.1042666667 0.002781614734 0)
(0.1104 0.002781614734 0)
(0.1165333333 0.002781614734 0)
(0.1226666667 0.002781614734 0)
(0.1288 0.002781614734 0)
(0.1349333333 0.002781614734 0)
(0.1410666667 0.002781614734 0)
(0.1472 0.002781614734 0)
(0.1533333333 0.002781614734 0)
(0.1594666667 0.002781614734 0)
(0.1656 0.002781614734 0)
(0.1717333333 0.002781614734 0)
(0.1778666667 0.002781614734 0)
(0.184 0.002781614734 0)
(0.1901333333 0.002781614734 0)
(0.1962666667 0.002781614734 0)
(0.2024 0.002781614734 0)
(0.2085333333 0.002781614734 0)
(0.2146666667 0.002781614734 0)
(0.2208 0.002781614734 0)
(0.2269333333 0.002781614734 0)
(0.2330666667 0.002781614734 0)
(0.2392 0.002781614734 0)
(0.2453333333 0.002781614734 0)
(0.2514666667 0.002781614734 0)
(0.2576 0.002781614734 0)
(0.2637333333 0.002781614734 0)
(0.2698666667 0.002781614734 0)
(0.276 0.002781614734 0)
(0.2821333333 0.002781614734 0)
(0.2882666667 0.002781614734 0)
(0.2944 0.002781614734 0)
(0.3005333333 0.002781614734 0)
(0.3066666667 0.002781614734 0)
(0.3128 0.002781614734 0)
(0.3189333333 0.002781614734 0)
(0.3250666667 0.002781614734 0)
(0.3312 0.002781614734 0)
(0.3373333333 0.002781614734 0)
(0.3434666667 0.002781614734 0)
(0.3496 0.002781614734 0)
(0.3557333333 0.002781614734 0)
(0.3618666667 0.002781614734 0)
(0.368 0.002781614734 0)
(0.3741333333 0.002781614734 0)
(0.3802666667 0.002781614734 0)
(0.3864 0.002781614734 0)
(0.3925333333 0.002781614734 0)
(0.3986666667 0.002781614734 0)
(0.4048 0.002781614734 0)
(0.4109333333 0.002781614734 0)
(0.4170666667 0.002781614734 0)
(0.4232 0.002781614734 0)
(0.4293333333 0.002781614734 0)
(0.4354666667 0.002781614734 0)
(0.4416 0.002781614734 0)
(0.4477333333 0.002781614734 0)
(0.4538666667 0.002781614734 0)
(0.46 0.002781614734 0)
(0.4661333333 0.002781614734 0)
(0.4722666667 0.002781614734 0)
(0.4784 0.002781614734 0)
(0.4845333333 0.002781614734 0)
(0.4906666667 0.002781614734 0)
(0.4968 0.002781614734 0)
(0.5029333333 0.002781614734 0)
(0.5090666667 0.002781614734 0)
(0.5152 0.002781614734 0)
(0.5213333333 0.002781614734 0)
(0.5274666667 0.002781614734 0)
(0.5336 0.002781614734 0)
(0.5397333333 0.002781614734 0)
(0.5458666667 0.002781614734 0)
(0.552 0.002781614734 0)
(0.5581333333 0.002781614734 0)
(0.5642666667 0.002781614734 0)
(0.5704 0.002781614734 0)
(0.5765333333 0.002781614734 0)
(0.5826666667 0.002781614734 0)
(0.5888 0.002781614734 0)
(0.5949333333 0.002781614734 0)
(0.6010666667 0.002781614734 0)
(0.6072 0.002781614734 0)
(0.6133333333 0.002781614734 0)
(0.6194666667 0.002781614734 0)
(0.6256 0.002781614734 0)
(0.6317333333 0.002781614734 0)
(0.6378666667 0.002781614734 0)
(0.644 0.002781614734 0)
(0.6501333333 0.002781614734 0)
(0.6562666667 0.002781614734 0)
(0.6624 0.002781614734 0)
(0.6685333333 0.002781614734 0)
(0.6746666667 0.002781614734 0)
(0.6808 0.002781614734 0)
(0.6869333333 0.002781614734 0)
(0.6930666667 0.002781614734 0)
(0.6992 0.002781614734 0)
(0.7053333333 0.002781614734 0)
(0.7114666667 0.002781614734 0)
(0.7176 0.002781614734 0)
(0.7237333333 0.002781614734 0)
(0.7298666667 0.002781614734 0)
(0.736 0.002781614734 0)
(0.7421333333 0.002781614734 0)
(0.7482666667 0.002781614734 0)
(0.7544 0.002781614734 0)
(0.7605333333 0.002781614734 0)
(0.7666666667 0.002781614734 0)
(0.7728 0.002781614734 0)
(0.7789333333 0.002781614734 0)
(0.7850666667 0.002781614734 0)
(0.7912 0.002781614734 0)
(0.7973333333 0.002781614734 0)
(0.8034666667 0.002781614734 0)
(0.8096 0.002781614734 0)
(0.8157333333 0.002781614734 0)
(0.8218666667 0.002781614734 0)
(0.828 0.002781614734 0)
(0.8341333333 0.002781614734 0)
(0.8402666667 0.002781614734 0)
(0.8464 0.002781614734 0)
(0.8525333333 0.002781614734 0)
(0.8586666667 0.002781614734 0)
(0.8648 0.002781614734 0)
(0.8709333333 0.002781614734 0)
(0.8770666667 0.002781614734 0)
(0.8832 0.002781614734 0)
(0.8893333333 0.002781614734 0)
(0.8954666667 0.002781614734 0)
(0.9016 0.002781614734 0)
(0.9077333333 0.002781614734 0)
(0.9138666667 0.002781614734 0)
(0.92 0.002781614734 0)
(0 0.003209838068 0)
(0.006133333333 0.003209838068 0)
(0.01226666667 0.003209838068 0)
(0.0184 0.003209838068 0)
(0.02453333333 0.003209838068 0)
(0.03066666667 0.003209838068 0)
(0.0368 0.003209838068 0)
(0.04293333333 0.003209838068 0)
(0.04906666667 0.003209838068 0)
(0.0552 0.003209838068 0)
(0.06133333333 0.003209838068 0)
(0.06746666667 0.003209838068 0)
(0.0736 0.003209838068 0)
(0.07973333333 0.003209838068 0)
(0.08586666667 0.003209838068 0)
(0.092 0.003209838068 0)
(0.09813333333 0.003209838068 0)
(0.1042666667 0.003209838068 0)
(0.1104 0.003209838068 0)
(0.1165333333 0.003209838068 0)
(0.1226666667 0.003209838068 0)
(0.1288 0.003209838068 0)
(0.1349333333 0.003209838068 0)
(0.1410666667 0.003209838068 0)
(0.1472 0.003209838068 0)
(0.1533333333 0.003209838068 0)
(0.1594666667 0.003209838068 0)
(0.1656 0.003209838068 0)
(0.1717333333 0.003209838068 0)
(0.1778666667 0.003209838068 0)
(0.184 0.003209838068 0)
(0.1901333333 0.003209838068 0)
(0.1962666667 0.003209838068 0)
(0.2024 0.003209838068 0)
(0.2085333333 0.003209838068 0)
(0.2146666667 0.003209838068 0)
(0.2208 0.003209838068 0)
(0.2269333333 0.003209838068 0)
(0.2330666667 0.003209838068 0)
(0.2392 0.003209838068 0)
(0.2453333333 0.003209838068 0)
(0.2514666667 0.003209838068 0)
(0.2576 0.003209838068 0)
(0.2637333333 0.003209838068 0)
(0.2698666667 0.003209838068 0)
(0.276 0.003209838068 0)
(0.2821333333 0.003209838068 0)
(0.2882666667 0.003209838068 0)
(0.2944 0.003209838068 0)
(0.3005333333 0.003209838068 0)
(0.3066666667 0.003209838068 0)
(0.3128 0.003209838068 0)
(0.3189333333 0.003209838068 0)
(0.3250666667 0.003209838068 0)
(0.3312 0.003209838068 0)
(0.3373333333 0.003209838068 0)
(0.3434666667 0.003209838068 0)
(0.3496 0.003209838068 0)
(0.3557333333 0.003209838068 0)
(0.3618666667 0.003209838068 0)
(0.368 0.003209838068 0)
(0.3741333333 0.003209838068 0)
(0.3802666667 0.003209838068 0)
(0.3864 0.003209838068 0)
(0.3925333333 0.003209838068 0)
(0.3986666667 0.003209838068 0)
(0.4048 0.003209838068 0)
(0.4109333333 0.003209838068 0)
(0.4170666667 0.003209838068 0)
(0.4232 0.003209838068 0)
(0.4293333333 0.003209838068 0)
(0.4354666667 0.003209838068 0)
(0.4416 0.003209838068 0)
(0.4477333333 0.003209838068 0)
(0.4538666667 0.003209838068 0)
(0.46 0.003209838068 0)
(0.4661333333 0.003209838068 0)
(0.4722666667 0.003209838068 0)
(0.4784 0.003209838068 0)
(0.4845333333 0.003209838068 0)
(0.4906666667 0.003209838068 0)
(0.4968 0.003209838068 0)
(0.5029333333 0.003209838068 0)
(0.5090666667 0.003209838068 0)
(0.5152 0.003209838068 0)
(0.5213333333 0.003209838068 0)
(0.5274666667 0.003209838068 0)
(0.5336 0.003209838068 0)
(0.5397333333 0.003209838068 0)
(0.5458666667 0.003209838068 0)
(0.552 0.003209838068 0)
(0.5581333333 0.003209838068 0)
(0.5642666667 0.003209838068 0)
(0.5704 0.003209838068 0)
(0.5765333333 0.003209838068 0)
(0.5826666667 0.003209838068 0)
(0.5888 0.003209838068 0)
(0.5949333333 0.003209838068 0)
(0.6010666667 0.003209838068 0)
(0.6072 0.003209838068 0)
(0.6133333333 0.003209838068 0)
(0.6194666667 0.003209838068 0)
(0.6256 0.003209838068 0)
(0.6317333333 0.003209838068 0)
(0.6378666667 0.003209838068 0)
(0.644 0.003209838068 0)
(0.6501333333 0.003209838068 0)
(0.6562666667 0.003209838068 0)
(0.6624 0.003209838068 0)
(0.6685333333 0.003209838068 0)
(0.6746666667 0.003209838068 0)
(0.6808 0.003209838068 0)
(0.6869333333 0.003209838068 0)
(0.6930666667 0.003209838068 0)
(0.6992 0.003209838068 0)
(0.7053333333 0.003209838068 0)
(0.7114666667 0.003209838068 0)
(0.7176 0.003209838068 0)
(0.7237333333 0.003209838068 0)
(0.7298666667 0.003209838068 0)
(0.736 0.003209838068 0)
(0.7421333333 0.003209838068 0)
(0.7482666667 0.003209838068 0)
(0.7544 0.003209838068 0)
(0.7605333333 0.003209838068 0)
(0.7666666667 0.003209838068 0)
(0.7728 0.003209838068 0)
(0.7789333333 0.003209838068 0)
(0.7850666667 0.003209838068 0)
(0.7912 0.003209838068 0)
(0.7973333333 0.003209838068 0)
(0.8034666667 0.003209838068 0)
(0.8096 0.003209838068 0)
(0.8157333333 0.003209838068 0)
(0.8218666667 0.003209838068 0)
(0.828 0.003209838068 0)
(0.8341333333 0.003209838068 0)
(0.8402666667 0.003209838068 0)
(0.8464 0.003209838068 0)
(0.8525333333 0.003209838068 0)
(0.8586666667 0.003209838068 0)
(0.8648 0.003209838068 0)
(0.8709333333 0.003209838068 0)
(0.8770666667 0.003209838068 0)
(0.8832 0.003209838068 0)
(0.8893333333 0.003209838068 0)
(0.8954666667 0.003209838068 0)
(0.9016 0.003209838068 0)
(0.9077333333 0.003209838068 0)
(0.9138666667 0.003209838068 0)
(0.92 0.003209838068 0)
(0 0.003680874436 0)
(0.006133333333 0.003680874436 0)
(0.01226666667 0.003680874436 0)
(0.0184 0.003680874436 0)
(0.02453333333 0.003680874436 0)
(0.03066666667 0.003680874436 0)
(0.0368 0.003680874436 0)
(0.04293333333 0.003680874436 0)
(0.04906666667 0.003680874436 0)
(0.0552 0.003680874436 0)
(0.06133333333 0.003680874436 0)
(0.06746666667 0.003680874436 0)
(0.0736 0.003680874436 0)
(0.07973333333 0.003680874436 0)
(0.08586666667 0.003680874436 0)
(0.092 0.003680874436 0)
(0.09813333333 0.003680874436 0)
(0.1042666667 0.003680874436 0)
(0.1104 0.003680874436 0)
(0.1165333333 0.003680874436 0)
(0.1226666667 0.003680874436 0)
(0.1288 0.003680874436 0)
(0.1349333333 0.003680874436 0)
(0.1410666667 0.003680874436 0)
(0.1472 0.003680874436 0)
(0.1533333333 0.003680874436 0)
(0.1594666667 0.003680874436 0)
(0.1656 0.003680874436 0)
(0.1717333333 0.003680874436 0)
(0.1778666667 0.003680874436 0)
(0.184 0.003680874436 0)
(0.1901333333 0.003680874436 0)
(0.1962666667 0.003680874436 0)
(0.2024 0.003680874436 0)
(0.2085333333 0.003680874436 0)
(0.2146666667 0.003680874436 0)
(0.2208 0.003680874436 0)
(0.2269333333 0.003680874436 0)
(0.2330666667 0.003680874436 0)
(0.2392 0.003680874436 0)
(0.2453333333 0.003680874436 0)
(0.2514666667 0.003680874436 0)
(0.2576 0.003680874436 0)
(0.2637333333 0.003680874436 0)
(0.2698666667 0.003680874436 0)
(0.276 0.003680874436 0)
(0.2821333333 0.003680874436 0)
(0.2882666667 0.003680874436 0)
(0.2944 0.003680874436 0)
(0.3005333333 0.003680874436 0)
(0.3066666667 0.003680874436 0)
(0.3128 0.003680874436 0)
(0.3189333333 0.003680874436 0)
(0.3250666667 0.003680874436 0)
(0.3312 0.003680874436 0)
(0.3373333333 0.003680874436 0)
(0.3434666667 0.003680874436 0)
(0.3496 0.003680874436 0)
(0.3557333333 0.003680874436 0)
(0.3618666667 0.003680874436 0)
(0.368 0.003680874436 0)
(0.3741333333 0.003680874436 0)
(0.3802666667 0.003680874436 0)
(0.3864 0.003680874436 0)
(0.3925333333 0.003680874436 0)
(0.3986666667 0.003680874436 0)
(0.4048 0.003680874436 0)
(0.4109333333 0.003680874436 0)
(0.4170666667 0.003680874436 0)
(0.4232 0.003680874436 0)
(0.4293333333 0.003680874436 0)
(0.4354666667 0.003680874436 0)
(0.4416 0.003680874436 0)
(0.4477333333 0.003680874436 0)
(0.4538666667 0.003680874436 0)
(0.46 0.003680874436 0)
(0.4661333333 0.003680874436 0)
(0.4722666667 0.003680874436 0)
(0.4784 0.003680874436 0)
(0.4845333333 0.003680874436 0)
(0.4906666667 0.003680874436 0)
(0.4968 0.003680874436 0)
(0.5029333333 0.003680874436 0)
(0.5090666667 0.003680874436 0)
(0.5152 0.003680874436 0)
(0.5213333333 0.003680874436 0)
(0.5274666667 0.003680874436 0)
(0.5336 0.003680874436 0)
(0.5397333333 0.003680874436 0)
(0.5458666667 0.003680874436 0)
(0.552 0.003680874436 0)
(0.5581333333 0.003680874436 0)
(0.5642666667 0.003680874436 0)
(0.5704 0.003680874436 0)
(0.5765333333 0.003680874436 0)
(0.5826666667 0.003680874436 0)
(0.5888 0.003680874436 0)
(0.5949333333 0.003680874436 0)
(0.6010666667 0.003680874436 0)
(0.6072 0.003680874436 0)
(0.6133333333 0.003680874436 0)
(0.6194666667 0.003680874436 0)
(0.6256 0.003680874436 0)
(0.6317333333 0.003680874436 0)
(0.6378666667 0.003680874436 0)
(0.644 0.003680874436 0)
(0.6501333333 0.003680874436 0)
(0.6562666667 0.003680874436 0)
(0.6624 0.003680874436 0)
(0.6685333333 0.003680874436 0)
(0.6746666667 0.003680874436 0)
(0.6808 0.003680874436 0)
(0.6869333333 0.003680874436 0)
(0.6930666667 0.003680874436 0)
(0.6992 0.003680874436 0)
(0.7053333333 0.003680874436 0)
(0.7114666667 0.003680874436 0)
(0.7176 0.003680874436 0)
(0.7237333333 0.003680874436 0)
(0.7298666667 0.003680874436 0)
(0.736 0.003680874436 0)
(0.7421333333 0.003680874436 0)
(0.7482666667 0.003680874436 0)
(0.7544 0.003680874436 0)
(0.7605333333 0.003680874436 0)
(0.7666666667 0.003680874436 0)
(0.7728 0.003680874436 0)
(0.7789333333 0.003680874436 0)
(0.7850666667 0.003680874436 0)
(0.7912 0.003680874436 0)
(0.7973333333 0.003680874436 0)
(0.8034666667 0.003680874436 0)
(0.8096 0.003680874436 0)
(0.8157333333 0.003680874436 0)
(0.8218666667 0.003680874436 0)
(0.828 0.003680874436 0)
(0.8341333333 0.003680874436 0)
(0.8402666667 0.003680874436 0)
(0.8464 0.003680874436 0)
(0.8525333333 0.003680874436 0)
(0.8586666667 0.003680874436 0)
(0.8648 0.003680874436 0)
(0.8709333333 0.003680874436 0)
(0.8770666667 0.003680874436 0)
(0.8832 0.003680874436 0)
(0.8893333333 0.003680874436 0)
(0.8954666667 0.003680874436 0)
(0.9016 0.003680874436 0)
(0.9077333333 0.003680874436 0)
(0.9138666667 0.003680874436 0)
(0.92 0.003680874436 0)
(0 0.004199004212 0)
(0.006133333333 0.004199004212 0)
(0.01226666667 0.004199004212 0)
(0.0184 0.004199004212 0)
(0.02453333333 0.004199004212 0)
(0.03066666667 0.004199004212 0)
(0.0368 0.004199004212 0)
(0.04293333333 0.004199004212 0)
(0.04906666667 0.004199004212 0)
(0.0552 0.004199004212 0)
(0.06133333333 0.004199004212 0)
(0.06746666667 0.004199004212 0)
(0.0736 0.004199004212 0)
(0.07973333333 0.004199004212 0)
(0.08586666667 0.004199004212 0)
(0.092 0.004199004212 0)
(0.09813333333 0.004199004212 0)
(0.1042666667 0.004199004212 0)
(0.1104 0.004199004212 0)
(0.1165333333 0.004199004212 0)
(0.1226666667 0.004199004212 0)
(0.1288 0.004199004212 0)
(0.1349333333 0.004199004212 0)
(0.1410666667 0.004199004212 0)
(0.1472 0.004199004212 0)
(0.1533333333 0.004199004212 0)
(0.1594666667 0.004199004212 0)
(0.1656 0.004199004212 0)
(0.1717333333 0.004199004212 0)
(0.1778666667 0.004199004212 0)
(0.184 0.004199004212 0)
(0.1901333333 0.004199004212 0)
(0.1962666667 0.004199004212 0)
(0.2024 0.004199004212 0)
(0.2085333333 0.004199004212 0)
(0.2146666667 0.004199004212 0)
(0.2208 0.004199004212 0)
(0.2269333333 0.004199004212 0)
(0.2330666667 0.004199004212 0)
(0.2392 0.004199004212 0)
(0.2453333333 0.004199004212 0)
(0.2514666667 0.004199004212 0)
(0.2576 0.004199004212 0)
(0.2637333333 0.004199004212 0)
(0.2698666667 0.004199004212 0)
(0.276 0.004199004212 0)
(0.2821333333 0.004199004212 0)
(0.2882666667 0.004199004212 0)
(0.2944 0.004199004212 0)
(0.3005333333 0.004199004212 0)
(0.3066666667 0.004199004212 0)
(0.3128 0.004199004212 0)
(0.3189333333 0.004199004212 0)
(0.3250666667 0.004199004212 0)
(0.3312 0.004199004212 0)
(0.3373333333 0.004199004212 0)
(0.3434666667 0.004199004212 0)
(0.3496 0.004199004212 0)
(0.3557333333 0.004199004212 0)
(0.3618666667 0.004199004212 0)
(0.368 0.004199004212 0)
(0.3741333333 0.004199004212 0)
(0.3802666667 0.004199004212 0)
(0.3864 0.004199004212 0)
(0.3925333333 0.004199004212 0)
(0.3986666667 0.004199004212 0)
(0.4048 0.004199004212 0)
(0.4109333333 0.004199004212 0)
(0.4170666667 0.004199004212 0)
(0.4232 0.004199004212 0)
(0.4293333333 0.004199004212 0)
(0.4354666667 0.004199004212 0)
(0.4416 0.004199004212 0)
(0.4477333333 0.004199004212 0)
(0.4538666667 0.004199004212 0)
(0.46 0.004199004212 0)
(0.4661333333 0.004199004212 0)
(0.4722666667 0.004199004212 0)
(0.4784 0.004199004212 0)
(0.4845333333 0.004199004212 0)
(0.4906666667 0.004199004212 0)
(0.4968 0.004199004212 0)
(0.5029333333 0.004199004212 0)
(0.5090666667 0.004199004212 0)
(0.5152 0.004199004212 0)
(0.5213333333 0.004199004212 0)
(0.5274666667 0.004199004212 0)
(0.5336 0.004199004212 0)
(0.5397333333 0.004199004212 0)
(0.5458666667 0.004199004212 0)
(0.552 0.004199004212 0)
(0.5581333333 0.004199004212 0)
(0.5642666667 0.004199004212 0)
(0.5704 0.004199004212 0)
(0.5765333333 0.004199004212 0)
(0.5826666667 0.004199004212 0)
(0.5888 0.004199004212 0)
(0.5949333333 0.004199004212 0)
(0.6010666667 0.004199004212 0)
(0.6072 0.004199004212 0)
(0.6133333333 0.004199004212 0)
(0.6194666667 0.004199004212 0)
(0.6256 0.004199004212 0)
(0.6317333333 0.004199004212 0)
(0.6378666667 0.004199004212 0)
(0.644 0.004199004212 0)
(0.6501333333 0.004199004212 0)
(0.6562666667 0.004199004212 0)
(0.6624 0.004199004212 0)
(0.6685333333 0.004199004212 0)
(0.6746666667 0.004199004212 0)
(0.6808 0.004199004212 0)
(0.6869333333 0.004199004212 0)
(0.6930666667 0.004199004212 0)
(0.6992 0.004199004212 0)
(0.7053333333 0.004199004212 0)
(0.7114666667 0.004199004212 0)
(0.7176 0.004199004212 0)
(0.7237333333 0.004199004212 0)
(0.7298666667 0.004199004212 0)
(0.736 0.004199004212 0)
(0.7421333333 0.004199004212 0)
(0.7482666667 0.004199004212 0)
(0.7544 0.004199004212 0)
(0.7605333333 0.004199004212 0)
(0.7666666667 0.004199004212 0)
(0.7728 0.004199004212 0)
(0.7789333333 0.004199004212 0)
(0.7850666667 0.004199004212 0)
(0.7912 0.004199004212 0)
(0.7973333333 0.004199004212 0)
(0.8034666667 0.004199004212 0)
(0.8096 0.004199004212 0)
(0.8157333333 0.004199004212 0)
(0.8218666667 0.004199004212 0)
(0.828 0.004199004212 0)
(0.8341333333 0.004199004212 0)
(0.8402666667 0.004199004212 0)
(0.8464 0.004199004212 0)
(0.8525333333 0.004199004212 0)
(0.8586666667 0.004199004212 0)
(0.8648 0.004199004212 0)
(0.8709333333 0.004199004212 0)
(0.8770666667 0.004199004212 0)
(0.8832 0.004199004212 0)
(0.8893333333 0.004199004212 0)
(0.8954666667 0.004199004212 0)
(0.9016 0.004199004212 0)
(0.9077333333 0.004199004212 0)
(0.9138666667 0.004199004212 0)
(0.92 0.004199004212 0)
(0 0.004768935716 0)
(0.006133333333 0.004768935716 0)
(0.01226666667 0.004768935716 0)
(0.0184 0.004768935716 0)
(0.02453333333 0.004768935716 0)
(0.03066666667 0.004768935716 0)
(0.0368 0.004768935716 0)
(0.04293333333 0.004768935716 0)
(0.04906666667 0.004768935716 0)
(0.0552 0.004768935716 0)
(0.06133333333 0.004768935716 0)
(0.06746666667 0.004768935716 0)
(0.0736 0.004768935716 0)
(0.07973333333 0.004768935716 0)
(0.08586666667 0.004768935716 0)
(0.092 0.004768935716 0)
(0.09813333333 0.004768935716 0)
(0.1042666667 0.004768935716 0)
(0.1104 0.004768935716 0)
(0.1165333333 0.004768935716 0)
(0.1226666667 0.004768935716 0)
(0.1288 0.004768935716 0)
(0.1349333333 0.004768935716 0)
(0.1410666667 0.004768935716 0)
(0.1472 0.004768935716 0)
(0.1533333333 0.004768935716 0)
(0.1594666667 0.004768935716 0)
(0.1656 0.004768935716 0)
(0.1717333333 0.004768935716 0)
(0.1778666667 0.004768935716 0)
(0.184 0.004768935716 0)
(0.1901333333 0.004768935716 0)
(0.1962666667 0.004768935716 0)
(0.2024 0.004768935716 0)
(0.2085333333 0.004768935716 0)
(0.2146666667 0.004768935716 0)
(0.2208 0.004768935716 0)
(0.2269333333 0.004768935716 0)
(0.2330666667 0.004768935716 0)
(0.2392 0.004768935716 0)
(0.2453333333 0.004768935716 0)
(0.2514666667 0.004768935716 0)
(0.2576 0.004768935716 0)
(0.2637333333 0.004768935716 0)
(0.2698666667 0.004768935716 0)
(0.276 0.004768935716 0)
(0.2821333333 0.004768935716 0)
(0.2882666667 0.004768935716 0)
(0.2944 0.004768935716 0)
(0.3005333333 0.004768935716 0)
(0.3066666667 0.004768935716 0)
(0.3128 0.004768935716 0)
(0.3189333333 0.004768935716 0)
(0.3250666667 0.004768935716 0)
(0.3312 0.004768935716 0)
(0.3373333333 0.004768935716 0)
(0.3434666667 0.004768935716 0)
(0.3496 0.004768935716 0)
(0.3557333333 0.004768935716 0)
(0.3618666667 0.004768935716 0)
(0.368 0.004768935716 0)
(0.3741333333 0.004768935716 0)
(0.3802666667 0.004768935716 0)
(0.3864 0.004768935716 0)
(0.3925333333 0.004768935716 0)
(0.3986666667 0.004768935716 0)
(0.4048 0.004768935716 0)
(0.4109333333 0.004768935716 0)
(0.4170666667 0.004768935716 0)
(0.4232 0.004768935716 0)
(0.4293333333 0.004768935716 0)
(0.4354666667 0.004768935716 0)
(0.4416 0.004768935716 0)
(0.4477333333 0.004768935716 0)
(0.4538666667 0.004768935716 0)
(0.46 0.004768935716 0)
(0.4661333333 0.004768935716 0)
(0.4722666667 0.004768935716 0)
(0.4784 0.004768935716 0)
(0.4845333333 0.004768935716 0)
(0.4906666667 0.004768935716 0)
(0.4968 0.004768935716 0)
(0.5029333333 0.004768935716 0)
(0.5090666667 0.004768935716 0)
(0.5152 0.004768935716 0)
(0.5213333333 0.004768935716 0)
(0.5274666667 0.004768935716 0)
(0.5336 0.004768935716 0)
(0.5397333333 0.004768935716 0)
(0.5458666667 0.004768935716 0)
(0.552 0.004768935716 0)
(0.5581333333 0.004768935716 0)
(0.5642666667 0.004768935716 0)
(0.5704 0.004768935716 0)
(0.5765333333 0.004768935716 0)
(0.5826666667 0.004768935716 0)
(0.5888 0.004768935716 0)
(0.5949333333 0.004768935716 0)
(0.6010666667 0.004768935716 0)
(0.6072 0.004768935716 0)
(0.6133333333 0.004768935716 0)
(0.6194666667 0.004768935716 0)
(0.6256 0.004768935716 0)
(0.6317333333 0.004768935716 0)
(0.6378666667 0.004768935716 0)
(0.644 0.004768935716 0)
(0.6501333333 0.004768935716 0)
(0.6562666667 0.004768935716 0)
(0.6624 0.004768935716 0)
(0.6685333333 0.004768935716 0)
(0.6746666667 0.004768935716 0)
(0.6808 0.004768935716 0)
(0.6869333333 0.004768935716 0)
(0.6930666667 0.004768935716 0)
(0.6992 0.004768935716 0)
(0.7053333333 0.004768935716 0)
(0.7114666667 0.004768935716 0)
(0.7176 0.004768935716 0)
(0.7237333333 0.004768935716 0)
(0.7298666667 0.004768935716 0)
(0.736 0.004768935716 0)
(0.7421333333 0.004768935716 0)
(0.7482666667 0.004768935716 0)
(0.7544 0.004768935716 0)
(0.7605333333 0.004768935716 0)
(0.7666666667 0.004768935716 0)
(0.7728 0.004768935716 0)
(0.7789333333 0.004768935716 0)
(0.7850666667 0.004768935716 0)
(0.7912 0.004768935716 0)
(0.7973333333 0.004768935716 0)
(0.8034666667 0.004768935716 0)
(0.8096 0.004768935716 0)
(0.8157333333 0.004768935716 0)
(0.8218666667 0.004768935716 0)
(0.828 0.004768935716 0)
(0.8341333333 0.004768935716 0)
(0.8402666667 0.004768935716 0)
(0.8464 0.004768935716 0)
(0.8525333333 0.004768935716 0)
(0.8586666667 0.004768935716 0)
(0.8648 0.004768935716 0)
(0.8709333333 0.004768935716 0)
(0.8770666667 0.004768935716 0)
(0.8832 0.004768935716 0)
(0.8893333333 0.004768935716 0)
(0.8954666667 0.004768935716 0)
(0.9016 0.004768935716 0)
(0.9077333333 0.004768935716 0)
(0.9138666667 0.004768935716 0)
(0.92 0.004768935716 0)
(0 0.005395847994 0)
(0.006133333333 0.005395847994 0)
(0.01226666667 0.005395847994 0)
(0.0184 0.005395847994 0)
(0.02453333333 0.005395847994 0)
(0.03066666667 0.005395847994 0)
(0.0368 0.005395847994 0)
(0.04293333333 0.005395847994 0)
(0.04906666667 0.005395847994 0)
(0.0552 0.005395847994 0)
(0.06133333333 0.005395847994 0)
(0.06746666667 0.005395847994 0)
(0.0736 0.005395847994 0)
(0.07973333333 0.005395847994 0)
(0.08586666667 0.005395847994 0)
(0.092 0.005395847994 0)
(0.09813333333 0.005395847994 0)
(0.1042666667 0.005395847994 0)
(0.1104 0.005395847994 0)
(0.1165333333 0.005395847994 0)
(0.1226666667 0.005395847994 0)
(0.1288 0.005395847994 0)
(0.1349333333 0.005395847994 0)
(0.1410666667 0.005395847994 0)
(0.1472 0.005395847994 0)
(0.1533333333 0.005395847994 0)
(0.1594666667 0.005395847994 0)
(0.1656 0.005395847994 0)
(0.1717333333 0.005395847994 0)
(0.1778666667 0.005395847994 0)
(0.184 0.005395847994 0)
(0.1901333333 0.005395847994 0)
(0.1962666667 0.005395847994 0)
(0.2024 0.005395847994 0)
(0.2085333333 0.005395847994 0)
(0.2146666667 0.005395847994 0)
(0.2208 0.005395847994 0)
(0.2269333333 0.005395847994 0)
(0.2330666667 0.005395847994 0)
(0.2392 0.005395847994 0)
(0.2453333333 0.005395847994 0)
(0.2514666667 0.005395847994 0)
(0.2576 0.005395847994 0)
(0.2637333333 0.005395847994 0)
(0.2698666667 0.005395847994 0)
(0.276 0.005395847994 0)
(0.2821333333 0.005395847994 0)
(0.2882666667 0.005395847994 0)
(0.2944 0.005395847994 0)
(0.3005333333 0.005395847994 0)
(0.3066666667 0.005395847994 0)
(0.3128 0.005395847994 0)
(0.3189333333 0.005395847994 0)
(0.3250666667 0.005395847994 0)
(0.3312 0.005395847994 0)
(0.3373333333 0.005395847994 0)
(0.3434666667 0.005395847994 0)
(0.3496 0.005395847994 0)
(0.3557333333 0.005395847994 0)
(0.3618666667 0.005395847994 0)
(0.368 0.005395847994 0)
(0.3741333333 0.005395847994 0)
(0.3802666667 0.005395847994 0)
(0.3864 0.005395847994 0)
(0.3925333333 0.005395847994 0)
(0.3986666667 0.005395847994 0)
(0.4048 0.005395847994 0)
(0.4109333333 0.005395847994 0)
(0.4170666667 0.005395847994 0)
(0.4232 0.005395847994 0)
(0.4293333333 0.005395847994 0)
(0.4354666667 0.005395847994 0)
(0.4416 0.005395847994 0)
(0.4477333333 0.005395847994 0)
(0.4538666667 0.005395847994 0)
(0.46 0.005395847994 0)
(0.4661333333 0.005395847994 0)
(0.4722666667 0.005395847994 0)
(0.4784 0.005395847994 0)
(0.4845333333 0.005395847994 0)
(0.4906666667 0.005395847994 0)
(0.4968 0.005395847994 0)
(0.5029333333 0.005395847994 0)
(0.5090666667 0.005395847994 0)
(0.5152 0.005395847994 0)
(0.5213333333 0.005395847994 0)
(0.5274666667 0.005395847994 0)
(0.5336 0.005395847994 0)
(0.5397333333 0.005395847994 0)
(0.5458666667 0.005395847994 0)
(0.552 0.005395847994 0)
(0.5581333333 0.005395847994 0)
(0.5642666667 0.005395847994 0)
(0.5704 0.005395847994 0)
(0.5765333333 0.005395847994 0)
(0.5826666667 0.005395847994 0)
(0.5888 0.005395847994 0)
(0.5949333333 0.005395847994 0)
(0.6010666667 0.005395847994 0)
(0.6072 0.005395847994 0)
(0.6133333333 0.005395847994 0)
(0.6194666667 0.005395847994 0)
(0.6256 0.005395847994 0)
(0.6317333333 0.005395847994 0)
(0.6378666667 0.005395847994 0)
(0.644 0.005395847994 0)
(0.6501333333 0.005395847994 0)
(0.6562666667 0.005395847994 0)
(0.6624 0.005395847994 0)
(0.6685333333 0.005395847994 0)
(0.6746666667 0.005395847994 0)
(0.6808 0.005395847994 0)
(0.6869333333 0.005395847994 0)
(0.6930666667 0.005395847994 0)
(0.6992 0.005395847994 0)
(0.7053333333 0.005395847994 0)
(0.7114666667 0.005395847994 0)
(0.7176 0.005395847994 0)
(0.7237333333 0.005395847994 0)
(0.7298666667 0.005395847994 0)
(0.736 0.005395847994 0)
(0.7421333333 0.005395847994 0)
(0.7482666667 0.005395847994 0)
(0.7544 0.005395847994 0)
(0.7605333333 0.005395847994 0)
(0.7666666667 0.005395847994 0)
(0.7728 0.005395847994 0)
(0.7789333333 0.005395847994 0)
(0.7850666667 0.005395847994 0)
(0.7912 0.005395847994 0)
(0.7973333333 0.005395847994 0)
(0.8034666667 0.005395847994 0)
(0.8096 0.005395847994 0)
(0.8157333333 0.005395847994 0)
(0.8218666667 0.005395847994 0)
(0.828 0.005395847994 0)
(0.8341333333 0.005395847994 0)
(0.8402666667 0.005395847994 0)
(0.8464 0.005395847994 0)
(0.8525333333 0.005395847994 0)
(0.8586666667 0.005395847994 0)
(0.8648 0.005395847994 0)
(0.8709333333 0.005395847994 0)
(0.8770666667 0.005395847994 0)
(0.8832 0.005395847994 0)
(0.8893333333 0.005395847994 0)
(0.8954666667 0.005395847994 0)
(0.9016 0.005395847994 0)
(0.9077333333 0.005395847994 0)
(0.9138666667 0.005395847994 0)
(0.92 0.005395847994 0)
(0 0.006085437887 0)
(0.006133333333 0.006085437887 0)
(0.01226666667 0.006085437887 0)
(0.0184 0.006085437887 0)
(0.02453333333 0.006085437887 0)
(0.03066666667 0.006085437887 0)
(0.0368 0.006085437887 0)
(0.04293333333 0.006085437887 0)
(0.04906666667 0.006085437887 0)
(0.0552 0.006085437887 0)
(0.06133333333 0.006085437887 0)
(0.06746666667 0.006085437887 0)
(0.0736 0.006085437887 0)
(0.07973333333 0.006085437887 0)
(0.08586666667 0.006085437887 0)
(0.092 0.006085437887 0)
(0.09813333333 0.006085437887 0)
(0.1042666667 0.006085437887 0)
(0.1104 0.006085437887 0)
(0.1165333333 0.006085437887 0)
(0.1226666667 0.006085437887 0)
(0.1288 0.006085437887 0)
(0.1349333333 0.006085437887 0)
(0.1410666667 0.006085437887 0)
(0.1472 0.006085437887 0)
(0.1533333333 0.006085437887 0)
(0.1594666667 0.006085437887 0)
(0.1656 0.006085437887 0)
(0.1717333333 0.006085437887 0)
(0.1778666667 0.006085437887 0)
(0.184 0.006085437887 0)
(0.1901333333 0.006085437887 0)
(0.1962666667 0.006085437887 0)
(0.2024 0.006085437887 0)
(0.2085333333 0.006085437887 0)
(0.2146666667 0.006085437887 0)
(0.2208 0.006085437887 0)
(0.2269333333 0.006085437887 0)
(0.2330666667 0.006085437887 0)
(0.2392 0.006085437887 0)
(0.2453333333 0.006085437887 0)
(0.2514666667 0.006085437887 0)
(0.2576 0.006085437887 0)
(0.2637333333 0.006085437887 0)
(0.2698666667 0.006085437887 0)
(0.276 0.006085437887 0)
(0.2821333333 0.006085437887 0)
(0.2882666667 0.006085437887 0)
(0.2944 0.006085437887 0)
(0.3005333333 0.006085437887 0)
(0.3066666667 0.006085437887 0)
(0.3128 0.006085437887 0)
(0.3189333333 0.006085437887 0)
(0.3250666667 0.006085437887 0)
(0.3312 0.006085437887 0)
(0.3373333333 0.006085437887 0)
(0.3434666667 0.006085437887 0)
(0.3496 0.006085437887 0)
(0.3557333333 0.006085437887 0)
(0.3618666667 0.006085437887 0)
(0.368 0.006085437887 0)
(0.3741333333 0.006085437887 0)
(0.3802666667 0.006085437887 0)
(0.3864 0.006085437887 0)
(0.3925333333 0.006085437887 0)
(0.3986666667 0.006085437887 0)
(0.4048 0.006085437887 0)
(0.4109333333 0.006085437887 0)
(0.4170666667 0.006085437887 0)
(0.4232 0.006085437887 0)
(0.4293333333 0.006085437887 0)
(0.4354666667 0.006085437887 0)
(0.4416 0.006085437887 0)
(0.4477333333 0.006085437887 0)
(0.4538666667 0.006085437887 0)
(0.46 0.006085437887 0)
(0.4661333333 0.006085437887 0)
(0.4722666667 0.006085437887 0)
(0.4784 0.006085437887 0)
(0.4845333333 0.006085437887 0)
(0.4906666667 0.006085437887 0)
(0.4968 0.006085437887 0)
(0.5029333333 0.006085437887 0)
(0.5090666667 0.006085437887 0)
(0.5152 0.006085437887 0)
(0.5213333333 0.006085437887 0)
(0.5274666667 0.006085437887 0)
(0.5336 0.006085437887 0)
(0.5397333333 0.006085437887 0)
(0.5458666667 0.006085437887 0)
(0.552 0.006085437887 0)
(0.5581333333 0.006085437887 0)
(0.5642666667 0.006085437887 0)
(0.5704 0.006085437887 0)
(0.5765333333 0.006085437887 0)
(0.5826666667 0.006085437887 0)
(0.5888 0.006085437887 0)
(0.5949333333 0.006085437887 0)
(0.6010666667 0.006085437887 0)
(0.6072 0.006085437887 0)
(0.6133333333 0.006085437887 0)
(0.6194666667 0.006085437887 0)
(0.6256 0.006085437887 0)
(0.6317333333 0.006085437887 0)
(0.6378666667 0.006085437887 0)
(0.644 0.006085437887 0)
(0.6501333333 0.006085437887 0)
(0.6562666667 0.006085437887 0)
(0.6624 0.006085437887 0)
(0.6685333333 0.006085437887 0)
(0.6746666667 0.006085437887 0)
(0.6808 0.006085437887 0)
(0.6869333333 0.006085437887 0)
(0.6930666667 0.006085437887 0)
(0.6992 0.006085437887 0)
(0.7053333333 0.006085437887 0)
(0.7114666667 0.006085437887 0)
(0.7176 0.006085437887 0)
(0.7237333333 0.006085437887 0)
(0.7298666667 0.006085437887 0)
(0.736 0.006085437887 0)
(0.7421333333 0.006085437887 0)
(0.7482666667 0.006085437887 0)
(0.7544 0.006085437887 0)
(0.7605333333 0.006085437887 0)
(0.7666666667 0.006085437887 0)
(0.7728 0.006085437887 0)
(0.7789333333 0.006085437887 0)
(0.7850666667 0.006085437887 0)
(0.7912 0.006085437887 0)
(0.7973333333 0.006085437887 0)
(0.8034666667 0.006085437887 0)
(0.8096 0.006085437887 0)
(0.8157333333 0.006085437887 0)
(0.8218666667 0.006085437887 0)
(0.828 0.006085437887 0)
(0.8341333333 0.006085437887 0)
(0.8402666667 0.006085437887 0)
(0.8464 0.006085437887 0)
(0.8525333333 0.006085437887 0)
(0.8586666667 0.006085437887 0)
(0.8648 0.006085437887 0)
(0.8709333333 0.006085437887 0)
(0.8770666667 0.006085437887 0)
(0.8832 0.006085437887 0)
(0.8893333333 0.006085437887 0)
(0.8954666667 0.006085437887 0)
(0.9016 0.006085437887 0)
(0.9077333333 0.006085437887 0)
(0.9138666667 0.006085437887 0)
(0.92 0.006085437887 0)
(0 0.006843971795 0)
(0.006133333333 0.006843971795 0)
(0.01226666667 0.006843971795 0)
(0.0184 0.006843971795 0)
(0.02453333333 0.006843971795 0)
(0.03066666667 0.006843971795 0)
(0.0368 0.006843971795 0)
(0.04293333333 0.006843971795 0)
(0.04906666667 0.006843971795 0)
(0.0552 0.006843971795 0)
(0.06133333333 0.006843971795 0)
(0.06746666667 0.006843971795 0)
(0.0736 0.006843971795 0)
(0.07973333333 0.006843971795 0)
(0.08586666667 0.006843971795 0)
(0.092 0.006843971795 0)
(0.09813333333 0.006843971795 0)
(0.1042666667 0.006843971795 0)
(0.1104 0.006843971795 0)
(0.1165333333 0.006843971795 0)
(0.1226666667 0.006843971795 0)
(0.1288 0.006843971795 0)
(0.1349333333 0.006843971795 0)
(0.1410666667 0.006843971795 0)
(0.1472 0.006843971795 0)
(0.1533333333 0.006843971795 0)
(0.1594666667 0.006843971795 0)
(0.1656 0.006843971795 0)
(0.1717333333 0.006843971795 0)
(0.1778666667 0.006843971795 0)
(0.184 0.006843971795 0)
(0.1901333333 0.006843971795 0)
(0.1962666667 0.006843971795 0)
(0.2024 0.006843971795 0)
(0.2085333333 0.006843971795 0)
(0.2146666667 0.006843971795 0)
(0.2208 0.006843971795 0)
(0.2269333333 0.006843971795 0)
(0.2330666667 0.006843971795 0)
(0.2392 0.006843971795 0)
(0.2453333333 0.006843971795 0)
(0.2514666667 0.006843971795 0)
(0.2576 0.006843971795 0)
(0.2637333333 0.006843971795 0)
(0.2698666667 0.006843971795 0)
(0.276 0.006843971795 0)
(0.2821333333 0.006843971795 0)
(0.2882666667 0.006843971795 0)
(0.2944 0.006843971795 0)
(0.3005333333 0.006843971795 0)
(0.3066666667 0.006843971795 0)
(0.3128 0.006843971795 0)
(0.3189333333 0.006843971795 0)
(0.3250666667 0.006843971795 0)
(0.3312 0.006843971795 0)
(0.3373333333 0.006843971795 0)
(0.3434666667 0.006843971795 0)
(0.3496 0.006843971795 0)
(0.3557333333 0.006843971795 0)
(0.3618666667 0.006843971795 0)
(0.368 0.006843971795 0)
(0.3741333333 0.006843971795 0)
(0.3802666667 0.006843971795 0)
(0.3864 0.006843971795 0)
(0.3925333333 0.006843971795 0)
(0.3986666667 0.006843971795 0)
(0.4048 0.006843971795 0)
(0.4109333333 0.006843971795 0)
(0.4170666667 0.006843971795 0)
(0.4232 0.006843971795 0)
(0.4293333333 0.006843971795 0)
(0.4354666667 0.006843971795 0)
(0.4416 0.006843971795 0)
(0.4477333333 0.006843971795 0)
(0.4538666667 0.006843971795 0)
(0.46 0.006843971795 0)
(0.4661333333 0.006843971795 0)
(0.4722666667 0.006843971795 0)
(0.4784 0.006843971795 0)
(0.4845333333 0.006843971795 0)
(0.4906666667 0.006843971795 0)
(0.4968 0.006843971795 0)
(0.5029333333 0.006843971795 0)
(0.5090666667 0.006843971795 0)
(0.5152 0.006843971795 0)
(0.5213333333 0.006843971795 0)
(0.5274666667 0.006843971795 0)
(0.5336 0.006843971795 0)
(0.5397333333 0.006843971795 0)
(0.5458666667 0.006843971795 0)
(0.552 0.006843971795 0)
(0.5581333333 0.006843971795 0)
(0.5642666667 0.006843971795 0)
(0.5704 0.006843971795 0)
(0.5765333333 0.006843971795 0)
(0.5826666667 0.006843971795 0)
(0.5888 0.006843971795 0)
(0.5949333333 0.006843971795 0)
(0.6010666667 0.006843971795 0)
(0.6072 0.006843971795 0)
(0.6133333333 0.006843971795 0)
(0.6194666667 0.006843971795 0)
(0.6256 0.006843971795 0)
(0.6317333333 0.006843971795 0)
(0.6378666667 0.006843971795 0)
(0.644 0.006843971795 0)
(0.6501333333 0.006843971795 0)
(0.6562666667 0.006843971795 0)
(0.6624 0.006843971795 0)
(0.6685333333 0.006843971795 0)
(0.6746666667 0.006843971795 0)
(0.6808 0.006843971795 0)
(0.6869333333 0.006843971795 0)
(0.6930666667 0.006843971795 0)
(0.6992 0.006843971795 0)
(0.7053333333 0.006843971795 0)
(0.7114666667 0.006843971795 0)
(0.7176 0.006843971795 0)
(0.7237333333 0.006843971795 0)
(0.7298666667 0.006843971795 0)
(0.736 0.006843971795 0)
(0.7421333333 0.006843971795 0)
(0.7482666667 0.006843971795 0)
(0.7544 0.006843971795 0)
(0.7605333333 0.006843971795 0)
(0.7666666667 0.006843971795 0)
(0.7728 0.006843971795 0)
(0.7789333333 0.006843971795 0)
(0.7850666667 0.006843971795 0)
(0.7912 0.006843971795 0)
(0.7973333333 0.006843971795 0)
(0.8034666667 0.006843971795 0)
(0.8096 0.006843971795 0)
(0.8157333333 0.006843971795 0)
(0.8218666667 0.006843971795 0)
(0.828 0.006843971795 0)
(0.8341333333 0.006843971795 0)
(0.8402666667 0.006843971795 0)
(0.8464 0.006843971795 0)
(0.8525333333 0.006843971795 0)
(0.8586666667 0.006843971795 0)
(0.8648 0.006843971795 0)
(0.8709333333 0.006843971795 0)
(0.8770666667 0.006843971795 0)
(0.8832 0.006843971795 0)
(0.8893333333 0.006843971795 0)
(0.8954666667 0.006843971795 0)
(0.9016 0.006843971795 0)
(0.9077333333 0.006843971795 0)
(0.9138666667 0.006843971795 0)
(0.92 0.006843971795 0)
(0 0.007678342623 0)
(0.006133333333 0.007678342623 0)
(0.01226666667 0.007678342623 0)
(0.0184 0.007678342623 0)
(0.02453333333 0.007678342623 0)
(0.03066666667 0.007678342623 0)
(0.0368 0.007678342623 0)
(0.04293333333 0.007678342623 0)
(0.04906666667 0.007678342623 0)
(0.0552 0.007678342623 0)
(0.06133333333 0.007678342623 0)
(0.06746666667 0.007678342623 0)
(0.0736 0.007678342623 0)
(0.07973333333 0.007678342623 0)
(0.08586666667 0.007678342623 0)
(0.092 0.007678342623 0)
(0.09813333333 0.007678342623 0)
(0.1042666667 0.007678342623 0)
(0.1104 0.007678342623 0)
(0.1165333333 0.007678342623 0)
(0.1226666667 0.007678342623 0)
(0.1288 0.007678342623 0)
(0.1349333333 0.007678342623 0)
(0.1410666667 0.007678342623 0)
(0.1472 0.007678342623 0)
(0.1533333333 0.007678342623 0)
(0.1594666667 0.007678342623 0)
(0.1656 0.007678342623 0)
(0.1717333333 0.007678342623 0)
(0.1778666667 0.007678342623 0)
(0.184 0.007678342623 0)
(0.1901333333 0.007678342623 0)
(0.1962666667 0.007678342623 0)
(0.2024 0.007678342623 0)
(0.2085333333 0.007678342623 0)
(0.2146666667 0.007678342623 0)
(0.2208 0.007678342623 0)
(0.2269333333 0.007678342623 0)
(0.2330666667 0.007678342623 0)
(0.2392 0.007678342623 0)
(0.2453333333 0.007678342623 0)
(0.2514666667 0.007678342623 0)
(0.2576 0.007678342623 0)
(0.2637333333 0.007678342623 0)
(0.2698666667 0.007678342623 0)
(0.276 0.007678342623 0)
(0.2821333333 0.007678342623 0)
(0.2882666667 0.007678342623 0)
(0.2944 0.007678342623 0)
(0.3005333333 0.007678342623 0)
(0.3066666667 0.007678342623 0)
(0.3128 0.007678342623 0)
(0.3189333333 0.007678342623 0)
(0.3250666667 0.007678342623 0)
(0.3312 0.007678342623 0)
(0.3373333333 0.007678342623 0)
(0.3434666667 0.007678342623 0)
(0.3496 0.007678342623 0)
(0.3557333333 0.007678342623 0)
(0.3618666667 0.007678342623 0)
(0.368 0.007678342623 0)
(0.3741333333 0.007678342623 0)
(0.3802666667 0.007678342623 0)
(0.3864 0.007678342623 0)
(0.3925333333 0.007678342623 0)
(0.3986666667 0.007678342623 0)
(0.4048 0.007678342623 0)
(0.4109333333 0.007678342623 0)
(0.4170666667 0.007678342623 0)
(0.4232 0.007678342623 0)
(0.4293333333 0.007678342623 0)
(0.4354666667 0.007678342623 0)
(0.4416 0.007678342623 0)
(0.4477333333 0.007678342623 0)
(0.4538666667 0.007678342623 0)
(0.46 0.007678342623 0)
(0.4661333333 0.007678342623 0)
(0.4722666667 0.007678342623 0)
(0.4784 0.007678342623 0)
(0.4845333333 0.007678342623 0)
(0.4906666667 0.007678342623 0)
(0.4968 0.007678342623 0)
(0.5029333333 0.007678342623 0)
(0.5090666667 0.007678342623 0)
(0.5152 0.007678342623 0)
(0.5213333333 0.007678342623 0)
(0.5274666667 0.007678342623 0)
(0.5336 0.007678342623 0)
(0.5397333333 0.007678342623 0)
(0.5458666667 0.007678342623 0)
(0.552 0.007678342623 0)
(0.5581333333 0.007678342623 0)
(0.5642666667 0.007678342623 0)
(0.5704 0.007678342623 0)
(0.5765333333 0.007678342623 0)
(0.5826666667 0.007678342623 0)
(0.5888 0.007678342623 0)
(0.5949333333 0.007678342623 0)
(0.6010666667 0.007678342623 0)
(0.6072 0.007678342623 0)
(0.6133333333 0.007678342623 0)
(0.6194666667 0.007678342623 0)
(0.6256 0.007678342623 0)
(0.6317333333 0.007678342623 0)
(0.6378666667 0.007678342623 0)
(0.644 0.007678342623 0)
(0.6501333333 0.007678342623 0)
(0.6562666667 0.007678342623 0)
(0.6624 0.007678342623 0)
(0.6685333333 0.007678342623 0)
(0.6746666667 0.007678342623 0)
(0.6808 0.007678342623 0)
(0.6869333333 0.007678342623 0)
(0.6930666667 0.007678342623 0)
(0.6992 0.007678342623 0)
(0.7053333333 0.007678342623 0)
(0.7114666667 0.007678342623 0)
(0.7176 0.007678342623 0)
(0.7237333333 0.007678342623 0)
(0.7298666667 0.007678342623 0)
(0.736 0.007678342623 0)
(0.7421333333 0.007678342623 0)
(0.7482666667 0.007678342623 0)
(0.7544 0.007678342623 0)
(0.7605333333 0.007678342623 0)
(0.7666666667 0.007678342623 0)
(0.7728 0.007678342623 0)
(0.7789333333 0.007678342623 0)
(0.7850666667 0.007678342623 0)
(0.7912 0.007678342623 0)
(0.7973333333 0.007678342623 0)
(0.8034666667 0.007678342623 0)
(0.8096 0.007678342623 0)
(0.8157333333 0.007678342623 0)
(0.8218666667 0.007678342623 0)
(0.828 0.007678342623 0)
(0.8341333333 0.007678342623 0)
(0.8402666667 0.007678342623 0)
(0.8464 0.007678342623 0)
(0.8525333333 0.007678342623 0)
(0.8586666667 0.007678342623 0)
(0.8648 0.007678342623 0)
(0.8709333333 0.007678342623 0)
(0.8770666667 0.007678342623 0)
(0.8832 0.007678342623 0)
(0.8893333333 0.007678342623 0)
(0.8954666667 0.007678342623 0)
(0.9016 0.007678342623 0)
(0.9077333333 0.007678342623 0)
(0.9138666667 0.007678342623 0)
(0.92 0.007678342623 0)
(0 0.008596132416 0)
(0.006133333333 0.008596132416 0)
(0.01226666667 0.008596132416 0)
(0.0184 0.008596132416 0)
(0.02453333333 0.008596132416 0)
(0.03066666667 0.008596132416 0)
(0.0368 0.008596132416 0)
(0.04293333333 0.008596132416 0)
(0.04906666667 0.008596132416 0)
(0.0552 0.008596132416 0)
(0.06133333333 0.008596132416 0)
(0.06746666667 0.008596132416 0)
(0.0736 0.008596132416 0)
(0.07973333333 0.008596132416 0)
(0.08586666667 0.008596132416 0)
(0.092 0.008596132416 0)
(0.09813333333 0.008596132416 0)
(0.1042666667 0.008596132416 0)
(0.1104 0.008596132416 0)
(0.1165333333 0.008596132416 0)
(0.1226666667 0.008596132416 0)
(0.1288 0.008596132416 0)
(0.1349333333 0.008596132416 0)
(0.1410666667 0.008596132416 0)
(0.1472 0.008596132416 0)
(0.1533333333 0.008596132416 0)
(0.1594666667 0.008596132416 0)
(0.1656 0.008596132416 0)
(0.1717333333 0.008596132416 0)
(0.1778666667 0.008596132416 0)
(0.184 0.008596132416 0)
(0.1901333333 0.008596132416 0)
(0.1962666667 0.008596132416 0)
(0.2024 0.008596132416 0)
(0.2085333333 0.008596132416 0)
(0.2146666667 0.008596132416 0)
(0.2208 0.008596132416 0)
(0.2269333333 0.008596132416 0)
(0.2330666667 0.008596132416 0)
(0.2392 0.008596132416 0)
(0.2453333333 0.008596132416 0)
(0.2514666667 0.008596132416 0)
(0.2576 0.008596132416 0)
(0.2637333333 0.008596132416 0)
(0.2698666667 0.008596132416 0)
(0.276 0.008596132416 0)
(0.2821333333 0.008596132416 0)
(0.2882666667 0.008596132416 0)
(0.2944 0.008596132416 0)
(0.3005333333 0.008596132416 0)
(0.3066666667 0.008596132416 0)
(0.3128 0.008596132416 0)
(0.3189333333 0.008596132416 0)
(0.3250666667 0.008596132416 0)
(0.3312 0.008596132416 0)
(0.3373333333 0.008596132416 0)
(0.3434666667 0.008596132416 0)
(0.3496 0.008596132416 0)
(0.3557333333 0.008596132416 0)
(0.3618666667 0.008596132416 0)
(0.368 0.008596132416 0)
(0.3741333333 0.008596132416 0)
(0.3802666667 0.008596132416 0)
(0.3864 0.008596132416 0)
(0.3925333333 0.008596132416 0)
(0.3986666667 0.008596132416 0)
(0.4048 0.008596132416 0)
(0.4109333333 0.008596132416 0)
(0.4170666667 0.008596132416 0)
(0.4232 0.008596132416 0)
(0.4293333333 0.008596132416 0)
(0.4354666667 0.008596132416 0)
(0.4416 0.008596132416 0)
(0.4477333333 0.008596132416 0)
(0.4538666667 0.008596132416 0)
(0.46 0.008596132416 0)
(0.4661333333 0.008596132416 0)
(0.4722666667 0.008596132416 0)
(0.4784 0.008596132416 0)
(0.4845333333 0.008596132416 0)
(0.4906666667 0.008596132416 0)
(0.4968 0.008596132416 0)
(0.5029333333 0.008596132416 0)
(0.5090666667 0.008596132416 0)
(0.5152 0.008596132416 0)
(0.5213333333 0.008596132416 0)
(0.5274666667 0.008596132416 0)
(0.5336 0.008596132416 0)
(0.5397333333 0.008596132416 0)
(0.5458666667 0.008596132416 0)
(0.552 0.008596132416 0)
(0.5581333333 0.008596132416 0)
(0.5642666667 0.008596132416 0)
(0.5704 0.008596132416 0)
(0.5765333333 0.008596132416 0)
(0.5826666667 0.008596132416 0)
(0.5888 0.008596132416 0)
(0.5949333333 0.008596132416 0)
(0.6010666667 0.008596132416 0)
(0.6072 0.008596132416 0)
(0.6133333333 0.008596132416 0)
(0.6194666667 0.008596132416 0)
(0.6256 0.008596132416 0)
(0.6317333333 0.008596132416 0)
(0.6378666667 0.008596132416 0)
(0.644 0.008596132416 0)
(0.6501333333 0.008596132416 0)
(0.6562666667 0.008596132416 0)
(0.6624 0.008596132416 0)
(0.6685333333 0.008596132416 0)
(0.6746666667 0.008596132416 0)
(0.6808 0.008596132416 0)
(0.6869333333 0.008596132416 0)
(0.6930666667 0.008596132416 0)
(0.6992 0.008596132416 0)
(0.7053333333 0.008596132416 0)
(0.7114666667 0.008596132416 0)
(0.7176 0.008596132416 0)
(0.7237333333 0.008596132416 0)
(0.7298666667 0.008596132416 0)
(0.736 0.008596132416 0)
(0.7421333333 0.008596132416 0)
(0.7482666667 0.008596132416 0)
(0.7544 0.008596132416 0)
(0.7605333333 0.008596132416 0)
(0.7666666667 0.008596132416 0)
(0.7728 0.008596132416 0)
(0.7789333333 0.008596132416 0)
(0.7850666667 0.008596132416 0)
(0.7912 0.008596132416 0)
(0.7973333333 0.008596132416 0)
(0.8034666667 0.008596132416 0)
(0.8096 0.008596132416 0)
(0.8157333333 0.008596132416 0)
(0.8218666667 0.008596132416 0)
(0.828 0.008596132416 0)
(0.8341333333 0.008596132416 0)
(0.8402666667 0.008596132416 0)
(0.8464 0.008596132416 0)
(0.8525333333 0.008596132416 0)
(0.8586666667 0.008596132416 0)
(0.8648 0.008596132416 0)
(0.8709333333 0.008596132416 0)
(0.8770666667 0.008596132416 0)
(0.8832 0.008596132416 0)
(0.8893333333 0.008596132416 0)
(0.8954666667 0.008596132416 0)
(0.9016 0.008596132416 0)
(0.9077333333 0.008596132416 0)
(0.9138666667 0.008596132416 0)
(0.92 0.008596132416 0)
(0 0.009605681259 0)
(0.006133333333 0.009605681259 0)
(0.01226666667 0.009605681259 0)
(0.0184 0.009605681259 0)
(0.02453333333 0.009605681259 0)
(0.03066666667 0.009605681259 0)
(0.0368 0.009605681259 0)
(0.04293333333 0.009605681259 0)
(0.04906666667 0.009605681259 0)
(0.0552 0.009605681259 0)
(0.06133333333 0.009605681259 0)
(0.06746666667 0.009605681259 0)
(0.0736 0.009605681259 0)
(0.07973333333 0.009605681259 0)
(0.08586666667 0.009605681259 0)
(0.092 0.009605681259 0)
(0.09813333333 0.009605681259 0)
(0.1042666667 0.009605681259 0)
(0.1104 0.009605681259 0)
(0.1165333333 0.009605681259 0)
(0.1226666667 0.009605681259 0)
(0.1288 0.009605681259 0)
(0.1349333333 0.009605681259 0)
(0.1410666667 0.009605681259 0)
(0.1472 0.009605681259 0)
(0.1533333333 0.009605681259 0)
(0.1594666667 0.009605681259 0)
(0.1656 0.009605681259 0)
(0.1717333333 0.009605681259 0)
(0.1778666667 0.009605681259 0)
(0.184 0.009605681259 0)
(0.1901333333 0.009605681259 0)
(0.1962666667 0.009605681259 0)
(0.2024 0.009605681259 0)
(0.2085333333 0.009605681259 0)
(0.2146666667 0.009605681259 0)
(0.2208 0.009605681259 0)
(0.2269333333 0.009605681259 0)
(0.2330666667 0.009605681259 0)
(0.2392 0.009605681259 0)
(0.2453333333 0.009605681259 0)
(0.2514666667 0.009605681259 0)
(0.2576 0.009605681259 0)
(0.2637333333 0.009605681259 0)
(0.2698666667 0.009605681259 0)
(0.276 0.009605681259 0)
(0.2821333333 0.009605681259 0)
(0.2882666667 0.009605681259 0)
(0.2944 0.009605681259 0)
(0.3005333333 0.009605681259 0)
(0.3066666667 0.009605681259 0)
(0.3128 0.009605681259 0)
(0.3189333333 0.009605681259 0)
(0.3250666667 0.009605681259 0)
(0.3312 0.009605681259 0)
(0.3373333333 0.009605681259 0)
(0.3434666667 0.009605681259 0)
(0.3496 0.009605681259 0)
(0.3557333333 0.009605681259 0)
(0.3618666667 0.009605681259 0)
(0.368 0.009605681259 0)
(0.3741333333 0.009605681259 0)
(0.3802666667 0.009605681259 0)
(0.3864 0.009605681259 0)
(0.3925333333 0.009605681259 0)
(0.3986666667 0.009605681259 0)
(0.4048 0.009605681259 0)
(0.4109333333 0.009605681259 0)
(0.4170666667 0.009605681259 0)
(0.4232 0.009605681259 0)
(0.4293333333 0.009605681259 0)
(0.4354666667 0.009605681259 0)
(0.4416 0.009605681259 0)
(0.4477333333 0.009605681259 0)
(0.4538666667 0.009605681259 0)
(0.46 0.009605681259 0)
(0.4661333333 0.009605681259 0)
(0.4722666667 0.009605681259 0)
(0.4784 0.009605681259 0)
(0.4845333333 0.009605681259 0)
(0.4906666667 0.009605681259 0)
(0.4968 0.009605681259 0)
(0.5029333333 0.009605681259 0)
(0.5090666667 0.009605681259 0)
(0.5152 0.009605681259 0)
(0.5213333333 0.009605681259 0)
(0.5274666667 0.009605681259 0)
(0.5336 0.009605681259 0)
(0.5397333333 0.009605681259 0)
(0.5458666667 0.009605681259 0)
(0.552 0.009605681259 0)
(0.5581333333 0.009605681259 0)
(0.5642666667 0.009605681259 0)
(0.5704 0.009605681259 0)
(0.5765333333 0.009605681259 0)
(0.5826666667 0.009605681259 0)
(0.5888 0.009605681259 0)
(0.5949333333 0.009605681259 0)
(0.6010666667 0.009605681259 0)
(0.6072 0.009605681259 0)
(0.6133333333 0.009605681259 0)
(0.6194666667 0.009605681259 0)
(0.6256 0.009605681259 0)
(0.6317333333 0.009605681259 0)
(0.6378666667 0.009605681259 0)
(0.644 0.009605681259 0)
(0.6501333333 0.009605681259 0)
(0.6562666667 0.009605681259 0)
(0.6624 0.009605681259 0)
(0.6685333333 0.009605681259 0)
(0.6746666667 0.009605681259 0)
(0.6808 0.009605681259 0)
(0.6869333333 0.009605681259 0)
(0.6930666667 0.009605681259 0)
(0.6992 0.009605681259 0)
(0.7053333333 0.009605681259 0)
(0.7114666667 0.009605681259 0)
(0.7176 0.009605681259 0)
(0.7237333333 0.009605681259 0)
(0.7298666667 0.009605681259 0)
(0.736 0.009605681259 0)
(0.7421333333 0.009605681259 0)
(0.7482666667 0.009605681259 0)
(0.7544 0.009605681259 0)
(0.7605333333 0.009605681259 0)
(0.7666666667 0.009605681259 0)
(0.7728 0.009605681259 0)
(0.7789333333 0.009605681259 0)
(0.7850666667 0.009605681259 0)
(0.7912 0.009605681259 0)
(0.7973333333 0.009605681259 0)
(0.8034666667 0.009605681259 0)
(0.8096 0.009605681259 0)
(0.8157333333 0.009605681259 0)
(0.8218666667 0.009605681259 0)
(0.828 0.009605681259 0)
(0.8341333333 0.009605681259 0)
(0.8402666667 0.009605681259 0)
(0.8464 0.009605681259 0)
(0.8525333333 0.009605681259 0)
(0.8586666667 0.009605681259 0)
(0.8648 0.009605681259 0)
(0.8709333333 0.009605681259 0)
(0.8770666667 0.009605681259 0)
(0.8832 0.009605681259 0)
(0.8893333333 0.009605681259 0)
(0.8954666667 0.009605681259 0)
(0.9016 0.009605681259 0)
(0.9077333333 0.009605681259 0)
(0.9138666667 0.009605681259 0)
(0.92 0.009605681259 0)
(0 0.01071616306 0)
(0.006133333333 0.01071616306 0)
(0.01226666667 0.01071616306 0)
(0.0184 0.01071616306 0)
(0.02453333333 0.01071616306 0)
(0.03066666667 0.01071616306 0)
(0.0368 0.01071616306 0)
(0.04293333333 0.01071616306 0)
(0.04906666667 0.01071616306 0)
(0.0552 0.01071616306 0)
(0.06133333333 0.01071616306 0)
(0.06746666667 0.01071616306 0)
(0.0736 0.01071616306 0)
(0.07973333333 0.01071616306 0)
(0.08586666667 0.01071616306 0)
(0.092 0.01071616306 0)
(0.09813333333 0.01071616306 0)
(0.1042666667 0.01071616306 0)
(0.1104 0.01071616306 0)
(0.1165333333 0.01071616306 0)
(0.1226666667 0.01071616306 0)
(0.1288 0.01071616306 0)
(0.1349333333 0.01071616306 0)
(0.1410666667 0.01071616306 0)
(0.1472 0.01071616306 0)
(0.1533333333 0.01071616306 0)
(0.1594666667 0.01071616306 0)
(0.1656 0.01071616306 0)
(0.1717333333 0.01071616306 0)
(0.1778666667 0.01071616306 0)
(0.184 0.01071616306 0)
(0.1901333333 0.01071616306 0)
(0.1962666667 0.01071616306 0)
(0.2024 0.01071616306 0)
(0.2085333333 0.01071616306 0)
(0.2146666667 0.01071616306 0)
(0.2208 0.01071616306 0)
(0.2269333333 0.01071616306 0)
(0.2330666667 0.01071616306 0)
(0.2392 0.01071616306 0)
(0.2453333333 0.01071616306 0)
(0.2514666667 0.01071616306 0)
(0.2576 0.01071616306 0)
(0.2637333333 0.01071616306 0)
(0.2698666667 0.01071616306 0)
(0.276 0.01071616306 0)
(0.2821333333 0.01071616306 0)
(0.2882666667 0.01071616306 0)
(0.2944 0.01071616306 0)
(0.3005333333 0.01071616306 0)
(0.3066666667 0.01071616306 0)
(0.3128 0.01071616306 0)
(0.3189333333 0.01071616306 0)
(0.3250666667 0.01071616306 0)
(0.3312 0.01071616306 0)
(0.3373333333 0.01071616306 0)
(0.3434666667 0.01071616306 0)
(0.3496 0.01071616306 0)
(0.3557333333 0.01071616306 0)
(0.3618666667 0.01071616306 0)
(0.368 0.01071616306 0)
(0.3741333333 0.01071616306 0)
(0.3802666667 0.01071616306 0)
(0.3864 0.01071616306 0)
(0.3925333333 0.01071616306 0)
(0.3986666667 0.01071616306 0)
(0.4048 0.01071616306 0)
(0.4109333333 0.01071616306 0)
(0.4170666667 0.01071616306 0)
(0.4232 0.01071616306 0)
(0.4293333333 0.01071616306 0)
(0.4354666667 0.01071616306 0)
(0.4416 0.01071616306 0)
(0.4477333333 0.01071616306 0)
(0.4538666667 0.01071616306 0)
(0.46 0.01071616306 0)
(0.4661333333 0.01071616306 0)
(0.4722666667 0.01071616306 0)
(0.4784 0.01071616306 0)
(0.4845333333 0.01071616306 0)
(0.4906666667 0.01071616306 0)
(0.4968 0.01071616306 0)
(0.5029333333 0.01071616306 0)
(0.5090666667 0.01071616306 0)
(0.5152 0.01071616306 0)
(0.5213333333 0.01071616306 0)
(0.5274666667 0.01071616306 0)
(0.5336 0.01071616306 0)
(0.5397333333 0.01071616306 0)
(0.5458666667 0.01071616306 0)
(0.552 0.01071616306 0)
(0.5581333333 0.01071616306 0)
(0.5642666667 0.01071616306 0)
(0.5704 0.01071616306 0)
(0.5765333333 0.01071616306 0)
(0.5826666667 0.01071616306 0)
(0.5888 0.01071616306 0)
(0.5949333333 0.01071616306 0)
(0.6010666667 0.01071616306 0)
(0.6072 0.01071616306 0)
(0.6133333333 0.01071616306 0)
(0.6194666667 0.01071616306 0)
(0.6256 0.01071616306 0)
(0.6317333333 0.01071616306 0)
(0.6378666667 0.01071616306 0)
(0.644 0.01071616306 0)
(0.6501333333 0.01071616306 0)
(0.6562666667 0.01071616306 0)
(0.6624 0.01071616306 0)
(0.6685333333 0.01071616306 0)
(0.6746666667 0.01071616306 0)
(0.6808 0.01071616306 0)
(0.6869333333 0.01071616306 0)
(0.6930666667 0.01071616306 0)
(0.6992 0.01071616306 0)
(0.7053333333 0.01071616306 0)
(0.7114666667 0.01071616306 0)
(0.7176 0.01071616306 0)
(0.7237333333 0.01071616306 0)
(0.7298666667 0.01071616306 0)
(0.736 0.01071616306 0)
(0.7421333333 0.01071616306 0)
(0.7482666667 0.01071616306 0)
(0.7544 0.01071616306 0)
(0.7605333333 0.01071616306 0)
(0.7666666667 0.01071616306 0)
(0.7728 0.01071616306 0)
(0.7789333333 0.01071616306 0)
(0.7850666667 0.01071616306 0)
(0.7912 0.01071616306 0)
(0.7973333333 0.01071616306 0)
(0.8034666667 0.01071616306 0)
(0.8096 0.01071616306 0)
(0.8157333333 0.01071616306 0)
(0.8218666667 0.01071616306 0)
(0.828 0.01071616306 0)
(0.8341333333 0.01071616306 0)
(0.8402666667 0.01071616306 0)
(0.8464 0.01071616306 0)
(0.8525333333 0.01071616306 0)
(0.8586666667 0.01071616306 0)
(0.8648 0.01071616306 0)
(0.8709333333 0.01071616306 0)
(0.8770666667 0.01071616306 0)
(0.8832 0.01071616306 0)
(0.8893333333 0.01071616306 0)
(0.8954666667 0.01071616306 0)
(0.9016 0.01071616306 0)
(0.9077333333 0.01071616306 0)
(0.9138666667 0.01071616306 0)
(0.92 0.01071616306 0)
(0 0.01193766894 0)
(0.006133333333 0.01193766894 0)
(0.01226666667 0.01193766894 0)
(0.0184 0.01193766894 0)
(0.02453333333 0.01193766894 0)
(0.03066666667 0.01193766894 0)
(0.0368 0.01193766894 0)
(0.04293333333 0.01193766894 0)
(0.04906666667 0.01193766894 0)
(0.0552 0.01193766894 0)
(0.06133333333 0.01193766894 0)
(0.06746666667 0.01193766894 0)
(0.0736 0.01193766894 0)
(0.07973333333 0.01193766894 0)
(0.08586666667 0.01193766894 0)
(0.092 0.01193766894 0)
(0.09813333333 0.01193766894 0)
(0.1042666667 0.01193766894 0)
(0.1104 0.01193766894 0)
(0.1165333333 0.01193766894 0)
(0.1226666667 0.01193766894 0)
(0.1288 0.01193766894 0)
(0.1349333333 0.01193766894 0)
(0.1410666667 0.01193766894 0)
(0.1472 0.01193766894 0)
(0.1533333333 0.01193766894 0)
(0.1594666667 0.01193766894 0)
(0.1656 0.01193766894 0)
(0.1717333333 0.01193766894 0)
(0.1778666667 0.01193766894 0)
(0.184 0.01193766894 0)
(0.1901333333 0.01193766894 0)
(0.1962666667 0.01193766894 0)
(0.2024 0.01193766894 0)
(0.2085333333 0.01193766894 0)
(0.2146666667 0.01193766894 0)
(0.2208 0.01193766894 0)
(0.2269333333 0.01193766894 0)
(0.2330666667 0.01193766894 0)
(0.2392 0.01193766894 0)
(0.2453333333 0.01193766894 0)
(0.2514666667 0.01193766894 0)
(0.2576 0.01193766894 0)
(0.2637333333 0.01193766894 0)
(0.2698666667 0.01193766894 0)
(0.276 0.01193766894 0)
(0.2821333333 0.01193766894 0)
(0.2882666667 0.01193766894 0)
(0.2944 0.01193766894 0)
(0.3005333333 0.01193766894 0)
(0.3066666667 0.01193766894 0)
(0.3128 0.01193766894 0)
(0.3189333333 0.01193766894 0)
(0.3250666667 0.01193766894 0)
(0.3312 0.01193766894 0)
(0.3373333333 0.01193766894 0)
(0.3434666667 0.01193766894 0)
(0.3496 0.01193766894 0)
(0.3557333333 0.01193766894 0)
(0.3618666667 0.01193766894 0)
(0.368 0.01193766894 0)
(0.3741333333 0.01193766894 0)
(0.3802666667 0.01193766894 0)
(0.3864 0.01193766894 0)
(0.3925333333 0.01193766894 0)
(0.3986666667 0.01193766894 0)
(0.4048 0.01193766894 0)
(0.4109333333 0.01193766894 0)
(0.4170666667 0.01193766894 0)
(0.4232 0.01193766894 0)
(0.4293333333 0.01193766894 0)
(0.4354666667 0.01193766894 0)
(0.4416 0.01193766894 0)
(0.4477333333 0.01193766894 0)
(0.4538666667 0.01193766894 0)
(0.46 0.01193766894 0)
(0.4661333333 0.01193766894 0)
(0.4722666667 0.01193766894 0)
(0.4784 0.01193766894 0)
(0.4845333333 0.01193766894 0)
(0.4906666667 0.01193766894 0)
(0.4968 0.01193766894 0)
(0.5029333333 0.01193766894 0)
(0.5090666667 0.01193766894 0)
(0.5152 0.01193766894 0)
(0.5213333333 0.01193766894 0)
(0.5274666667 0.01193766894 0)
(0.5336 0.01193766894 0)
(0.5397333333 0.01193766894 0)
(0.5458666667 0.01193766894 0)
(0.552 0.01193766894 0)
(0.5581333333 0.01193766894 0)
(0.5642666667 0.01193766894 0)
(0.5704 0.01193766894 0)
(0.5765333333 0.01193766894 0)
(0.5826666667 0.01193766894 0)
(0.5888 0.01193766894 0)
(0.5949333333 0.01193766894 0)
(0.6010666667 0.01193766894 0)
(0.6072 0.01193766894 0)
(0.6133333333 0.01193766894 0)
(0.6194666667 0.01193766894 0)
(0.6256 0.01193766894 0)
(0.6317333333 0.01193766894 0)
(0.6378666667 0.01193766894 0)
(0.644 0.01193766894 0)
(0.6501333333 0.01193766894 0)
(0.6562666667 0.01193766894 0)
(0.6624 0.01193766894 0)
(0.6685333333 0.01193766894 0)
(0.6746666667 0.01193766894 0)
(0.6808 0.01193766894 0)
(0.6869333333 0.01193766894 0)
(0.6930666667 0.01193766894 0)
(0.6992 0.01193766894 0)
(0.7053333333 0.01193766894 0)
(0.7114666667 0.01193766894 0)
(0.7176 0.01193766894 0)
(0.7237333333 0.01193766894 0)
(0.7298666667 0.01193766894 0)
(0.736 0.01193766894 0)
(0.7421333333 0.01193766894 0)
(0.7482666667 0.01193766894 0)
(0.7544 0.01193766894 0)
(0.7605333333 0.01193766894 0)
(0.7666666667 0.01193766894 0)
(0.7728 0.01193766894 0)
(0.7789333333 0.01193766894 0)
(0.7850666667 0.01193766894 0)
(0.7912 0.01193766894 0)
(0.7973333333 0.01193766894 0)
(0.8034666667 0.01193766894 0)
(0.8096 0.01193766894 0)
(0.8157333333 0.01193766894 0)
(0.8218666667 0.01193766894 0)
(0.828 0.01193766894 0)
(0.8341333333 0.01193766894 0)
(0.8402666667 0.01193766894 0)
(0.8464 0.01193766894 0)
(0.8525333333 0.01193766894 0)
(0.8586666667 0.01193766894 0)
(0.8648 0.01193766894 0)
(0.8709333333 0.01193766894 0)
(0.8770666667 0.01193766894 0)
(0.8832 0.01193766894 0)
(0.8893333333 0.01193766894 0)
(0.8954666667 0.01193766894 0)
(0.9016 0.01193766894 0)
(0.9077333333 0.01193766894 0)
(0.9138666667 0.01193766894 0)
(0.92 0.01193766894 0)
(0 0.01328129887 0)
(0.006133333333 0.01328129887 0)
(0.01226666667 0.01328129887 0)
(0.0184 0.01328129887 0)
(0.02453333333 0.01328129887 0)
(0.03066666667 0.01328129887 0)
(0.0368 0.01328129887 0)
(0.04293333333 0.01328129887 0)
(0.04906666667 0.01328129887 0)
(0.0552 0.01328129887 0)
(0.06133333333 0.01328129887 0)
(0.06746666667 0.01328129887 0)
(0.0736 0.01328129887 0)
(0.07973333333 0.01328129887 0)
(0.08586666667 0.01328129887 0)
(0.092 0.01328129887 0)
(0.09813333333 0.01328129887 0)
(0.1042666667 0.01328129887 0)
(0.1104 0.01328129887 0)
(0.1165333333 0.01328129887 0)
(0.1226666667 0.01328129887 0)
(0.1288 0.01328129887 0)
(0.1349333333 0.01328129887 0)
(0.1410666667 0.01328129887 0)
(0.1472 0.01328129887 0)
(0.1533333333 0.01328129887 0)
(0.1594666667 0.01328129887 0)
(0.1656 0.01328129887 0)
(0.1717333333 0.01328129887 0)
(0.1778666667 0.01328129887 0)
(0.184 0.01328129887 0)
(0.1901333333 0.01328129887 0)
(0.1962666667 0.01328129887 0)
(0.2024 0.01328129887 0)
(0.2085333333 0.01328129887 0)
(0.2146666667 0.01328129887 0)
(0.2208 0.01328129887 0)
(0.2269333333 0.01328129887 0)
(0.2330666667 0.01328129887 0)
(0.2392 0.01328129887 0)
(0.2453333333 0.01328129887 0)
(0.2514666667 0.01328129887 0)
(0.2576 0.01328129887 0)
(0.2637333333 0.01328129887 0)
(0.2698666667 0.01328129887 0)
(0.276 0.01328129887 0)
(0.2821333333 0.01328129887 0)
(0.2882666667 0.01328129887 0)
(0.2944 0.01328129887 0)
(0.3005333333 0.01328129887 0)
(0.3066666667 0.01328129887 0)
(0.3128 0.01328129887 0)
(0.3189333333 0.01328129887 0)
(0.3250666667 0.01328129887 0)
(0.3312 0.01328129887 0)
(0.3373333333 0.01328129887 0)
(0.3434666667 0.01328129887 0)
(0.3496 0.01328129887 0)
(0.3557333333 0.01328129887 0)
(0.3618666667 0.01328129887 0)
(0.368 0.01328129887 0)
(0.3741333333 0.01328129887 0)
(0.3802666667 0.01328129887 0)
(0.3864 0.01328129887 0)
(0.3925333333 0.01328129887 0)
(0.3986666667 0.01328129887 0)
(0.4048 0.01328129887 0)
(0.4109333333 0.01328129887 0)
(0.4170666667 0.01328129887 0)
(0.4232 0.01328129887 0)
(0.4293333333 0.01328129887 0)
(0.4354666667 0.01328129887 0)
(0.4416 0.01328129887 0)
(0.4477333333 0.01328129887 0)
(0.4538666667 0.01328129887 0)
(0.46 0.01328129887 0)
(0.4661333333 0.01328129887 0)
(0.4722666667 0.01328129887 0)
(0.4784 0.01328129887 0)
(0.4845333333 0.01328129887 0)
(0.4906666667 0.01328129887 0)
(0.4968 0.01328129887 0)
(0.5029333333 0.01328129887 0)
(0.5090666667 0.01328129887 0)
(0.5152 0.01328129887 0)
(0.5213333333 0.01328129887 0)
(0.5274666667 0.01328129887 0)
(0.5336 0.01328129887 0)
(0.5397333333 0.01328129887 0)
(0.5458666667 0.01328129887 0)
(0.552 0.01328129887 0)
(0.5581333333 0.01328129887 0)
(0.5642666667 0.01328129887 0)
(0.5704 0.01328129887 0)
(0.5765333333 0.01328129887 0)
(0.5826666667 0.01328129887 0)
(0.5888 0.01328129887 0)
(0.5949333333 0.01328129887 0)
(0.6010666667 0.01328129887 0)
(0.6072 0.01328129887 0)
(0.6133333333 0.01328129887 0)
(0.6194666667 0.01328129887 0)
(0.6256 0.01328129887 0)
(0.6317333333 0.01328129887 0)
(0.6378666667 0.01328129887 0)
(0.644 0.01328129887 0)
(0.6501333333 0.01328129887 0)
(0.6562666667 0.01328129887 0)
(0.6624 0.01328129887 0)
(0.6685333333 0.01328129887 0)
(0.6746666667 0.01328129887 0)
(0.6808 0.01328129887 0)
(0.6869333333 0.01328129887 0)
(0.6930666667 0.01328129887 0)
(0.6992 0.01328129887 0)
(0.7053333333 0.01328129887 0)
(0.7114666667 0.01328129887 0)
(0.7176 0.01328129887 0)
(0.7237333333 0.01328129887 0)
(0.7298666667 0.01328129887 0)
(0.736 0.01328129887 0)
(0.7421333333 0.01328129887 0)
(0.7482666667 0.01328129887 0)
(0.7544 0.01328129887 0)
(0.7605333333 0.01328129887 0)
(0.7666666667 0.01328129887 0)
(0.7728 0.01328129887 0)
(0.7789333333 0.01328129887 0)
(0.7850666667 0.01328129887 0)
(0.7912 0.01328129887 0)
(0.7973333333 0.01328129887 0)
(0.8034666667 0.01328129887 0)
(0.8096 0.01328129887 0)
(0.8157333333 0.01328129887 0)
(0.8218666667 0.01328129887 0)
(0.828 0.01328129887 0)
(0.8341333333 0.01328129887 0)
(0.8402666667 0.01328129887 0)
(0.8464 0.01328129887 0)
(0.8525333333 0.01328129887 0)
(0.8586666667 0.01328129887 0)
(0.8648 0.01328129887 0)
(0.8709333333 0.01328129887 0)
(0.8770666667 0.01328129887 0)
(0.8832 0.01328129887 0)
(0.8893333333 0.01328129887 0)
(0.8954666667 0.01328129887 0)
(0.9016 0.01328129887 0)
(0.9077333333 0.01328129887 0)
(0.9138666667 0.01328129887 0)
(0.92 0.01328129887 0)
(0 0.01475926263 0)
(0.006133333333 0.01475926263 0)
(0.01226666667 0.01475926263 0)
(0.0184 0.01475926263 0)
(0.02453333333 0.01475926263 0)
(0.03066666667 0.01475926263 0)
(0.0368 0.01475926263 0)
(0.04293333333 0.01475926263 0)
(0.04906666667 0.01475926263 0)
(0.0552 0.01475926263 0)
(0.06133333333 0.01475926263 0)
(0.06746666667 0.01475926263 0)
(0.0736 0.01475926263 0)
(0.07973333333 0.01475926263 0)
(0.08586666667 0.01475926263 0)
(0.092 0.01475926263 0)
(0.09813333333 0.01475926263 0)
(0.1042666667 0.01475926263 0)
(0.1104 0.01475926263 0)
(0.1165333333 0.01475926263 0)
(0.1226666667 0.01475926263 0)
(0.1288 0.01475926263 0)
(0.1349333333 0.01475926263 0)
(0.1410666667 0.01475926263 0)
(0.1472 0.01475926263 0)
(0.1533333333 0.01475926263 0)
(0.1594666667 0.01475926263 0)
(0.1656 0.01475926263 0)
(0.1717333333 0.01475926263 0)
(0.1778666667 0.01475926263 0)
(0.184 0.01475926263 0)
(0.1901333333 0.01475926263 0)
(0.1962666667 0.01475926263 0)
(0.2024 0.01475926263 0)
(0.2085333333 0.01475926263 0)
(0.2146666667 0.01475926263 0)
(0.2208 0.01475926263 0)
(0.2269333333 0.01475926263 0)
(0.2330666667 0.01475926263 0)
(0.2392 0.01475926263 0)
(0.2453333333 0.01475926263 0)
(0.2514666667 0.01475926263 0)
(0.2576 0.01475926263 0)
(0.2637333333 0.01475926263 0)
(0.2698666667 0.01475926263 0)
(0.276 0.01475926263 0)
(0.2821333333 0.01475926263 0)
(0.2882666667 0.01475926263 0)
(0.2944 0.01475926263 0)
(0.3005333333 0.01475926263 0)
(0.3066666667 0.01475926263 0)
(0.3128 0.01475926263 0)
(0.3189333333 0.01475926263 0)
(0.3250666667 0.01475926263 0)
(0.3312 0.01475926263 0)
(0.3373333333 0.01475926263 0)
(0.3434666667 0.01475926263 0)
(0.3496 0.01475926263 0)
(0.3557333333 0.01475926263 0)
(0.3618666667 0.01475926263 0)
(0.368 0.01475926263 0)
(0.3741333333 0.01475926263 0)
(0.3802666667 0.01475926263 0)
(0.3864 0.01475926263 0)
(0.3925333333 0.01475926263 0)
(0.3986666667 0.01475926263 0)
(0.4048 0.01475926263 0)
(0.4109333333 0.01475926263 0)
(0.4170666667 0.01475926263 0)
(0.4232 0.01475926263 0)
(0.4293333333 0.01475926263 0)
(0.4354666667 0.01475926263 0)
(0.4416 0.01475926263 0)
(0.4477333333 0.01475926263 0)
(0.4538666667 0.01475926263 0)
(0.46 0.01475926263 0)
(0.4661333333 0.01475926263 0)
(0.4722666667 0.01475926263 0)
(0.4784 0.01475926263 0)
(0.4845333333 0.01475926263 0)
(0.4906666667 0.01475926263 0)
(0.4968 0.01475926263 0)
(0.5029333333 0.01475926263 0)
(0.5090666667 0.01475926263 0)
(0.5152 0.01475926263 0)
(0.5213333333 0.01475926263 0)
(0.5274666667 0.01475926263 0)
(0.5336 0.01475926263 0)
(0.5397333333 0.01475926263 0)
(0.5458666667 0.01475926263 0)
(0.552 0.01475926263 0)
(0.5581333333 0.01475926263 0)
(0.5642666667 0.01475926263 0)
(0.5704 0.01475926263 0)
(0.5765333333 0.01475926263 0)
(0.5826666667 0.01475926263 0)
(0.5888 0.01475926263 0)
(0.5949333333 0.01475926263 0)
(0.6010666667 0.01475926263 0)
(0.6072 0.01475926263 0)
(0.6133333333 0.01475926263 0)
(0.6194666667 0.01475926263 0)
(0.6256 0.01475926263 0)
(0.6317333333 0.01475926263 0)
(0.6378666667 0.01475926263 0)
(0.644 0.01475926263 0)
(0.6501333333 0.01475926263 0)
(0.6562666667 0.01475926263 0)
(0.6624 0.01475926263 0)
(0.6685333333 0.01475926263 0)
(0.6746666667 0.01475926263 0)
(0.6808 0.01475926263 0)
(0.6869333333 0.01475926263 0)
(0.6930666667 0.01475926263 0)
(0.6992 0.01475926263 0)
(0.7053333333 0.01475926263 0)
(0.7114666667 0.01475926263 0)
(0.7176 0.01475926263 0)
(0.7237333333 0.01475926263 0)
(0.7298666667 0.01475926263 0)
(0.736 0.01475926263 0)
(0.7421333333 0.01475926263 0)
(0.7482666667 0.01475926263 0)
(0.7544 0.01475926263 0)
(0.7605333333 0.01475926263 0)
(0.7666666667 0.01475926263 0)
(0.7728 0.01475926263 0)
(0.7789333333 0.01475926263 0)
(0.7850666667 0.01475926263 0)
(0.7912 0.01475926263 0)
(0.7973333333 0.01475926263 0)
(0.8034666667 0.01475926263 0)
(0.8096 0.01475926263 0)
(0.8157333333 0.01475926263 0)
(0.8218666667 0.01475926263 0)
(0.828 0.01475926263 0)
(0.8341333333 0.01475926263 0)
(0.8402666667 0.01475926263 0)
(0.8464 0.01475926263 0)
(0.8525333333 0.01475926263 0)
(0.8586666667 0.01475926263 0)
(0.8648 0.01475926263 0)
(0.8709333333 0.01475926263 0)
(0.8770666667 0.01475926263 0)
(0.8832 0.01475926263 0)
(0.8893333333 0.01475926263 0)
(0.8954666667 0.01475926263 0)
(0.9016 0.01475926263 0)
(0.9077333333 0.01475926263 0)
(0.9138666667 0.01475926263 0)
(0.92 0.01475926263 0)
(0 0.01638499066 0)
(0.006133333333 0.01638499066 0)
(0.01226666667 0.01638499066 0)
(0.0184 0.01638499066 0)
(0.02453333333 0.01638499066 0)
(0.03066666667 0.01638499066 0)
(0.0368 0.01638499066 0)
(0.04293333333 0.01638499066 0)
(0.04906666667 0.01638499066 0)
(0.0552 0.01638499066 0)
(0.06133333333 0.01638499066 0)
(0.06746666667 0.01638499066 0)
(0.0736 0.01638499066 0)
(0.07973333333 0.01638499066 0)
(0.08586666667 0.01638499066 0)
(0.092 0.01638499066 0)
(0.09813333333 0.01638499066 0)
(0.1042666667 0.01638499066 0)
(0.1104 0.01638499066 0)
(0.1165333333 0.01638499066 0)
(0.1226666667 0.01638499066 0)
(0.1288 0.01638499066 0)
(0.1349333333 0.01638499066 0)
(0.1410666667 0.01638499066 0)
(0.1472 0.01638499066 0)
(0.1533333333 0.01638499066 0)
(0.1594666667 0.01638499066 0)
(0.1656 0.01638499066 0)
(0.1717333333 0.01638499066 0)
(0.1778666667 0.01638499066 0)
(0.184 0.01638499066 0)
(0.1901333333 0.01638499066 0)
(0.1962666667 0.01638499066 0)
(0.2024 0.01638499066 0)
(0.2085333333 0.01638499066 0)
(0.2146666667 0.01638499066 0)
(0.2208 0.01638499066 0)
(0.2269333333 0.01638499066 0)
(0.2330666667 0.01638499066 0)
(0.2392 0.01638499066 0)
(0.2453333333 0.01638499066 0)
(0.2514666667 0.01638499066 0)
(0.2576 0.01638499066 0)
(0.2637333333 0.01638499066 0)
(0.2698666667 0.01638499066 0)
(0.276 0.01638499066 0)
(0.2821333333 0.01638499066 0)
(0.2882666667 0.01638499066 0)
(0.2944 0.01638499066 0)
(0.3005333333 0.01638499066 0)
(0.3066666667 0.01638499066 0)
(0.3128 0.01638499066 0)
(0.3189333333 0.01638499066 0)
(0.3250666667 0.01638499066 0)
(0.3312 0.01638499066 0)
(0.3373333333 0.01638499066 0)
(0.3434666667 0.01638499066 0)
(0.3496 0.01638499066 0)
(0.3557333333 0.01638499066 0)
(0.3618666667 0.01638499066 0)
(0.368 0.01638499066 0)
(0.3741333333 0.01638499066 0)
(0.3802666667 0.01638499066 0)
(0.3864 0.01638499066 0)
(0.3925333333 0.01638499066 0)
(0.3986666667 0.01638499066 0)
(0.4048 0.01638499066 0)
(0.4109333333 0.01638499066 0)
(0.4170666667 0.01638499066 0)
(0.4232 0.01638499066 0)
(0.4293333333 0.01638499066 0)
(0.4354666667 0.01638499066 0)
(0.4416 0.01638499066 0)
(0.4477333333 0.01638499066 0)
(0.4538666667 0.01638499066 0)
(0.46 0.01638499066 0)
(0.4661333333 0.01638499066 0)
(0.4722666667 0.01638499066 0)
(0.4784 0.01638499066 0)
(0.4845333333 0.01638499066 0)
(0.4906666667 0.01638499066 0)
(0.4968 0.01638499066 0)
(0.5029333333 0.01638499066 0)
(0.5090666667 0.01638499066 0)
(0.5152 0.01638499066 0)
(0.5213333333 0.01638499066 0)
(0.5274666667 0.01638499066 0)
(0.5336 0.01638499066 0)
(0.5397333333 0.01638499066 0)
(0.5458666667 0.01638499066 0)
(0.552 0.01638499066 0)
(0.5581333333 0.01638499066 0)
(0.5642666667 0.01638499066 0)
(0.5704 0.01638499066 0)
(0.5765333333 0.01638499066 0)
(0.5826666667 0.01638499066 0)
(0.5888 0.01638499066 0)
(0.5949333333 0.01638499066 0)
(0.6010666667 0.01638499066 0)
(0.6072 0.01638499066 0)
(0.6133333333 0.01638499066 0)
(0.6194666667 0.01638499066 0)
(0.6256 0.01638499066 0)
(0.6317333333 0.01638499066 0)
(0.6378666667 0.01638499066 0)
(0.644 0.01638499066 0)
(0.6501333333 0.01638499066 0)
(0.6562666667 0.01638499066 0)
(0.6624 0.01638499066 0)
(0.6685333333 0.01638499066 0)
(0.6746666667 0.01638499066 0)
(0.6808 0.01638499066 0)
(0.6869333333 0.01638499066 0)
(0.6930666667 0.01638499066 0)
(0.6992 0.01638499066 0)
(0.7053333333 0.01638499066 0)
(0.7114666667 0.01638499066 0)
(0.7176 0.01638499066 0)
(0.7237333333 0.01638499066 0)
(0.7298666667 0.01638499066 0)
(0.736 0.01638499066 0)
(0.7421333333 0.01638499066 0)
(0.7482666667 0.01638499066 0)
(0.7544 0.01638499066 0)
(0.7605333333 0.01638499066 0)
(0.7666666667 0.01638499066 0)
(0.7728 0.01638499066 0)
(0.7789333333 0.01638499066 0)
(0.7850666667 0.01638499066 0)
(0.7912 0.01638499066 0)
(0.7973333333 0.01638499066 0)
(0.8034666667 0.01638499066 0)
(0.8096 0.01638499066 0)
(0.8157333333 0.01638499066 0)
(0.8218666667 0.01638499066 0)
(0.828 0.01638499066 0)
(0.8341333333 0.01638499066 0)
(0.8402666667 0.01638499066 0)
(0.8464 0.01638499066 0)
(0.8525333333 0.01638499066 0)
(0.8586666667 0.01638499066 0)
(0.8648 0.01638499066 0)
(0.8709333333 0.01638499066 0)
(0.8770666667 0.01638499066 0)
(0.8832 0.01638499066 0)
(0.8893333333 0.01638499066 0)
(0.8954666667 0.01638499066 0)
(0.9016 0.01638499066 0)
(0.9077333333 0.01638499066 0)
(0.9138666667 0.01638499066 0)
(0.92 0.01638499066 0)
(0 0.0181732562 0)
(0.006133333333 0.0181732562 0)
(0.01226666667 0.0181732562 0)
(0.0184 0.0181732562 0)
(0.02453333333 0.0181732562 0)
(0.03066666667 0.0181732562 0)
(0.0368 0.0181732562 0)
(0.04293333333 0.0181732562 0)
(0.04906666667 0.0181732562 0)
(0.0552 0.0181732562 0)
(0.06133333333 0.0181732562 0)
(0.06746666667 0.0181732562 0)
(0.0736 0.0181732562 0)
(0.07973333333 0.0181732562 0)
(0.08586666667 0.0181732562 0)
(0.092 0.0181732562 0)
(0.09813333333 0.0181732562 0)
(0.1042666667 0.0181732562 0)
(0.1104 0.0181732562 0)
(0.1165333333 0.0181732562 0)
(0.1226666667 0.0181732562 0)
(0.1288 0.0181732562 0)
(0.1349333333 0.0181732562 0)
(0.1410666667 0.0181732562 0)
(0.1472 0.0181732562 0)
(0.1533333333 0.0181732562 0)
(0.1594666667 0.0181732562 0)
(0.1656 0.0181732562 0)
(0.1717333333 0.0181732562 0)
(0.1778666667 0.0181732562 0)
(0.184 0.0181732562 0)
(0.1901333333 0.0181732562 0)
(0.1962666667 0.0181732562 0)
(0.2024 0.0181732562 0)
(0.2085333333 0.0181732562 0)
(0.2146666667 0.0181732562 0)
(0.2208 0.0181732562 0)
(0.2269333333 0.0181732562 0)
(0.2330666667 0.0181732562 0)
(0.2392 0.0181732562 0)
(0.2453333333 0.0181732562 0)
(0.2514666667 0.0181732562 0)
(0.2576 0.0181732562 0)
(0.2637333333 0.0181732562 0)
(0.2698666667 0.0181732562 0)
(0.276 0.0181732562 0)
(0.2821333333 0.0181732562 0)
(0.2882666667 0.0181732562 0)
(0.2944 0.0181732562 0)
(0.3005333333 0.0181732562 0)
(0.3066666667 0.0181732562 0)
(0.3128 0.0181732562 0)
(0.3189333333 0.0181732562 0)
(0.3250666667 0.0181732562 0)
(0.3312 0.0181732562 0)
(0.3373333333 0.0181732562 0)
(0.3434666667 0.0181732562 0)
(0.3496 0.0181732562 0)
(0.3557333333 0.0181732562 0)
(0.3618666667 0.0181732562 0)
(0.368 0.0181732562 0)
(0.3741333333 0.0181732562 0)
(0.3802666667 0.0181732562 0)
(0.3864 0.0181732562 0)
(0.3925333333 0.0181732562 0)
(0.3986666667 0.0181732562 0)
(0.4048 0.0181732562 0)
(0.4109333333 0.0181732562 0)
(0.4170666667 0.0181732562 0)
(0.4232 0.0181732562 0)
(0.4293333333 0.0181732562 0)
(0.4354666667 0.0181732562 0)
(0.4416 0.0181732562 0)
(0.4477333333 0.0181732562 0)
(0.4538666667 0.0181732562 0)
(0.46 0.0181732562 0)
(0.4661333333 0.0181732562 0)
(0.4722666667 0.0181732562 0)
(0.4784 0.0181732562 0)
(0.4845333333 0.0181732562 0)
(0.4906666667 0.0181732562 0)
(0.4968 0.0181732562 0)
(0.5029333333 0.0181732562 0)
(0.5090666667 0.0181732562 0)
(0.5152 0.0181732562 0)
(0.5213333333 0.0181732562 0)
(0.5274666667 0.0181732562 0)
(0.5336 0.0181732562 0)
(0.5397333333 0.0181732562 0)
(0.5458666667 0.0181732562 0)
(0.552 0.0181732562 0)
(0.5581333333 0.0181732562 0)
(0.5642666667 0.0181732562 0)
(0.5704 0.0181732562 0)
(0.5765333333 0.0181732562 0)
(0.5826666667 0.0181732562 0)
(0.5888 0.0181732562 0)
(0.5949333333 0.0181732562 0)
(0.6010666667 0.0181732562 0)
(0.6072 0.0181732562 0)
(0.6133333333 0.0181732562 0)
(0.6194666667 0.0181732562 0)
(0.6256 0.0181732562 0)
(0.6317333333 0.0181732562 0)
(0.6378666667 0.0181732562 0)
(0.644 0.0181732562 0)
(0.6501333333 0.0181732562 0)
(0.6562666667 0.0181732562 0)
(0.6624 0.0181732562 0)
(0.6685333333 0.0181732562 0)
(0.6746666667 0.0181732562 0)
(0.6808 0.0181732562 0)
(0.6869333333 0.0181732562 0)
(0.6930666667 0.0181732562 0)
(0.6992 0.0181732562 0)
(0.7053333333 0.0181732562 0)
(0.7114666667 0.0181732562 0)
(0.7176 0.0181732562 0)
(0.7237333333 0.0181732562 0)
(0.7298666667 0.0181732562 0)
(0.736 0.0181732562 0)
(0.7421333333 0.0181732562 0)
(0.7482666667 0.0181732562 0)
(0.7544 0.0181732562 0)
(0.7605333333 0.0181732562 0)
(0.7666666667 0.0181732562 0)
(0.7728 0.0181732562 0)
(0.7789333333 0.0181732562 0)
(0.7850666667 0.0181732562 0)
(0.7912 0.0181732562 0)
(0.7973333333 0.0181732562 0)
(0.8034666667 0.0181732562 0)
(0.8096 0.0181732562 0)
(0.8157333333 0.0181732562 0)
(0.8218666667 0.0181732562 0)
(0.828 0.0181732562 0)
(0.8341333333 0.0181732562 0)
(0.8402666667 0.0181732562 0)
(0.8464 0.0181732562 0)
(0.8525333333 0.0181732562 0)
(0.8586666667 0.0181732562 0)
(0.8648 0.0181732562 0)
(0.8709333333 0.0181732562 0)
(0.8770666667 0.0181732562 0)
(0.8832 0.0181732562 0)
(0.8893333333 0.0181732562 0)
(0.8954666667 0.0181732562 0)
(0.9016 0.0181732562 0)
(0.9077333333 0.0181732562 0)
(0.9138666667 0.0181732562 0)
(0.92 0.0181732562 0)
(0 0.02014030946 0)
(0.006133333333 0.02014030946 0)
(0.01226666667 0.02014030946 0)
(0.0184 0.02014030946 0)
(0.02453333333 0.02014030946 0)
(0.03066666667 0.02014030946 0)
(0.0368 0.02014030946 0)
(0.04293333333 0.02014030946 0)
(0.04906666667 0.02014030946 0)
(0.0552 0.02014030946 0)
(0.06133333333 0.02014030946 0)
(0.06746666667 0.02014030946 0)
(0.0736 0.02014030946 0)
(0.07973333333 0.02014030946 0)
(0.08586666667 0.02014030946 0)
(0.092 0.02014030946 0)
(0.09813333333 0.02014030946 0)
(0.1042666667 0.02014030946 0)
(0.1104 0.02014030946 0)
(0.1165333333 0.02014030946 0)
(0.1226666667 0.02014030946 0)
(0.1288 0.02014030946 0)
(0.1349333333 0.02014030946 0)
(0.1410666667 0.02014030946 0)
(0.1472 0.02014030946 0)
(0.1533333333 0.02014030946 0)
(0.1594666667 0.02014030946 0)
(0.1656 0.02014030946 0)
(0.1717333333 0.02014030946 0)
(0.1778666667 0.02014030946 0)
(0.184 0.02014030946 0)
(0.1901333333 0.02014030946 0)
(0.1962666667 0.02014030946 0)
(0.2024 0.02014030946 0)
(0.2085333333 0.02014030946 0)
(0.2146666667 0.02014030946 0)
(0.2208 0.02014030946 0)
(0.2269333333 0.02014030946 0)
(0.2330666667 0.02014030946 0)
(0.2392 0.02014030946 0)
(0.2453333333 0.02014030946 0)
(0.2514666667 0.02014030946 0)
(0.2576 0.02014030946 0)
(0.2637333333 0.02014030946 0)
(0.2698666667 0.02014030946 0)
(0.276 0.02014030946 0)
(0.2821333333 0.02014030946 0)
(0.2882666667 0.02014030946 0)
(0.2944 0.02014030946 0)
(0.3005333333 0.02014030946 0)
(0.3066666667 0.02014030946 0)
(0.3128 0.02014030946 0)
(0.3189333333 0.02014030946 0)
(0.3250666667 0.02014030946 0)
(0.3312 0.02014030946 0)
(0.3373333333 0.02014030946 0)
(0.3434666667 0.02014030946 0)
(0.3496 0.02014030946 0)
(0.3557333333 0.02014030946 0)
(0.3618666667 0.02014030946 0)
(0.368 0.02014030946 0)
(0.3741333333 0.02014030946 0)
(0.3802666667 0.02014030946 0)
(0.3864 0.02014030946 0)
(0.3925333333 0.02014030946 0)
(0.3986666667 0.02014030946 0)
(0.4048 0.02014030946 0)
(0.4109333333 0.02014030946 0)
(0.4170666667 0.02014030946 0)
(0.4232 0.02014030946 0)
(0.4293333333 0.02014030946 0)
(0.4354666667 0.02014030946 0)
(0.4416 0.02014030946 0)
(0.4477333333 0.02014030946 0)
(0.4538666667 0.02014030946 0)
(0.46 0.02014030946 0)
(0.4661333333 0.02014030946 0)
(0.4722666667 0.02014030946 0)
(0.4784 0.02014030946 0)
(0.4845333333 0.02014030946 0)
(0.4906666667 0.02014030946 0)
(0.4968 0.02014030946 0)
(0.5029333333 0.02014030946 0)
(0.5090666667 0.02014030946 0)
(0.5152 0.02014030946 0)
(0.5213333333 0.02014030946 0)
(0.5274666667 0.02014030946 0)
(0.5336 0.02014030946 0)
(0.5397333333 0.02014030946 0)
(0.5458666667 0.02014030946 0)
(0.552 0.02014030946 0)
(0.5581333333 0.02014030946 0)
(0.5642666667 0.02014030946 0)
(0.5704 0.02014030946 0)
(0.5765333333 0.02014030946 0)
(0.5826666667 0.02014030946 0)
(0.5888 0.02014030946 0)
(0.5949333333 0.02014030946 0)
(0.6010666667 0.02014030946 0)
(0.6072 0.02014030946 0)
(0.6133333333 0.02014030946 0)
(0.6194666667 0.02014030946 0)
(0.6256 0.02014030946 0)
(0.6317333333 0.02014030946 0)
(0.6378666667 0.02014030946 0)
(0.644 0.02014030946 0)
(0.6501333333 0.02014030946 0)
(0.6562666667 0.02014030946 0)
(0.6624 0.02014030946 0)
(0.6685333333 0.02014030946 0)
(0.6746666667 0.02014030946 0)
(0.6808 0.02014030946 0)
(0.6869333333 0.02014030946 0)
(0.6930666667 0.02014030946 0)
(0.6992 0.02014030946 0)
(0.7053333333 0.02014030946 0)
(0.7114666667 0.02014030946 0)
(0.7176 0.02014030946 0)
(0.7237333333 0.02014030946 0)
(0.7298666667 0.02014030946 0)
(0.736 0.02014030946 0)
(0.7421333333 0.02014030946 0)
(0.7482666667 0.02014030946 0)
(0.7544 0.02014030946 0)
(0.7605333333 0.02014030946 0)
(0.7666666667 0.02014030946 0)
(0.7728 0.02014030946 0)
(0.7789333333 0.02014030946 0)
(0.7850666667 0.02014030946 0)
(0.7912 0.02014030946 0)
(0.7973333333 0.02014030946 0)
(0.8034666667 0.02014030946 0)
(0.8096 0.02014030946 0)
(0.8157333333 0.02014030946 0)
(0.8218666667 0.02014030946 0)
(0.828 0.02014030946 0)
(0.8341333333 0.02014030946 0)
(0.8402666667 0.02014030946 0)
(0.8464 0.02014030946 0)
(0.8525333333 0.02014030946 0)
(0.8586666667 0.02014030946 0)
(0.8648 0.02014030946 0)
(0.8709333333 0.02014030946 0)
(0.8770666667 0.02014030946 0)
(0.8832 0.02014030946 0)
(0.8893333333 0.02014030946 0)
(0.8954666667 0.02014030946 0)
(0.9016 0.02014030946 0)
(0.9077333333 0.02014030946 0)
(0.9138666667 0.02014030946 0)
(0.92 0.02014030946 0)
(0 0.02230402533 0)
(0.006133333333 0.02230402533 0)
(0.01226666667 0.02230402533 0)
(0.0184 0.02230402533 0)
(0.02453333333 0.02230402533 0)
(0.03066666667 0.02230402533 0)
(0.0368 0.02230402533 0)
(0.04293333333 0.02230402533 0)
(0.04906666667 0.02230402533 0)
(0.0552 0.02230402533 0)
(0.06133333333 0.02230402533 0)
(0.06746666667 0.02230402533 0)
(0.0736 0.02230402533 0)
(0.07973333333 0.02230402533 0)
(0.08586666667 0.02230402533 0)
(0.092 0.02230402533 0)
(0.09813333333 0.02230402533 0)
(0.1042666667 0.02230402533 0)
(0.1104 0.02230402533 0)
(0.1165333333 0.02230402533 0)
(0.1226666667 0.02230402533 0)
(0.1288 0.02230402533 0)
(0.1349333333 0.02230402533 0)
(0.1410666667 0.02230402533 0)
(0.1472 0.02230402533 0)
(0.1533333333 0.02230402533 0)
(0.1594666667 0.02230402533 0)
(0.1656 0.02230402533 0)
(0.1717333333 0.02230402533 0)
(0.1778666667 0.02230402533 0)
(0.184 0.02230402533 0)
(0.1901333333 0.02230402533 0)
(0.1962666667 0.02230402533 0)
(0.2024 0.02230402533 0)
(0.2085333333 0.02230402533 0)
(0.2146666667 0.02230402533 0)
(0.2208 0.02230402533 0)
(0.2269333333 0.02230402533 0)
(0.2330666667 0.02230402533 0)
(0.2392 0.02230402533 0)
(0.2453333333 0.02230402533 0)
(0.2514666667 0.02230402533 0)
(0.2576 0.02230402533 0)
(0.2637333333 0.02230402533 0)
(0.2698666667 0.02230402533 0)
(0.276 0.02230402533 0)
(0.2821333333 0.02230402533 0)
(0.2882666667 0.02230402533 0)
(0.2944 0.02230402533 0)
(0.3005333333 0.02230402533 0)
(0.3066666667 0.02230402533 0)
(0.3128 0.02230402533 0)
(0.3189333333 0.02230402533 0)
(0.3250666667 0.02230402533 0)
(0.3312 0.02230402533 0)
(0.3373333333 0.02230402533 0)
(0.3434666667 0.02230402533 0)
(0.3496 0.02230402533 0)
(0.3557333333 0.02230402533 0)
(0.3618666667 0.02230402533 0)
(0.368 0.02230402533 0)
(0.3741333333 0.02230402533 0)
(0.3802666667 0.02230402533 0)
(0.3864 0.02230402533 0)
(0.3925333333 0.02230402533 0)
(0.3986666667 0.02230402533 0)
(0.4048 0.02230402533 0)
(0.4109333333 0.02230402533 0)
(0.4170666667 0.02230402533 0)
(0.4232 0.02230402533 0)
(0.4293333333 0.02230402533 0)
(0.4354666667 0.02230402533 0)
(0.4416 0.02230402533 0)
(0.4477333333 0.02230402533 0)
(0.4538666667 0.02230402533 0)
(0.46 0.02230402533 0)
(0.4661333333 0.02230402533 0)
(0.4722666667 0.02230402533 0)
(0.4784 0.02230402533 0)
(0.4845333333 0.02230402533 0)
(0.4906666667 0.02230402533 0)
(0.4968 0.02230402533 0)
(0.5029333333 0.02230402533 0)
(0.5090666667 0.02230402533 0)
(0.5152 0.02230402533 0)
(0.5213333333 0.02230402533 0)
(0.5274666667 0.02230402533 0)
(0.5336 0.02230402533 0)
(0.5397333333 0.02230402533 0)
(0.5458666667 0.02230402533 0)
(0.552 0.02230402533 0)
(0.5581333333 0.02230402533 0)
(0.5642666667 0.02230402533 0)
(0.5704 0.02230402533 0)
(0.5765333333 0.02230402533 0)
(0.5826666667 0.02230402533 0)
(0.5888 0.02230402533 0)
(0.5949333333 0.02230402533 0)
(0.6010666667 0.02230402533 0)
(0.6072 0.02230402533 0)
(0.6133333333 0.02230402533 0)
(0.6194666667 0.02230402533 0)
(0.6256 0.02230402533 0)
(0.6317333333 0.02230402533 0)
(0.6378666667 0.02230402533 0)
(0.644 0.02230402533 0)
(0.6501333333 0.02230402533 0)
(0.6562666667 0.02230402533 0)
(0.6624 0.02230402533 0)
(0.6685333333 0.02230402533 0)
(0.6746666667 0.02230402533 0)
(0.6808 0.02230402533 0)
(0.6869333333 0.02230402533 0)
(0.6930666667 0.02230402533 0)
(0.6992 0.02230402533 0)
(0.7053333333 0.02230402533 0)
(0.7114666667 0.02230402533 0)
(0.7176 0.02230402533 0)
(0.7237333333 0.02230402533 0)
(0.7298666667 0.02230402533 0)
(0.736 0.02230402533 0)
(0.7421333333 0.02230402533 0)
(0.7482666667 0.02230402533 0)
(0.7544 0.02230402533 0)
(0.7605333333 0.02230402533 0)
(0.7666666667 0.02230402533 0)
(0.7728 0.02230402533 0)
(0.7789333333 0.02230402533 0)
(0.7850666667 0.02230402533 0)
(0.7912 0.02230402533 0)
(0.7973333333 0.02230402533 0)
(0.8034666667 0.02230402533 0)
(0.8096 0.02230402533 0)
(0.8157333333 0.02230402533 0)
(0.8218666667 0.02230402533 0)
(0.828 0.02230402533 0)
(0.8341333333 0.02230402533 0)
(0.8402666667 0.02230402533 0)
(0.8464 0.02230402533 0)
(0.8525333333 0.02230402533 0)
(0.8586666667 0.02230402533 0)
(0.8648 0.02230402533 0)
(0.8709333333 0.02230402533 0)
(0.8770666667 0.02230402533 0)
(0.8832 0.02230402533 0)
(0.8893333333 0.02230402533 0)
(0.8954666667 0.02230402533 0)
(0.9016 0.02230402533 0)
(0.9077333333 0.02230402533 0)
(0.9138666667 0.02230402533 0)
(0.92 0.02230402533 0)
(0 0.02468406581 0)
(0.006133333333 0.02468406581 0)
(0.01226666667 0.02468406581 0)
(0.0184 0.02468406581 0)
(0.02453333333 0.02468406581 0)
(0.03066666667 0.02468406581 0)
(0.0368 0.02468406581 0)
(0.04293333333 0.02468406581 0)
(0.04906666667 0.02468406581 0)
(0.0552 0.02468406581 0)
(0.06133333333 0.02468406581 0)
(0.06746666667 0.02468406581 0)
(0.0736 0.02468406581 0)
(0.07973333333 0.02468406581 0)
(0.08586666667 0.02468406581 0)
(0.092 0.02468406581 0)
(0.09813333333 0.02468406581 0)
(0.1042666667 0.02468406581 0)
(0.1104 0.02468406581 0)
(0.1165333333 0.02468406581 0)
(0.1226666667 0.02468406581 0)
(0.1288 0.02468406581 0)
(0.1349333333 0.02468406581 0)
(0.1410666667 0.02468406581 0)
(0.1472 0.02468406581 0)
(0.1533333333 0.02468406581 0)
(0.1594666667 0.02468406581 0)
(0.1656 0.02468406581 0)
(0.1717333333 0.02468406581 0)
(0.1778666667 0.02468406581 0)
(0.184 0.02468406581 0)
(0.1901333333 0.02468406581 0)
(0.1962666667 0.02468406581 0)
(0.2024 0.02468406581 0)
(0.2085333333 0.02468406581 0)
(0.2146666667 0.02468406581 0)
(0.2208 0.02468406581 0)
(0.2269333333 0.02468406581 0)
(0.2330666667 0.02468406581 0)
(0.2392 0.02468406581 0)
(0.2453333333 0.02468406581 0)
(0.2514666667 0.02468406581 0)
(0.2576 0.02468406581 0)
(0.2637333333 0.02468406581 0)
(0.2698666667 0.02468406581 0)
(0.276 0.02468406581 0)
(0.2821333333 0.02468406581 0)
(0.2882666667 0.02468406581 0)
(0.2944 0.02468406581 0)
(0.3005333333 0.02468406581 0)
(0.3066666667 0.02468406581 0)
(0.3128 0.02468406581 0)
(0.3189333333 0.02468406581 0)
(0.3250666667 0.02468406581 0)
(0.3312 0.02468406581 0)
(0.3373333333 0.02468406581 0)
(0.3434666667 0.02468406581 0)
(0.3496 0.02468406581 0)
(0.3557333333 0.02468406581 0)
(0.3618666667 0.02468406581 0)
(0.368 0.02468406581 0)
(0.3741333333 0.02468406581 0)
(0.3802666667 0.02468406581 0)
(0.3864 0.02468406581 0)
(0.3925333333 0.02468406581 0)
(0.3986666667 0.02468406581 0)
(0.4048 0.02468406581 0)
(0.4109333333 0.02468406581 0)
(0.4170666667 0.02468406581 0)
(0.4232 0.02468406581 0)
(0.4293333333 0.02468406581 0)
(0.4354666667 0.02468406581 0)
(0.4416 0.02468406581 0)
(0.4477333333 0.02468406581 0)
(0.4538666667 0.02468406581 0)
(0.46 0.02468406581 0)
(0.4661333333 0.02468406581 0)
(0.4722666667 0.02468406581 0)
(0.4784 0.02468406581 0)
(0.4845333333 0.02468406581 0)
(0.4906666667 0.02468406581 0)
(0.4968 0.02468406581 0)
(0.5029333333 0.02468406581 0)
(0.5090666667 0.02468406581 0)
(0.5152 0.02468406581 0)
(0.5213333333 0.02468406581 0)
(0.5274666667 0.02468406581 0)
(0.5336 0.02468406581 0)
(0.5397333333 0.02468406581 0)
(0.5458666667 0.02468406581 0)
(0.552 0.02468406581 0)
(0.5581333333 0.02468406581 0)
(0.5642666667 0.02468406581 0)
(0.5704 0.02468406581 0)
(0.5765333333 0.02468406581 0)
(0.5826666667 0.02468406581 0)
(0.5888 0.02468406581 0)
(0.5949333333 0.02468406581 0)
(0.6010666667 0.02468406581 0)
(0.6072 0.02468406581 0)
(0.6133333333 0.02468406581 0)
(0.6194666667 0.02468406581 0)
(0.6256 0.02468406581 0)
(0.6317333333 0.02468406581 0)
(0.6378666667 0.02468406581 0)
(0.644 0.02468406581 0)
(0.6501333333 0.02468406581 0)
(0.6562666667 0.02468406581 0)
(0.6624 0.02468406581 0)
(0.6685333333 0.02468406581 0)
(0.6746666667 0.02468406581 0)
(0.6808 0.02468406581 0)
(0.6869333333 0.02468406581 0)
(0.6930666667 0.02468406581 0)
(0.6992 0.02468406581 0)
(0.7053333333 0.02468406581 0)
(0.7114666667 0.02468406581 0)
(0.7176 0.02468406581 0)
(0.7237333333 0.02468406581 0)
(0.7298666667 0.02468406581 0)
(0.736 0.02468406581 0)
(0.7421333333 0.02468406581 0)
(0.7482666667 0.02468406581 0)
(0.7544 0.02468406581 0)
(0.7605333333 0.02468406581 0)
(0.7666666667 0.02468406581 0)
(0.7728 0.02468406581 0)
(0.7789333333 0.02468406581 0)
(0.7850666667 0.02468406581 0)
(0.7912 0.02468406581 0)
(0.7973333333 0.02468406581 0)
(0.8034666667 0.02468406581 0)
(0.8096 0.02468406581 0)
(0.8157333333 0.02468406581 0)
(0.8218666667 0.02468406581 0)
(0.828 0.02468406581 0)
(0.8341333333 0.02468406581 0)
(0.8402666667 0.02468406581 0)
(0.8464 0.02468406581 0)
(0.8525333333 0.02468406581 0)
(0.8586666667 0.02468406581 0)
(0.8648 0.02468406581 0)
(0.8709333333 0.02468406581 0)
(0.8770666667 0.02468406581 0)
(0.8832 0.02468406581 0)
(0.8893333333 0.02468406581 0)
(0.8954666667 0.02468406581 0)
(0.9016 0.02468406581 0)
(0.9077333333 0.02468406581 0)
(0.9138666667 0.02468406581 0)
(0.92 0.02468406581 0)
(0 0.02730205865 0)
(0.006133333333 0.02730205865 0)
(0.01226666667 0.02730205865 0)
(0.0184 0.02730205865 0)
(0.02453333333 0.02730205865 0)
(0.03066666667 0.02730205865 0)
(0.0368 0.02730205865 0)
(0.04293333333 0.02730205865 0)
(0.04906666667 0.02730205865 0)
(0.0552 0.02730205865 0)
(0.06133333333 0.02730205865 0)
(0.06746666667 0.02730205865 0)
(0.0736 0.02730205865 0)
(0.07973333333 0.02730205865 0)
(0.08586666667 0.02730205865 0)
(0.092 0.02730205865 0)
(0.09813333333 0.02730205865 0)
(0.1042666667 0.02730205865 0)
(0.1104 0.02730205865 0)
(0.1165333333 0.02730205865 0)
(0.1226666667 0.02730205865 0)
(0.1288 0.02730205865 0)
(0.1349333333 0.02730205865 0)
(0.1410666667 0.02730205865 0)
(0.1472 0.02730205865 0)
(0.1533333333 0.02730205865 0)
(0.1594666667 0.02730205865 0)
(0.1656 0.02730205865 0)
(0.1717333333 0.02730205865 0)
(0.1778666667 0.02730205865 0)
(0.184 0.02730205865 0)
(0.1901333333 0.02730205865 0)
(0.1962666667 0.02730205865 0)
(0.2024 0.02730205865 0)
(0.2085333333 0.02730205865 0)
(0.2146666667 0.02730205865 0)
(0.2208 0.02730205865 0)
(0.2269333333 0.02730205865 0)
(0.2330666667 0.02730205865 0)
(0.2392 0.02730205865 0)
(0.2453333333 0.02730205865 0)
(0.2514666667 0.02730205865 0)
(0.2576 0.02730205865 0)
(0.2637333333 0.02730205865 0)
(0.2698666667 0.02730205865 0)
(0.276 0.02730205865 0)
(0.2821333333 0.02730205865 0)
(0.2882666667 0.02730205865 0)
(0.2944 0.02730205865 0)
(0.3005333333 0.02730205865 0)
(0.3066666667 0.02730205865 0)
(0.3128 0.02730205865 0)
(0.3189333333 0.02730205865 0)
(0.3250666667 0.02730205865 0)
(0.3312 0.02730205865 0)
(0.3373333333 0.02730205865 0)
(0.3434666667 0.02730205865 0)
(0.3496 0.02730205865 0)
(0.3557333333 0.02730205865 0)
(0.3618666667 0.02730205865 0)
(0.368 0.02730205865 0)
(0.3741333333 0.02730205865 0)
(0.3802666667 0.02730205865 0)
(0.3864 0.02730205865 0)
(0.3925333333 0.02730205865 0)
(0.3986666667 0.02730205865 0)
(0.4048 0.02730205865 0)
(0.4109333333 0.02730205865 0)
(0.4170666667 0.02730205865 0)
(0.4232 0.02730205865 0)
(0.4293333333 0.02730205865 0)
(0.4354666667 0.02730205865 0)
(0.4416 0.02730205865 0)
(0.4477333333 0.02730205865 0)
(0.4538666667 0.02730205865 0)
(0.46 0.02730205865 0)
(0.4661333333 0.02730205865 0)
(0.4722666667 0.02730205865 0)
(0.4784 0.02730205865 0)
(0.4845333333 0.02730205865 0)
(0.4906666667 0.02730205865 0)
(0.4968 0.02730205865 0)
(0.5029333333 0.02730205865 0)
(0.5090666667 0.02730205865 0)
(0.5152 0.02730205865 0)
(0.5213333333 0.02730205865 0)
(0.5274666667 0.02730205865 0)
(0.5336 0.02730205865 0)
(0.5397333333 0.02730205865 0)
(0.5458666667 0.02730205865 0)
(0.552 0.02730205865 0)
(0.5581333333 0.02730205865 0)
(0.5642666667 0.02730205865 0)
(0.5704 0.02730205865 0)
(0.5765333333 0.02730205865 0)
(0.5826666667 0.02730205865 0)
(0.5888 0.02730205865 0)
(0.5949333333 0.02730205865 0)
(0.6010666667 0.02730205865 0)
(0.6072 0.02730205865 0)
(0.6133333333 0.02730205865 0)
(0.6194666667 0.02730205865 0)
(0.6256 0.02730205865 0)
(0.6317333333 0.02730205865 0)
(0.6378666667 0.02730205865 0)
(0.644 0.02730205865 0)
(0.6501333333 0.02730205865 0)
(0.6562666667 0.02730205865 0)
(0.6624 0.02730205865 0)
(0.6685333333 0.02730205865 0)
(0.6746666667 0.02730205865 0)
(0.6808 0.02730205865 0)
(0.6869333333 0.02730205865 0)
(0.6930666667 0.02730205865 0)
(0.6992 0.02730205865 0)
(0.7053333333 0.02730205865 0)
(0.7114666667 0.02730205865 0)
(0.7176 0.02730205865 0)
(0.7237333333 0.02730205865 0)
(0.7298666667 0.02730205865 0)
(0.736 0.02730205865 0)
(0.7421333333 0.02730205865 0)
(0.7482666667 0.02730205865 0)
(0.7544 0.02730205865 0)
(0.7605333333 0.02730205865 0)
(0.7666666667 0.02730205865 0)
(0.7728 0.02730205865 0)
(0.7789333333 0.02730205865 0)
(0.7850666667 0.02730205865 0)
(0.7912 0.02730205865 0)
(0.7973333333 0.02730205865 0)
(0.8034666667 0.02730205865 0)
(0.8096 0.02730205865 0)
(0.8157333333 0.02730205865 0)
(0.8218666667 0.02730205865 0)
(0.828 0.02730205865 0)
(0.8341333333 0.02730205865 0)
(0.8402666667 0.02730205865 0)
(0.8464 0.02730205865 0)
(0.8525333333 0.02730205865 0)
(0.8586666667 0.02730205865 0)
(0.8648 0.02730205865 0)
(0.8709333333 0.02730205865 0)
(0.8770666667 0.02730205865 0)
(0.8832 0.02730205865 0)
(0.8893333333 0.02730205865 0)
(0.8954666667 0.02730205865 0)
(0.9016 0.02730205865 0)
(0.9077333333 0.02730205865 0)
(0.9138666667 0.02730205865 0)
(0.92 0.02730205865 0)
(0 0.03018179393 0)
(0.006133333333 0.03018179393 0)
(0.01226666667 0.03018179393 0)
(0.0184 0.03018179393 0)
(0.02453333333 0.03018179393 0)
(0.03066666667 0.03018179393 0)
(0.0368 0.03018179393 0)
(0.04293333333 0.03018179393 0)
(0.04906666667 0.03018179393 0)
(0.0552 0.03018179393 0)
(0.06133333333 0.03018179393 0)
(0.06746666667 0.03018179393 0)
(0.0736 0.03018179393 0)
(0.07973333333 0.03018179393 0)
(0.08586666667 0.03018179393 0)
(0.092 0.03018179393 0)
(0.09813333333 0.03018179393 0)
(0.1042666667 0.03018179393 0)
(0.1104 0.03018179393 0)
(0.1165333333 0.03018179393 0)
(0.1226666667 0.03018179393 0)
(0.1288 0.03018179393 0)
(0.1349333333 0.03018179393 0)
(0.1410666667 0.03018179393 0)
(0.1472 0.03018179393 0)
(0.1533333333 0.03018179393 0)
(0.1594666667 0.03018179393 0)
(0.1656 0.03018179393 0)
(0.1717333333 0.03018179393 0)
(0.1778666667 0.03018179393 0)
(0.184 0.03018179393 0)
(0.1901333333 0.03018179393 0)
(0.1962666667 0.03018179393 0)
(0.2024 0.03018179393 0)
(0.2085333333 0.03018179393 0)
(0.2146666667 0.03018179393 0)
(0.2208 0.03018179393 0)
(0.2269333333 0.03018179393 0)
(0.2330666667 0.03018179393 0)
(0.2392 0.03018179393 0)
(0.2453333333 0.03018179393 0)
(0.2514666667 0.03018179393 0)
(0.2576 0.03018179393 0)
(0.2637333333 0.03018179393 0)
(0.2698666667 0.03018179393 0)
(0.276 0.03018179393 0)
(0.2821333333 0.03018179393 0)
(0.2882666667 0.03018179393 0)
(0.2944 0.03018179393 0)
(0.3005333333 0.03018179393 0)
(0.3066666667 0.03018179393 0)
(0.3128 0.03018179393 0)
(0.3189333333 0.03018179393 0)
(0.3250666667 0.03018179393 0)
(0.3312 0.03018179393 0)
(0.3373333333 0.03018179393 0)
(0.3434666667 0.03018179393 0)
(0.3496 0.03018179393 0)
(0.3557333333 0.03018179393 0)
(0.3618666667 0.03018179393 0)
(0.368 0.03018179393 0)
(0.3741333333 0.03018179393 0)
(0.3802666667 0.03018179393 0)
(0.3864 0.03018179393 0)
(0.3925333333 0.03018179393 0)
(0.3986666667 0.03018179393 0)
(0.4048 0.03018179393 0)
(0.4109333333 0.03018179393 0)
(0.4170666667 0.03018179393 0)
(0.4232 0.03018179393 0)
(0.4293333333 0.03018179393 0)
(0.4354666667 0.03018179393 0)
(0.4416 0.03018179393 0)
(0.4477333333 0.03018179393 0)
(0.4538666667 0.03018179393 0)
(0.46 0.03018179393 0)
(0.4661333333 0.03018179393 0)
(0.4722666667 0.03018179393 0)
(0.4784 0.03018179393 0)
(0.4845333333 0.03018179393 0)
(0.4906666667 0.03018179393 0)
(0.4968 0.03018179393 0)
(0.5029333333 0.03018179393 0)
(0.5090666667 0.03018179393 0)
(0.5152 0.03018179393 0)
(0.5213333333 0.03018179393 0)
(0.5274666667 0.03018179393 0)
(0.5336 0.03018179393 0)
(0.5397333333 0.03018179393 0)
(0.5458666667 0.03018179393 0)
(0.552 0.03018179393 0)
(0.5581333333 0.03018179393 0)
(0.5642666667 0.03018179393 0)
(0.5704 0.03018179393 0)
(0.5765333333 0.03018179393 0)
(0.5826666667 0.03018179393 0)
(0.5888 0.03018179393 0)
(0.5949333333 0.03018179393 0)
(0.6010666667 0.03018179393 0)
(0.6072 0.03018179393 0)
(0.6133333333 0.03018179393 0)
(0.6194666667 0.03018179393 0)
(0.6256 0.03018179393 0)
(0.6317333333 0.03018179393 0)
(0.6378666667 0.03018179393 0)
(0.644 0.03018179393 0)
(0.6501333333 0.03018179393 0)
(0.6562666667 0.03018179393 0)
(0.6624 0.03018179393 0)
(0.6685333333 0.03018179393 0)
(0.6746666667 0.03018179393 0)
(0.6808 0.03018179393 0)
(0.6869333333 0.03018179393 0)
(0.6930666667 0.03018179393 0)
(0.6992 0.03018179393 0)
(0.7053333333 0.03018179393 0)
(0.7114666667 0.03018179393 0)
(0.7176 0.03018179393 0)
(0.7237333333 0.03018179393 0)
(0.7298666667 0.03018179393 0)
(0.736 0.03018179393 0)
(0.7421333333 0.03018179393 0)
(0.7482666667 0.03018179393 0)
(0.7544 0.03018179393 0)
(0.7605333333 0.03018179393 0)
(0.7666666667 0.03018179393 0)
(0.7728 0.03018179393 0)
(0.7789333333 0.03018179393 0)
(0.7850666667 0.03018179393 0)
(0.7912 0.03018179393 0)
(0.7973333333 0.03018179393 0)
(0.8034666667 0.03018179393 0)
(0.8096 0.03018179393 0)
(0.8157333333 0.03018179393 0)
(0.8218666667 0.03018179393 0)
(0.828 0.03018179393 0)
(0.8341333333 0.03018179393 0)
(0.8402666667 0.03018179393 0)
(0.8464 0.03018179393 0)
(0.8525333333 0.03018179393 0)
(0.8586666667 0.03018179393 0)
(0.8648 0.03018179393 0)
(0.8709333333 0.03018179393 0)
(0.8770666667 0.03018179393 0)
(0.8832 0.03018179393 0)
(0.8893333333 0.03018179393 0)
(0.8954666667 0.03018179393 0)
(0.9016 0.03018179393 0)
(0.9077333333 0.03018179393 0)
(0.9138666667 0.03018179393 0)
(0.92 0.03018179393 0)
(0 0.03334944021 0)
(0.006133333333 0.03334944021 0)
(0.01226666667 0.03334944021 0)
(0.0184 0.03334944021 0)
(0.02453333333 0.03334944021 0)
(0.03066666667 0.03334944021 0)
(0.0368 0.03334944021 0)
(0.04293333333 0.03334944021 0)
(0.04906666667 0.03334944021 0)
(0.0552 0.03334944021 0)
(0.06133333333 0.03334944021 0)
(0.06746666667 0.03334944021 0)
(0.0736 0.03334944021 0)
(0.07973333333 0.03334944021 0)
(0.08586666667 0.03334944021 0)
(0.092 0.03334944021 0)
(0.09813333333 0.03334944021 0)
(0.1042666667 0.03334944021 0)
(0.1104 0.03334944021 0)
(0.1165333333 0.03334944021 0)
(0.1226666667 0.03334944021 0)
(0.1288 0.03334944021 0)
(0.1349333333 0.03334944021 0)
(0.1410666667 0.03334944021 0)
(0.1472 0.03334944021 0)
(0.1533333333 0.03334944021 0)
(0.1594666667 0.03334944021 0)
(0.1656 0.03334944021 0)
(0.1717333333 0.03334944021 0)
(0.1778666667 0.03334944021 0)
(0.184 0.03334944021 0)
(0.1901333333 0.03334944021 0)
(0.1962666667 0.03334944021 0)
(0.2024 0.03334944021 0)
(0.2085333333 0.03334944021 0)
(0.2146666667 0.03334944021 0)
(0.2208 0.03334944021 0)
(0.2269333333 0.03334944021 0)
(0.2330666667 0.03334944021 0)
(0.2392 0.03334944021 0)
(0.2453333333 0.03334944021 0)
(0.2514666667 0.03334944021 0)
(0.2576 0.03334944021 0)
(0.2637333333 0.03334944021 0)
(0.2698666667 0.03334944021 0)
(0.276 0.03334944021 0)
(0.2821333333 0.03334944021 0)
(0.2882666667 0.03334944021 0)
(0.2944 0.03334944021 0)
(0.3005333333 0.03334944021 0)
(0.3066666667 0.03334944021 0)
(0.3128 0.03334944021 0)
(0.3189333333 0.03334944021 0)
(0.3250666667 0.03334944021 0)
(0.3312 0.03334944021 0)
(0.3373333333 0.03334944021 0)
(0.3434666667 0.03334944021 0)
(0.3496 0.03334944021 0)
(0.3557333333 0.03334944021 0)
(0.3618666667 0.03334944021 0)
(0.368 0.03334944021 0)
(0.3741333333 0.03334944021 0)
(0.3802666667 0.03334944021 0)
(0.3864 0.03334944021 0)
(0.3925333333 0.03334944021 0)
(0.3986666667 0.03334944021 0)
(0.4048 0.03334944021 0)
(0.4109333333 0.03334944021 0)
(0.4170666667 0.03334944021 0)
(0.4232 0.03334944021 0)
(0.4293333333 0.03334944021 0)
(0.4354666667 0.03334944021 0)
(0.4416 0.03334944021 0)
(0.4477333333 0.03334944021 0)
(0.4538666667 0.03334944021 0)
(0.46 0.03334944021 0)
(0.4661333333 0.03334944021 0)
(0.4722666667 0.03334944021 0)
(0.4784 0.03334944021 0)
(0.4845333333 0.03334944021 0)
(0.4906666667 0.03334944021 0)
(0.4968 0.03334944021 0)
(0.5029333333 0.03334944021 0)
(0.5090666667 0.03334944021 0)
(0.5152 0.03334944021 0)
(0.5213333333 0.03334944021 0)
(0.5274666667 0.03334944021 0)
(0.5336 0.03334944021 0)
(0.5397333333 0.03334944021 0)
(0.5458666667 0.03334944021 0)
(0.552 0.03334944021 0)
(0.5581333333 0.03334944021 0)
(0.5642666667 0.03334944021 0)
(0.5704 0.03334944021 0)
(0.5765333333 0.03334944021 0)
(0.5826666667 0.03334944021 0)
(0.5888 0.03334944021 0)
(0.5949333333 0.03334944021 0)
(0.6010666667 0.03334944021 0)
(0.6072 0.03334944021 0)
(0.6133333333 0.03334944021 0)
(0.6194666667 0.03334944021 0)
(0.6256 0.03334944021 0)
(0.6317333333 0.03334944021 0)
(0.6378666667 0.03334944021 0)
(0.644 0.03334944021 0)
(0.6501333333 0.03334944021 0)
(0.6562666667 0.03334944021 0)
(0.6624 0.03334944021 0)
(0.6685333333 0.03334944021 0)
(0.6746666667 0.03334944021 0)
(0.6808 0.03334944021 0)
(0.6869333333 0.03334944021 0)
(0.6930666667 0.03334944021 0)
(0.6992 0.03334944021 0)
(0.7053333333 0.03334944021 0)
(0.7114666667 0.03334944021 0)
(0.7176 0.03334944021 0)
(0.7237333333 0.03334944021 0)
(0.7298666667 0.03334944021 0)
(0.736 0.03334944021 0)
(0.7421333333 0.03334944021 0)
(0.7482666667 0.03334944021 0)
(0.7544 0.03334944021 0)
(0.7605333333 0.03334944021 0)
(0.7666666667 0.03334944021 0)
(0.7728 0.03334944021 0)
(0.7789333333 0.03334944021 0)
(0.7850666667 0.03334944021 0)
(0.7912 0.03334944021 0)
(0.7973333333 0.03334944021 0)
(0.8034666667 0.03334944021 0)
(0.8096 0.03334944021 0)
(0.8157333333 0.03334944021 0)
(0.8218666667 0.03334944021 0)
(0.828 0.03334944021 0)
(0.8341333333 0.03334944021 0)
(0.8402666667 0.03334944021 0)
(0.8464 0.03334944021 0)
(0.8525333333 0.03334944021 0)
(0.8586666667 0.03334944021 0)
(0.8648 0.03334944021 0)
(0.8709333333 0.03334944021 0)
(0.8770666667 0.03334944021 0)
(0.8832 0.03334944021 0)
(0.8893333333 0.03334944021 0)
(0.8954666667 0.03334944021 0)
(0.9016 0.03334944021 0)
(0.9077333333 0.03334944021 0)
(0.9138666667 0.03334944021 0)
(0.92 0.03334944021 0)
(0 0.03683378233 0)
(0.006133333333 0.03683378233 0)
(0.01226666667 0.03683378233 0)
(0.0184 0.03683378233 0)
(0.02453333333 0.03683378233 0)
(0.03066666667 0.03683378233 0)
(0.0368 0.03683378233 0)
(0.04293333333 0.03683378233 0)
(0.04906666667 0.03683378233 0)
(0.0552 0.03683378233 0)
(0.06133333333 0.03683378233 0)
(0.06746666667 0.03683378233 0)
(0.0736 0.03683378233 0)
(0.07973333333 0.03683378233 0)
(0.08586666667 0.03683378233 0)
(0.092 0.03683378233 0)
(0.09813333333 0.03683378233 0)
(0.1042666667 0.03683378233 0)
(0.1104 0.03683378233 0)
(0.1165333333 0.03683378233 0)
(0.1226666667 0.03683378233 0)
(0.1288 0.03683378233 0)
(0.1349333333 0.03683378233 0)
(0.1410666667 0.03683378233 0)
(0.1472 0.03683378233 0)
(0.1533333333 0.03683378233 0)
(0.1594666667 0.03683378233 0)
(0.1656 0.03683378233 0)
(0.1717333333 0.03683378233 0)
(0.1778666667 0.03683378233 0)
(0.184 0.03683378233 0)
(0.1901333333 0.03683378233 0)
(0.1962666667 0.03683378233 0)
(0.2024 0.03683378233 0)
(0.2085333333 0.03683378233 0)
(0.2146666667 0.03683378233 0)
(0.2208 0.03683378233 0)
(0.2269333333 0.03683378233 0)
(0.2330666667 0.03683378233 0)
(0.2392 0.03683378233 0)
(0.2453333333 0.03683378233 0)
(0.2514666667 0.03683378233 0)
(0.2576 0.03683378233 0)
(0.2637333333 0.03683378233 0)
(0.2698666667 0.03683378233 0)
(0.276 0.03683378233 0)
(0.2821333333 0.03683378233 0)
(0.2882666667 0.03683378233 0)
(0.2944 0.03683378233 0)
(0.3005333333 0.03683378233 0)
(0.3066666667 0.03683378233 0)
(0.3128 0.03683378233 0)
(0.3189333333 0.03683378233 0)
(0.3250666667 0.03683378233 0)
(0.3312 0.03683378233 0)
(0.3373333333 0.03683378233 0)
(0.3434666667 0.03683378233 0)
(0.3496 0.03683378233 0)
(0.3557333333 0.03683378233 0)
(0.3618666667 0.03683378233 0)
(0.368 0.03683378233 0)
(0.3741333333 0.03683378233 0)
(0.3802666667 0.03683378233 0)
(0.3864 0.03683378233 0)
(0.3925333333 0.03683378233 0)
(0.3986666667 0.03683378233 0)
(0.4048 0.03683378233 0)
(0.4109333333 0.03683378233 0)
(0.4170666667 0.03683378233 0)
(0.4232 0.03683378233 0)
(0.4293333333 0.03683378233 0)
(0.4354666667 0.03683378233 0)
(0.4416 0.03683378233 0)
(0.4477333333 0.03683378233 0)
(0.4538666667 0.03683378233 0)
(0.46 0.03683378233 0)
(0.4661333333 0.03683378233 0)
(0.4722666667 0.03683378233 0)
(0.4784 0.03683378233 0)
(0.4845333333 0.03683378233 0)
(0.4906666667 0.03683378233 0)
(0.4968 0.03683378233 0)
(0.5029333333 0.03683378233 0)
(0.5090666667 0.03683378233 0)
(0.5152 0.03683378233 0)
(0.5213333333 0.03683378233 0)
(0.5274666667 0.03683378233 0)
(0.5336 0.03683378233 0)
(0.5397333333 0.03683378233 0)
(0.5458666667 0.03683378233 0)
(0.552 0.03683378233 0)
(0.5581333333 0.03683378233 0)
(0.5642666667 0.03683378233 0)
(0.5704 0.03683378233 0)
(0.5765333333 0.03683378233 0)
(0.5826666667 0.03683378233 0)
(0.5888 0.03683378233 0)
(0.5949333333 0.03683378233 0)
(0.6010666667 0.03683378233 0)
(0.6072 0.03683378233 0)
(0.6133333333 0.03683378233 0)
(0.6194666667 0.03683378233 0)
(0.6256 0.03683378233 0)
(0.6317333333 0.03683378233 0)
(0.6378666667 0.03683378233 0)
(0.644 0.03683378233 0)
(0.6501333333 0.03683378233 0)
(0.6562666667 0.03683378233 0)
(0.6624 0.03683378233 0)
(0.6685333333 0.03683378233 0)
(0.6746666667 0.03683378233 0)
(0.6808 0.03683378233 0)
(0.6869333333 0.03683378233 0)
(0.6930666667 0.03683378233 0)
(0.6992 0.03683378233 0)
(0.7053333333 0.03683378233 0)
(0.7114666667 0.03683378233 0)
(0.7176 0.03683378233 0)
(0.7237333333 0.03683378233 0)
(0.7298666667 0.03683378233 0)
(0.736 0.03683378233 0)
(0.7421333333 0.03683378233 0)
(0.7482666667 0.03683378233 0)
(0.7544 0.03683378233 0)
(0.7605333333 0.03683378233 0)
(0.7666666667 0.03683378233 0)
(0.7728 0.03683378233 0)
(0.7789333333 0.03683378233 0)
(0.7850666667 0.03683378233 0)
(0.7912 0.03683378233 0)
(0.7973333333 0.03683378233 0)
(0.8034666667 0.03683378233 0)
(0.8096 0.03683378233 0)
(0.8157333333 0.03683378233 0)
(0.8218666667 0.03683378233 0)
(0.828 0.03683378233 0)
(0.8341333333 0.03683378233 0)
(0.8402666667 0.03683378233 0)
(0.8464 0.03683378233 0)
(0.8525333333 0.03683378233 0)
(0.8586666667 0.03683378233 0)
(0.8648 0.03683378233 0)
(0.8709333333 0.03683378233 0)
(0.8770666667 0.03683378233 0)
(0.8832 0.03683378233 0)
(0.8893333333 0.03683378233 0)
(0.8954666667 0.03683378233 0)
(0.9016 0.03683378233 0)
(0.9077333333 0.03683378233 0)
(0.9138666667 0.03683378233 0)
(0.92 0.03683378233 0)
(0 0.040666483 0)
(0.006133333333 0.040666483 0)
(0.01226666667 0.040666483 0)
(0.0184 0.040666483 0)
(0.02453333333 0.040666483 0)
(0.03066666667 0.040666483 0)
(0.0368 0.040666483 0)
(0.04293333333 0.040666483 0)
(0.04906666667 0.040666483 0)
(0.0552 0.040666483 0)
(0.06133333333 0.040666483 0)
(0.06746666667 0.040666483 0)
(0.0736 0.040666483 0)
(0.07973333333 0.040666483 0)
(0.08586666667 0.040666483 0)
(0.092 0.040666483 0)
(0.09813333333 0.040666483 0)
(0.1042666667 0.040666483 0)
(0.1104 0.040666483 0)
(0.1165333333 0.040666483 0)
(0.1226666667 0.040666483 0)
(0.1288 0.040666483 0)
(0.1349333333 0.040666483 0)
(0.1410666667 0.040666483 0)
(0.1472 0.040666483 0)
(0.1533333333 0.040666483 0)
(0.1594666667 0.040666483 0)
(0.1656 0.040666483 0)
(0.1717333333 0.040666483 0)
(0.1778666667 0.040666483 0)
(0.184 0.040666483 0)
(0.1901333333 0.040666483 0)
(0.1962666667 0.040666483 0)
(0.2024 0.040666483 0)
(0.2085333333 0.040666483 0)
(0.2146666667 0.040666483 0)
(0.2208 0.040666483 0)
(0.2269333333 0.040666483 0)
(0.2330666667 0.040666483 0)
(0.2392 0.040666483 0)
(0.2453333333 0.040666483 0)
(0.2514666667 0.040666483 0)
(0.2576 0.040666483 0)
(0.2637333333 0.040666483 0)
(0.2698666667 0.040666483 0)
(0.276 0.040666483 0)
(0.2821333333 0.040666483 0)
(0.2882666667 0.040666483 0)
(0.2944 0.040666483 0)
(0.3005333333 0.040666483 0)
(0.3066666667 0.040666483 0)
(0.3128 0.040666483 0)
(0.3189333333 0.040666483 0)
(0.3250666667 0.040666483 0)
(0.3312 0.040666483 0)
(0.3373333333 0.040666483 0)
(0.3434666667 0.040666483 0)
(0.3496 0.040666483 0)
(0.3557333333 0.040666483 0)
(0.3618666667 0.040666483 0)
(0.368 0.040666483 0)
(0.3741333333 0.040666483 0)
(0.3802666667 0.040666483 0)
(0.3864 0.040666483 0)
(0.3925333333 0.040666483 0)
(0.3986666667 0.040666483 0)
(0.4048 0.040666483 0)
(0.4109333333 0.040666483 0)
(0.4170666667 0.040666483 0)
(0.4232 0.040666483 0)
(0.4293333333 0.040666483 0)
(0.4354666667 0.040666483 0)
(0.4416 0.040666483 0)
(0.4477333333 0.040666483 0)
(0.4538666667 0.040666483 0)
(0.46 0.040666483 0)
(0.4661333333 0.040666483 0)
(0.4722666667 0.040666483 0)
(0.4784 0.040666483 0)
(0.4845333333 0.040666483 0)
(0.4906666667 0.040666483 0)
(0.4968 0.040666483 0)
(0.5029333333 0.040666483 0)
(0.5090666667 0.040666483 0)
(0.5152 0.040666483 0)
(0.5213333333 0.040666483 0)
(0.5274666667 0.040666483 0)
(0.5336 0.040666483 0)
(0.5397333333 0.040666483 0)
(0.5458666667 0.040666483 0)
(0.552 0.040666483 0)
(0.5581333333 0.040666483 0)
(0.5642666667 0.040666483 0)
(0.5704 0.040666483 0)
(0.5765333333 0.040666483 0)
(0.5826666667 0.040666483 0)
(0.5888 0.040666483 0)
(0.5949333333 0.040666483 0)
(0.6010666667 0.040666483 0)
(0.6072 0.040666483 0)
(0.6133333333 0.040666483 0)
(0.6194666667 0.040666483 0)
(0.6256 0.040666483 0)
(0.6317333333 0.040666483 0)
(0.6378666667 0.040666483 0)
(0.644 0.040666483 0)
(0.6501333333 0.040666483 0)
(0.6562666667 0.040666483 0)
(0.6624 0.040666483 0)
(0.6685333333 0.040666483 0)
(0.6746666667 0.040666483 0)
(0.6808 0.040666483 0)
(0.6869333333 0.040666483 0)
(0.6930666667 0.040666483 0)
(0.6992 0.040666483 0)
(0.7053333333 0.040666483 0)
(0.7114666667 0.040666483 0)
(0.7176 0.040666483 0)
(0.7237333333 0.040666483 0)
(0.7298666667 0.040666483 0)
(0.736 0.040666483 0)
(0.7421333333 0.040666483 0)
(0.7482666667 0.040666483 0)
(0.7544 0.040666483 0)
(0.7605333333 0.040666483 0)
(0.7666666667 0.040666483 0)
(0.7728 0.040666483 0)
(0.7789333333 0.040666483 0)
(0.7850666667 0.040666483 0)
(0.7912 0.040666483 0)
(0.7973333333 0.040666483 0)
(0.8034666667 0.040666483 0)
(0.8096 0.040666483 0)
(0.8157333333 0.040666483 0)
(0.8218666667 0.040666483 0)
(0.828 0.040666483 0)
(0.8341333333 0.040666483 0)
(0.8402666667 0.040666483 0)
(0.8464 0.040666483 0)
(0.8525333333 0.040666483 0)
(0.8586666667 0.040666483 0)
(0.8648 0.040666483 0)
(0.8709333333 0.040666483 0)
(0.8770666667 0.040666483 0)
(0.8832 0.040666483 0)
(0.8893333333 0.040666483 0)
(0.8954666667 0.040666483 0)
(0.9016 0.040666483 0)
(0.9077333333 0.040666483 0)
(0.9138666667 0.040666483 0)
(0.92 0.040666483 0)
(0 0.04488237052 0)
(0.006133333333 0.04488237052 0)
(0.01226666667 0.04488237052 0)
(0.0184 0.04488237052 0)
(0.02453333333 0.04488237052 0)
(0.03066666667 0.04488237052 0)
(0.0368 0.04488237052 0)
(0.04293333333 0.04488237052 0)
(0.04906666667 0.04488237052 0)
(0.0552 0.04488237052 0)
(0.06133333333 0.04488237052 0)
(0.06746666667 0.04488237052 0)
(0.0736 0.04488237052 0)
(0.07973333333 0.04488237052 0)
(0.08586666667 0.04488237052 0)
(0.092 0.04488237052 0)
(0.09813333333 0.04488237052 0)
(0.1042666667 0.04488237052 0)
(0.1104 0.04488237052 0)
(0.1165333333 0.04488237052 0)
(0.1226666667 0.04488237052 0)
(0.1288 0.04488237052 0)
(0.1349333333 0.04488237052 0)
(0.1410666667 0.04488237052 0)
(0.1472 0.04488237052 0)
(0.1533333333 0.04488237052 0)
(0.1594666667 0.04488237052 0)
(0.1656 0.04488237052 0)
(0.1717333333 0.04488237052 0)
(0.1778666667 0.04488237052 0)
(0.184 0.04488237052 0)
(0.1901333333 0.04488237052 0)
(0.1962666667 0.04488237052 0)
(0.2024 0.04488237052 0)
(0.2085333333 0.04488237052 0)
(0.2146666667 0.04488237052 0)
(0.2208 0.04488237052 0)
(0.2269333333 0.04488237052 0)
(0.2330666667 0.04488237052 0)
(0.2392 0.04488237052 0)
(0.2453333333 0.04488237052 0)
(0.2514666667 0.04488237052 0)
(0.2576 0.04488237052 0)
(0.2637333333 0.04488237052 0)
(0.2698666667 0.04488237052 0)
(0.276 0.04488237052 0)
(0.2821333333 0.04488237052 0)
(0.2882666667 0.04488237052 0)
(0.2944 0.04488237052 0)
(0.3005333333 0.04488237052 0)
(0.3066666667 0.04488237052 0)
(0.3128 0.04488237052 0)
(0.3189333333 0.04488237052 0)
(0.3250666667 0.04488237052 0)
(0.3312 0.04488237052 0)
(0.3373333333 0.04488237052 0)
(0.3434666667 0.04488237052 0)
(0.3496 0.04488237052 0)
(0.3557333333 0.04488237052 0)
(0.3618666667 0.04488237052 0)
(0.368 0.04488237052 0)
(0.3741333333 0.04488237052 0)
(0.3802666667 0.04488237052 0)
(0.3864 0.04488237052 0)
(0.3925333333 0.04488237052 0)
(0.3986666667 0.04488237052 0)
(0.4048 0.04488237052 0)
(0.4109333333 0.04488237052 0)
(0.4170666667 0.04488237052 0)
(0.4232 0.04488237052 0)
(0.4293333333 0.04488237052 0)
(0.4354666667 0.04488237052 0)
(0.4416 0.04488237052 0)
(0.4477333333 0.04488237052 0)
(0.4538666667 0.04488237052 0)
(0.46 0.04488237052 0)
(0.4661333333 0.04488237052 0)
(0.4722666667 0.04488237052 0)
(0.4784 0.04488237052 0)
(0.4845333333 0.04488237052 0)
(0.4906666667 0.04488237052 0)
(0.4968 0.04488237052 0)
(0.5029333333 0.04488237052 0)
(0.5090666667 0.04488237052 0)
(0.5152 0.04488237052 0)
(0.5213333333 0.04488237052 0)
(0.5274666667 0.04488237052 0)
(0.5336 0.04488237052 0)
(0.5397333333 0.04488237052 0)
(0.5458666667 0.04488237052 0)
(0.552 0.04488237052 0)
(0.5581333333 0.04488237052 0)
(0.5642666667 0.04488237052 0)
(0.5704 0.04488237052 0)
(0.5765333333 0.04488237052 0)
(0.5826666667 0.04488237052 0)
(0.5888 0.04488237052 0)
(0.5949333333 0.04488237052 0)
(0.6010666667 0.04488237052 0)
(0.6072 0.04488237052 0)
(0.6133333333 0.04488237052 0)
(0.6194666667 0.04488237052 0)
(0.6256 0.04488237052 0)
(0.6317333333 0.04488237052 0)
(0.6378666667 0.04488237052 0)
(0.644 0.04488237052 0)
(0.6501333333 0.04488237052 0)
(0.6562666667 0.04488237052 0)
(0.6624 0.04488237052 0)
(0.6685333333 0.04488237052 0)
(0.6746666667 0.04488237052 0)
(0.6808 0.04488237052 0)
(0.6869333333 0.04488237052 0)
(0.6930666667 0.04488237052 0)
(0.6992 0.04488237052 0)
(0.7053333333 0.04488237052 0)
(0.7114666667 0.04488237052 0)
(0.7176 0.04488237052 0)
(0.7237333333 0.04488237052 0)
(0.7298666667 0.04488237052 0)
(0.736 0.04488237052 0)
(0.7421333333 0.04488237052 0)
(0.7482666667 0.04488237052 0)
(0.7544 0.04488237052 0)
(0.7605333333 0.04488237052 0)
(0.7666666667 0.04488237052 0)
(0.7728 0.04488237052 0)
(0.7789333333 0.04488237052 0)
(0.7850666667 0.04488237052 0)
(0.7912 0.04488237052 0)
(0.7973333333 0.04488237052 0)
(0.8034666667 0.04488237052 0)
(0.8096 0.04488237052 0)
(0.8157333333 0.04488237052 0)
(0.8218666667 0.04488237052 0)
(0.828 0.04488237052 0)
(0.8341333333 0.04488237052 0)
(0.8402666667 0.04488237052 0)
(0.8464 0.04488237052 0)
(0.8525333333 0.04488237052 0)
(0.8586666667 0.04488237052 0)
(0.8648 0.04488237052 0)
(0.8709333333 0.04488237052 0)
(0.8770666667 0.04488237052 0)
(0.8832 0.04488237052 0)
(0.8893333333 0.04488237052 0)
(0.8954666667 0.04488237052 0)
(0.9016 0.04488237052 0)
(0.9077333333 0.04488237052 0)
(0.9138666667 0.04488237052 0)
(0.92 0.04488237052 0)
(0 0.04951975524 0)
(0.006133333333 0.04951975524 0)
(0.01226666667 0.04951975524 0)
(0.0184 0.04951975524 0)
(0.02453333333 0.04951975524 0)
(0.03066666667 0.04951975524 0)
(0.0368 0.04951975524 0)
(0.04293333333 0.04951975524 0)
(0.04906666667 0.04951975524 0)
(0.0552 0.04951975524 0)
(0.06133333333 0.04951975524 0)
(0.06746666667 0.04951975524 0)
(0.0736 0.04951975524 0)
(0.07973333333 0.04951975524 0)
(0.08586666667 0.04951975524 0)
(0.092 0.04951975524 0)
(0.09813333333 0.04951975524 0)
(0.1042666667 0.04951975524 0)
(0.1104 0.04951975524 0)
(0.1165333333 0.04951975524 0)
(0.1226666667 0.04951975524 0)
(0.1288 0.04951975524 0)
(0.1349333333 0.04951975524 0)
(0.1410666667 0.04951975524 0)
(0.1472 0.04951975524 0)
(0.1533333333 0.04951975524 0)
(0.1594666667 0.04951975524 0)
(0.1656 0.04951975524 0)
(0.1717333333 0.04951975524 0)
(0.1778666667 0.04951975524 0)
(0.184 0.04951975524 0)
(0.1901333333 0.04951975524 0)
(0.1962666667 0.04951975524 0)
(0.2024 0.04951975524 0)
(0.2085333333 0.04951975524 0)
(0.2146666667 0.04951975524 0)
(0.2208 0.04951975524 0)
(0.2269333333 0.04951975524 0)
(0.2330666667 0.04951975524 0)
(0.2392 0.04951975524 0)
(0.2453333333 0.04951975524 0)
(0.2514666667 0.04951975524 0)
(0.2576 0.04951975524 0)
(0.2637333333 0.04951975524 0)
(0.2698666667 0.04951975524 0)
(0.276 0.04951975524 0)
(0.2821333333 0.04951975524 0)
(0.2882666667 0.04951975524 0)
(0.2944 0.04951975524 0)
(0.3005333333 0.04951975524 0)
(0.3066666667 0.04951975524 0)
(0.3128 0.04951975524 0)
(0.3189333333 0.04951975524 0)
(0.3250666667 0.04951975524 0)
(0.3312 0.04951975524 0)
(0.3373333333 0.04951975524 0)
(0.3434666667 0.04951975524 0)
(0.3496 0.04951975524 0)
(0.3557333333 0.04951975524 0)
(0.3618666667 0.04951975524 0)
(0.368 0.04951975524 0)
(0.3741333333 0.04951975524 0)
(0.3802666667 0.04951975524 0)
(0.3864 0.04951975524 0)
(0.3925333333 0.04951975524 0)
(0.3986666667 0.04951975524 0)
(0.4048 0.04951975524 0)
(0.4109333333 0.04951975524 0)
(0.4170666667 0.04951975524 0)
(0.4232 0.04951975524 0)
(0.4293333333 0.04951975524 0)
(0.4354666667 0.04951975524 0)
(0.4416 0.04951975524 0)
(0.4477333333 0.04951975524 0)
(0.4538666667 0.04951975524 0)
(0.46 0.04951975524 0)
(0.4661333333 0.04951975524 0)
(0.4722666667 0.04951975524 0)
(0.4784 0.04951975524 0)
(0.4845333333 0.04951975524 0)
(0.4906666667 0.04951975524 0)
(0.4968 0.04951975524 0)
(0.5029333333 0.04951975524 0)
(0.5090666667 0.04951975524 0)
(0.5152 0.04951975524 0)
(0.5213333333 0.04951975524 0)
(0.5274666667 0.04951975524 0)
(0.5336 0.04951975524 0)
(0.5397333333 0.04951975524 0)
(0.5458666667 0.04951975524 0)
(0.552 0.04951975524 0)
(0.5581333333 0.04951975524 0)
(0.5642666667 0.04951975524 0)
(0.5704 0.04951975524 0)
(0.5765333333 0.04951975524 0)
(0.5826666667 0.04951975524 0)
(0.5888 0.04951975524 0)
(0.5949333333 0.04951975524 0)
(0.6010666667 0.04951975524 0)
(0.6072 0.04951975524 0)
(0.6133333333 0.04951975524 0)
(0.6194666667 0.04951975524 0)
(0.6256 0.04951975524 0)
(0.6317333333 0.04951975524 0)
(0.6378666667 0.04951975524 0)
(0.644 0.04951975524 0)
(0.6501333333 0.04951975524 0)
(0.6562666667 0.04951975524 0)
(0.6624 0.04951975524 0)
(0.6685333333 0.04951975524 0)
(0.6746666667 0.04951975524 0)
(0.6808 0.04951975524 0)
(0.6869333333 0.04951975524 0)
(0.6930666667 0.04951975524 0)
(0.6992 0.04951975524 0)
(0.7053333333 0.04951975524 0)
(0.7114666667 0.04951975524 0)
(0.7176 0.04951975524 0)
(0.7237333333 0.04951975524 0)
(0.7298666667 0.04951975524 0)
(0.736 0.04951975524 0)
(0.7421333333 0.04951975524 0)
(0.7482666667 0.04951975524 0)
(0.7544 0.04951975524 0)
(0.7605333333 0.04951975524 0)
(0.7666666667 0.04951975524 0)
(0.7728 0.04951975524 0)
(0.7789333333 0.04951975524 0)
(0.7850666667 0.04951975524 0)
(0.7912 0.04951975524 0)
(0.7973333333 0.04951975524 0)
(0.8034666667 0.04951975524 0)
(0.8096 0.04951975524 0)
(0.8157333333 0.04951975524 0)
(0.8218666667 0.04951975524 0)
(0.828 0.04951975524 0)
(0.8341333333 0.04951975524 0)
(0.8402666667 0.04951975524 0)
(0.8464 0.04951975524 0)
(0.8525333333 0.04951975524 0)
(0.8586666667 0.04951975524 0)
(0.8648 0.04951975524 0)
(0.8709333333 0.04951975524 0)
(0.8770666667 0.04951975524 0)
(0.8832 0.04951975524 0)
(0.8893333333 0.04951975524 0)
(0.8954666667 0.04951975524 0)
(0.9016 0.04951975524 0)
(0.9077333333 0.04951975524 0)
(0.9138666667 0.04951975524 0)
(0.92 0.04951975524 0)
(0 0.05462077774 0)
(0.006133333333 0.05462077774 0)
(0.01226666667 0.05462077774 0)
(0.0184 0.05462077774 0)
(0.02453333333 0.05462077774 0)
(0.03066666667 0.05462077774 0)
(0.0368 0.05462077774 0)
(0.04293333333 0.05462077774 0)
(0.04906666667 0.05462077774 0)
(0.0552 0.05462077774 0)
(0.06133333333 0.05462077774 0)
(0.06746666667 0.05462077774 0)
(0.0736 0.05462077774 0)
(0.07973333333 0.05462077774 0)
(0.08586666667 0.05462077774 0)
(0.092 0.05462077774 0)
(0.09813333333 0.05462077774 0)
(0.1042666667 0.05462077774 0)
(0.1104 0.05462077774 0)
(0.1165333333 0.05462077774 0)
(0.1226666667 0.05462077774 0)
(0.1288 0.05462077774 0)
(0.1349333333 0.05462077774 0)
(0.1410666667 0.05462077774 0)
(0.1472 0.05462077774 0)
(0.1533333333 0.05462077774 0)
(0.1594666667 0.05462077774 0)
(0.1656 0.05462077774 0)
(0.1717333333 0.05462077774 0)
(0.1778666667 0.05462077774 0)
(0.184 0.05462077774 0)
(0.1901333333 0.05462077774 0)
(0.1962666667 0.05462077774 0)
(0.2024 0.05462077774 0)
(0.2085333333 0.05462077774 0)
(0.2146666667 0.05462077774 0)
(0.2208 0.05462077774 0)
(0.2269333333 0.05462077774 0)
(0.2330666667 0.05462077774 0)
(0.2392 0.05462077774 0)
(0.2453333333 0.05462077774 0)
(0.2514666667 0.05462077774 0)
(0.2576 0.05462077774 0)
(0.2637333333 0.05462077774 0)
(0.2698666667 0.05462077774 0)
(0.276 0.05462077774 0)
(0.2821333333 0.05462077774 0)
(0.2882666667 0.05462077774 0)
(0.2944 0.05462077774 0)
(0.3005333333 0.05462077774 0)
(0.3066666667 0.05462077774 0)
(0.3128 0.05462077774 0)
(0.3189333333 0.05462077774 0)
(0.3250666667 0.05462077774 0)
(0.3312 0.05462077774 0)
(0.3373333333 0.05462077774 0)
(0.3434666667 0.05462077774 0)
(0.3496 0.05462077774 0)
(0.3557333333 0.05462077774 0)
(0.3618666667 0.05462077774 0)
(0.368 0.05462077774 0)
(0.3741333333 0.05462077774 0)
(0.3802666667 0.05462077774 0)
(0.3864 0.05462077774 0)
(0.3925333333 0.05462077774 0)
(0.3986666667 0.05462077774 0)
(0.4048 0.05462077774 0)
(0.4109333333 0.05462077774 0)
(0.4170666667 0.05462077774 0)
(0.4232 0.05462077774 0)
(0.4293333333 0.05462077774 0)
(0.4354666667 0.05462077774 0)
(0.4416 0.05462077774 0)
(0.4477333333 0.05462077774 0)
(0.4538666667 0.05462077774 0)
(0.46 0.05462077774 0)
(0.4661333333 0.05462077774 0)
(0.4722666667 0.05462077774 0)
(0.4784 0.05462077774 0)
(0.4845333333 0.05462077774 0)
(0.4906666667 0.05462077774 0)
(0.4968 0.05462077774 0)
(0.5029333333 0.05462077774 0)
(0.5090666667 0.05462077774 0)
(0.5152 0.05462077774 0)
(0.5213333333 0.05462077774 0)
(0.5274666667 0.05462077774 0)
(0.5336 0.05462077774 0)
(0.5397333333 0.05462077774 0)
(0.5458666667 0.05462077774 0)
(0.552 0.05462077774 0)
(0.5581333333 0.05462077774 0)
(0.5642666667 0.05462077774 0)
(0.5704 0.05462077774 0)
(0.5765333333 0.05462077774 0)
(0.5826666667 0.05462077774 0)
(0.5888 0.05462077774 0)
(0.5949333333 0.05462077774 0)
(0.6010666667 0.05462077774 0)
(0.6072 0.05462077774 0)
(0.6133333333 0.05462077774 0)
(0.6194666667 0.05462077774 0)
(0.6256 0.05462077774 0)
(0.6317333333 0.05462077774 0)
(0.6378666667 0.05462077774 0)
(0.644 0.05462077774 0)
(0.6501333333 0.05462077774 0)
(0.6562666667 0.05462077774 0)
(0.6624 0.05462077774 0)
(0.6685333333 0.05462077774 0)
(0.6746666667 0.05462077774 0)
(0.6808 0.05462077774 0)
(0.6869333333 0.05462077774 0)
(0.6930666667 0.05462077774 0)
(0.6992 0.05462077774 0)
(0.7053333333 0.05462077774 0)
(0.7114666667 0.05462077774 0)
(0.7176 0.05462077774 0)
(0.7237333333 0.05462077774 0)
(0.7298666667 0.05462077774 0)
(0.736 0.05462077774 0)
(0.7421333333 0.05462077774 0)
(0.7482666667 0.05462077774 0)
(0.7544 0.05462077774 0)
(0.7605333333 0.05462077774 0)
(0.7666666667 0.05462077774 0)
(0.7728 0.05462077774 0)
(0.7789333333 0.05462077774 0)
(0.7850666667 0.05462077774 0)
(0.7912 0.05462077774 0)
(0.7973333333 0.05462077774 0)
(0.8034666667 0.05462077774 0)
(0.8096 0.05462077774 0)
(0.8157333333 0.05462077774 0)
(0.8218666667 0.05462077774 0)
(0.828 0.05462077774 0)
(0.8341333333 0.05462077774 0)
(0.8402666667 0.05462077774 0)
(0.8464 0.05462077774 0)
(0.8525333333 0.05462077774 0)
(0.8586666667 0.05462077774 0)
(0.8648 0.05462077774 0)
(0.8709333333 0.05462077774 0)
(0.8770666667 0.05462077774 0)
(0.8832 0.05462077774 0)
(0.8893333333 0.05462077774 0)
(0.8954666667 0.05462077774 0)
(0.9016 0.05462077774 0)
(0.9077333333 0.05462077774 0)
(0.9138666667 0.05462077774 0)
(0.92 0.05462077774 0)
(0 0.06023179172 0)
(0.006133333333 0.06023179172 0)
(0.01226666667 0.06023179172 0)
(0.0184 0.06023179172 0)
(0.02453333333 0.06023179172 0)
(0.03066666667 0.06023179172 0)
(0.0368 0.06023179172 0)
(0.04293333333 0.06023179172 0)
(0.04906666667 0.06023179172 0)
(0.0552 0.06023179172 0)
(0.06133333333 0.06023179172 0)
(0.06746666667 0.06023179172 0)
(0.0736 0.06023179172 0)
(0.07973333333 0.06023179172 0)
(0.08586666667 0.06023179172 0)
(0.092 0.06023179172 0)
(0.09813333333 0.06023179172 0)
(0.1042666667 0.06023179172 0)
(0.1104 0.06023179172 0)
(0.1165333333 0.06023179172 0)
(0.1226666667 0.06023179172 0)
(0.1288 0.06023179172 0)
(0.1349333333 0.06023179172 0)
(0.1410666667 0.06023179172 0)
(0.1472 0.06023179172 0)
(0.1533333333 0.06023179172 0)
(0.1594666667 0.06023179172 0)
(0.1656 0.06023179172 0)
(0.1717333333 0.06023179172 0)
(0.1778666667 0.06023179172 0)
(0.184 0.06023179172 0)
(0.1901333333 0.06023179172 0)
(0.1962666667 0.06023179172 0)
(0.2024 0.06023179172 0)
(0.2085333333 0.06023179172 0)
(0.2146666667 0.06023179172 0)
(0.2208 0.06023179172 0)
(0.2269333333 0.06023179172 0)
(0.2330666667 0.06023179172 0)
(0.2392 0.06023179172 0)
(0.2453333333 0.06023179172 0)
(0.2514666667 0.06023179172 0)
(0.2576 0.06023179172 0)
(0.2637333333 0.06023179172 0)
(0.2698666667 0.06023179172 0)
(0.276 0.06023179172 0)
(0.2821333333 0.06023179172 0)
(0.2882666667 0.06023179172 0)
(0.2944 0.06023179172 0)
(0.3005333333 0.06023179172 0)
(0.3066666667 0.06023179172 0)
(0.3128 0.06023179172 0)
(0.3189333333 0.06023179172 0)
(0.3250666667 0.06023179172 0)
(0.3312 0.06023179172 0)
(0.3373333333 0.06023179172 0)
(0.3434666667 0.06023179172 0)
(0.3496 0.06023179172 0)
(0.3557333333 0.06023179172 0)
(0.3618666667 0.06023179172 0)
(0.368 0.06023179172 0)
(0.3741333333 0.06023179172 0)
(0.3802666667 0.06023179172 0)
(0.3864 0.06023179172 0)
(0.3925333333 0.06023179172 0)
(0.3986666667 0.06023179172 0)
(0.4048 0.06023179172 0)
(0.4109333333 0.06023179172 0)
(0.4170666667 0.06023179172 0)
(0.4232 0.06023179172 0)
(0.4293333333 0.06023179172 0)
(0.4354666667 0.06023179172 0)
(0.4416 0.06023179172 0)
(0.4477333333 0.06023179172 0)
(0.4538666667 0.06023179172 0)
(0.46 0.06023179172 0)
(0.4661333333 0.06023179172 0)
(0.4722666667 0.06023179172 0)
(0.4784 0.06023179172 0)
(0.4845333333 0.06023179172 0)
(0.4906666667 0.06023179172 0)
(0.4968 0.06023179172 0)
(0.5029333333 0.06023179172 0)
(0.5090666667 0.06023179172 0)
(0.5152 0.06023179172 0)
(0.5213333333 0.06023179172 0)
(0.5274666667 0.06023179172 0)
(0.5336 0.06023179172 0)
(0.5397333333 0.06023179172 0)
(0.5458666667 0.06023179172 0)
(0.552 0.06023179172 0)
(0.5581333333 0.06023179172 0)
(0.5642666667 0.06023179172 0)
(0.5704 0.06023179172 0)
(0.5765333333 0.06023179172 0)
(0.5826666667 0.06023179172 0)
(0.5888 0.06023179172 0)
(0.5949333333 0.06023179172 0)
(0.6010666667 0.06023179172 0)
(0.6072 0.06023179172 0)
(0.6133333333 0.06023179172 0)
(0.6194666667 0.06023179172 0)
(0.6256 0.06023179172 0)
(0.6317333333 0.06023179172 0)
(0.6378666667 0.06023179172 0)
(0.644 0.06023179172 0)
(0.6501333333 0.06023179172 0)
(0.6562666667 0.06023179172 0)
(0.6624 0.06023179172 0)
(0.6685333333 0.06023179172 0)
(0.6746666667 0.06023179172 0)
(0.6808 0.06023179172 0)
(0.6869333333 0.06023179172 0)
(0.6930666667 0.06023179172 0)
(0.6992 0.06023179172 0)
(0.7053333333 0.06023179172 0)
(0.7114666667 0.06023179172 0)
(0.7176 0.06023179172 0)
(0.7237333333 0.06023179172 0)
(0.7298666667 0.06023179172 0)
(0.736 0.06023179172 0)
(0.7421333333 0.06023179172 0)
(0.7482666667 0.06023179172 0)
(0.7544 0.06023179172 0)
(0.7605333333 0.06023179172 0)
(0.7666666667 0.06023179172 0)
(0.7728 0.06023179172 0)
(0.7789333333 0.06023179172 0)
(0.7850666667 0.06023179172 0)
(0.7912 0.06023179172 0)
(0.7973333333 0.06023179172 0)
(0.8034666667 0.06023179172 0)
(0.8096 0.06023179172 0)
(0.8157333333 0.06023179172 0)
(0.8218666667 0.06023179172 0)
(0.828 0.06023179172 0)
(0.8341333333 0.06023179172 0)
(0.8402666667 0.06023179172 0)
(0.8464 0.06023179172 0)
(0.8525333333 0.06023179172 0)
(0.8586666667 0.06023179172 0)
(0.8648 0.06023179172 0)
(0.8709333333 0.06023179172 0)
(0.8770666667 0.06023179172 0)
(0.8832 0.06023179172 0)
(0.8893333333 0.06023179172 0)
(0.8954666667 0.06023179172 0)
(0.9016 0.06023179172 0)
(0.9077333333 0.06023179172 0)
(0.9138666667 0.06023179172 0)
(0.92 0.06023179172 0)
(0 0.06640378526 0)
(0.006133333333 0.06640378526 0)
(0.01226666667 0.06640378526 0)
(0.0184 0.06640378526 0)
(0.02453333333 0.06640378526 0)
(0.03066666667 0.06640378526 0)
(0.0368 0.06640378526 0)
(0.04293333333 0.06640378526 0)
(0.04906666667 0.06640378526 0)
(0.0552 0.06640378526 0)
(0.06133333333 0.06640378526 0)
(0.06746666667 0.06640378526 0)
(0.0736 0.06640378526 0)
(0.07973333333 0.06640378526 0)
(0.08586666667 0.06640378526 0)
(0.092 0.06640378526 0)
(0.09813333333 0.06640378526 0)
(0.1042666667 0.06640378526 0)
(0.1104 0.06640378526 0)
(0.1165333333 0.06640378526 0)
(0.1226666667 0.06640378526 0)
(0.1288 0.06640378526 0)
(0.1349333333 0.06640378526 0)
(0.1410666667 0.06640378526 0)
(0.1472 0.06640378526 0)
(0.1533333333 0.06640378526 0)
(0.1594666667 0.06640378526 0)
(0.1656 0.06640378526 0)
(0.1717333333 0.06640378526 0)
(0.1778666667 0.06640378526 0)
(0.184 0.06640378526 0)
(0.1901333333 0.06640378526 0)
(0.1962666667 0.06640378526 0)
(0.2024 0.06640378526 0)
(0.2085333333 0.06640378526 0)
(0.2146666667 0.06640378526 0)
(0.2208 0.06640378526 0)
(0.2269333333 0.06640378526 0)
(0.2330666667 0.06640378526 0)
(0.2392 0.06640378526 0)
(0.2453333333 0.06640378526 0)
(0.2514666667 0.06640378526 0)
(0.2576 0.06640378526 0)
(0.2637333333 0.06640378526 0)
(0.2698666667 0.06640378526 0)
(0.276 0.06640378526 0)
(0.2821333333 0.06640378526 0)
(0.2882666667 0.06640378526 0)
(0.2944 0.06640378526 0)
(0.3005333333 0.06640378526 0)
(0.3066666667 0.06640378526 0)
(0.3128 0.06640378526 0)
(0.3189333333 0.06640378526 0)
(0.3250666667 0.06640378526 0)
(0.3312 0.06640378526 0)
(0.3373333333 0.06640378526 0)
(0.3434666667 0.06640378526 0)
(0.3496 0.06640378526 0)
(0.3557333333 0.06640378526 0)
(0.3618666667 0.06640378526 0)
(0.368 0.06640378526 0)
(0.3741333333 0.06640378526 0)
(0.3802666667 0.06640378526 0)
(0.3864 0.06640378526 0)
(0.3925333333 0.06640378526 0)
(0.3986666667 0.06640378526 0)
(0.4048 0.06640378526 0)
(0.4109333333 0.06640378526 0)
(0.4170666667 0.06640378526 0)
(0.4232 0.06640378526 0)
(0.4293333333 0.06640378526 0)
(0.4354666667 0.06640378526 0)
(0.4416 0.06640378526 0)
(0.4477333333 0.06640378526 0)
(0.4538666667 0.06640378526 0)
(0.46 0.06640378526 0)
(0.4661333333 0.06640378526 0)
(0.4722666667 0.06640378526 0)
(0.4784 0.06640378526 0)
(0.4845333333 0.06640378526 0)
(0.4906666667 0.06640378526 0)
(0.4968 0.06640378526 0)
(0.5029333333 0.06640378526 0)
(0.5090666667 0.06640378526 0)
(0.5152 0.06640378526 0)
(0.5213333333 0.06640378526 0)
(0.5274666667 0.06640378526 0)
(0.5336 0.06640378526 0)
(0.5397333333 0.06640378526 0)
(0.5458666667 0.06640378526 0)
(0.552 0.06640378526 0)
(0.5581333333 0.06640378526 0)
(0.5642666667 0.06640378526 0)
(0.5704 0.06640378526 0)
(0.5765333333 0.06640378526 0)
(0.5826666667 0.06640378526 0)
(0.5888 0.06640378526 0)
(0.5949333333 0.06640378526 0)
(0.6010666667 0.06640378526 0)
(0.6072 0.06640378526 0)
(0.6133333333 0.06640378526 0)
(0.6194666667 0.06640378526 0)
(0.6256 0.06640378526 0)
(0.6317333333 0.06640378526 0)
(0.6378666667 0.06640378526 0)
(0.644 0.06640378526 0)
(0.6501333333 0.06640378526 0)
(0.6562666667 0.06640378526 0)
(0.6624 0.06640378526 0)
(0.6685333333 0.06640378526 0)
(0.6746666667 0.06640378526 0)
(0.6808 0.06640378526 0)
(0.6869333333 0.06640378526 0)
(0.6930666667 0.06640378526 0)
(0.6992 0.06640378526 0)
(0.7053333333 0.06640378526 0)
(0.7114666667 0.06640378526 0)
(0.7176 0.06640378526 0)
(0.7237333333 0.06640378526 0)
(0.7298666667 0.06640378526 0)
(0.736 0.06640378526 0)
(0.7421333333 0.06640378526 0)
(0.7482666667 0.06640378526 0)
(0.7544 0.06640378526 0)
(0.7605333333 0.06640378526 0)
(0.7666666667 0.06640378526 0)
(0.7728 0.06640378526 0)
(0.7789333333 0.06640378526 0)
(0.7850666667 0.06640378526 0)
(0.7912 0.06640378526 0)
(0.7973333333 0.06640378526 0)
(0.8034666667 0.06640378526 0)
(0.8096 0.06640378526 0)
(0.8157333333 0.06640378526 0)
(0.8218666667 0.06640378526 0)
(0.828 0.06640378526 0)
(0.8341333333 0.06640378526 0)
(0.8402666667 0.06640378526 0)
(0.8464 0.06640378526 0)
(0.8525333333 0.06640378526 0)
(0.8586666667 0.06640378526 0)
(0.8648 0.06640378526 0)
(0.8709333333 0.06640378526 0)
(0.8770666667 0.06640378526 0)
(0.8832 0.06640378526 0)
(0.8893333333 0.06640378526 0)
(0.8954666667 0.06640378526 0)
(0.9016 0.06640378526 0)
(0.9077333333 0.06640378526 0)
(0.9138666667 0.06640378526 0)
(0.92 0.06640378526 0)
(0 0.07319284413 0)
(0.006133333333 0.07319284413 0)
(0.01226666667 0.07319284413 0)
(0.0184 0.07319284413 0)
(0.02453333333 0.07319284413 0)
(0.03066666667 0.07319284413 0)
(0.0368 0.07319284413 0)
(0.04293333333 0.07319284413 0)
(0.04906666667 0.07319284413 0)
(0.0552 0.07319284413 0)
(0.06133333333 0.07319284413 0)
(0.06746666667 0.07319284413 0)
(0.0736 0.07319284413 0)
(0.07973333333 0.07319284413 0)
(0.08586666667 0.07319284413 0)
(0.092 0.07319284413 0)
(0.09813333333 0.07319284413 0)
(0.1042666667 0.07319284413 0)
(0.1104 0.07319284413 0)
(0.1165333333 0.07319284413 0)
(0.1226666667 0.07319284413 0)
(0.1288 0.07319284413 0)
(0.1349333333 0.07319284413 0)
(0.1410666667 0.07319284413 0)
(0.1472 0.07319284413 0)
(0.1533333333 0.07319284413 0)
(0.1594666667 0.07319284413 0)
(0.1656 0.07319284413 0)
(0.1717333333 0.07319284413 0)
(0.1778666667 0.07319284413 0)
(0.184 0.07319284413 0)
(0.1901333333 0.07319284413 0)
(0.1962666667 0.07319284413 0)
(0.2024 0.07319284413 0)
(0.2085333333 0.07319284413 0)
(0.2146666667 0.07319284413 0)
(0.2208 0.07319284413 0)
(0.2269333333 0.07319284413 0)
(0.2330666667 0.07319284413 0)
(0.2392 0.07319284413 0)
(0.2453333333 0.07319284413 0)
(0.2514666667 0.07319284413 0)
(0.2576 0.07319284413 0)
(0.2637333333 0.07319284413 0)
(0.2698666667 0.07319284413 0)
(0.276 0.07319284413 0)
(0.2821333333 0.07319284413 0)
(0.2882666667 0.07319284413 0)
(0.2944 0.07319284413 0)
(0.3005333333 0.07319284413 0)
(0.3066666667 0.07319284413 0)
(0.3128 0.07319284413 0)
(0.3189333333 0.07319284413 0)
(0.3250666667 0.07319284413 0)
(0.3312 0.07319284413 0)
(0.3373333333 0.07319284413 0)
(0.3434666667 0.07319284413 0)
(0.3496 0.07319284413 0)
(0.3557333333 0.07319284413 0)
(0.3618666667 0.07319284413 0)
(0.368 0.07319284413 0)
(0.3741333333 0.07319284413 0)
(0.3802666667 0.07319284413 0)
(0.3864 0.07319284413 0)
(0.3925333333 0.07319284413 0)
(0.3986666667 0.07319284413 0)
(0.4048 0.07319284413 0)
(0.4109333333 0.07319284413 0)
(0.4170666667 0.07319284413 0)
(0.4232 0.07319284413 0)
(0.4293333333 0.07319284413 0)
(0.4354666667 0.07319284413 0)
(0.4416 0.07319284413 0)
(0.4477333333 0.07319284413 0)
(0.4538666667 0.07319284413 0)
(0.46 0.07319284413 0)
(0.4661333333 0.07319284413 0)
(0.4722666667 0.07319284413 0)
(0.4784 0.07319284413 0)
(0.4845333333 0.07319284413 0)
(0.4906666667 0.07319284413 0)
(0.4968 0.07319284413 0)
(0.5029333333 0.07319284413 0)
(0.5090666667 0.07319284413 0)
(0.5152 0.07319284413 0)
(0.5213333333 0.07319284413 0)
(0.5274666667 0.07319284413 0)
(0.5336 0.07319284413 0)
(0.5397333333 0.07319284413 0)
(0.5458666667 0.07319284413 0)
(0.552 0.07319284413 0)
(0.5581333333 0.07319284413 0)
(0.5642666667 0.07319284413 0)
(0.5704 0.07319284413 0)
(0.5765333333 0.07319284413 0)
(0.5826666667 0.07319284413 0)
(0.5888 0.07319284413 0)
(0.5949333333 0.07319284413 0)
(0.6010666667 0.07319284413 0)
(0.6072 0.07319284413 0)
(0.6133333333 0.07319284413 0)
(0.6194666667 0.07319284413 0)
(0.6256 0.07319284413 0)
(0.6317333333 0.07319284413 0)
(0.6378666667 0.07319284413 0)
(0.644 0.07319284413 0)
(0.6501333333 0.07319284413 0)
(0.6562666667 0.07319284413 0)
(0.6624 0.07319284413 0)
(0.6685333333 0.07319284413 0)
(0.6746666667 0.07319284413 0)
(0.6808 0.07319284413 0)
(0.6869333333 0.07319284413 0)
(0.6930666667 0.07319284413 0)
(0.6992 0.07319284413 0)
(0.7053333333 0.07319284413 0)
(0.7114666667 0.07319284413 0)
(0.7176 0.07319284413 0)
(0.7237333333 0.07319284413 0)
(0.7298666667 0.07319284413 0)
(0.736 0.07319284413 0)
(0.7421333333 0.07319284413 0)
(0.7482666667 0.07319284413 0)
(0.7544 0.07319284413 0)
(0.7605333333 0.07319284413 0)
(0.7666666667 0.07319284413 0)
(0.7728 0.07319284413 0)
(0.7789333333 0.07319284413 0)
(0.7850666667 0.07319284413 0)
(0.7912 0.07319284413 0)
(0.7973333333 0.07319284413 0)
(0.8034666667 0.07319284413 0)
(0.8096 0.07319284413 0)
(0.8157333333 0.07319284413 0)
(0.8218666667 0.07319284413 0)
(0.828 0.07319284413 0)
(0.8341333333 0.07319284413 0)
(0.8402666667 0.07319284413 0)
(0.8464 0.07319284413 0)
(0.8525333333 0.07319284413 0)
(0.8586666667 0.07319284413 0)
(0.8648 0.07319284413 0)
(0.8709333333 0.07319284413 0)
(0.8770666667 0.07319284413 0)
(0.8832 0.07319284413 0)
(0.8893333333 0.07319284413 0)
(0.8954666667 0.07319284413 0)
(0.9016 0.07319284413 0)
(0.9077333333 0.07319284413 0)
(0.9138666667 0.07319284413 0)
(0.92 0.07319284413 0)
(0 0.08066066147 0)
(0.006133333333 0.08066066147 0)
(0.01226666667 0.08066066147 0)
(0.0184 0.08066066147 0)
(0.02453333333 0.08066066147 0)
(0.03066666667 0.08066066147 0)
(0.0368 0.08066066147 0)
(0.04293333333 0.08066066147 0)
(0.04906666667 0.08066066147 0)
(0.0552 0.08066066147 0)
(0.06133333333 0.08066066147 0)
(0.06746666667 0.08066066147 0)
(0.0736 0.08066066147 0)
(0.07973333333 0.08066066147 0)
(0.08586666667 0.08066066147 0)
(0.092 0.08066066147 0)
(0.09813333333 0.08066066147 0)
(0.1042666667 0.08066066147 0)
(0.1104 0.08066066147 0)
(0.1165333333 0.08066066147 0)
(0.1226666667 0.08066066147 0)
(0.1288 0.08066066147 0)
(0.1349333333 0.08066066147 0)
(0.1410666667 0.08066066147 0)
(0.1472 0.08066066147 0)
(0.1533333333 0.08066066147 0)
(0.1594666667 0.08066066147 0)
(0.1656 0.08066066147 0)
(0.1717333333 0.08066066147 0)
(0.1778666667 0.08066066147 0)
(0.184 0.08066066147 0)
(0.1901333333 0.08066066147 0)
(0.1962666667 0.08066066147 0)
(0.2024 0.08066066147 0)
(0.2085333333 0.08066066147 0)
(0.2146666667 0.08066066147 0)
(0.2208 0.08066066147 0)
(0.2269333333 0.08066066147 0)
(0.2330666667 0.08066066147 0)
(0.2392 0.08066066147 0)
(0.2453333333 0.08066066147 0)
(0.2514666667 0.08066066147 0)
(0.2576 0.08066066147 0)
(0.2637333333 0.08066066147 0)
(0.2698666667 0.08066066147 0)
(0.276 0.08066066147 0)
(0.2821333333 0.08066066147 0)
(0.2882666667 0.08066066147 0)
(0.2944 0.08066066147 0)
(0.3005333333 0.08066066147 0)
(0.3066666667 0.08066066147 0)
(0.3128 0.08066066147 0)
(0.3189333333 0.08066066147 0)
(0.3250666667 0.08066066147 0)
(0.3312 0.08066066147 0)
(0.3373333333 0.08066066147 0)
(0.3434666667 0.08066066147 0)
(0.3496 0.08066066147 0)
(0.3557333333 0.08066066147 0)
(0.3618666667 0.08066066147 0)
(0.368 0.08066066147 0)
(0.3741333333 0.08066066147 0)
(0.3802666667 0.08066066147 0)
(0.3864 0.08066066147 0)
(0.3925333333 0.08066066147 0)
(0.3986666667 0.08066066147 0)
(0.4048 0.08066066147 0)
(0.4109333333 0.08066066147 0)
(0.4170666667 0.08066066147 0)
(0.4232 0.08066066147 0)
(0.4293333333 0.08066066147 0)
(0.4354666667 0.08066066147 0)
(0.4416 0.08066066147 0)
(0.4477333333 0.08066066147 0)
(0.4538666667 0.08066066147 0)
(0.46 0.08066066147 0)
(0.4661333333 0.08066066147 0)
(0.4722666667 0.08066066147 0)
(0.4784 0.08066066147 0)
(0.4845333333 0.08066066147 0)
(0.4906666667 0.08066066147 0)
(0.4968 0.08066066147 0)
(0.5029333333 0.08066066147 0)
(0.5090666667 0.08066066147 0)
(0.5152 0.08066066147 0)
(0.5213333333 0.08066066147 0)
(0.5274666667 0.08066066147 0)
(0.5336 0.08066066147 0)
(0.5397333333 0.08066066147 0)
(0.5458666667 0.08066066147 0)
(0.552 0.08066066147 0)
(0.5581333333 0.08066066147 0)
(0.5642666667 0.08066066147 0)
(0.5704 0.08066066147 0)
(0.5765333333 0.08066066147 0)
(0.5826666667 0.08066066147 0)
(0.5888 0.08066066147 0)
(0.5949333333 0.08066066147 0)
(0.6010666667 0.08066066147 0)
(0.6072 0.08066066147 0)
(0.6133333333 0.08066066147 0)
(0.6194666667 0.08066066147 0)
(0.6256 0.08066066147 0)
(0.6317333333 0.08066066147 0)
(0.6378666667 0.08066066147 0)
(0.644 0.08066066147 0)
(0.6501333333 0.08066066147 0)
(0.6562666667 0.08066066147 0)
(0.6624 0.08066066147 0)
(0.6685333333 0.08066066147 0)
(0.6746666667 0.08066066147 0)
(0.6808 0.08066066147 0)
(0.6869333333 0.08066066147 0)
(0.6930666667 0.08066066147 0)
(0.6992 0.08066066147 0)
(0.7053333333 0.08066066147 0)
(0.7114666667 0.08066066147 0)
(0.7176 0.08066066147 0)
(0.7237333333 0.08066066147 0)
(0.7298666667 0.08066066147 0)
(0.736 0.08066066147 0)
(0.7421333333 0.08066066147 0)
(0.7482666667 0.08066066147 0)
(0.7544 0.08066066147 0)
(0.7605333333 0.08066066147 0)
(0.7666666667 0.08066066147 0)
(0.7728 0.08066066147 0)
(0.7789333333 0.08066066147 0)
(0.7850666667 0.08066066147 0)
(0.7912 0.08066066147 0)
(0.7973333333 0.08066066147 0)
(0.8034666667 0.08066066147 0)
(0.8096 0.08066066147 0)
(0.8157333333 0.08066066147 0)
(0.8218666667 0.08066066147 0)
(0.828 0.08066066147 0)
(0.8341333333 0.08066066147 0)
(0.8402666667 0.08066066147 0)
(0.8464 0.08066066147 0)
(0.8525333333 0.08066066147 0)
(0.8586666667 0.08066066147 0)
(0.8648 0.08066066147 0)
(0.8709333333 0.08066066147 0)
(0.8770666667 0.08066066147 0)
(0.8832 0.08066066147 0)
(0.8893333333 0.08066066147 0)
(0.8954666667 0.08066066147 0)
(0.9016 0.08066066147 0)
(0.9077333333 0.08066066147 0)
(0.9138666667 0.08066066147 0)
(0.92 0.08066066147 0)
(0 0.08887509838 0)
(0.006133333333 0.08887509838 0)
(0.01226666667 0.08887509838 0)
(0.0184 0.08887509838 0)
(0.02453333333 0.08887509838 0)
(0.03066666667 0.08887509838 0)
(0.0368 0.08887509838 0)
(0.04293333333 0.08887509838 0)
(0.04906666667 0.08887509838 0)
(0.0552 0.08887509838 0)
(0.06133333333 0.08887509838 0)
(0.06746666667 0.08887509838 0)
(0.0736 0.08887509838 0)
(0.07973333333 0.08887509838 0)
(0.08586666667 0.08887509838 0)
(0.092 0.08887509838 0)
(0.09813333333 0.08887509838 0)
(0.1042666667 0.08887509838 0)
(0.1104 0.08887509838 0)
(0.1165333333 0.08887509838 0)
(0.1226666667 0.08887509838 0)
(0.1288 0.08887509838 0)
(0.1349333333 0.08887509838 0)
(0.1410666667 0.08887509838 0)
(0.1472 0.08887509838 0)
(0.1533333333 0.08887509838 0)
(0.1594666667 0.08887509838 0)
(0.1656 0.08887509838 0)
(0.1717333333 0.08887509838 0)
(0.1778666667 0.08887509838 0)
(0.184 0.08887509838 0)
(0.1901333333 0.08887509838 0)
(0.1962666667 0.08887509838 0)
(0.2024 0.08887509838 0)
(0.2085333333 0.08887509838 0)
(0.2146666667 0.08887509838 0)
(0.2208 0.08887509838 0)
(0.2269333333 0.08887509838 0)
(0.2330666667 0.08887509838 0)
(0.2392 0.08887509838 0)
(0.2453333333 0.08887509838 0)
(0.2514666667 0.08887509838 0)
(0.2576 0.08887509838 0)
(0.2637333333 0.08887509838 0)
(0.2698666667 0.08887509838 0)
(0.276 0.08887509838 0)
(0.2821333333 0.08887509838 0)
(0.2882666667 0.08887509838 0)
(0.2944 0.08887509838 0)
(0.3005333333 0.08887509838 0)
(0.3066666667 0.08887509838 0)
(0.3128 0.08887509838 0)
(0.3189333333 0.08887509838 0)
(0.3250666667 0.08887509838 0)
(0.3312 0.08887509838 0)
(0.3373333333 0.08887509838 0)
(0.3434666667 0.08887509838 0)
(0.3496 0.08887509838 0)
(0.3557333333 0.08887509838 0)
(0.3618666667 0.08887509838 0)
(0.368 0.08887509838 0)
(0.3741333333 0.08887509838 0)
(0.3802666667 0.08887509838 0)
(0.3864 0.08887509838 0)
(0.3925333333 0.08887509838 0)
(0.3986666667 0.08887509838 0)
(0.4048 0.08887509838 0)
(0.4109333333 0.08887509838 0)
(0.4170666667 0.08887509838 0)
(0.4232 0.08887509838 0)
(0.4293333333 0.08887509838 0)
(0.4354666667 0.08887509838 0)
(0.4416 0.08887509838 0)
(0.4477333333 0.08887509838 0)
(0.4538666667 0.08887509838 0)
(0.46 0.08887509838 0)
(0.4661333333 0.08887509838 0)
(0.4722666667 0.08887509838 0)
(0.4784 0.08887509838 0)
(0.4845333333 0.08887509838 0)
(0.4906666667 0.08887509838 0)
(0.4968 0.08887509838 0)
(0.5029333333 0.08887509838 0)
(0.5090666667 0.08887509838 0)
(0.5152 0.08887509838 0)
(0.5213333333 0.08887509838 0)
(0.5274666667 0.08887509838 0)
(0.5336 0.08887509838 0)
(0.5397333333 0.08887509838 0)
(0.5458666667 0.08887509838 0)
(0.552 0.08887509838 0)
(0.5581333333 0.08887509838 0)
(0.5642666667 0.08887509838 0)
(0.5704 0.08887509838 0)
(0.5765333333 0.08887509838 0)
(0.5826666667 0.08887509838 0)
(0.5888 0.08887509838 0)
(0.5949333333 0.08887509838 0)
(0.6010666667 0.08887509838 0)
(0.6072 0.08887509838 0)
(0.6133333333 0.08887509838 0)
(0.6194666667 0.08887509838 0)
(0.6256 0.08887509838 0)
(0.6317333333 0.08887509838 0)
(0.6378666667 0.08887509838 0)
(0.644 0.08887509838 0)
(0.6501333333 0.08887509838 0)
(0.6562666667 0.08887509838 0)
(0.6624 0.08887509838 0)
(0.6685333333 0.08887509838 0)
(0.6746666667 0.08887509838 0)
(0.6808 0.08887509838 0)
(0.6869333333 0.08887509838 0)
(0.6930666667 0.08887509838 0)
(0.6992 0.08887509838 0)
(0.7053333333 0.08887509838 0)
(0.7114666667 0.08887509838 0)
(0.7176 0.08887509838 0)
(0.7237333333 0.08887509838 0)
(0.7298666667 0.08887509838 0)
(0.736 0.08887509838 0)
(0.7421333333 0.08887509838 0)
(0.7482666667 0.08887509838 0)
(0.7544 0.08887509838 0)
(0.7605333333 0.08887509838 0)
(0.7666666667 0.08887509838 0)
(0.7728 0.08887509838 0)
(0.7789333333 0.08887509838 0)
(0.7850666667 0.08887509838 0)
(0.7912 0.08887509838 0)
(0.7973333333 0.08887509838 0)
(0.8034666667 0.08887509838 0)
(0.8096 0.08887509838 0)
(0.8157333333 0.08887509838 0)
(0.8218666667 0.08887509838 0)
(0.828 0.08887509838 0)
(0.8341333333 0.08887509838 0)
(0.8402666667 0.08887509838 0)
(0.8464 0.08887509838 0)
(0.8525333333 0.08887509838 0)
(0.8586666667 0.08887509838 0)
(0.8648 0.08887509838 0)
(0.8709333333 0.08887509838 0)
(0.8770666667 0.08887509838 0)
(0.8832 0.08887509838 0)
(0.8893333333 0.08887509838 0)
(0.8954666667 0.08887509838 0)
(0.9016 0.08887509838 0)
(0.9077333333 0.08887509838 0)
(0.9138666667 0.08887509838 0)
(0.92 0.08887509838 0)
(0 0.09791080062 0)
(0.006133333333 0.09791080062 0)
(0.01226666667 0.09791080062 0)
(0.0184 0.09791080062 0)
(0.02453333333 0.09791080062 0)
(0.03066666667 0.09791080062 0)
(0.0368 0.09791080062 0)
(0.04293333333 0.09791080062 0)
(0.04906666667 0.09791080062 0)
(0.0552 0.09791080062 0)
(0.06133333333 0.09791080062 0)
(0.06746666667 0.09791080062 0)
(0.0736 0.09791080062 0)
(0.07973333333 0.09791080062 0)
(0.08586666667 0.09791080062 0)
(0.092 0.09791080062 0)
(0.09813333333 0.09791080062 0)
(0.1042666667 0.09791080062 0)
(0.1104 0.09791080062 0)
(0.1165333333 0.09791080062 0)
(0.1226666667 0.09791080062 0)
(0.1288 0.09791080062 0)
(0.1349333333 0.09791080062 0)
(0.1410666667 0.09791080062 0)
(0.1472 0.09791080062 0)
(0.1533333333 0.09791080062 0)
(0.1594666667 0.09791080062 0)
(0.1656 0.09791080062 0)
(0.1717333333 0.09791080062 0)
(0.1778666667 0.09791080062 0)
(0.184 0.09791080062 0)
(0.1901333333 0.09791080062 0)
(0.1962666667 0.09791080062 0)
(0.2024 0.09791080062 0)
(0.2085333333 0.09791080062 0)
(0.2146666667 0.09791080062 0)
(0.2208 0.09791080062 0)
(0.2269333333 0.09791080062 0)
(0.2330666667 0.09791080062 0)
(0.2392 0.09791080062 0)
(0.2453333333 0.09791080062 0)
(0.2514666667 0.09791080062 0)
(0.2576 0.09791080062 0)
(0.2637333333 0.09791080062 0)
(0.2698666667 0.09791080062 0)
(0.276 0.09791080062 0)
(0.2821333333 0.09791080062 0)
(0.2882666667 0.09791080062 0)
(0.2944 0.09791080062 0)
(0.3005333333 0.09791080062 0)
(0.3066666667 0.09791080062 0)
(0.3128 0.09791080062 0)
(0.3189333333 0.09791080062 0)
(0.3250666667 0.09791080062 0)
(0.3312 0.09791080062 0)
(0.3373333333 0.09791080062 0)
(0.3434666667 0.09791080062 0)
(0.3496 0.09791080062 0)
(0.3557333333 0.09791080062 0)
(0.3618666667 0.09791080062 0)
(0.368 0.09791080062 0)
(0.3741333333 0.09791080062 0)
(0.3802666667 0.09791080062 0)
(0.3864 0.09791080062 0)
(0.3925333333 0.09791080062 0)
(0.3986666667 0.09791080062 0)
(0.4048 0.09791080062 0)
(0.4109333333 0.09791080062 0)
(0.4170666667 0.09791080062 0)
(0.4232 0.09791080062 0)
(0.4293333333 0.09791080062 0)
(0.4354666667 0.09791080062 0)
(0.4416 0.09791080062 0)
(0.4477333333 0.09791080062 0)
(0.4538666667 0.09791080062 0)
(0.46 0.09791080062 0)
(0.4661333333 0.09791080062 0)
(0.4722666667 0.09791080062 0)
(0.4784 0.09791080062 0)
(0.4845333333 0.09791080062 0)
(0.4906666667 0.09791080062 0)
(0.4968 0.09791080062 0)
(0.5029333333 0.09791080062 0)
(0.5090666667 0.09791080062 0)
(0.5152 0.09791080062 0)
(0.5213333333 0.09791080062 0)
(0.5274666667 0.09791080062 0)
(0.5336 0.09791080062 0)
(0.5397333333 0.09791080062 0)
(0.5458666667 0.09791080062 0)
(0.552 0.09791080062 0)
(0.5581333333 0.09791080062 0)
(0.5642666667 0.09791080062 0)
(0.5704 0.09791080062 0)
(0.5765333333 0.09791080062 0)
(0.5826666667 0.09791080062 0)
(0.5888 0.09791080062 0)
(0.5949333333 0.09791080062 0)
(0.6010666667 0.09791080062 0)
(0.6072 0.09791080062 0)
(0.6133333333 0.09791080062 0)
(0.6194666667 0.09791080062 0)
(0.6256 0.09791080062 0)
(0.6317333333 0.09791080062 0)
(0.6378666667 0.09791080062 0)
(0.644 0.09791080062 0)
(0.6501333333 0.09791080062 0)
(0.6562666667 0.09791080062 0)
(0.6624 0.09791080062 0)
(0.6685333333 0.09791080062 0)
(0.6746666667 0.09791080062 0)
(0.6808 0.09791080062 0)
(0.6869333333 0.09791080062 0)
(0.6930666667 0.09791080062 0)
(0.6992 0.09791080062 0)
(0.7053333333 0.09791080062 0)
(0.7114666667 0.09791080062 0)
(0.7176 0.09791080062 0)
(0.7237333333 0.09791080062 0)
(0.7298666667 0.09791080062 0)
(0.736 0.09791080062 0)
(0.7421333333 0.09791080062 0)
(0.7482666667 0.09791080062 0)
(0.7544 0.09791080062 0)
(0.7605333333 0.09791080062 0)
(0.7666666667 0.09791080062 0)
(0.7728 0.09791080062 0)
(0.7789333333 0.09791080062 0)
(0.7850666667 0.09791080062 0)
(0.7912 0.09791080062 0)
(0.7973333333 0.09791080062 0)
(0.8034666667 0.09791080062 0)
(0.8096 0.09791080062 0)
(0.8157333333 0.09791080062 0)
(0.8218666667 0.09791080062 0)
(0.828 0.09791080062 0)
(0.8341333333 0.09791080062 0)
(0.8402666667 0.09791080062 0)
(0.8464 0.09791080062 0)
(0.8525333333 0.09791080062 0)
(0.8586666667 0.09791080062 0)
(0.8648 0.09791080062 0)
(0.8709333333 0.09791080062 0)
(0.8770666667 0.09791080062 0)
(0.8832 0.09791080062 0)
(0.8893333333 0.09791080062 0)
(0.8954666667 0.09791080062 0)
(0.9016 0.09791080062 0)
(0.9077333333 0.09791080062 0)
(0.9138666667 0.09791080062 0)
(0.92 0.09791080062 0)
(0 0.1078498769 0)
(0.006133333333 0.1078498769 0)
(0.01226666667 0.1078498769 0)
(0.0184 0.1078498769 0)
(0.02453333333 0.1078498769 0)
(0.03066666667 0.1078498769 0)
(0.0368 0.1078498769 0)
(0.04293333333 0.1078498769 0)
(0.04906666667 0.1078498769 0)
(0.0552 0.1078498769 0)
(0.06133333333 0.1078498769 0)
(0.06746666667 0.1078498769 0)
(0.0736 0.1078498769 0)
(0.07973333333 0.1078498769 0)
(0.08586666667 0.1078498769 0)
(0.092 0.1078498769 0)
(0.09813333333 0.1078498769 0)
(0.1042666667 0.1078498769 0)
(0.1104 0.1078498769 0)
(0.1165333333 0.1078498769 0)
(0.1226666667 0.1078498769 0)
(0.1288 0.1078498769 0)
(0.1349333333 0.1078498769 0)
(0.1410666667 0.1078498769 0)
(0.1472 0.1078498769 0)
(0.1533333333 0.1078498769 0)
(0.1594666667 0.1078498769 0)
(0.1656 0.1078498769 0)
(0.1717333333 0.1078498769 0)
(0.1778666667 0.1078498769 0)
(0.184 0.1078498769 0)
(0.1901333333 0.1078498769 0)
(0.1962666667 0.1078498769 0)
(0.2024 0.1078498769 0)
(0.2085333333 0.1078498769 0)
(0.2146666667 0.1078498769 0)
(0.2208 0.1078498769 0)
(0.2269333333 0.1078498769 0)
(0.2330666667 0.1078498769 0)
(0.2392 0.1078498769 0)
(0.2453333333 0.1078498769 0)
(0.2514666667 0.1078498769 0)
(0.2576 0.1078498769 0)
(0.2637333333 0.1078498769 0)
(0.2698666667 0.1078498769 0)
(0.276 0.1078498769 0)
(0.2821333333 0.1078498769 0)
(0.2882666667 0.1078498769 0)
(0.2944 0.1078498769 0)
(0.3005333333 0.1078498769 0)
(0.3066666667 0.1078498769 0)
(0.3128 0.1078498769 0)
(0.3189333333 0.1078498769 0)
(0.3250666667 0.1078498769 0)
(0.3312 0.1078498769 0)
(0.3373333333 0.1078498769 0)
(0.3434666667 0.1078498769 0)
(0.3496 0.1078498769 0)
(0.3557333333 0.1078498769 0)
(0.3618666667 0.1078498769 0)
(0.368 0.1078498769 0)
(0.3741333333 0.1078498769 0)
(0.3802666667 0.1078498769 0)
(0.3864 0.1078498769 0)
(0.3925333333 0.1078498769 0)
(0.3986666667 0.1078498769 0)
(0.4048 0.1078498769 0)
(0.4109333333 0.1078498769 0)
(0.4170666667 0.1078498769 0)
(0.4232 0.1078498769 0)
(0.4293333333 0.1078498769 0)
(0.4354666667 0.1078498769 0)
(0.4416 0.1078498769 0)
(0.4477333333 0.1078498769 0)
(0.4538666667 0.1078498769 0)
(0.46 0.1078498769 0)
(0.4661333333 0.1078498769 0)
(0.4722666667 0.1078498769 0)
(0.4784 0.1078498769 0)
(0.4845333333 0.1078498769 0)
(0.4906666667 0.1078498769 0)
(0.4968 0.1078498769 0)
(0.5029333333 0.1078498769 0)
(0.5090666667 0.1078498769 0)
(0.5152 0.1078498769 0)
(0.5213333333 0.1078498769 0)
(0.5274666667 0.1078498769 0)
(0.5336 0.1078498769 0)
(0.5397333333 0.1078498769 0)
(0.5458666667 0.1078498769 0)
(0.552 0.1078498769 0)
(0.5581333333 0.1078498769 0)
(0.5642666667 0.1078498769 0)
(0.5704 0.1078498769 0)
(0.5765333333 0.1078498769 0)
(0.5826666667 0.1078498769 0)
(0.5888 0.1078498769 0)
(0.5949333333 0.1078498769 0)
(0.6010666667 0.1078498769 0)
(0.6072 0.1078498769 0)
(0.6133333333 0.1078498769 0)
(0.6194666667 0.1078498769 0)
(0.6256 0.1078498769 0)
(0.6317333333 0.1078498769 0)
(0.6378666667 0.1078498769 0)
(0.644 0.1078498769 0)
(0.6501333333 0.1078498769 0)
(0.6562666667 0.1078498769 0)
(0.6624 0.1078498769 0)
(0.6685333333 0.1078498769 0)
(0.6746666667 0.1078498769 0)
(0.6808 0.1078498769 0)
(0.6869333333 0.1078498769 0)
(0.6930666667 0.1078498769 0)
(0.6992 0.1078498769 0)
(0.7053333333 0.1078498769 0)
(0.7114666667 0.1078498769 0)
(0.7176 0.1078498769 0)
(0.7237333333 0.1078498769 0)
(0.7298666667 0.1078498769 0)
(0.736 0.1078498769 0)
(0.7421333333 0.1078498769 0)
(0.7482666667 0.1078498769 0)
(0.7544 0.1078498769 0)
(0.7605333333 0.1078498769 0)
(0.7666666667 0.1078498769 0)
(0.7728 0.1078498769 0)
(0.7789333333 0.1078498769 0)
(0.7850666667 0.1078498769 0)
(0.7912 0.1078498769 0)
(0.7973333333 0.1078498769 0)
(0.8034666667 0.1078498769 0)
(0.8096 0.1078498769 0)
(0.8157333333 0.1078498769 0)
(0.8218666667 0.1078498769 0)
(0.828 0.1078498769 0)
(0.8341333333 0.1078498769 0)
(0.8402666667 0.1078498769 0)
(0.8464 0.1078498769 0)
(0.8525333333 0.1078498769 0)
(0.8586666667 0.1078498769 0)
(0.8648 0.1078498769 0)
(0.8709333333 0.1078498769 0)
(0.8770666667 0.1078498769 0)
(0.8832 0.1078498769 0)
(0.8893333333 0.1078498769 0)
(0.8954666667 0.1078498769 0)
(0.9016 0.1078498769 0)
(0.9077333333 0.1078498769 0)
(0.9138666667 0.1078498769 0)
(0.92 0.1078498769 0)
(0 0.1187826449 0)
(0.006133333333 0.1187826449 0)
(0.01226666667 0.1187826449 0)
(0.0184 0.1187826449 0)
(0.02453333333 0.1187826449 0)
(0.03066666667 0.1187826449 0)
(0.0368 0.1187826449 0)
(0.04293333333 0.1187826449 0)
(0.04906666667 0.1187826449 0)
(0.0552 0.1187826449 0)
(0.06133333333 0.1187826449 0)
(0.06746666667 0.1187826449 0)
(0.0736 0.1187826449 0)
(0.07973333333 0.1187826449 0)
(0.08586666667 0.1187826449 0)
(0.092 0.1187826449 0)
(0.09813333333 0.1187826449 0)
(0.1042666667 0.1187826449 0)
(0.1104 0.1187826449 0)
(0.1165333333 0.1187826449 0)
(0.1226666667 0.1187826449 0)
(0.1288 0.1187826449 0)
(0.1349333333 0.1187826449 0)
(0.1410666667 0.1187826449 0)
(0.1472 0.1187826449 0)
(0.1533333333 0.1187826449 0)
(0.1594666667 0.1187826449 0)
(0.1656 0.1187826449 0)
(0.1717333333 0.1187826449 0)
(0.1778666667 0.1187826449 0)
(0.184 0.1187826449 0)
(0.1901333333 0.1187826449 0)
(0.1962666667 0.1187826449 0)
(0.2024 0.1187826449 0)
(0.2085333333 0.1187826449 0)
(0.2146666667 0.1187826449 0)
(0.2208 0.1187826449 0)
(0.2269333333 0.1187826449 0)
(0.2330666667 0.1187826449 0)
(0.2392 0.1187826449 0)
(0.2453333333 0.1187826449 0)
(0.2514666667 0.1187826449 0)
(0.2576 0.1187826449 0)
(0.2637333333 0.1187826449 0)
(0.2698666667 0.1187826449 0)
(0.276 0.1187826449 0)
(0.2821333333 0.1187826449 0)
(0.2882666667 0.1187826449 0)
(0.2944 0.1187826449 0)
(0.3005333333 0.1187826449 0)
(0.3066666667 0.1187826449 0)
(0.3128 0.1187826449 0)
(0.3189333333 0.1187826449 0)
(0.3250666667 0.1187826449 0)
(0.3312 0.1187826449 0)
(0.3373333333 0.1187826449 0)
(0.3434666667 0.1187826449 0)
(0.3496 0.1187826449 0)
(0.3557333333 0.1187826449 0)
(0.3618666667 0.1187826449 0)
(0.368 0.1187826449 0)
(0.3741333333 0.1187826449 0)
(0.3802666667 0.1187826449 0)
(0.3864 0.1187826449 0)
(0.3925333333 0.1187826449 0)
(0.3986666667 0.1187826449 0)
(0.4048 0.1187826449 0)
(0.4109333333 0.1187826449 0)
(0.4170666667 0.1187826449 0)
(0.4232 0.1187826449 0)
(0.4293333333 0.1187826449 0)
(0.4354666667 0.1187826449 0)
(0.4416 0.1187826449 0)
(0.4477333333 0.1187826449 0)
(0.4538666667 0.1187826449 0)
(0.46 0.1187826449 0)
(0.4661333333 0.1187826449 0)
(0.4722666667 0.1187826449 0)
(0.4784 0.1187826449 0)
(0.4845333333 0.1187826449 0)
(0.4906666667 0.1187826449 0)
(0.4968 0.1187826449 0)
(0.5029333333 0.1187826449 0)
(0.5090666667 0.1187826449 0)
(0.5152 0.1187826449 0)
(0.5213333333 0.1187826449 0)
(0.5274666667 0.1187826449 0)
(0.5336 0.1187826449 0)
(0.5397333333 0.1187826449 0)
(0.5458666667 0.1187826449 0)
(0.552 0.1187826449 0)
(0.5581333333 0.1187826449 0)
(0.5642666667 0.1187826449 0)
(0.5704 0.1187826449 0)
(0.5765333333 0.1187826449 0)
(0.5826666667 0.1187826449 0)
(0.5888 0.1187826449 0)
(0.5949333333 0.1187826449 0)
(0.6010666667 0.1187826449 0)
(0.6072 0.1187826449 0)
(0.6133333333 0.1187826449 0)
(0.6194666667 0.1187826449 0)
(0.6256 0.1187826449 0)
(0.6317333333 0.1187826449 0)
(0.6378666667 0.1187826449 0)
(0.644 0.1187826449 0)
(0.6501333333 0.1187826449 0)
(0.6562666667 0.1187826449 0)
(0.6624 0.1187826449 0)
(0.6685333333 0.1187826449 0)
(0.6746666667 0.1187826449 0)
(0.6808 0.1187826449 0)
(0.6869333333 0.1187826449 0)
(0.6930666667 0.1187826449 0)
(0.6992 0.1187826449 0)
(0.7053333333 0.1187826449 0)
(0.7114666667 0.1187826449 0)
(0.7176 0.1187826449 0)
(0.7237333333 0.1187826449 0)
(0.7298666667 0.1187826449 0)
(0.736 0.1187826449 0)
(0.7421333333 0.1187826449 0)
(0.7482666667 0.1187826449 0)
(0.7544 0.1187826449 0)
(0.7605333333 0.1187826449 0)
(0.7666666667 0.1187826449 0)
(0.7728 0.1187826449 0)
(0.7789333333 0.1187826449 0)
(0.7850666667 0.1187826449 0)
(0.7912 0.1187826449 0)
(0.7973333333 0.1187826449 0)
(0.8034666667 0.1187826449 0)
(0.8096 0.1187826449 0)
(0.8157333333 0.1187826449 0)
(0.8218666667 0.1187826449 0)
(0.828 0.1187826449 0)
(0.8341333333 0.1187826449 0)
(0.8402666667 0.1187826449 0)
(0.8464 0.1187826449 0)
(0.8525333333 0.1187826449 0)
(0.8586666667 0.1187826449 0)
(0.8648 0.1187826449 0)
(0.8709333333 0.1187826449 0)
(0.8770666667 0.1187826449 0)
(0.8832 0.1187826449 0)
(0.8893333333 0.1187826449 0)
(0.8954666667 0.1187826449 0)
(0.9016 0.1187826449 0)
(0.9077333333 0.1187826449 0)
(0.9138666667 0.1187826449 0)
(0.92 0.1187826449 0)
(0 0.1308084524 0)
(0.006133333333 0.1308084524 0)
(0.01226666667 0.1308084524 0)
(0.0184 0.1308084524 0)
(0.02453333333 0.1308084524 0)
(0.03066666667 0.1308084524 0)
(0.0368 0.1308084524 0)
(0.04293333333 0.1308084524 0)
(0.04906666667 0.1308084524 0)
(0.0552 0.1308084524 0)
(0.06133333333 0.1308084524 0)
(0.06746666667 0.1308084524 0)
(0.0736 0.1308084524 0)
(0.07973333333 0.1308084524 0)
(0.08586666667 0.1308084524 0)
(0.092 0.1308084524 0)
(0.09813333333 0.1308084524 0)
(0.1042666667 0.1308084524 0)
(0.1104 0.1308084524 0)
(0.1165333333 0.1308084524 0)
(0.1226666667 0.1308084524 0)
(0.1288 0.1308084524 0)
(0.1349333333 0.1308084524 0)
(0.1410666667 0.1308084524 0)
(0.1472 0.1308084524 0)
(0.1533333333 0.1308084524 0)
(0.1594666667 0.1308084524 0)
(0.1656 0.1308084524 0)
(0.1717333333 0.1308084524 0)
(0.1778666667 0.1308084524 0)
(0.184 0.1308084524 0)
(0.1901333333 0.1308084524 0)
(0.1962666667 0.1308084524 0)
(0.2024 0.1308084524 0)
(0.2085333333 0.1308084524 0)
(0.2146666667 0.1308084524 0)
(0.2208 0.1308084524 0)
(0.2269333333 0.1308084524 0)
(0.2330666667 0.1308084524 0)
(0.2392 0.1308084524 0)
(0.2453333333 0.1308084524 0)
(0.2514666667 0.1308084524 0)
(0.2576 0.1308084524 0)
(0.2637333333 0.1308084524 0)
(0.2698666667 0.1308084524 0)
(0.276 0.1308084524 0)
(0.2821333333 0.1308084524 0)
(0.2882666667 0.1308084524 0)
(0.2944 0.1308084524 0)
(0.3005333333 0.1308084524 0)
(0.3066666667 0.1308084524 0)
(0.3128 0.1308084524 0)
(0.3189333333 0.1308084524 0)
(0.3250666667 0.1308084524 0)
(0.3312 0.1308084524 0)
(0.3373333333 0.1308084524 0)
(0.3434666667 0.1308084524 0)
(0.3496 0.1308084524 0)
(0.3557333333 0.1308084524 0)
(0.3618666667 0.1308084524 0)
(0.368 0.1308084524 0)
(0.3741333333 0.1308084524 0)
(0.3802666667 0.1308084524 0)
(0.3864 0.1308084524 0)
(0.3925333333 0.1308084524 0)
(0.3986666667 0.1308084524 0)
(0.4048 0.1308084524 0)
(0.4109333333 0.1308084524 0)
(0.4170666667 0.1308084524 0)
(0.4232 0.1308084524 0)
(0.4293333333 0.1308084524 0)
(0.4354666667 0.1308084524 0)
(0.4416 0.1308084524 0)
(0.4477333333 0.1308084524 0)
(0.4538666667 0.1308084524 0)
(0.46 0.1308084524 0)
(0.4661333333 0.1308084524 0)
(0.4722666667 0.1308084524 0)
(0.4784 0.1308084524 0)
(0.4845333333 0.1308084524 0)
(0.4906666667 0.1308084524 0)
(0.4968 0.1308084524 0)
(0.5029333333 0.1308084524 0)
(0.5090666667 0.1308084524 0)
(0.5152 0.1308084524 0)
(0.5213333333 0.1308084524 0)
(0.5274666667 0.1308084524 0)
(0.5336 0.1308084524 0)
(0.5397333333 0.1308084524 0)
(0.5458666667 0.1308084524 0)
(0.552 0.1308084524 0)
(0.5581333333 0.1308084524 0)
(0.5642666667 0.1308084524 0)
(0.5704 0.1308084524 0)
(0.5765333333 0.1308084524 0)
(0.5826666667 0.1308084524 0)
(0.5888 0.1308084524 0)
(0.5949333333 0.1308084524 0)
(0.6010666667 0.1308084524 0)
(0.6072 0.1308084524 0)
(0.6133333333 0.1308084524 0)
(0.6194666667 0.1308084524 0)
(0.6256 0.1308084524 0)
(0.6317333333 0.1308084524 0)
(0.6378666667 0.1308084524 0)
(0.644 0.1308084524 0)
(0.6501333333 0.1308084524 0)
(0.6562666667 0.1308084524 0)
(0.6624 0.1308084524 0)
(0.6685333333 0.1308084524 0)
(0.6746666667 0.1308084524 0)
(0.6808 0.1308084524 0)
(0.6869333333 0.1308084524 0)
(0.6930666667 0.1308084524 0)
(0.6992 0.1308084524 0)
(0.7053333333 0.1308084524 0)
(0.7114666667 0.1308084524 0)
(0.7176 0.1308084524 0)
(0.7237333333 0.1308084524 0)
(0.7298666667 0.1308084524 0)
(0.736 0.1308084524 0)
(0.7421333333 0.1308084524 0)
(0.7482666667 0.1308084524 0)
(0.7544 0.1308084524 0)
(0.7605333333 0.1308084524 0)
(0.7666666667 0.1308084524 0)
(0.7728 0.1308084524 0)
(0.7789333333 0.1308084524 0)
(0.7850666667 0.1308084524 0)
(0.7912 0.1308084524 0)
(0.7973333333 0.1308084524 0)
(0.8034666667 0.1308084524 0)
(0.8096 0.1308084524 0)
(0.8157333333 0.1308084524 0)
(0.8218666667 0.1308084524 0)
(0.828 0.1308084524 0)
(0.8341333333 0.1308084524 0)
(0.8402666667 0.1308084524 0)
(0.8464 0.1308084524 0)
(0.8525333333 0.1308084524 0)
(0.8586666667 0.1308084524 0)
(0.8648 0.1308084524 0)
(0.8709333333 0.1308084524 0)
(0.8770666667 0.1308084524 0)
(0.8832 0.1308084524 0)
(0.8893333333 0.1308084524 0)
(0.8954666667 0.1308084524 0)
(0.9016 0.1308084524 0)
(0.9077333333 0.1308084524 0)
(0.9138666667 0.1308084524 0)
(0.92 0.1308084524 0)
(0 0.1440365795 0)
(0.006133333333 0.1440365795 0)
(0.01226666667 0.1440365795 0)
(0.0184 0.1440365795 0)
(0.02453333333 0.1440365795 0)
(0.03066666667 0.1440365795 0)
(0.0368 0.1440365795 0)
(0.04293333333 0.1440365795 0)
(0.04906666667 0.1440365795 0)
(0.0552 0.1440365795 0)
(0.06133333333 0.1440365795 0)
(0.06746666667 0.1440365795 0)
(0.0736 0.1440365795 0)
(0.07973333333 0.1440365795 0)
(0.08586666667 0.1440365795 0)
(0.092 0.1440365795 0)
(0.09813333333 0.1440365795 0)
(0.1042666667 0.1440365795 0)
(0.1104 0.1440365795 0)
(0.1165333333 0.1440365795 0)
(0.1226666667 0.1440365795 0)
(0.1288 0.1440365795 0)
(0.1349333333 0.1440365795 0)
(0.1410666667 0.1440365795 0)
(0.1472 0.1440365795 0)
(0.1533333333 0.1440365795 0)
(0.1594666667 0.1440365795 0)
(0.1656 0.1440365795 0)
(0.1717333333 0.1440365795 0)
(0.1778666667 0.1440365795 0)
(0.184 0.1440365795 0)
(0.1901333333 0.1440365795 0)
(0.1962666667 0.1440365795 0)
(0.2024 0.1440365795 0)
(0.2085333333 0.1440365795 0)
(0.2146666667 0.1440365795 0)
(0.2208 0.1440365795 0)
(0.2269333333 0.1440365795 0)
(0.2330666667 0.1440365795 0)
(0.2392 0.1440365795 0)
(0.2453333333 0.1440365795 0)
(0.2514666667 0.1440365795 0)
(0.2576 0.1440365795 0)
(0.2637333333 0.1440365795 0)
(0.2698666667 0.1440365795 0)
(0.276 0.1440365795 0)
(0.2821333333 0.1440365795 0)
(0.2882666667 0.1440365795 0)
(0.2944 0.1440365795 0)
(0.3005333333 0.1440365795 0)
(0.3066666667 0.1440365795 0)
(0.3128 0.1440365795 0)
(0.3189333333 0.1440365795 0)
(0.3250666667 0.1440365795 0)
(0.3312 0.1440365795 0)
(0.3373333333 0.1440365795 0)
(0.3434666667 0.1440365795 0)
(0.3496 0.1440365795 0)
(0.3557333333 0.1440365795 0)
(0.3618666667 0.1440365795 0)
(0.368 0.1440365795 0)
(0.3741333333 0.1440365795 0)
(0.3802666667 0.1440365795 0)
(0.3864 0.1440365795 0)
(0.3925333333 0.1440365795 0)
(0.3986666667 0.1440365795 0)
(0.4048 0.1440365795 0)
(0.4109333333 0.1440365795 0)
(0.4170666667 0.1440365795 0)
(0.4232 0.1440365795 0)
(0.4293333333 0.1440365795 0)
(0.4354666667 0.1440365795 0)
(0.4416 0.1440365795 0)
(0.4477333333 0.1440365795 0)
(0.4538666667 0.1440365795 0)
(0.46 0.1440365795 0)
(0.4661333333 0.1440365795 0)
(0.4722666667 0.1440365795 0)
(0.4784 0.1440365795 0)
(0.4845333333 0.1440365795 0)
(0.4906666667 0.1440365795 0)
(0.4968 0.1440365795 0)
(0.5029333333 0.1440365795 0)
(0.5090666667 0.1440365795 0)
(0.5152 0.1440365795 0)
(0.5213333333 0.1440365795 0)
(0.5274666667 0.1440365795 0)
(0.5336 0.1440365795 0)
(0.5397333333 0.1440365795 0)
(0.5458666667 0.1440365795 0)
(0.552 0.1440365795 0)
(0.5581333333 0.1440365795 0)
(0.5642666667 0.1440365795 0)
(0.5704 0.1440365795 0)
(0.5765333333 0.1440365795 0)
(0.5826666667 0.1440365795 0)
(0.5888 0.1440365795 0)
(0.5949333333 0.1440365795 0)
(0.6010666667 0.1440365795 0)
(0.6072 0.1440365795 0)
(0.6133333333 0.1440365795 0)
(0.6194666667 0.1440365795 0)
(0.6256 0.1440365795 0)
(0.6317333333 0.1440365795 0)
(0.6378666667 0.1440365795 0)
(0.644 0.1440365795 0)
(0.6501333333 0.1440365795 0)
(0.6562666667 0.1440365795 0)
(0.6624 0.1440365795 0)
(0.6685333333 0.1440365795 0)
(0.6746666667 0.1440365795 0)
(0.6808 0.1440365795 0)
(0.6869333333 0.1440365795 0)
(0.6930666667 0.1440365795 0)
(0.6992 0.1440365795 0)
(0.7053333333 0.1440365795 0)
(0.7114666667 0.1440365795 0)
(0.7176 0.1440365795 0)
(0.7237333333 0.1440365795 0)
(0.7298666667 0.1440365795 0)
(0.736 0.1440365795 0)
(0.7421333333 0.1440365795 0)
(0.7482666667 0.1440365795 0)
(0.7544 0.1440365795 0)
(0.7605333333 0.1440365795 0)
(0.7666666667 0.1440365795 0)
(0.7728 0.1440365795 0)
(0.7789333333 0.1440365795 0)
(0.7850666667 0.1440365795 0)
(0.7912 0.1440365795 0)
(0.7973333333 0.1440365795 0)
(0.8034666667 0.1440365795 0)
(0.8096 0.1440365795 0)
(0.8157333333 0.1440365795 0)
(0.8218666667 0.1440365795 0)
(0.828 0.1440365795 0)
(0.8341333333 0.1440365795 0)
(0.8402666667 0.1440365795 0)
(0.8464 0.1440365795 0)
(0.8525333333 0.1440365795 0)
(0.8586666667 0.1440365795 0)
(0.8648 0.1440365795 0)
(0.8709333333 0.1440365795 0)
(0.8770666667 0.1440365795 0)
(0.8832 0.1440365795 0)
(0.8893333333 0.1440365795 0)
(0.8954666667 0.1440365795 0)
(0.9016 0.1440365795 0)
(0.9077333333 0.1440365795 0)
(0.9138666667 0.1440365795 0)
(0.92 0.1440365795 0)
(0 0.158587232 0)
(0.006133333333 0.158587232 0)
(0.01226666667 0.158587232 0)
(0.0184 0.158587232 0)
(0.02453333333 0.158587232 0)
(0.03066666667 0.158587232 0)
(0.0368 0.158587232 0)
(0.04293333333 0.158587232 0)
(0.04906666667 0.158587232 0)
(0.0552 0.158587232 0)
(0.06133333333 0.158587232 0)
(0.06746666667 0.158587232 0)
(0.0736 0.158587232 0)
(0.07973333333 0.158587232 0)
(0.08586666667 0.158587232 0)
(0.092 0.158587232 0)
(0.09813333333 0.158587232 0)
(0.1042666667 0.158587232 0)
(0.1104 0.158587232 0)
(0.1165333333 0.158587232 0)
(0.1226666667 0.158587232 0)
(0.1288 0.158587232 0)
(0.1349333333 0.158587232 0)
(0.1410666667 0.158587232 0)
(0.1472 0.158587232 0)
(0.1533333333 0.158587232 0)
(0.1594666667 0.158587232 0)
(0.1656 0.158587232 0)
(0.1717333333 0.158587232 0)
(0.1778666667 0.158587232 0)
(0.184 0.158587232 0)
(0.1901333333 0.158587232 0)
(0.1962666667 0.158587232 0)
(0.2024 0.158587232 0)
(0.2085333333 0.158587232 0)
(0.2146666667 0.158587232 0)
(0.2208 0.158587232 0)
(0.2269333333 0.158587232 0)
(0.2330666667 0.158587232 0)
(0.2392 0.158587232 0)
(0.2453333333 0.158587232 0)
(0.2514666667 0.158587232 0)
(0.2576 0.158587232 0)
(0.2637333333 0.158587232 0)
(0.2698666667 0.158587232 0)
(0.276 0.158587232 0)
(0.2821333333 0.158587232 0)
(0.2882666667 0.158587232 0)
(0.2944 0.158587232 0)
(0.3005333333 0.158587232 0)
(0.3066666667 0.158587232 0)
(0.3128 0.158587232 0)
(0.3189333333 0.158587232 0)
(0.3250666667 0.158587232 0)
(0.3312 0.158587232 0)
(0.3373333333 0.158587232 0)
(0.3434666667 0.158587232 0)
(0.3496 0.158587232 0)
(0.3557333333 0.158587232 0)
(0.3618666667 0.158587232 0)
(0.368 0.158587232 0)
(0.3741333333 0.158587232 0)
(0.3802666667 0.158587232 0)
(0.3864 0.158587232 0)
(0.3925333333 0.158587232 0)
(0.3986666667 0.158587232 0)
(0.4048 0.158587232 0)
(0.4109333333 0.158587232 0)
(0.4170666667 0.158587232 0)
(0.4232 0.158587232 0)
(0.4293333333 0.158587232 0)
(0.4354666667 0.158587232 0)
(0.4416 0.158587232 0)
(0.4477333333 0.158587232 0)
(0.4538666667 0.158587232 0)
(0.46 0.158587232 0)
(0.4661333333 0.158587232 0)
(0.4722666667 0.158587232 0)
(0.4784 0.158587232 0)
(0.4845333333 0.158587232 0)
(0.4906666667 0.158587232 0)
(0.4968 0.158587232 0)
(0.5029333333 0.158587232 0)
(0.5090666667 0.158587232 0)
(0.5152 0.158587232 0)
(0.5213333333 0.158587232 0)
(0.5274666667 0.158587232 0)
(0.5336 0.158587232 0)
(0.5397333333 0.158587232 0)
(0.5458666667 0.158587232 0)
(0.552 0.158587232 0)
(0.5581333333 0.158587232 0)
(0.5642666667 0.158587232 0)
(0.5704 0.158587232 0)
(0.5765333333 0.158587232 0)
(0.5826666667 0.158587232 0)
(0.5888 0.158587232 0)
(0.5949333333 0.158587232 0)
(0.6010666667 0.158587232 0)
(0.6072 0.158587232 0)
(0.6133333333 0.158587232 0)
(0.6194666667 0.158587232 0)
(0.6256 0.158587232 0)
(0.6317333333 0.158587232 0)
(0.6378666667 0.158587232 0)
(0.644 0.158587232 0)
(0.6501333333 0.158587232 0)
(0.6562666667 0.158587232 0)
(0.6624 0.158587232 0)
(0.6685333333 0.158587232 0)
(0.6746666667 0.158587232 0)
(0.6808 0.158587232 0)
(0.6869333333 0.158587232 0)
(0.6930666667 0.158587232 0)
(0.6992 0.158587232 0)
(0.7053333333 0.158587232 0)
(0.7114666667 0.158587232 0)
(0.7176 0.158587232 0)
(0.7237333333 0.158587232 0)
(0.7298666667 0.158587232 0)
(0.736 0.158587232 0)
(0.7421333333 0.158587232 0)
(0.7482666667 0.158587232 0)
(0.7544 0.158587232 0)
(0.7605333333 0.158587232 0)
(0.7666666667 0.158587232 0)
(0.7728 0.158587232 0)
(0.7789333333 0.158587232 0)
(0.7850666667 0.158587232 0)
(0.7912 0.158587232 0)
(0.7973333333 0.158587232 0)
(0.8034666667 0.158587232 0)
(0.8096 0.158587232 0)
(0.8157333333 0.158587232 0)
(0.8218666667 0.158587232 0)
(0.828 0.158587232 0)
(0.8341333333 0.158587232 0)
(0.8402666667 0.158587232 0)
(0.8464 0.158587232 0)
(0.8525333333 0.158587232 0)
(0.8586666667 0.158587232 0)
(0.8648 0.158587232 0)
(0.8709333333 0.158587232 0)
(0.8770666667 0.158587232 0)
(0.8832 0.158587232 0)
(0.8893333333 0.158587232 0)
(0.8954666667 0.158587232 0)
(0.9016 0.158587232 0)
(0.9077333333 0.158587232 0)
(0.9138666667 0.158587232 0)
(0.92 0.158587232 0)
(0 0.1745926339 0)
(0.006133333333 0.1745926339 0)
(0.01226666667 0.1745926339 0)
(0.0184 0.1745926339 0)
(0.02453333333 0.1745926339 0)
(0.03066666667 0.1745926339 0)
(0.0368 0.1745926339 0)
(0.04293333333 0.1745926339 0)
(0.04906666667 0.1745926339 0)
(0.0552 0.1745926339 0)
(0.06133333333 0.1745926339 0)
(0.06746666667 0.1745926339 0)
(0.0736 0.1745926339 0)
(0.07973333333 0.1745926339 0)
(0.08586666667 0.1745926339 0)
(0.092 0.1745926339 0)
(0.09813333333 0.1745926339 0)
(0.1042666667 0.1745926339 0)
(0.1104 0.1745926339 0)
(0.1165333333 0.1745926339 0)
(0.1226666667 0.1745926339 0)
(0.1288 0.1745926339 0)
(0.1349333333 0.1745926339 0)
(0.1410666667 0.1745926339 0)
(0.1472 0.1745926339 0)
(0.1533333333 0.1745926339 0)
(0.1594666667 0.1745926339 0)
(0.1656 0.1745926339 0)
(0.1717333333 0.1745926339 0)
(0.1778666667 0.1745926339 0)
(0.184 0.1745926339 0)
(0.1901333333 0.1745926339 0)
(0.1962666667 0.1745926339 0)
(0.2024 0.1745926339 0)
(0.2085333333 0.1745926339 0)
(0.2146666667 0.1745926339 0)
(0.2208 0.1745926339 0)
(0.2269333333 0.1745926339 0)
(0.2330666667 0.1745926339 0)
(0.2392 0.1745926339 0)
(0.2453333333 0.1745926339 0)
(0.2514666667 0.1745926339 0)
(0.2576 0.1745926339 0)
(0.2637333333 0.1745926339 0)
(0.2698666667 0.1745926339 0)
(0.276 0.1745926339 0)
(0.2821333333 0.1745926339 0)
(0.2882666667 0.1745926339 0)
(0.2944 0.1745926339 0)
(0.3005333333 0.1745926339 0)
(0.3066666667 0.1745926339 0)
(0.3128 0.1745926339 0)
(0.3189333333 0.1745926339 0)
(0.3250666667 0.1745926339 0)
(0.3312 0.1745926339 0)
(0.3373333333 0.1745926339 0)
(0.3434666667 0.1745926339 0)
(0.3496 0.1745926339 0)
(0.3557333333 0.1745926339 0)
(0.3618666667 0.1745926339 0)
(0.368 0.1745926339 0)
(0.3741333333 0.1745926339 0)
(0.3802666667 0.1745926339 0)
(0.3864 0.1745926339 0)
(0.3925333333 0.1745926339 0)
(0.3986666667 0.1745926339 0)
(0.4048 0.1745926339 0)
(0.4109333333 0.1745926339 0)
(0.4170666667 0.1745926339 0)
(0.4232 0.1745926339 0)
(0.4293333333 0.1745926339 0)
(0.4354666667 0.1745926339 0)
(0.4416 0.1745926339 0)
(0.4477333333 0.1745926339 0)
(0.4538666667 0.1745926339 0)
(0.46 0.1745926339 0)
(0.4661333333 0.1745926339 0)
(0.4722666667 0.1745926339 0)
(0.4784 0.1745926339 0)
(0.4845333333 0.1745926339 0)
(0.4906666667 0.1745926339 0)
(0.4968 0.1745926339 0)
(0.5029333333 0.1745926339 0)
(0.5090666667 0.1745926339 0)
(0.5152 0.1745926339 0)
(0.5213333333 0.1745926339 0)
(0.5274666667 0.1745926339 0)
(0.5336 0.1745926339 0)
(0.5397333333 0.1745926339 0)
(0.5458666667 0.1745926339 0)
(0.552 0.1745926339 0)
(0.5581333333 0.1745926339 0)
(0.5642666667 0.1745926339 0)
(0.5704 0.1745926339 0)
(0.5765333333 0.1745926339 0)
(0.5826666667 0.1745926339 0)
(0.5888 0.1745926339 0)
(0.5949333333 0.1745926339 0)
(0.6010666667 0.1745926339 0)
(0.6072 0.1745926339 0)
(0.6133333333 0.1745926339 0)
(0.6194666667 0.1745926339 0)
(0.6256 0.1745926339 0)
(0.6317333333 0.1745926339 0)
(0.6378666667 0.1745926339 0)
(0.644 0.1745926339 0)
(0.6501333333 0.1745926339 0)
(0.6562666667 0.1745926339 0)
(0.6624 0.1745926339 0)
(0.6685333333 0.1745926339 0)
(0.6746666667 0.1745926339 0)
(0.6808 0.1745926339 0)
(0.6869333333 0.1745926339 0)
(0.6930666667 0.1745926339 0)
(0.6992 0.1745926339 0)
(0.7053333333 0.1745926339 0)
(0.7114666667 0.1745926339 0)
(0.7176 0.1745926339 0)
(0.7237333333 0.1745926339 0)
(0.7298666667 0.1745926339 0)
(0.736 0.1745926339 0)
(0.7421333333 0.1745926339 0)
(0.7482666667 0.1745926339 0)
(0.7544 0.1745926339 0)
(0.7605333333 0.1745926339 0)
(0.7666666667 0.1745926339 0)
(0.7728 0.1745926339 0)
(0.7789333333 0.1745926339 0)
(0.7850666667 0.1745926339 0)
(0.7912 0.1745926339 0)
(0.7973333333 0.1745926339 0)
(0.8034666667 0.1745926339 0)
(0.8096 0.1745926339 0)
(0.8157333333 0.1745926339 0)
(0.8218666667 0.1745926339 0)
(0.828 0.1745926339 0)
(0.8341333333 0.1745926339 0)
(0.8402666667 0.1745926339 0)
(0.8464 0.1745926339 0)
(0.8525333333 0.1745926339 0)
(0.8586666667 0.1745926339 0)
(0.8648 0.1745926339 0)
(0.8709333333 0.1745926339 0)
(0.8770666667 0.1745926339 0)
(0.8832 0.1745926339 0)
(0.8893333333 0.1745926339 0)
(0.8954666667 0.1745926339 0)
(0.9016 0.1745926339 0)
(0.9077333333 0.1745926339 0)
(0.9138666667 0.1745926339 0)
(0.92 0.1745926339 0)
(0 0.1921982284 0)
(0.006133333333 0.1921982284 0)
(0.01226666667 0.1921982284 0)
(0.0184 0.1921982284 0)
(0.02453333333 0.1921982284 0)
(0.03066666667 0.1921982284 0)
(0.0368 0.1921982284 0)
(0.04293333333 0.1921982284 0)
(0.04906666667 0.1921982284 0)
(0.0552 0.1921982284 0)
(0.06133333333 0.1921982284 0)
(0.06746666667 0.1921982284 0)
(0.0736 0.1921982284 0)
(0.07973333333 0.1921982284 0)
(0.08586666667 0.1921982284 0)
(0.092 0.1921982284 0)
(0.09813333333 0.1921982284 0)
(0.1042666667 0.1921982284 0)
(0.1104 0.1921982284 0)
(0.1165333333 0.1921982284 0)
(0.1226666667 0.1921982284 0)
(0.1288 0.1921982284 0)
(0.1349333333 0.1921982284 0)
(0.1410666667 0.1921982284 0)
(0.1472 0.1921982284 0)
(0.1533333333 0.1921982284 0)
(0.1594666667 0.1921982284 0)
(0.1656 0.1921982284 0)
(0.1717333333 0.1921982284 0)
(0.1778666667 0.1921982284 0)
(0.184 0.1921982284 0)
(0.1901333333 0.1921982284 0)
(0.1962666667 0.1921982284 0)
(0.2024 0.1921982284 0)
(0.2085333333 0.1921982284 0)
(0.2146666667 0.1921982284 0)
(0.2208 0.1921982284 0)
(0.2269333333 0.1921982284 0)
(0.2330666667 0.1921982284 0)
(0.2392 0.1921982284 0)
(0.2453333333 0.1921982284 0)
(0.2514666667 0.1921982284 0)
(0.2576 0.1921982284 0)
(0.2637333333 0.1921982284 0)
(0.2698666667 0.1921982284 0)
(0.276 0.1921982284 0)
(0.2821333333 0.1921982284 0)
(0.2882666667 0.1921982284 0)
(0.2944 0.1921982284 0)
(0.3005333333 0.1921982284 0)
(0.3066666667 0.1921982284 0)
(0.3128 0.1921982284 0)
(0.3189333333 0.1921982284 0)
(0.3250666667 0.1921982284 0)
(0.3312 0.1921982284 0)
(0.3373333333 0.1921982284 0)
(0.3434666667 0.1921982284 0)
(0.3496 0.1921982284 0)
(0.3557333333 0.1921982284 0)
(0.3618666667 0.1921982284 0)
(0.368 0.1921982284 0)
(0.3741333333 0.1921982284 0)
(0.3802666667 0.1921982284 0)
(0.3864 0.1921982284 0)
(0.3925333333 0.1921982284 0)
(0.3986666667 0.1921982284 0)
(0.4048 0.1921982284 0)
(0.4109333333 0.1921982284 0)
(0.4170666667 0.1921982284 0)
(0.4232 0.1921982284 0)
(0.4293333333 0.1921982284 0)
(0.4354666667 0.1921982284 0)
(0.4416 0.1921982284 0)
(0.4477333333 0.1921982284 0)
(0.4538666667 0.1921982284 0)
(0.46 0.1921982284 0)
(0.4661333333 0.1921982284 0)
(0.4722666667 0.1921982284 0)
(0.4784 0.1921982284 0)
(0.4845333333 0.1921982284 0)
(0.4906666667 0.1921982284 0)
(0.4968 0.1921982284 0)
(0.5029333333 0.1921982284 0)
(0.5090666667 0.1921982284 0)
(0.5152 0.1921982284 0)
(0.5213333333 0.1921982284 0)
(0.5274666667 0.1921982284 0)
(0.5336 0.1921982284 0)
(0.5397333333 0.1921982284 0)
(0.5458666667 0.1921982284 0)
(0.552 0.1921982284 0)
(0.5581333333 0.1921982284 0)
(0.5642666667 0.1921982284 0)
(0.5704 0.1921982284 0)
(0.5765333333 0.1921982284 0)
(0.5826666667 0.1921982284 0)
(0.5888 0.1921982284 0)
(0.5949333333 0.1921982284 0)
(0.6010666667 0.1921982284 0)
(0.6072 0.1921982284 0)
(0.6133333333 0.1921982284 0)
(0.6194666667 0.1921982284 0)
(0.6256 0.1921982284 0)
(0.6317333333 0.1921982284 0)
(0.6378666667 0.1921982284 0)
(0.644 0.1921982284 0)
(0.6501333333 0.1921982284 0)
(0.6562666667 0.1921982284 0)
(0.6624 0.1921982284 0)
(0.6685333333 0.1921982284 0)
(0.6746666667 0.1921982284 0)
(0.6808 0.1921982284 0)
(0.6869333333 0.1921982284 0)
(0.6930666667 0.1921982284 0)
(0.6992 0.1921982284 0)
(0.7053333333 0.1921982284 0)
(0.7114666667 0.1921982284 0)
(0.7176 0.1921982284 0)
(0.7237333333 0.1921982284 0)
(0.7298666667 0.1921982284 0)
(0.736 0.1921982284 0)
(0.7421333333 0.1921982284 0)
(0.7482666667 0.1921982284 0)
(0.7544 0.1921982284 0)
(0.7605333333 0.1921982284 0)
(0.7666666667 0.1921982284 0)
(0.7728 0.1921982284 0)
(0.7789333333 0.1921982284 0)
(0.7850666667 0.1921982284 0)
(0.7912 0.1921982284 0)
(0.7973333333 0.1921982284 0)
(0.8034666667 0.1921982284 0)
(0.8096 0.1921982284 0)
(0.8157333333 0.1921982284 0)
(0.8218666667 0.1921982284 0)
(0.828 0.1921982284 0)
(0.8341333333 0.1921982284 0)
(0.8402666667 0.1921982284 0)
(0.8464 0.1921982284 0)
(0.8525333333 0.1921982284 0)
(0.8586666667 0.1921982284 0)
(0.8648 0.1921982284 0)
(0.8709333333 0.1921982284 0)
(0.8770666667 0.1921982284 0)
(0.8832 0.1921982284 0)
(0.8893333333 0.1921982284 0)
(0.8954666667 0.1921982284 0)
(0.9016 0.1921982284 0)
(0.9077333333 0.1921982284 0)
(0.9138666667 0.1921982284 0)
(0.92 0.1921982284 0)
(0 0.211564 0)
(0.006133333333 0.211564 0)
(0.01226666667 0.211564 0)
(0.0184 0.211564 0)
(0.02453333333 0.211564 0)
(0.03066666667 0.211564 0)
(0.0368 0.211564 0)
(0.04293333333 0.211564 0)
(0.04906666667 0.211564 0)
(0.0552 0.211564 0)
(0.06133333333 0.211564 0)
(0.06746666667 0.211564 0)
(0.0736 0.211564 0)
(0.07973333333 0.211564 0)
(0.08586666667 0.211564 0)
(0.092 0.211564 0)
(0.09813333333 0.211564 0)
(0.1042666667 0.211564 0)
(0.1104 0.211564 0)
(0.1165333333 0.211564 0)
(0.1226666667 0.211564 0)
(0.1288 0.211564 0)
(0.1349333333 0.211564 0)
(0.1410666667 0.211564 0)
(0.1472 0.211564 0)
(0.1533333333 0.211564 0)
(0.1594666667 0.211564 0)
(0.1656 0.211564 0)
(0.1717333333 0.211564 0)
(0.1778666667 0.211564 0)
(0.184 0.211564 0)
(0.1901333333 0.211564 0)
(0.1962666667 0.211564 0)
(0.2024 0.211564 0)
(0.2085333333 0.211564 0)
(0.2146666667 0.211564 0)
(0.2208 0.211564 0)
(0.2269333333 0.211564 0)
(0.2330666667 0.211564 0)
(0.2392 0.211564 0)
(0.2453333333 0.211564 0)
(0.2514666667 0.211564 0)
(0.2576 0.211564 0)
(0.2637333333 0.211564 0)
(0.2698666667 0.211564 0)
(0.276 0.211564 0)
(0.2821333333 0.211564 0)
(0.2882666667 0.211564 0)
(0.2944 0.211564 0)
(0.3005333333 0.211564 0)
(0.3066666667 0.211564 0)
(0.3128 0.211564 0)
(0.3189333333 0.211564 0)
(0.3250666667 0.211564 0)
(0.3312 0.211564 0)
(0.3373333333 0.211564 0)
(0.3434666667 0.211564 0)
(0.3496 0.211564 0)
(0.3557333333 0.211564 0)
(0.3618666667 0.211564 0)
(0.368 0.211564 0)
(0.3741333333 0.211564 0)
(0.3802666667 0.211564 0)
(0.3864 0.211564 0)
(0.3925333333 0.211564 0)
(0.3986666667 0.211564 0)
(0.4048 0.211564 0)
(0.4109333333 0.211564 0)
(0.4170666667 0.211564 0)
(0.4232 0.211564 0)
(0.4293333333 0.211564 0)
(0.4354666667 0.211564 0)
(0.4416 0.211564 0)
(0.4477333333 0.211564 0)
(0.4538666667 0.211564 0)
(0.46 0.211564 0)
(0.4661333333 0.211564 0)
(0.4722666667 0.211564 0)
(0.4784 0.211564 0)
(0.4845333333 0.211564 0)
(0.4906666667 0.211564 0)
(0.4968 0.211564 0)
(0.5029333333 0.211564 0)
(0.5090666667 0.211564 0)
(0.5152 0.211564 0)
(0.5213333333 0.211564 0)
(0.5274666667 0.211564 0)
(0.5336 0.211564 0)
(0.5397333333 0.211564 0)
(0.5458666667 0.211564 0)
(0.552 0.211564 0)
(0.5581333333 0.211564 0)
(0.5642666667 0.211564 0)
(0.5704 0.211564 0)
(0.5765333333 0.211564 0)
(0.5826666667 0.211564 0)
(0.5888 0.211564 0)
(0.5949333333 0.211564 0)
(0.6010666667 0.211564 0)
(0.6072 0.211564 0)
(0.6133333333 0.211564 0)
(0.6194666667 0.211564 0)
(0.6256 0.211564 0)
(0.6317333333 0.211564 0)
(0.6378666667 0.211564 0)
(0.644 0.211564 0)
(0.6501333333 0.211564 0)
(0.6562666667 0.211564 0)
(0.6624 0.211564 0)
(0.6685333333 0.211564 0)
(0.6746666667 0.211564 0)
(0.6808 0.211564 0)
(0.6869333333 0.211564 0)
(0.6930666667 0.211564 0)
(0.6992 0.211564 0)
(0.7053333333 0.211564 0)
(0.7114666667 0.211564 0)
(0.7176 0.211564 0)
(0.7237333333 0.211564 0)
(0.7298666667 0.211564 0)
(0.736 0.211564 0)
(0.7421333333 0.211564 0)
(0.7482666667 0.211564 0)
(0.7544 0.211564 0)
(0.7605333333 0.211564 0)
(0.7666666667 0.211564 0)
(0.7728 0.211564 0)
(0.7789333333 0.211564 0)
(0.7850666667 0.211564 0)
(0.7912 0.211564 0)
(0.7973333333 0.211564 0)
(0.8034666667 0.211564 0)
(0.8096 0.211564 0)
(0.8157333333 0.211564 0)
(0.8218666667 0.211564 0)
(0.828 0.211564 0)
(0.8341333333 0.211564 0)
(0.8402666667 0.211564 0)
(0.8464 0.211564 0)
(0.8525333333 0.211564 0)
(0.8586666667 0.211564 0)
(0.8648 0.211564 0)
(0.8709333333 0.211564 0)
(0.8770666667 0.211564 0)
(0.8832 0.211564 0)
(0.8893333333 0.211564 0)
(0.8954666667 0.211564 0)
(0.9016 0.211564 0)
(0.9077333333 0.211564 0)
(0.9138666667 0.211564 0)
(0.92 0.211564 0)
(0 0 0.01)
(0.006133333333 0 0.01)
(0.01226666667 0 0.01)
(0.0184 0 0.01)
(0.02453333333 0 0.01)
(0.03066666667 0 0.01)
(0.0368 0 0.01)
(0.04293333333 0 0.01)
(0.04906666667 0 0.01)
(0.0552 0 0.01)
(0.06133333333 0 0.01)
(0.06746666667 0 0.01)
(0.0736 0 0.01)
(0.07973333333 0 0.01)
(0.08586666667 0 0.01)
(0.092 0 0.01)
(0.09813333333 0 0.01)
(0.1042666667 0 0.01)
(0.1104 0 0.01)
(0.1165333333 0 0.01)
(0.1226666667 0 0.01)
(0.1288 0 0.01)
(0.1349333333 0 0.01)
(0.1410666667 0 0.01)
(0.1472 0 0.01)
(0.1533333333 0 0.01)
(0.1594666667 0 0.01)
(0.1656 0 0.01)
(0.1717333333 0 0.01)
(0.1778666667 0 0.01)
(0.184 0 0.01)
(0.1901333333 0 0.01)
(0.1962666667 0 0.01)
(0.2024 0 0.01)
(0.2085333333 0 0.01)
(0.2146666667 0 0.01)
(0.2208 0 0.01)
(0.2269333333 0 0.01)
(0.2330666667 0 0.01)
(0.2392 0 0.01)
(0.2453333333 0 0.01)
(0.2514666667 0 0.01)
(0.2576 0 0.01)
(0.2637333333 0 0.01)
(0.2698666667 0 0.01)
(0.276 0 0.01)
(0.2821333333 0 0.01)
(0.2882666667 0 0.01)
(0.2944 0 0.01)
(0.3005333333 0 0.01)
(0.3066666667 0 0.01)
(0.3128 0 0.01)
(0.3189333333 0 0.01)
(0.3250666667 0 0.01)
(0.3312 0 0.01)
(0.3373333333 0 0.01)
(0.3434666667 0 0.01)
(0.3496 0 0.01)
(0.3557333333 0 0.01)
(0.3618666667 0 0.01)
(0.368 0 0.01)
(0.3741333333 0 0.01)
(0.3802666667 0 0.01)
(0.3864 0 0.01)
(0.3925333333 0 0.01)
(0.3986666667 0 0.01)
(0.4048 0 0.01)
(0.4109333333 0 0.01)
(0.4170666667 0 0.01)
(0.4232 0 0.01)
(0.4293333333 0 0.01)
(0.4354666667 0 0.01)
(0.4416 0 0.01)
(0.4477333333 0 0.01)
(0.4538666667 0 0.01)
(0.46 0 0.01)
(0.4661333333 0 0.01)
(0.4722666667 0 0.01)
(0.4784 0 0.01)
(0.4845333333 0 0.01)
(0.4906666667 0 0.01)
(0.4968 0 0.01)
(0.5029333333 0 0.01)
(0.5090666667 0 0.01)
(0.5152 0 0.01)
(0.5213333333 0 0.01)
(0.5274666667 0 0.01)
(0.5336 0 0.01)
(0.5397333333 0 0.01)
(0.5458666667 0 0.01)
(0.552 0 0.01)
(0.5581333333 0 0.01)
(0.5642666667 0 0.01)
(0.5704 0 0.01)
(0.5765333333 0 0.01)
(0.5826666667 0 0.01)
(0.5888 0 0.01)
(0.5949333333 0 0.01)
(0.6010666667 0 0.01)
(0.6072 0 0.01)
(0.6133333333 0 0.01)
(0.6194666667 0 0.01)
(0.6256 0 0.01)
(0.6317333333 0 0.01)
(0.6378666667 0 0.01)
(0.644 0 0.01)
(0.6501333333 0 0.01)
(0.6562666667 0 0.01)
(0.6624 0 0.01)
(0.6685333333 0 0.01)
(0.6746666667 0 0.01)
(0.6808 0 0.01)
(0.6869333333 0 0.01)
(0.6930666667 0 0.01)
(0.6992 0 0.01)
(0.7053333333 0 0.01)
(0.7114666667 0 0.01)
(0.7176 0 0.01)
(0.7237333333 0 0.01)
(0.7298666667 0 0.01)
(0.736 0 0.01)
(0.7421333333 0 0.01)
(0.7482666667 0 0.01)
(0.7544 0 0.01)
(0.7605333333 0 0.01)
(0.7666666667 0 0.01)
(0.7728 0 0.01)
(0.7789333333 0 0.01)
(0.7850666667 0 0.01)
(0.7912 0 0.01)
(0.7973333333 0 0.01)
(0.8034666667 0 0.01)
(0.8096 0 0.01)
(0.8157333333 0 0.01)
(0.8218666667 0 0.01)
(0.828 0 0.01)
(0.8341333333 0 0.01)
(0.8402666667 0 0.01)
(0.8464 0 0.01)
(0.8525333333 0 0.01)
(0.8586666667 0 0.01)
(0.8648 0 0.01)
(0.8709333333 0 0.01)
(0.8770666667 0 0.01)
(0.8832 0 0.01)
(0.8893333333 0 0.01)
(0.8954666667 0 0.01)
(0.9016 0 0.01)
(0.9077333333 0 0.01)
(0.9138666667 0 0.01)
(0.92 0 0.01)
(0 0.0001501222608 0.01)
(0.006133333333 0.0001501222608 0.01)
(0.01226666667 0.0001501222608 0.01)
(0.0184 0.0001501222608 0.01)
(0.02453333333 0.0001501222608 0.01)
(0.03066666667 0.0001501222608 0.01)
(0.0368 0.0001501222608 0.01)
(0.04293333333 0.0001501222608 0.01)
(0.04906666667 0.0001501222608 0.01)
(0.0552 0.0001501222608 0.01)
(0.06133333333 0.0001501222608 0.01)
(0.06746666667 0.0001501222608 0.01)
(0.0736 0.0001501222608 0.01)
(0.07973333333 0.0001501222608 0.01)
(0.08586666667 0.0001501222608 0.01)
(0.092 0.0001501222608 0.01)
(0.09813333333 0.0001501222608 0.01)
(0.1042666667 0.0001501222608 0.01)
(0.1104 0.0001501222608 0.01)
(0.1165333333 0.0001501222608 0.01)
(0.1226666667 0.0001501222608 0.01)
(0.1288 0.0001501222608 0.01)
(0.1349333333 0.0001501222608 0.01)
(0.1410666667 0.0001501222608 0.01)
(0.1472 0.0001501222608 0.01)
(0.1533333333 0.0001501222608 0.01)
(0.1594666667 0.0001501222608 0.01)
(0.1656 0.0001501222608 0.01)
(0.1717333333 0.0001501222608 0.01)
(0.1778666667 0.0001501222608 0.01)
(0.184 0.0001501222608 0.01)
(0.1901333333 0.0001501222608 0.01)
(0.1962666667 0.0001501222608 0.01)
(0.2024 0.0001501222608 0.01)
(0.2085333333 0.0001501222608 0.01)
(0.2146666667 0.0001501222608 0.01)
(0.2208 0.0001501222608 0.01)
(0.2269333333 0.0001501222608 0.01)
(0.2330666667 0.0001501222608 0.01)
(0.2392 0.0001501222608 0.01)
(0.2453333333 0.0001501222608 0.01)
(0.2514666667 0.0001501222608 0.01)
(0.2576 0.0001501222608 0.01)
(0.2637333333 0.0001501222608 0.01)
(0.2698666667 0.0001501222608 0.01)
(0.276 0.0001501222608 0.01)
(0.2821333333 0.0001501222608 0.01)
(0.2882666667 0.0001501222608 0.01)
(0.2944 0.0001501222608 0.01)
(0.3005333333 0.0001501222608 0.01)
(0.3066666667 0.0001501222608 0.01)
(0.3128 0.0001501222608 0.01)
(0.3189333333 0.0001501222608 0.01)
(0.3250666667 0.0001501222608 0.01)
(0.3312 0.0001501222608 0.01)
(0.3373333333 0.0001501222608 0.01)
(0.3434666667 0.0001501222608 0.01)
(0.3496 0.0001501222608 0.01)
(0.3557333333 0.0001501222608 0.01)
(0.3618666667 0.0001501222608 0.01)
(0.368 0.0001501222608 0.01)
(0.3741333333 0.0001501222608 0.01)
(0.3802666667 0.0001501222608 0.01)
(0.3864 0.0001501222608 0.01)
(0.3925333333 0.0001501222608 0.01)
(0.3986666667 0.0001501222608 0.01)
(0.4048 0.0001501222608 0.01)
(0.4109333333 0.0001501222608 0.01)
(0.4170666667 0.0001501222608 0.01)
(0.4232 0.0001501222608 0.01)
(0.4293333333 0.0001501222608 0.01)
(0.4354666667 0.0001501222608 0.01)
(0.4416 0.0001501222608 0.01)
(0.4477333333 0.0001501222608 0.01)
(0.4538666667 0.0001501222608 0.01)
(0.46 0.0001501222608 0.01)
(0.4661333333 0.0001501222608 0.01)
(0.4722666667 0.0001501222608 0.01)
(0.4784 0.0001501222608 0.01)
(0.4845333333 0.0001501222608 0.01)
(0.4906666667 0.0001501222608 0.01)
(0.4968 0.0001501222608 0.01)
(0.5029333333 0.0001501222608 0.01)
(0.5090666667 0.0001501222608 0.01)
(0.5152 0.0001501222608 0.01)
(0.5213333333 0.0001501222608 0.01)
(0.5274666667 0.0001501222608 0.01)
(0.5336 0.0001501222608 0.01)
(0.5397333333 0.0001501222608 0.01)
(0.5458666667 0.0001501222608 0.01)
(0.552 0.0001501222608 0.01)
(0.5581333333 0.0001501222608 0.01)
(0.5642666667 0.0001501222608 0.01)
(0.5704 0.0001501222608 0.01)
(0.5765333333 0.0001501222608 0.01)
(0.5826666667 0.0001501222608 0.01)
(0.5888 0.0001501222608 0.01)
(0.5949333333 0.0001501222608 0.01)
(0.6010666667 0.0001501222608 0.01)
(0.6072 0.0001501222608 0.01)
(0.6133333333 0.0001501222608 0.01)
(0.6194666667 0.0001501222608 0.01)
(0.6256 0.0001501222608 0.01)
(0.6317333333 0.0001501222608 0.01)
(0.6378666667 0.0001501222608 0.01)
(0.644 0.0001501222608 0.01)
(0.6501333333 0.0001501222608 0.01)
(0.6562666667 0.0001501222608 0.01)
(0.6624 0.0001501222608 0.01)
(0.6685333333 0.0001501222608 0.01)
(0.6746666667 0.0001501222608 0.01)
(0.6808 0.0001501222608 0.01)
(0.6869333333 0.0001501222608 0.01)
(0.6930666667 0.0001501222608 0.01)
(0.6992 0.0001501222608 0.01)
(0.7053333333 0.0001501222608 0.01)
(0.7114666667 0.0001501222608 0.01)
(0.7176 0.0001501222608 0.01)
(0.7237333333 0.0001501222608 0.01)
(0.7298666667 0.0001501222608 0.01)
(0.736 0.0001501222608 0.01)
(0.7421333333 0.0001501222608 0.01)
(0.7482666667 0.0001501222608 0.01)
(0.7544 0.0001501222608 0.01)
(0.7605333333 0.0001501222608 0.01)
(0.7666666667 0.0001501222608 0.01)
(0.7728 0.0001501222608 0.01)
(0.7789333333 0.0001501222608 0.01)
(0.7850666667 0.0001501222608 0.01)
(0.7912 0.0001501222608 0.01)
(0.7973333333 0.0001501222608 0.01)
(0.8034666667 0.0001501222608 0.01)
(0.8096 0.0001501222608 0.01)
(0.8157333333 0.0001501222608 0.01)
(0.8218666667 0.0001501222608 0.01)
(0.828 0.0001501222608 0.01)
(0.8341333333 0.0001501222608 0.01)
(0.8402666667 0.0001501222608 0.01)
(0.8464 0.0001501222608 0.01)
(0.8525333333 0.0001501222608 0.01)
(0.8586666667 0.0001501222608 0.01)
(0.8648 0.0001501222608 0.01)
(0.8709333333 0.0001501222608 0.01)
(0.8770666667 0.0001501222608 0.01)
(0.8832 0.0001501222608 0.01)
(0.8893333333 0.0001501222608 0.01)
(0.8954666667 0.0001501222608 0.01)
(0.9016 0.0001501222608 0.01)
(0.9077333333 0.0001501222608 0.01)
(0.9138666667 0.0001501222608 0.01)
(0.92 0.0001501222608 0.01)
(0 0.0003152534878 0.01)
(0.006133333333 0.0003152534878 0.01)
(0.01226666667 0.0003152534878 0.01)
(0.0184 0.0003152534878 0.01)
(0.02453333333 0.0003152534878 0.01)
(0.03066666667 0.0003152534878 0.01)
(0.0368 0.0003152534878 0.01)
(0.04293333333 0.0003152534878 0.01)
(0.04906666667 0.0003152534878 0.01)
(0.0552 0.0003152534878 0.01)
(0.06133333333 0.0003152534878 0.01)
(0.06746666667 0.0003152534878 0.01)
(0.0736 0.0003152534878 0.01)
(0.07973333333 0.0003152534878 0.01)
(0.08586666667 0.0003152534878 0.01)
(0.092 0.0003152534878 0.01)
(0.09813333333 0.0003152534878 0.01)
(0.1042666667 0.0003152534878 0.01)
(0.1104 0.0003152534878 0.01)
(0.1165333333 0.0003152534878 0.01)
(0.1226666667 0.0003152534878 0.01)
(0.1288 0.0003152534878 0.01)
(0.1349333333 0.0003152534878 0.01)
(0.1410666667 0.0003152534878 0.01)
(0.1472 0.0003152534878 0.01)
(0.1533333333 0.0003152534878 0.01)
(0.1594666667 0.0003152534878 0.01)
(0.1656 0.0003152534878 0.01)
(0.1717333333 0.0003152534878 0.01)
(0.1778666667 0.0003152534878 0.01)
(0.184 0.0003152534878 0.01)
(0.1901333333 0.0003152534878 0.01)
(0.1962666667 0.0003152534878 0.01)
(0.2024 0.0003152534878 0.01)
(0.2085333333 0.0003152534878 0.01)
(0.2146666667 0.0003152534878 0.01)
(0.2208 0.0003152534878 0.01)
(0.2269333333 0.0003152534878 0.01)
(0.2330666667 0.0003152534878 0.01)
(0.2392 0.0003152534878 0.01)
(0.2453333333 0.0003152534878 0.01)
(0.2514666667 0.0003152534878 0.01)
(0.2576 0.0003152534878 0.01)
(0.2637333333 0.0003152534878 0.01)
(0.2698666667 0.0003152534878 0.01)
(0.276 0.0003152534878 0.01)
(0.2821333333 0.0003152534878 0.01)
(0.2882666667 0.0003152534878 0.01)
(0.2944 0.0003152534878 0.01)
(0.3005333333 0.0003152534878 0.01)
(0.3066666667 0.0003152534878 0.01)
(0.3128 0.0003152534878 0.01)
(0.3189333333 0.0003152534878 0.01)
(0.3250666667 0.0003152534878 0.01)
(0.3312 0.0003152534878 0.01)
(0.3373333333 0.0003152534878 0.01)
(0.3434666667 0.0003152534878 0.01)
(0.3496 0.0003152534878 0.01)
(0.3557333333 0.0003152534878 0.01)
(0.3618666667 0.0003152534878 0.01)
(0.368 0.0003152534878 0.01)
(0.3741333333 0.0003152534878 0.01)
(0.3802666667 0.0003152534878 0.01)
(0.3864 0.0003152534878 0.01)
(0.3925333333 0.0003152534878 0.01)
(0.3986666667 0.0003152534878 0.01)
(0.4048 0.0003152534878 0.01)
(0.4109333333 0.0003152534878 0.01)
(0.4170666667 0.0003152534878 0.01)
(0.4232 0.0003152534878 0.01)
(0.4293333333 0.0003152534878 0.01)
(0.4354666667 0.0003152534878 0.01)
(0.4416 0.0003152534878 0.01)
(0.4477333333 0.0003152534878 0.01)
(0.4538666667 0.0003152534878 0.01)
(0.46 0.0003152534878 0.01)
(0.4661333333 0.0003152534878 0.01)
(0.4722666667 0.0003152534878 0.01)
(0.4784 0.0003152534878 0.01)
(0.4845333333 0.0003152534878 0.01)
(0.4906666667 0.0003152534878 0.01)
(0.4968 0.0003152534878 0.01)
(0.5029333333 0.0003152534878 0.01)
(0.5090666667 0.0003152534878 0.01)
(0.5152 0.0003152534878 0.01)
(0.5213333333 0.0003152534878 0.01)
(0.5274666667 0.0003152534878 0.01)
(0.5336 0.0003152534878 0.01)
(0.5397333333 0.0003152534878 0.01)
(0.5458666667 0.0003152534878 0.01)
(0.552 0.0003152534878 0.01)
(0.5581333333 0.0003152534878 0.01)
(0.5642666667 0.0003152534878 0.01)
(0.5704 0.0003152534878 0.01)
(0.5765333333 0.0003152534878 0.01)
(0.5826666667 0.0003152534878 0.01)
(0.5888 0.0003152534878 0.01)
(0.5949333333 0.0003152534878 0.01)
(0.6010666667 0.0003152534878 0.01)
(0.6072 0.0003152534878 0.01)
(0.6133333333 0.0003152534878 0.01)
(0.6194666667 0.0003152534878 0.01)
(0.6256 0.0003152534878 0.01)
(0.6317333333 0.0003152534878 0.01)
(0.6378666667 0.0003152534878 0.01)
(0.644 0.0003152534878 0.01)
(0.6501333333 0.0003152534878 0.01)
(0.6562666667 0.0003152534878 0.01)
(0.6624 0.0003152534878 0.01)
(0.6685333333 0.0003152534878 0.01)
(0.6746666667 0.0003152534878 0.01)
(0.6808 0.0003152534878 0.01)
(0.6869333333 0.0003152534878 0.01)
(0.6930666667 0.0003152534878 0.01)
(0.6992 0.0003152534878 0.01)
(0.7053333333 0.0003152534878 0.01)
(0.7114666667 0.0003152534878 0.01)
(0.7176 0.0003152534878 0.01)
(0.7237333333 0.0003152534878 0.01)
(0.7298666667 0.0003152534878 0.01)
(0.736 0.0003152534878 0.01)
(0.7421333333 0.0003152534878 0.01)
(0.7482666667 0.0003152534878 0.01)
(0.7544 0.0003152534878 0.01)
(0.7605333333 0.0003152534878 0.01)
(0.7666666667 0.0003152534878 0.01)
(0.7728 0.0003152534878 0.01)
(0.7789333333 0.0003152534878 0.01)
(0.7850666667 0.0003152534878 0.01)
(0.7912 0.0003152534878 0.01)
(0.7973333333 0.0003152534878 0.01)
(0.8034666667 0.0003152534878 0.01)
(0.8096 0.0003152534878 0.01)
(0.8157333333 0.0003152534878 0.01)
(0.8218666667 0.0003152534878 0.01)
(0.828 0.0003152534878 0.01)
(0.8341333333 0.0003152534878 0.01)
(0.8402666667 0.0003152534878 0.01)
(0.8464 0.0003152534878 0.01)
(0.8525333333 0.0003152534878 0.01)
(0.8586666667 0.0003152534878 0.01)
(0.8648 0.0003152534878 0.01)
(0.8709333333 0.0003152534878 0.01)
(0.8770666667 0.0003152534878 0.01)
(0.8832 0.0003152534878 0.01)
(0.8893333333 0.0003152534878 0.01)
(0.8954666667 0.0003152534878 0.01)
(0.9016 0.0003152534878 0.01)
(0.9077333333 0.0003152534878 0.01)
(0.9138666667 0.0003152534878 0.01)
(0.92 0.0003152534878 0.01)
(0 0.0004968942518 0.01)
(0.006133333333 0.0004968942518 0.01)
(0.01226666667 0.0004968942518 0.01)
(0.0184 0.0004968942518 0.01)
(0.02453333333 0.0004968942518 0.01)
(0.03066666667 0.0004968942518 0.01)
(0.0368 0.0004968942518 0.01)
(0.04293333333 0.0004968942518 0.01)
(0.04906666667 0.0004968942518 0.01)
(0.0552 0.0004968942518 0.01)
(0.06133333333 0.0004968942518 0.01)
(0.06746666667 0.0004968942518 0.01)
(0.0736 0.0004968942518 0.01)
(0.07973333333 0.0004968942518 0.01)
(0.08586666667 0.0004968942518 0.01)
(0.092 0.0004968942518 0.01)
(0.09813333333 0.0004968942518 0.01)
(0.1042666667 0.0004968942518 0.01)
(0.1104 0.0004968942518 0.01)
(0.1165333333 0.0004968942518 0.01)
(0.1226666667 0.0004968942518 0.01)
(0.1288 0.0004968942518 0.01)
(0.1349333333 0.0004968942518 0.01)
(0.1410666667 0.0004968942518 0.01)
(0.1472 0.0004968942518 0.01)
(0.1533333333 0.0004968942518 0.01)
(0.1594666667 0.0004968942518 0.01)
(0.1656 0.0004968942518 0.01)
(0.1717333333 0.0004968942518 0.01)
(0.1778666667 0.0004968942518 0.01)
(0.184 0.0004968942518 0.01)
(0.1901333333 0.0004968942518 0.01)
(0.1962666667 0.0004968942518 0.01)
(0.2024 0.0004968942518 0.01)
(0.2085333333 0.0004968942518 0.01)
(0.2146666667 0.0004968942518 0.01)
(0.2208 0.0004968942518 0.01)
(0.2269333333 0.0004968942518 0.01)
(0.2330666667 0.0004968942518 0.01)
(0.2392 0.0004968942518 0.01)
(0.2453333333 0.0004968942518 0.01)
(0.2514666667 0.0004968942518 0.01)
(0.2576 0.0004968942518 0.01)
(0.2637333333 0.0004968942518 0.01)
(0.2698666667 0.0004968942518 0.01)
(0.276 0.0004968942518 0.01)
(0.2821333333 0.0004968942518 0.01)
(0.2882666667 0.0004968942518 0.01)
(0.2944 0.0004968942518 0.01)
(0.3005333333 0.0004968942518 0.01)
(0.3066666667 0.0004968942518 0.01)
(0.3128 0.0004968942518 0.01)
(0.3189333333 0.0004968942518 0.01)
(0.3250666667 0.0004968942518 0.01)
(0.3312 0.0004968942518 0.01)
(0.3373333333 0.0004968942518 0.01)
(0.3434666667 0.0004968942518 0.01)
(0.3496 0.0004968942518 0.01)
(0.3557333333 0.0004968942518 0.01)
(0.3618666667 0.0004968942518 0.01)
(0.368 0.0004968942518 0.01)
(0.3741333333 0.0004968942518 0.01)
(0.3802666667 0.0004968942518 0.01)
(0.3864 0.0004968942518 0.01)
(0.3925333333 0.0004968942518 0.01)
(0.3986666667 0.0004968942518 0.01)
(0.4048 0.0004968942518 0.01)
(0.4109333333 0.0004968942518 0.01)
(0.4170666667 0.0004968942518 0.01)
(0.4232 0.0004968942518 0.01)
(0.4293333333 0.0004968942518 0.01)
(0.4354666667 0.0004968942518 0.01)
(0.4416 0.0004968942518 0.01)
(0.4477333333 0.0004968942518 0.01)
(0.4538666667 0.0004968942518 0.01)
(0.46 0.0004968942518 0.01)
(0.4661333333 0.0004968942518 0.01)
(0.4722666667 0.0004968942518 0.01)
(0.4784 0.0004968942518 0.01)
(0.4845333333 0.0004968942518 0.01)
(0.4906666667 0.0004968942518 0.01)
(0.4968 0.0004968942518 0.01)
(0.5029333333 0.0004968942518 0.01)
(0.5090666667 0.0004968942518 0.01)
(0.5152 0.0004968942518 0.01)
(0.5213333333 0.0004968942518 0.01)
(0.5274666667 0.0004968942518 0.01)
(0.5336 0.0004968942518 0.01)
(0.5397333333 0.0004968942518 0.01)
(0.5458666667 0.0004968942518 0.01)
(0.552 0.0004968942518 0.01)
(0.5581333333 0.0004968942518 0.01)
(0.5642666667 0.0004968942518 0.01)
(0.5704 0.0004968942518 0.01)
(0.5765333333 0.0004968942518 0.01)
(0.5826666667 0.0004968942518 0.01)
(0.5888 0.0004968942518 0.01)
(0.5949333333 0.0004968942518 0.01)
(0.6010666667 0.0004968942518 0.01)
(0.6072 0.0004968942518 0.01)
(0.6133333333 0.0004968942518 0.01)
(0.6194666667 0.0004968942518 0.01)
(0.6256 0.0004968942518 0.01)
(0.6317333333 0.0004968942518 0.01)
(0.6378666667 0.0004968942518 0.01)
(0.644 0.0004968942518 0.01)
(0.6501333333 0.0004968942518 0.01)
(0.6562666667 0.0004968942518 0.01)
(0.6624 0.0004968942518 0.01)
(0.6685333333 0.0004968942518 0.01)
(0.6746666667 0.0004968942518 0.01)
(0.6808 0.0004968942518 0.01)
(0.6869333333 0.0004968942518 0.01)
(0.6930666667 0.0004968942518 0.01)
(0.6992 0.0004968942518 0.01)
(0.7053333333 0.0004968942518 0.01)
(0.7114666667 0.0004968942518 0.01)
(0.7176 0.0004968942518 0.01)
(0.7237333333 0.0004968942518 0.01)
(0.7298666667 0.0004968942518 0.01)
(0.736 0.0004968942518 0.01)
(0.7421333333 0.0004968942518 0.01)
(0.7482666667 0.0004968942518 0.01)
(0.7544 0.0004968942518 0.01)
(0.7605333333 0.0004968942518 0.01)
(0.7666666667 0.0004968942518 0.01)
(0.7728 0.0004968942518 0.01)
(0.7789333333 0.0004968942518 0.01)
(0.7850666667 0.0004968942518 0.01)
(0.7912 0.0004968942518 0.01)
(0.7973333333 0.0004968942518 0.01)
(0.8034666667 0.0004968942518 0.01)
(0.8096 0.0004968942518 0.01)
(0.8157333333 0.0004968942518 0.01)
(0.8218666667 0.0004968942518 0.01)
(0.828 0.0004968942518 0.01)
(0.8341333333 0.0004968942518 0.01)
(0.8402666667 0.0004968942518 0.01)
(0.8464 0.0004968942518 0.01)
(0.8525333333 0.0004968942518 0.01)
(0.8586666667 0.0004968942518 0.01)
(0.8648 0.0004968942518 0.01)
(0.8709333333 0.0004968942518 0.01)
(0.8770666667 0.0004968942518 0.01)
(0.8832 0.0004968942518 0.01)
(0.8893333333 0.0004968942518 0.01)
(0.8954666667 0.0004968942518 0.01)
(0.9016 0.0004968942518 0.01)
(0.9077333333 0.0004968942518 0.01)
(0.9138666667 0.0004968942518 0.01)
(0.92 0.0004968942518 0.01)
(0 0.0006966951481 0.01)
(0.006133333333 0.0006966951481 0.01)
(0.01226666667 0.0006966951481 0.01)
(0.0184 0.0006966951481 0.01)
(0.02453333333 0.0006966951481 0.01)
(0.03066666667 0.0006966951481 0.01)
(0.0368 0.0006966951481 0.01)
(0.04293333333 0.0006966951481 0.01)
(0.04906666667 0.0006966951481 0.01)
(0.0552 0.0006966951481 0.01)
(0.06133333333 0.0006966951481 0.01)
(0.06746666667 0.0006966951481 0.01)
(0.0736 0.0006966951481 0.01)
(0.07973333333 0.0006966951481 0.01)
(0.08586666667 0.0006966951481 0.01)
(0.092 0.0006966951481 0.01)
(0.09813333333 0.0006966951481 0.01)
(0.1042666667 0.0006966951481 0.01)
(0.1104 0.0006966951481 0.01)
(0.1165333333 0.0006966951481 0.01)
(0.1226666667 0.0006966951481 0.01)
(0.1288 0.0006966951481 0.01)
(0.1349333333 0.0006966951481 0.01)
(0.1410666667 0.0006966951481 0.01)
(0.1472 0.0006966951481 0.01)
(0.1533333333 0.0006966951481 0.01)
(0.1594666667 0.0006966951481 0.01)
(0.1656 0.0006966951481 0.01)
(0.1717333333 0.0006966951481 0.01)
(0.1778666667 0.0006966951481 0.01)
(0.184 0.0006966951481 0.01)
(0.1901333333 0.0006966951481 0.01)
(0.1962666667 0.0006966951481 0.01)
(0.2024 0.0006966951481 0.01)
(0.2085333333 0.0006966951481 0.01)
(0.2146666667 0.0006966951481 0.01)
(0.2208 0.0006966951481 0.01)
(0.2269333333 0.0006966951481 0.01)
(0.2330666667 0.0006966951481 0.01)
(0.2392 0.0006966951481 0.01)
(0.2453333333 0.0006966951481 0.01)
(0.2514666667 0.0006966951481 0.01)
(0.2576 0.0006966951481 0.01)
(0.2637333333 0.0006966951481 0.01)
(0.2698666667 0.0006966951481 0.01)
(0.276 0.0006966951481 0.01)
(0.2821333333 0.0006966951481 0.01)
(0.2882666667 0.0006966951481 0.01)
(0.2944 0.0006966951481 0.01)
(0.3005333333 0.0006966951481 0.01)
(0.3066666667 0.0006966951481 0.01)
(0.3128 0.0006966951481 0.01)
(0.3189333333 0.0006966951481 0.01)
(0.3250666667 0.0006966951481 0.01)
(0.3312 0.0006966951481 0.01)
(0.3373333333 0.0006966951481 0.01)
(0.3434666667 0.0006966951481 0.01)
(0.3496 0.0006966951481 0.01)
(0.3557333333 0.0006966951481 0.01)
(0.3618666667 0.0006966951481 0.01)
(0.368 0.0006966951481 0.01)
(0.3741333333 0.0006966951481 0.01)
(0.3802666667 0.0006966951481 0.01)
(0.3864 0.0006966951481 0.01)
(0.3925333333 0.0006966951481 0.01)
(0.3986666667 0.0006966951481 0.01)
(0.4048 0.0006966951481 0.01)
(0.4109333333 0.0006966951481 0.01)
(0.4170666667 0.0006966951481 0.01)
(0.4232 0.0006966951481 0.01)
(0.4293333333 0.0006966951481 0.01)
(0.4354666667 0.0006966951481 0.01)
(0.4416 0.0006966951481 0.01)
(0.4477333333 0.0006966951481 0.01)
(0.4538666667 0.0006966951481 0.01)
(0.46 0.0006966951481 0.01)
(0.4661333333 0.0006966951481 0.01)
(0.4722666667 0.0006966951481 0.01)
(0.4784 0.0006966951481 0.01)
(0.4845333333 0.0006966951481 0.01)
(0.4906666667 0.0006966951481 0.01)
(0.4968 0.0006966951481 0.01)
(0.5029333333 0.0006966951481 0.01)
(0.5090666667 0.0006966951481 0.01)
(0.5152 0.0006966951481 0.01)
(0.5213333333 0.0006966951481 0.01)
(0.5274666667 0.0006966951481 0.01)
(0.5336 0.0006966951481 0.01)
(0.5397333333 0.0006966951481 0.01)
(0.5458666667 0.0006966951481 0.01)
(0.552 0.0006966951481 0.01)
(0.5581333333 0.0006966951481 0.01)
(0.5642666667 0.0006966951481 0.01)
(0.5704 0.0006966951481 0.01)
(0.5765333333 0.0006966951481 0.01)
(0.5826666667 0.0006966951481 0.01)
(0.5888 0.0006966951481 0.01)
(0.5949333333 0.0006966951481 0.01)
(0.6010666667 0.0006966951481 0.01)
(0.6072 0.0006966951481 0.01)
(0.6133333333 0.0006966951481 0.01)
(0.6194666667 0.0006966951481 0.01)
(0.6256 0.0006966951481 0.01)
(0.6317333333 0.0006966951481 0.01)
(0.6378666667 0.0006966951481 0.01)
(0.644 0.0006966951481 0.01)
(0.6501333333 0.0006966951481 0.01)
(0.6562666667 0.0006966951481 0.01)
(0.6624 0.0006966951481 0.01)
(0.6685333333 0.0006966951481 0.01)
(0.6746666667 0.0006966951481 0.01)
(0.6808 0.0006966951481 0.01)
(0.6869333333 0.0006966951481 0.01)
(0.6930666667 0.0006966951481 0.01)
(0.6992 0.0006966951481 0.01)
(0.7053333333 0.0006966951481 0.01)
(0.7114666667 0.0006966951481 0.01)
(0.7176 0.0006966951481 0.01)
(0.7237333333 0.0006966951481 0.01)
(0.7298666667 0.0006966951481 0.01)
(0.736 0.0006966951481 0.01)
(0.7421333333 0.0006966951481 0.01)
(0.7482666667 0.0006966951481 0.01)
(0.7544 0.0006966951481 0.01)
(0.7605333333 0.0006966951481 0.01)
(0.7666666667 0.0006966951481 0.01)
(0.7728 0.0006966951481 0.01)
(0.7789333333 0.0006966951481 0.01)
(0.7850666667 0.0006966951481 0.01)
(0.7912 0.0006966951481 0.01)
(0.7973333333 0.0006966951481 0.01)
(0.8034666667 0.0006966951481 0.01)
(0.8096 0.0006966951481 0.01)
(0.8157333333 0.0006966951481 0.01)
(0.8218666667 0.0006966951481 0.01)
(0.828 0.0006966951481 0.01)
(0.8341333333 0.0006966951481 0.01)
(0.8402666667 0.0006966951481 0.01)
(0.8464 0.0006966951481 0.01)
(0.8525333333 0.0006966951481 0.01)
(0.8586666667 0.0006966951481 0.01)
(0.8648 0.0006966951481 0.01)
(0.8709333333 0.0006966951481 0.01)
(0.8770666667 0.0006966951481 0.01)
(0.8832 0.0006966951481 0.01)
(0.8893333333 0.0006966951481 0.01)
(0.8954666667 0.0006966951481 0.01)
(0.9016 0.0006966951481 0.01)
(0.9077333333 0.0006966951481 0.01)
(0.9138666667 0.0006966951481 0.01)
(0.92 0.0006966951481 0.01)
(0 0.0009164717954 0.01)
(0.006133333333 0.0009164717954 0.01)
(0.01226666667 0.0009164717954 0.01)
(0.0184 0.0009164717954 0.01)
(0.02453333333 0.0009164717954 0.01)
(0.03066666667 0.0009164717954 0.01)
(0.0368 0.0009164717954 0.01)
(0.04293333333 0.0009164717954 0.01)
(0.04906666667 0.0009164717954 0.01)
(0.0552 0.0009164717954 0.01)
(0.06133333333 0.0009164717954 0.01)
(0.06746666667 0.0009164717954 0.01)
(0.0736 0.0009164717954 0.01)
(0.07973333333 0.0009164717954 0.01)
(0.08586666667 0.0009164717954 0.01)
(0.092 0.0009164717954 0.01)
(0.09813333333 0.0009164717954 0.01)
(0.1042666667 0.0009164717954 0.01)
(0.1104 0.0009164717954 0.01)
(0.1165333333 0.0009164717954 0.01)
(0.1226666667 0.0009164717954 0.01)
(0.1288 0.0009164717954 0.01)
(0.1349333333 0.0009164717954 0.01)
(0.1410666667 0.0009164717954 0.01)
(0.1472 0.0009164717954 0.01)
(0.1533333333 0.0009164717954 0.01)
(0.1594666667 0.0009164717954 0.01)
(0.1656 0.0009164717954 0.01)
(0.1717333333 0.0009164717954 0.01)
(0.1778666667 0.0009164717954 0.01)
(0.184 0.0009164717954 0.01)
(0.1901333333 0.0009164717954 0.01)
(0.1962666667 0.0009164717954 0.01)
(0.2024 0.0009164717954 0.01)
(0.2085333333 0.0009164717954 0.01)
(0.2146666667 0.0009164717954 0.01)
(0.2208 0.0009164717954 0.01)
(0.2269333333 0.0009164717954 0.01)
(0.2330666667 0.0009164717954 0.01)
(0.2392 0.0009164717954 0.01)
(0.2453333333 0.0009164717954 0.01)
(0.2514666667 0.0009164717954 0.01)
(0.2576 0.0009164717954 0.01)
(0.2637333333 0.0009164717954 0.01)
(0.2698666667 0.0009164717954 0.01)
(0.276 0.0009164717954 0.01)
(0.2821333333 0.0009164717954 0.01)
(0.2882666667 0.0009164717954 0.01)
(0.2944 0.0009164717954 0.01)
(0.3005333333 0.0009164717954 0.01)
(0.3066666667 0.0009164717954 0.01)
(0.3128 0.0009164717954 0.01)
(0.3189333333 0.0009164717954 0.01)
(0.3250666667 0.0009164717954 0.01)
(0.3312 0.0009164717954 0.01)
(0.3373333333 0.0009164717954 0.01)
(0.3434666667 0.0009164717954 0.01)
(0.3496 0.0009164717954 0.01)
(0.3557333333 0.0009164717954 0.01)
(0.3618666667 0.0009164717954 0.01)
(0.368 0.0009164717954 0.01)
(0.3741333333 0.0009164717954 0.01)
(0.3802666667 0.0009164717954 0.01)
(0.3864 0.0009164717954 0.01)
(0.3925333333 0.0009164717954 0.01)
(0.3986666667 0.0009164717954 0.01)
(0.4048 0.0009164717954 0.01)
(0.4109333333 0.0009164717954 0.01)
(0.4170666667 0.0009164717954 0.01)
(0.4232 0.0009164717954 0.01)
(0.4293333333 0.0009164717954 0.01)
(0.4354666667 0.0009164717954 0.01)
(0.4416 0.0009164717954 0.01)
(0.4477333333 0.0009164717954 0.01)
(0.4538666667 0.0009164717954 0.01)
(0.46 0.0009164717954 0.01)
(0.4661333333 0.0009164717954 0.01)
(0.4722666667 0.0009164717954 0.01)
(0.4784 0.0009164717954 0.01)
(0.4845333333 0.0009164717954 0.01)
(0.4906666667 0.0009164717954 0.01)
(0.4968 0.0009164717954 0.01)
(0.5029333333 0.0009164717954 0.01)
(0.5090666667 0.0009164717954 0.01)
(0.5152 0.0009164717954 0.01)
(0.5213333333 0.0009164717954 0.01)
(0.5274666667 0.0009164717954 0.01)
(0.5336 0.0009164717954 0.01)
(0.5397333333 0.0009164717954 0.01)
(0.5458666667 0.0009164717954 0.01)
(0.552 0.0009164717954 0.01)
(0.5581333333 0.0009164717954 0.01)
(0.5642666667 0.0009164717954 0.01)
(0.5704 0.0009164717954 0.01)
(0.5765333333 0.0009164717954 0.01)
(0.5826666667 0.0009164717954 0.01)
(0.5888 0.0009164717954 0.01)
(0.5949333333 0.0009164717954 0.01)
(0.6010666667 0.0009164717954 0.01)
(0.6072 0.0009164717954 0.01)
(0.6133333333 0.0009164717954 0.01)
(0.6194666667 0.0009164717954 0.01)
(0.6256 0.0009164717954 0.01)
(0.6317333333 0.0009164717954 0.01)
(0.6378666667 0.0009164717954 0.01)
(0.644 0.0009164717954 0.01)
(0.6501333333 0.0009164717954 0.01)
(0.6562666667 0.0009164717954 0.01)
(0.6624 0.0009164717954 0.01)
(0.6685333333 0.0009164717954 0.01)
(0.6746666667 0.0009164717954 0.01)
(0.6808 0.0009164717954 0.01)
(0.6869333333 0.0009164717954 0.01)
(0.6930666667 0.0009164717954 0.01)
(0.6992 0.0009164717954 0.01)
(0.7053333333 0.0009164717954 0.01)
(0.7114666667 0.0009164717954 0.01)
(0.7176 0.0009164717954 0.01)
(0.7237333333 0.0009164717954 0.01)
(0.7298666667 0.0009164717954 0.01)
(0.736 0.0009164717954 0.01)
(0.7421333333 0.0009164717954 0.01)
(0.7482666667 0.0009164717954 0.01)
(0.7544 0.0009164717954 0.01)
(0.7605333333 0.0009164717954 0.01)
(0.7666666667 0.0009164717954 0.01)
(0.7728 0.0009164717954 0.01)
(0.7789333333 0.0009164717954 0.01)
(0.7850666667 0.0009164717954 0.01)
(0.7912 0.0009164717954 0.01)
(0.7973333333 0.0009164717954 0.01)
(0.8034666667 0.0009164717954 0.01)
(0.8096 0.0009164717954 0.01)
(0.8157333333 0.0009164717954 0.01)
(0.8218666667 0.0009164717954 0.01)
(0.828 0.0009164717954 0.01)
(0.8341333333 0.0009164717954 0.01)
(0.8402666667 0.0009164717954 0.01)
(0.8464 0.0009164717954 0.01)
(0.8525333333 0.0009164717954 0.01)
(0.8586666667 0.0009164717954 0.01)
(0.8648 0.0009164717954 0.01)
(0.8709333333 0.0009164717954 0.01)
(0.8770666667 0.0009164717954 0.01)
(0.8832 0.0009164717954 0.01)
(0.8893333333 0.0009164717954 0.01)
(0.8954666667 0.0009164717954 0.01)
(0.9016 0.0009164717954 0.01)
(0.9077333333 0.0009164717954 0.01)
(0.9138666667 0.0009164717954 0.01)
(0.92 0.0009164717954 0.01)
(0 0.001158221335 0.01)
(0.006133333333 0.001158221335 0.01)
(0.01226666667 0.001158221335 0.01)
(0.0184 0.001158221335 0.01)
(0.02453333333 0.001158221335 0.01)
(0.03066666667 0.001158221335 0.01)
(0.0368 0.001158221335 0.01)
(0.04293333333 0.001158221335 0.01)
(0.04906666667 0.001158221335 0.01)
(0.0552 0.001158221335 0.01)
(0.06133333333 0.001158221335 0.01)
(0.06746666667 0.001158221335 0.01)
(0.0736 0.001158221335 0.01)
(0.07973333333 0.001158221335 0.01)
(0.08586666667 0.001158221335 0.01)
(0.092 0.001158221335 0.01)
(0.09813333333 0.001158221335 0.01)
(0.1042666667 0.001158221335 0.01)
(0.1104 0.001158221335 0.01)
(0.1165333333 0.001158221335 0.01)
(0.1226666667 0.001158221335 0.01)
(0.1288 0.001158221335 0.01)
(0.1349333333 0.001158221335 0.01)
(0.1410666667 0.001158221335 0.01)
(0.1472 0.001158221335 0.01)
(0.1533333333 0.001158221335 0.01)
(0.1594666667 0.001158221335 0.01)
(0.1656 0.001158221335 0.01)
(0.1717333333 0.001158221335 0.01)
(0.1778666667 0.001158221335 0.01)
(0.184 0.001158221335 0.01)
(0.1901333333 0.001158221335 0.01)
(0.1962666667 0.001158221335 0.01)
(0.2024 0.001158221335 0.01)
(0.2085333333 0.001158221335 0.01)
(0.2146666667 0.001158221335 0.01)
(0.2208 0.001158221335 0.01)
(0.2269333333 0.001158221335 0.01)
(0.2330666667 0.001158221335 0.01)
(0.2392 0.001158221335 0.01)
(0.2453333333 0.001158221335 0.01)
(0.2514666667 0.001158221335 0.01)
(0.2576 0.001158221335 0.01)
(0.2637333333 0.001158221335 0.01)
(0.2698666667 0.001158221335 0.01)
(0.276 0.001158221335 0.01)
(0.2821333333 0.001158221335 0.01)
(0.2882666667 0.001158221335 0.01)
(0.2944 0.001158221335 0.01)
(0.3005333333 0.001158221335 0.01)
(0.3066666667 0.001158221335 0.01)
(0.3128 0.001158221335 0.01)
(0.3189333333 0.001158221335 0.01)
(0.3250666667 0.001158221335 0.01)
(0.3312 0.001158221335 0.01)
(0.3373333333 0.001158221335 0.01)
(0.3434666667 0.001158221335 0.01)
(0.3496 0.001158221335 0.01)
(0.3557333333 0.001158221335 0.01)
(0.3618666667 0.001158221335 0.01)
(0.368 0.001158221335 0.01)
(0.3741333333 0.001158221335 0.01)
(0.3802666667 0.001158221335 0.01)
(0.3864 0.001158221335 0.01)
(0.3925333333 0.001158221335 0.01)
(0.3986666667 0.001158221335 0.01)
(0.4048 0.001158221335 0.01)
(0.4109333333 0.001158221335 0.01)
(0.4170666667 0.001158221335 0.01)
(0.4232 0.001158221335 0.01)
(0.4293333333 0.001158221335 0.01)
(0.4354666667 0.001158221335 0.01)
(0.4416 0.001158221335 0.01)
(0.4477333333 0.001158221335 0.01)
(0.4538666667 0.001158221335 0.01)
(0.46 0.001158221335 0.01)
(0.4661333333 0.001158221335 0.01)
(0.4722666667 0.001158221335 0.01)
(0.4784 0.001158221335 0.01)
(0.4845333333 0.001158221335 0.01)
(0.4906666667 0.001158221335 0.01)
(0.4968 0.001158221335 0.01)
(0.5029333333 0.001158221335 0.01)
(0.5090666667 0.001158221335 0.01)
(0.5152 0.001158221335 0.01)
(0.5213333333 0.001158221335 0.01)
(0.5274666667 0.001158221335 0.01)
(0.5336 0.001158221335 0.01)
(0.5397333333 0.001158221335 0.01)
(0.5458666667 0.001158221335 0.01)
(0.552 0.001158221335 0.01)
(0.5581333333 0.001158221335 0.01)
(0.5642666667 0.001158221335 0.01)
(0.5704 0.001158221335 0.01)
(0.5765333333 0.001158221335 0.01)
(0.5826666667 0.001158221335 0.01)
(0.5888 0.001158221335 0.01)
(0.5949333333 0.001158221335 0.01)
(0.6010666667 0.001158221335 0.01)
(0.6072 0.001158221335 0.01)
(0.6133333333 0.001158221335 0.01)
(0.6194666667 0.001158221335 0.01)
(0.6256 0.001158221335 0.01)
(0.6317333333 0.001158221335 0.01)
(0.6378666667 0.001158221335 0.01)
(0.644 0.001158221335 0.01)
(0.6501333333 0.001158221335 0.01)
(0.6562666667 0.001158221335 0.01)
(0.6624 0.001158221335 0.01)
(0.6685333333 0.001158221335 0.01)
(0.6746666667 0.001158221335 0.01)
(0.6808 0.001158221335 0.01)
(0.6869333333 0.001158221335 0.01)
(0.6930666667 0.001158221335 0.01)
(0.6992 0.001158221335 0.01)
(0.7053333333 0.001158221335 0.01)
(0.7114666667 0.001158221335 0.01)
(0.7176 0.001158221335 0.01)
(0.7237333333 0.001158221335 0.01)
(0.7298666667 0.001158221335 0.01)
(0.736 0.001158221335 0.01)
(0.7421333333 0.001158221335 0.01)
(0.7482666667 0.001158221335 0.01)
(0.7544 0.001158221335 0.01)
(0.7605333333 0.001158221335 0.01)
(0.7666666667 0.001158221335 0.01)
(0.7728 0.001158221335 0.01)
(0.7789333333 0.001158221335 0.01)
(0.7850666667 0.001158221335 0.01)
(0.7912 0.001158221335 0.01)
(0.7973333333 0.001158221335 0.01)
(0.8034666667 0.001158221335 0.01)
(0.8096 0.001158221335 0.01)
(0.8157333333 0.001158221335 0.01)
(0.8218666667 0.001158221335 0.01)
(0.828 0.001158221335 0.01)
(0.8341333333 0.001158221335 0.01)
(0.8402666667 0.001158221335 0.01)
(0.8464 0.001158221335 0.01)
(0.8525333333 0.001158221335 0.01)
(0.8586666667 0.001158221335 0.01)
(0.8648 0.001158221335 0.01)
(0.8709333333 0.001158221335 0.01)
(0.8770666667 0.001158221335 0.01)
(0.8832 0.001158221335 0.01)
(0.8893333333 0.001158221335 0.01)
(0.8954666667 0.001158221335 0.01)
(0.9016 0.001158221335 0.01)
(0.9077333333 0.001158221335 0.01)
(0.9138666667 0.001158221335 0.01)
(0.92 0.001158221335 0.01)
(0 0.001424140579 0.01)
(0.006133333333 0.001424140579 0.01)
(0.01226666667 0.001424140579 0.01)
(0.0184 0.001424140579 0.01)
(0.02453333333 0.001424140579 0.01)
(0.03066666667 0.001424140579 0.01)
(0.0368 0.001424140579 0.01)
(0.04293333333 0.001424140579 0.01)
(0.04906666667 0.001424140579 0.01)
(0.0552 0.001424140579 0.01)
(0.06133333333 0.001424140579 0.01)
(0.06746666667 0.001424140579 0.01)
(0.0736 0.001424140579 0.01)
(0.07973333333 0.001424140579 0.01)
(0.08586666667 0.001424140579 0.01)
(0.092 0.001424140579 0.01)
(0.09813333333 0.001424140579 0.01)
(0.1042666667 0.001424140579 0.01)
(0.1104 0.001424140579 0.01)
(0.1165333333 0.001424140579 0.01)
(0.1226666667 0.001424140579 0.01)
(0.1288 0.001424140579 0.01)
(0.1349333333 0.001424140579 0.01)
(0.1410666667 0.001424140579 0.01)
(0.1472 0.001424140579 0.01)
(0.1533333333 0.001424140579 0.01)
(0.1594666667 0.001424140579 0.01)
(0.1656 0.001424140579 0.01)
(0.1717333333 0.001424140579 0.01)
(0.1778666667 0.001424140579 0.01)
(0.184 0.001424140579 0.01)
(0.1901333333 0.001424140579 0.01)
(0.1962666667 0.001424140579 0.01)
(0.2024 0.001424140579 0.01)
(0.2085333333 0.001424140579 0.01)
(0.2146666667 0.001424140579 0.01)
(0.2208 0.001424140579 0.01)
(0.2269333333 0.001424140579 0.01)
(0.2330666667 0.001424140579 0.01)
(0.2392 0.001424140579 0.01)
(0.2453333333 0.001424140579 0.01)
(0.2514666667 0.001424140579 0.01)
(0.2576 0.001424140579 0.01)
(0.2637333333 0.001424140579 0.01)
(0.2698666667 0.001424140579 0.01)
(0.276 0.001424140579 0.01)
(0.2821333333 0.001424140579 0.01)
(0.2882666667 0.001424140579 0.01)
(0.2944 0.001424140579 0.01)
(0.3005333333 0.001424140579 0.01)
(0.3066666667 0.001424140579 0.01)
(0.3128 0.001424140579 0.01)
(0.3189333333 0.001424140579 0.01)
(0.3250666667 0.001424140579 0.01)
(0.3312 0.001424140579 0.01)
(0.3373333333 0.001424140579 0.01)
(0.3434666667 0.001424140579 0.01)
(0.3496 0.001424140579 0.01)
(0.3557333333 0.001424140579 0.01)
(0.3618666667 0.001424140579 0.01)
(0.368 0.001424140579 0.01)
(0.3741333333 0.001424140579 0.01)
(0.3802666667 0.001424140579 0.01)
(0.3864 0.001424140579 0.01)
(0.3925333333 0.001424140579 0.01)
(0.3986666667 0.001424140579 0.01)
(0.4048 0.001424140579 0.01)
(0.4109333333 0.001424140579 0.01)
(0.4170666667 0.001424140579 0.01)
(0.4232 0.001424140579 0.01)
(0.4293333333 0.001424140579 0.01)
(0.4354666667 0.001424140579 0.01)
(0.4416 0.001424140579 0.01)
(0.4477333333 0.001424140579 0.01)
(0.4538666667 0.001424140579 0.01)
(0.46 0.001424140579 0.01)
(0.4661333333 0.001424140579 0.01)
(0.4722666667 0.001424140579 0.01)
(0.4784 0.001424140579 0.01)
(0.4845333333 0.001424140579 0.01)
(0.4906666667 0.001424140579 0.01)
(0.4968 0.001424140579 0.01)
(0.5029333333 0.001424140579 0.01)
(0.5090666667 0.001424140579 0.01)
(0.5152 0.001424140579 0.01)
(0.5213333333 0.001424140579 0.01)
(0.5274666667 0.001424140579 0.01)
(0.5336 0.001424140579 0.01)
(0.5397333333 0.001424140579 0.01)
(0.5458666667 0.001424140579 0.01)
(0.552 0.001424140579 0.01)
(0.5581333333 0.001424140579 0.01)
(0.5642666667 0.001424140579 0.01)
(0.5704 0.001424140579 0.01)
(0.5765333333 0.001424140579 0.01)
(0.5826666667 0.001424140579 0.01)
(0.5888 0.001424140579 0.01)
(0.5949333333 0.001424140579 0.01)
(0.6010666667 0.001424140579 0.01)
(0.6072 0.001424140579 0.01)
(0.6133333333 0.001424140579 0.01)
(0.6194666667 0.001424140579 0.01)
(0.6256 0.001424140579 0.01)
(0.6317333333 0.001424140579 0.01)
(0.6378666667 0.001424140579 0.01)
(0.644 0.001424140579 0.01)
(0.6501333333 0.001424140579 0.01)
(0.6562666667 0.001424140579 0.01)
(0.6624 0.001424140579 0.01)
(0.6685333333 0.001424140579 0.01)
(0.6746666667 0.001424140579 0.01)
(0.6808 0.001424140579 0.01)
(0.6869333333 0.001424140579 0.01)
(0.6930666667 0.001424140579 0.01)
(0.6992 0.001424140579 0.01)
(0.7053333333 0.001424140579 0.01)
(0.7114666667 0.001424140579 0.01)
(0.7176 0.001424140579 0.01)
(0.7237333333 0.001424140579 0.01)
(0.7298666667 0.001424140579 0.01)
(0.736 0.001424140579 0.01)
(0.7421333333 0.001424140579 0.01)
(0.7482666667 0.001424140579 0.01)
(0.7544 0.001424140579 0.01)
(0.7605333333 0.001424140579 0.01)
(0.7666666667 0.001424140579 0.01)
(0.7728 0.001424140579 0.01)
(0.7789333333 0.001424140579 0.01)
(0.7850666667 0.001424140579 0.01)
(0.7912 0.001424140579 0.01)
(0.7973333333 0.001424140579 0.01)
(0.8034666667 0.001424140579 0.01)
(0.8096 0.001424140579 0.01)
(0.8157333333 0.001424140579 0.01)
(0.8218666667 0.001424140579 0.01)
(0.828 0.001424140579 0.01)
(0.8341333333 0.001424140579 0.01)
(0.8402666667 0.001424140579 0.01)
(0.8464 0.001424140579 0.01)
(0.8525333333 0.001424140579 0.01)
(0.8586666667 0.001424140579 0.01)
(0.8648 0.001424140579 0.01)
(0.8709333333 0.001424140579 0.01)
(0.8770666667 0.001424140579 0.01)
(0.8832 0.001424140579 0.01)
(0.8893333333 0.001424140579 0.01)
(0.8954666667 0.001424140579 0.01)
(0.9016 0.001424140579 0.01)
(0.9077333333 0.001424140579 0.01)
(0.9138666667 0.001424140579 0.01)
(0.92 0.001424140579 0.01)
(0 0.001716645974 0.01)
(0.006133333333 0.001716645974 0.01)
(0.01226666667 0.001716645974 0.01)
(0.0184 0.001716645974 0.01)
(0.02453333333 0.001716645974 0.01)
(0.03066666667 0.001716645974 0.01)
(0.0368 0.001716645974 0.01)
(0.04293333333 0.001716645974 0.01)
(0.04906666667 0.001716645974 0.01)
(0.0552 0.001716645974 0.01)
(0.06133333333 0.001716645974 0.01)
(0.06746666667 0.001716645974 0.01)
(0.0736 0.001716645974 0.01)
(0.07973333333 0.001716645974 0.01)
(0.08586666667 0.001716645974 0.01)
(0.092 0.001716645974 0.01)
(0.09813333333 0.001716645974 0.01)
(0.1042666667 0.001716645974 0.01)
(0.1104 0.001716645974 0.01)
(0.1165333333 0.001716645974 0.01)
(0.1226666667 0.001716645974 0.01)
(0.1288 0.001716645974 0.01)
(0.1349333333 0.001716645974 0.01)
(0.1410666667 0.001716645974 0.01)
(0.1472 0.001716645974 0.01)
(0.1533333333 0.001716645974 0.01)
(0.1594666667 0.001716645974 0.01)
(0.1656 0.001716645974 0.01)
(0.1717333333 0.001716645974 0.01)
(0.1778666667 0.001716645974 0.01)
(0.184 0.001716645974 0.01)
(0.1901333333 0.001716645974 0.01)
(0.1962666667 0.001716645974 0.01)
(0.2024 0.001716645974 0.01)
(0.2085333333 0.001716645974 0.01)
(0.2146666667 0.001716645974 0.01)
(0.2208 0.001716645974 0.01)
(0.2269333333 0.001716645974 0.01)
(0.2330666667 0.001716645974 0.01)
(0.2392 0.001716645974 0.01)
(0.2453333333 0.001716645974 0.01)
(0.2514666667 0.001716645974 0.01)
(0.2576 0.001716645974 0.01)
(0.2637333333 0.001716645974 0.01)
(0.2698666667 0.001716645974 0.01)
(0.276 0.001716645974 0.01)
(0.2821333333 0.001716645974 0.01)
(0.2882666667 0.001716645974 0.01)
(0.2944 0.001716645974 0.01)
(0.3005333333 0.001716645974 0.01)
(0.3066666667 0.001716645974 0.01)
(0.3128 0.001716645974 0.01)
(0.3189333333 0.001716645974 0.01)
(0.3250666667 0.001716645974 0.01)
(0.3312 0.001716645974 0.01)
(0.3373333333 0.001716645974 0.01)
(0.3434666667 0.001716645974 0.01)
(0.3496 0.001716645974 0.01)
(0.3557333333 0.001716645974 0.01)
(0.3618666667 0.001716645974 0.01)
(0.368 0.001716645974 0.01)
(0.3741333333 0.001716645974 0.01)
(0.3802666667 0.001716645974 0.01)
(0.3864 0.001716645974 0.01)
(0.3925333333 0.001716645974 0.01)
(0.3986666667 0.001716645974 0.01)
(0.4048 0.001716645974 0.01)
(0.4109333333 0.001716645974 0.01)
(0.4170666667 0.001716645974 0.01)
(0.4232 0.001716645974 0.01)
(0.4293333333 0.001716645974 0.01)
(0.4354666667 0.001716645974 0.01)
(0.4416 0.001716645974 0.01)
(0.4477333333 0.001716645974 0.01)
(0.4538666667 0.001716645974 0.01)
(0.46 0.001716645974 0.01)
(0.4661333333 0.001716645974 0.01)
(0.4722666667 0.001716645974 0.01)
(0.4784 0.001716645974 0.01)
(0.4845333333 0.001716645974 0.01)
(0.4906666667 0.001716645974 0.01)
(0.4968 0.001716645974 0.01)
(0.5029333333 0.001716645974 0.01)
(0.5090666667 0.001716645974 0.01)
(0.5152 0.001716645974 0.01)
(0.5213333333 0.001716645974 0.01)
(0.5274666667 0.001716645974 0.01)
(0.5336 0.001716645974 0.01)
(0.5397333333 0.001716645974 0.01)
(0.5458666667 0.001716645974 0.01)
(0.552 0.001716645974 0.01)
(0.5581333333 0.001716645974 0.01)
(0.5642666667 0.001716645974 0.01)
(0.5704 0.001716645974 0.01)
(0.5765333333 0.001716645974 0.01)
(0.5826666667 0.001716645974 0.01)
(0.5888 0.001716645974 0.01)
(0.5949333333 0.001716645974 0.01)
(0.6010666667 0.001716645974 0.01)
(0.6072 0.001716645974 0.01)
(0.6133333333 0.001716645974 0.01)
(0.6194666667 0.001716645974 0.01)
(0.6256 0.001716645974 0.01)
(0.6317333333 0.001716645974 0.01)
(0.6378666667 0.001716645974 0.01)
(0.644 0.001716645974 0.01)
(0.6501333333 0.001716645974 0.01)
(0.6562666667 0.001716645974 0.01)
(0.6624 0.001716645974 0.01)
(0.6685333333 0.001716645974 0.01)
(0.6746666667 0.001716645974 0.01)
(0.6808 0.001716645974 0.01)
(0.6869333333 0.001716645974 0.01)
(0.6930666667 0.001716645974 0.01)
(0.6992 0.001716645974 0.01)
(0.7053333333 0.001716645974 0.01)
(0.7114666667 0.001716645974 0.01)
(0.7176 0.001716645974 0.01)
(0.7237333333 0.001716645974 0.01)
(0.7298666667 0.001716645974 0.01)
(0.736 0.001716645974 0.01)
(0.7421333333 0.001716645974 0.01)
(0.7482666667 0.001716645974 0.01)
(0.7544 0.001716645974 0.01)
(0.7605333333 0.001716645974 0.01)
(0.7666666667 0.001716645974 0.01)
(0.7728 0.001716645974 0.01)
(0.7789333333 0.001716645974 0.01)
(0.7850666667 0.001716645974 0.01)
(0.7912 0.001716645974 0.01)
(0.7973333333 0.001716645974 0.01)
(0.8034666667 0.001716645974 0.01)
(0.8096 0.001716645974 0.01)
(0.8157333333 0.001716645974 0.01)
(0.8218666667 0.001716645974 0.01)
(0.828 0.001716645974 0.01)
(0.8341333333 0.001716645974 0.01)
(0.8402666667 0.001716645974 0.01)
(0.8464 0.001716645974 0.01)
(0.8525333333 0.001716645974 0.01)
(0.8586666667 0.001716645974 0.01)
(0.8648 0.001716645974 0.01)
(0.8709333333 0.001716645974 0.01)
(0.8770666667 0.001716645974 0.01)
(0.8832 0.001716645974 0.01)
(0.8893333333 0.001716645974 0.01)
(0.8954666667 0.001716645974 0.01)
(0.9016 0.001716645974 0.01)
(0.9077333333 0.001716645974 0.01)
(0.9138666667 0.001716645974 0.01)
(0.92 0.001716645974 0.01)
(0 0.002038395556 0.01)
(0.006133333333 0.002038395556 0.01)
(0.01226666667 0.002038395556 0.01)
(0.0184 0.002038395556 0.01)
(0.02453333333 0.002038395556 0.01)
(0.03066666667 0.002038395556 0.01)
(0.0368 0.002038395556 0.01)
(0.04293333333 0.002038395556 0.01)
(0.04906666667 0.002038395556 0.01)
(0.0552 0.002038395556 0.01)
(0.06133333333 0.002038395556 0.01)
(0.06746666667 0.002038395556 0.01)
(0.0736 0.002038395556 0.01)
(0.07973333333 0.002038395556 0.01)
(0.08586666667 0.002038395556 0.01)
(0.092 0.002038395556 0.01)
(0.09813333333 0.002038395556 0.01)
(0.1042666667 0.002038395556 0.01)
(0.1104 0.002038395556 0.01)
(0.1165333333 0.002038395556 0.01)
(0.1226666667 0.002038395556 0.01)
(0.1288 0.002038395556 0.01)
(0.1349333333 0.002038395556 0.01)
(0.1410666667 0.002038395556 0.01)
(0.1472 0.002038395556 0.01)
(0.1533333333 0.002038395556 0.01)
(0.1594666667 0.002038395556 0.01)
(0.1656 0.002038395556 0.01)
(0.1717333333 0.002038395556 0.01)
(0.1778666667 0.002038395556 0.01)
(0.184 0.002038395556 0.01)
(0.1901333333 0.002038395556 0.01)
(0.1962666667 0.002038395556 0.01)
(0.2024 0.002038395556 0.01)
(0.2085333333 0.002038395556 0.01)
(0.2146666667 0.002038395556 0.01)
(0.2208 0.002038395556 0.01)
(0.2269333333 0.002038395556 0.01)
(0.2330666667 0.002038395556 0.01)
(0.2392 0.002038395556 0.01)
(0.2453333333 0.002038395556 0.01)
(0.2514666667 0.002038395556 0.01)
(0.2576 0.002038395556 0.01)
(0.2637333333 0.002038395556 0.01)
(0.2698666667 0.002038395556 0.01)
(0.276 0.002038395556 0.01)
(0.2821333333 0.002038395556 0.01)
(0.2882666667 0.002038395556 0.01)
(0.2944 0.002038395556 0.01)
(0.3005333333 0.002038395556 0.01)
(0.3066666667 0.002038395556 0.01)
(0.3128 0.002038395556 0.01)
(0.3189333333 0.002038395556 0.01)
(0.3250666667 0.002038395556 0.01)
(0.3312 0.002038395556 0.01)
(0.3373333333 0.002038395556 0.01)
(0.3434666667 0.002038395556 0.01)
(0.3496 0.002038395556 0.01)
(0.3557333333 0.002038395556 0.01)
(0.3618666667 0.002038395556 0.01)
(0.368 0.002038395556 0.01)
(0.3741333333 0.002038395556 0.01)
(0.3802666667 0.002038395556 0.01)
(0.3864 0.002038395556 0.01)
(0.3925333333 0.002038395556 0.01)
(0.3986666667 0.002038395556 0.01)
(0.4048 0.002038395556 0.01)
(0.4109333333 0.002038395556 0.01)
(0.4170666667 0.002038395556 0.01)
(0.4232 0.002038395556 0.01)
(0.4293333333 0.002038395556 0.01)
(0.4354666667 0.002038395556 0.01)
(0.4416 0.002038395556 0.01)
(0.4477333333 0.002038395556 0.01)
(0.4538666667 0.002038395556 0.01)
(0.46 0.002038395556 0.01)
(0.4661333333 0.002038395556 0.01)
(0.4722666667 0.002038395556 0.01)
(0.4784 0.002038395556 0.01)
(0.4845333333 0.002038395556 0.01)
(0.4906666667 0.002038395556 0.01)
(0.4968 0.002038395556 0.01)
(0.5029333333 0.002038395556 0.01)
(0.5090666667 0.002038395556 0.01)
(0.5152 0.002038395556 0.01)
(0.5213333333 0.002038395556 0.01)
(0.5274666667 0.002038395556 0.01)
(0.5336 0.002038395556 0.01)
(0.5397333333 0.002038395556 0.01)
(0.5458666667 0.002038395556 0.01)
(0.552 0.002038395556 0.01)
(0.5581333333 0.002038395556 0.01)
(0.5642666667 0.002038395556 0.01)
(0.5704 0.002038395556 0.01)
(0.5765333333 0.002038395556 0.01)
(0.5826666667 0.002038395556 0.01)
(0.5888 0.002038395556 0.01)
(0.5949333333 0.002038395556 0.01)
(0.6010666667 0.002038395556 0.01)
(0.6072 0.002038395556 0.01)
(0.6133333333 0.002038395556 0.01)
(0.6194666667 0.002038395556 0.01)
(0.6256 0.002038395556 0.01)
(0.6317333333 0.002038395556 0.01)
(0.6378666667 0.002038395556 0.01)
(0.644 0.002038395556 0.01)
(0.6501333333 0.002038395556 0.01)
(0.6562666667 0.002038395556 0.01)
(0.6624 0.002038395556 0.01)
(0.6685333333 0.002038395556 0.01)
(0.6746666667 0.002038395556 0.01)
(0.6808 0.002038395556 0.01)
(0.6869333333 0.002038395556 0.01)
(0.6930666667 0.002038395556 0.01)
(0.6992 0.002038395556 0.01)
(0.7053333333 0.002038395556 0.01)
(0.7114666667 0.002038395556 0.01)
(0.7176 0.002038395556 0.01)
(0.7237333333 0.002038395556 0.01)
(0.7298666667 0.002038395556 0.01)
(0.736 0.002038395556 0.01)
(0.7421333333 0.002038395556 0.01)
(0.7482666667 0.002038395556 0.01)
(0.7544 0.002038395556 0.01)
(0.7605333333 0.002038395556 0.01)
(0.7666666667 0.002038395556 0.01)
(0.7728 0.002038395556 0.01)
(0.7789333333 0.002038395556 0.01)
(0.7850666667 0.002038395556 0.01)
(0.7912 0.002038395556 0.01)
(0.7973333333 0.002038395556 0.01)
(0.8034666667 0.002038395556 0.01)
(0.8096 0.002038395556 0.01)
(0.8157333333 0.002038395556 0.01)
(0.8218666667 0.002038395556 0.01)
(0.828 0.002038395556 0.01)
(0.8341333333 0.002038395556 0.01)
(0.8402666667 0.002038395556 0.01)
(0.8464 0.002038395556 0.01)
(0.8525333333 0.002038395556 0.01)
(0.8586666667 0.002038395556 0.01)
(0.8648 0.002038395556 0.01)
(0.8709333333 0.002038395556 0.01)
(0.8770666667 0.002038395556 0.01)
(0.8832 0.002038395556 0.01)
(0.8893333333 0.002038395556 0.01)
(0.8954666667 0.002038395556 0.01)
(0.9016 0.002038395556 0.01)
(0.9077333333 0.002038395556 0.01)
(0.9138666667 0.002038395556 0.01)
(0.92 0.002038395556 0.01)
(0 0.00239231311 0.01)
(0.006133333333 0.00239231311 0.01)
(0.01226666667 0.00239231311 0.01)
(0.0184 0.00239231311 0.01)
(0.02453333333 0.00239231311 0.01)
(0.03066666667 0.00239231311 0.01)
(0.0368 0.00239231311 0.01)
(0.04293333333 0.00239231311 0.01)
(0.04906666667 0.00239231311 0.01)
(0.0552 0.00239231311 0.01)
(0.06133333333 0.00239231311 0.01)
(0.06746666667 0.00239231311 0.01)
(0.0736 0.00239231311 0.01)
(0.07973333333 0.00239231311 0.01)
(0.08586666667 0.00239231311 0.01)
(0.092 0.00239231311 0.01)
(0.09813333333 0.00239231311 0.01)
(0.1042666667 0.00239231311 0.01)
(0.1104 0.00239231311 0.01)
(0.1165333333 0.00239231311 0.01)
(0.1226666667 0.00239231311 0.01)
(0.1288 0.00239231311 0.01)
(0.1349333333 0.00239231311 0.01)
(0.1410666667 0.00239231311 0.01)
(0.1472 0.00239231311 0.01)
(0.1533333333 0.00239231311 0.01)
(0.1594666667 0.00239231311 0.01)
(0.1656 0.00239231311 0.01)
(0.1717333333 0.00239231311 0.01)
(0.1778666667 0.00239231311 0.01)
(0.184 0.00239231311 0.01)
(0.1901333333 0.00239231311 0.01)
(0.1962666667 0.00239231311 0.01)
(0.2024 0.00239231311 0.01)
(0.2085333333 0.00239231311 0.01)
(0.2146666667 0.00239231311 0.01)
(0.2208 0.00239231311 0.01)
(0.2269333333 0.00239231311 0.01)
(0.2330666667 0.00239231311 0.01)
(0.2392 0.00239231311 0.01)
(0.2453333333 0.00239231311 0.01)
(0.2514666667 0.00239231311 0.01)
(0.2576 0.00239231311 0.01)
(0.2637333333 0.00239231311 0.01)
(0.2698666667 0.00239231311 0.01)
(0.276 0.00239231311 0.01)
(0.2821333333 0.00239231311 0.01)
(0.2882666667 0.00239231311 0.01)
(0.2944 0.00239231311 0.01)
(0.3005333333 0.00239231311 0.01)
(0.3066666667 0.00239231311 0.01)
(0.3128 0.00239231311 0.01)
(0.3189333333 0.00239231311 0.01)
(0.3250666667 0.00239231311 0.01)
(0.3312 0.00239231311 0.01)
(0.3373333333 0.00239231311 0.01)
(0.3434666667 0.00239231311 0.01)
(0.3496 0.00239231311 0.01)
(0.3557333333 0.00239231311 0.01)
(0.3618666667 0.00239231311 0.01)
(0.368 0.00239231311 0.01)
(0.3741333333 0.00239231311 0.01)
(0.3802666667 0.00239231311 0.01)
(0.3864 0.00239231311 0.01)
(0.3925333333 0.00239231311 0.01)
(0.3986666667 0.00239231311 0.01)
(0.4048 0.00239231311 0.01)
(0.4109333333 0.00239231311 0.01)
(0.4170666667 0.00239231311 0.01)
(0.4232 0.00239231311 0.01)
(0.4293333333 0.00239231311 0.01)
(0.4354666667 0.00239231311 0.01)
(0.4416 0.00239231311 0.01)
(0.4477333333 0.00239231311 0.01)
(0.4538666667 0.00239231311 0.01)
(0.46 0.00239231311 0.01)
(0.4661333333 0.00239231311 0.01)
(0.4722666667 0.00239231311 0.01)
(0.4784 0.00239231311 0.01)
(0.4845333333 0.00239231311 0.01)
(0.4906666667 0.00239231311 0.01)
(0.4968 0.00239231311 0.01)
(0.5029333333 0.00239231311 0.01)
(0.5090666667 0.00239231311 0.01)
(0.5152 0.00239231311 0.01)
(0.5213333333 0.00239231311 0.01)
(0.5274666667 0.00239231311 0.01)
(0.5336 0.00239231311 0.01)
(0.5397333333 0.00239231311 0.01)
(0.5458666667 0.00239231311 0.01)
(0.552 0.00239231311 0.01)
(0.5581333333 0.00239231311 0.01)
(0.5642666667 0.00239231311 0.01)
(0.5704 0.00239231311 0.01)
(0.5765333333 0.00239231311 0.01)
(0.5826666667 0.00239231311 0.01)
(0.5888 0.00239231311 0.01)
(0.5949333333 0.00239231311 0.01)
(0.6010666667 0.00239231311 0.01)
(0.6072 0.00239231311 0.01)
(0.6133333333 0.00239231311 0.01)
(0.6194666667 0.00239231311 0.01)
(0.6256 0.00239231311 0.01)
(0.6317333333 0.00239231311 0.01)
(0.6378666667 0.00239231311 0.01)
(0.644 0.00239231311 0.01)
(0.6501333333 0.00239231311 0.01)
(0.6562666667 0.00239231311 0.01)
(0.6624 0.00239231311 0.01)
(0.6685333333 0.00239231311 0.01)
(0.6746666667 0.00239231311 0.01)
(0.6808 0.00239231311 0.01)
(0.6869333333 0.00239231311 0.01)
(0.6930666667 0.00239231311 0.01)
(0.6992 0.00239231311 0.01)
(0.7053333333 0.00239231311 0.01)
(0.7114666667 0.00239231311 0.01)
(0.7176 0.00239231311 0.01)
(0.7237333333 0.00239231311 0.01)
(0.7298666667 0.00239231311 0.01)
(0.736 0.00239231311 0.01)
(0.7421333333 0.00239231311 0.01)
(0.7482666667 0.00239231311 0.01)
(0.7544 0.00239231311 0.01)
(0.7605333333 0.00239231311 0.01)
(0.7666666667 0.00239231311 0.01)
(0.7728 0.00239231311 0.01)
(0.7789333333 0.00239231311 0.01)
(0.7850666667 0.00239231311 0.01)
(0.7912 0.00239231311 0.01)
(0.7973333333 0.00239231311 0.01)
(0.8034666667 0.00239231311 0.01)
(0.8096 0.00239231311 0.01)
(0.8157333333 0.00239231311 0.01)
(0.8218666667 0.00239231311 0.01)
(0.828 0.00239231311 0.01)
(0.8341333333 0.00239231311 0.01)
(0.8402666667 0.00239231311 0.01)
(0.8464 0.00239231311 0.01)
(0.8525333333 0.00239231311 0.01)
(0.8586666667 0.00239231311 0.01)
(0.8648 0.00239231311 0.01)
(0.8709333333 0.00239231311 0.01)
(0.8770666667 0.00239231311 0.01)
(0.8832 0.00239231311 0.01)
(0.8893333333 0.00239231311 0.01)
(0.8954666667 0.00239231311 0.01)
(0.9016 0.00239231311 0.01)
(0.9077333333 0.00239231311 0.01)
(0.9138666667 0.00239231311 0.01)
(0.92 0.00239231311 0.01)
(0 0.002781614734 0.01)
(0.006133333333 0.002781614734 0.01)
(0.01226666667 0.002781614734 0.01)
(0.0184 0.002781614734 0.01)
(0.02453333333 0.002781614734 0.01)
(0.03066666667 0.002781614734 0.01)
(0.0368 0.002781614734 0.01)
(0.04293333333 0.002781614734 0.01)
(0.04906666667 0.002781614734 0.01)
(0.0552 0.002781614734 0.01)
(0.06133333333 0.002781614734 0.01)
(0.06746666667 0.002781614734 0.01)
(0.0736 0.002781614734 0.01)
(0.07973333333 0.002781614734 0.01)
(0.08586666667 0.002781614734 0.01)
(0.092 0.002781614734 0.01)
(0.09813333333 0.002781614734 0.01)
(0.1042666667 0.002781614734 0.01)
(0.1104 0.002781614734 0.01)
(0.1165333333 0.002781614734 0.01)
(0.1226666667 0.002781614734 0.01)
(0.1288 0.002781614734 0.01)
(0.1349333333 0.002781614734 0.01)
(0.1410666667 0.002781614734 0.01)
(0.1472 0.002781614734 0.01)
(0.1533333333 0.002781614734 0.01)
(0.1594666667 0.002781614734 0.01)
(0.1656 0.002781614734 0.01)
(0.1717333333 0.002781614734 0.01)
(0.1778666667 0.002781614734 0.01)
(0.184 0.002781614734 0.01)
(0.1901333333 0.002781614734 0.01)
(0.1962666667 0.002781614734 0.01)
(0.2024 0.002781614734 0.01)
(0.2085333333 0.002781614734 0.01)
(0.2146666667 0.002781614734 0.01)
(0.2208 0.002781614734 0.01)
(0.2269333333 0.002781614734 0.01)
(0.2330666667 0.002781614734 0.01)
(0.2392 0.002781614734 0.01)
(0.2453333333 0.002781614734 0.01)
(0.2514666667 0.002781614734 0.01)
(0.2576 0.002781614734 0.01)
(0.2637333333 0.002781614734 0.01)
(0.2698666667 0.002781614734 0.01)
(0.276 0.002781614734 0.01)
(0.2821333333 0.002781614734 0.01)
(0.2882666667 0.002781614734 0.01)
(0.2944 0.002781614734 0.01)
(0.3005333333 0.002781614734 0.01)
(0.3066666667 0.002781614734 0.01)
(0.3128 0.002781614734 0.01)
(0.3189333333 0.002781614734 0.01)
(0.3250666667 0.002781614734 0.01)
(0.3312 0.002781614734 0.01)
(0.3373333333 0.002781614734 0.01)
(0.3434666667 0.002781614734 0.01)
(0.3496 0.002781614734 0.01)
(0.3557333333 0.002781614734 0.01)
(0.3618666667 0.002781614734 0.01)
(0.368 0.002781614734 0.01)
(0.3741333333 0.002781614734 0.01)
(0.3802666667 0.002781614734 0.01)
(0.3864 0.002781614734 0.01)
(0.3925333333 0.002781614734 0.01)
(0.3986666667 0.002781614734 0.01)
(0.4048 0.002781614734 0.01)
(0.4109333333 0.002781614734 0.01)
(0.4170666667 0.002781614734 0.01)
(0.4232 0.002781614734 0.01)
(0.4293333333 0.002781614734 0.01)
(0.4354666667 0.002781614734 0.01)
(0.4416 0.002781614734 0.01)
(0.4477333333 0.002781614734 0.01)
(0.4538666667 0.002781614734 0.01)
(0.46 0.002781614734 0.01)
(0.4661333333 0.002781614734 0.01)
(0.4722666667 0.002781614734 0.01)
(0.4784 0.002781614734 0.01)
(0.4845333333 0.002781614734 0.01)
(0.4906666667 0.002781614734 0.01)
(0.4968 0.002781614734 0.01)
(0.5029333333 0.002781614734 0.01)
(0.5090666667 0.002781614734 0.01)
(0.5152 0.002781614734 0.01)
(0.5213333333 0.002781614734 0.01)
(0.5274666667 0.002781614734 0.01)
(0.5336 0.002781614734 0.01)
(0.5397333333 0.002781614734 0.01)
(0.5458666667 0.002781614734 0.01)
(0.552 0.002781614734 0.01)
(0.5581333333 0.002781614734 0.01)
(0.5642666667 0.002781614734 0.01)
(0.5704 0.002781614734 0.01)
(0.5765333333 0.002781614734 0.01)
(0.5826666667 0.002781614734 0.01)
(0.5888 0.002781614734 0.01)
(0.5949333333 0.002781614734 0.01)
(0.6010666667 0.002781614734 0.01)
(0.6072 0.002781614734 0.01)
(0.6133333333 0.002781614734 0.01)
(0.6194666667 0.002781614734 0.01)
(0.6256 0.002781614734 0.01)
(0.6317333333 0.002781614734 0.01)
(0.6378666667 0.002781614734 0.01)
(0.644 0.002781614734 0.01)
(0.6501333333 0.002781614734 0.01)
(0.6562666667 0.002781614734 0.01)
(0.6624 0.002781614734 0.01)
(0.6685333333 0.002781614734 0.01)
(0.6746666667 0.002781614734 0.01)
(0.6808 0.002781614734 0.01)
(0.6869333333 0.002781614734 0.01)
(0.6930666667 0.002781614734 0.01)
(0.6992 0.002781614734 0.01)
(0.7053333333 0.002781614734 0.01)
(0.7114666667 0.002781614734 0.01)
(0.7176 0.002781614734 0.01)
(0.7237333333 0.002781614734 0.01)
(0.7298666667 0.002781614734 0.01)
(0.736 0.002781614734 0.01)
(0.7421333333 0.002781614734 0.01)
(0.7482666667 0.002781614734 0.01)
(0.7544 0.002781614734 0.01)
(0.7605333333 0.002781614734 0.01)
(0.7666666667 0.002781614734 0.01)
(0.7728 0.002781614734 0.01)
(0.7789333333 0.002781614734 0.01)
(0.7850666667 0.002781614734 0.01)
(0.7912 0.002781614734 0.01)
(0.7973333333 0.002781614734 0.01)
(0.8034666667 0.002781614734 0.01)
(0.8096 0.002781614734 0.01)
(0.8157333333 0.002781614734 0.01)
(0.8218666667 0.002781614734 0.01)
(0.828 0.002781614734 0.01)
(0.8341333333 0.002781614734 0.01)
(0.8402666667 0.002781614734 0.01)
(0.8464 0.002781614734 0.01)
(0.8525333333 0.002781614734 0.01)
(0.8586666667 0.002781614734 0.01)
(0.8648 0.002781614734 0.01)
(0.8709333333 0.002781614734 0.01)
(0.8770666667 0.002781614734 0.01)
(0.8832 0.002781614734 0.01)
(0.8893333333 0.002781614734 0.01)
(0.8954666667 0.002781614734 0.01)
(0.9016 0.002781614734 0.01)
(0.9077333333 0.002781614734 0.01)
(0.9138666667 0.002781614734 0.01)
(0.92 0.002781614734 0.01)
(0 0.003209838068 0.01)
(0.006133333333 0.003209838068 0.01)
(0.01226666667 0.003209838068 0.01)
(0.0184 0.003209838068 0.01)
(0.02453333333 0.003209838068 0.01)
(0.03066666667 0.003209838068 0.01)
(0.0368 0.003209838068 0.01)
(0.04293333333 0.003209838068 0.01)
(0.04906666667 0.003209838068 0.01)
(0.0552 0.003209838068 0.01)
(0.06133333333 0.003209838068 0.01)
(0.06746666667 0.003209838068 0.01)
(0.0736 0.003209838068 0.01)
(0.07973333333 0.003209838068 0.01)
(0.08586666667 0.003209838068 0.01)
(0.092 0.003209838068 0.01)
(0.09813333333 0.003209838068 0.01)
(0.1042666667 0.003209838068 0.01)
(0.1104 0.003209838068 0.01)
(0.1165333333 0.003209838068 0.01)
(0.1226666667 0.003209838068 0.01)
(0.1288 0.003209838068 0.01)
(0.1349333333 0.003209838068 0.01)
(0.1410666667 0.003209838068 0.01)
(0.1472 0.003209838068 0.01)
(0.1533333333 0.003209838068 0.01)
(0.1594666667 0.003209838068 0.01)
(0.1656 0.003209838068 0.01)
(0.1717333333 0.003209838068 0.01)
(0.1778666667 0.003209838068 0.01)
(0.184 0.003209838068 0.01)
(0.1901333333 0.003209838068 0.01)
(0.1962666667 0.003209838068 0.01)
(0.2024 0.003209838068 0.01)
(0.2085333333 0.003209838068 0.01)
(0.2146666667 0.003209838068 0.01)
(0.2208 0.003209838068 0.01)
(0.2269333333 0.003209838068 0.01)
(0.2330666667 0.003209838068 0.01)
(0.2392 0.003209838068 0.01)
(0.2453333333 0.003209838068 0.01)
(0.2514666667 0.003209838068 0.01)
(0.2576 0.003209838068 0.01)
(0.2637333333 0.003209838068 0.01)
(0.2698666667 0.003209838068 0.01)
(0.276 0.003209838068 0.01)
(0.2821333333 0.003209838068 0.01)
(0.2882666667 0.003209838068 0.01)
(0.2944 0.003209838068 0.01)
(0.3005333333 0.003209838068 0.01)
(0.3066666667 0.003209838068 0.01)
(0.3128 0.003209838068 0.01)
(0.3189333333 0.003209838068 0.01)
(0.3250666667 0.003209838068 0.01)
(0.3312 0.003209838068 0.01)
(0.3373333333 0.003209838068 0.01)
(0.3434666667 0.003209838068 0.01)
(0.3496 0.003209838068 0.01)
(0.3557333333 0.003209838068 0.01)
(0.3618666667 0.003209838068 0.01)
(0.368 0.003209838068 0.01)
(0.3741333333 0.003209838068 0.01)
(0.3802666667 0.003209838068 0.01)
(0.3864 0.003209838068 0.01)
(0.3925333333 0.003209838068 0.01)
(0.3986666667 0.003209838068 0.01)
(0.4048 0.003209838068 0.01)
(0.4109333333 0.003209838068 0.01)
(0.4170666667 0.003209838068 0.01)
(0.4232 0.003209838068 0.01)
(0.4293333333 0.003209838068 0.01)
(0.4354666667 0.003209838068 0.01)
(0.4416 0.003209838068 0.01)
(0.4477333333 0.003209838068 0.01)
(0.4538666667 0.003209838068 0.01)
(0.46 0.003209838068 0.01)
(0.4661333333 0.003209838068 0.01)
(0.4722666667 0.003209838068 0.01)
(0.4784 0.003209838068 0.01)
(0.4845333333 0.003209838068 0.01)
(0.4906666667 0.003209838068 0.01)
(0.4968 0.003209838068 0.01)
(0.5029333333 0.003209838068 0.01)
(0.5090666667 0.003209838068 0.01)
(0.5152 0.003209838068 0.01)
(0.5213333333 0.003209838068 0.01)
(0.5274666667 0.003209838068 0.01)
(0.5336 0.003209838068 0.01)
(0.5397333333 0.003209838068 0.01)
(0.5458666667 0.003209838068 0.01)
(0.552 0.003209838068 0.01)
(0.5581333333 0.003209838068 0.01)
(0.5642666667 0.003209838068 0.01)
(0.5704 0.003209838068 0.01)
(0.5765333333 0.003209838068 0.01)
(0.5826666667 0.003209838068 0.01)
(0.5888 0.003209838068 0.01)
(0.5949333333 0.003209838068 0.01)
(0.6010666667 0.003209838068 0.01)
(0.6072 0.003209838068 0.01)
(0.6133333333 0.003209838068 0.01)
(0.6194666667 0.003209838068 0.01)
(0.6256 0.003209838068 0.01)
(0.6317333333 0.003209838068 0.01)
(0.6378666667 0.003209838068 0.01)
(0.644 0.003209838068 0.01)
(0.6501333333 0.003209838068 0.01)
(0.6562666667 0.003209838068 0.01)
(0.6624 0.003209838068 0.01)
(0.6685333333 0.003209838068 0.01)
(0.6746666667 0.003209838068 0.01)
(0.6808 0.003209838068 0.01)
(0.6869333333 0.003209838068 0.01)
(0.6930666667 0.003209838068 0.01)
(0.6992 0.003209838068 0.01)
(0.7053333333 0.003209838068 0.01)
(0.7114666667 0.003209838068 0.01)
(0.7176 0.003209838068 0.01)
(0.7237333333 0.003209838068 0.01)
(0.7298666667 0.003209838068 0.01)
(0.736 0.003209838068 0.01)
(0.7421333333 0.003209838068 0.01)
(0.7482666667 0.003209838068 0.01)
(0.7544 0.003209838068 0.01)
(0.7605333333 0.003209838068 0.01)
(0.7666666667 0.003209838068 0.01)
(0.7728 0.003209838068 0.01)
(0.7789333333 0.003209838068 0.01)
(0.7850666667 0.003209838068 0.01)
(0.7912 0.003209838068 0.01)
(0.7973333333 0.003209838068 0.01)
(0.8034666667 0.003209838068 0.01)
(0.8096 0.003209838068 0.01)
(0.8157333333 0.003209838068 0.01)
(0.8218666667 0.003209838068 0.01)
(0.828 0.003209838068 0.01)
(0.8341333333 0.003209838068 0.01)
(0.8402666667 0.003209838068 0.01)
(0.8464 0.003209838068 0.01)
(0.8525333333 0.003209838068 0.01)
(0.8586666667 0.003209838068 0.01)
(0.8648 0.003209838068 0.01)
(0.8709333333 0.003209838068 0.01)
(0.8770666667 0.003209838068 0.01)
(0.8832 0.003209838068 0.01)
(0.8893333333 0.003209838068 0.01)
(0.8954666667 0.003209838068 0.01)
(0.9016 0.003209838068 0.01)
(0.9077333333 0.003209838068 0.01)
(0.9138666667 0.003209838068 0.01)
(0.92 0.003209838068 0.01)
(0 0.003680874436 0.01)
(0.006133333333 0.003680874436 0.01)
(0.01226666667 0.003680874436 0.01)
(0.0184 0.003680874436 0.01)
(0.02453333333 0.003680874436 0.01)
(0.03066666667 0.003680874436 0.01)
(0.0368 0.003680874436 0.01)
(0.04293333333 0.003680874436 0.01)
(0.04906666667 0.003680874436 0.01)
(0.0552 0.003680874436 0.01)
(0.06133333333 0.003680874436 0.01)
(0.06746666667 0.003680874436 0.01)
(0.0736 0.003680874436 0.01)
(0.07973333333 0.003680874436 0.01)
(0.08586666667 0.003680874436 0.01)
(0.092 0.003680874436 0.01)
(0.09813333333 0.003680874436 0.01)
(0.1042666667 0.003680874436 0.01)
(0.1104 0.003680874436 0.01)
(0.1165333333 0.003680874436 0.01)
(0.1226666667 0.003680874436 0.01)
(0.1288 0.003680874436 0.01)
(0.1349333333 0.003680874436 0.01)
(0.1410666667 0.003680874436 0.01)
(0.1472 0.003680874436 0.01)
(0.1533333333 0.003680874436 0.01)
(0.1594666667 0.003680874436 0.01)
(0.1656 0.003680874436 0.01)
(0.1717333333 0.003680874436 0.01)
(0.1778666667 0.003680874436 0.01)
(0.184 0.003680874436 0.01)
(0.1901333333 0.003680874436 0.01)
(0.1962666667 0.003680874436 0.01)
(0.2024 0.003680874436 0.01)
(0.2085333333 0.003680874436 0.01)
(0.2146666667 0.003680874436 0.01)
(0.2208 0.003680874436 0.01)
(0.2269333333 0.003680874436 0.01)
(0.2330666667 0.003680874436 0.01)
(0.2392 0.003680874436 0.01)
(0.2453333333 0.003680874436 0.01)
(0.2514666667 0.003680874436 0.01)
(0.2576 0.003680874436 0.01)
(0.2637333333 0.003680874436 0.01)
(0.2698666667 0.003680874436 0.01)
(0.276 0.003680874436 0.01)
(0.2821333333 0.003680874436 0.01)
(0.2882666667 0.003680874436 0.01)
(0.2944 0.003680874436 0.01)
(0.3005333333 0.003680874436 0.01)
(0.3066666667 0.003680874436 0.01)
(0.3128 0.003680874436 0.01)
(0.3189333333 0.003680874436 0.01)
(0.3250666667 0.003680874436 0.01)
(0.3312 0.003680874436 0.01)
(0.3373333333 0.003680874436 0.01)
(0.3434666667 0.003680874436 0.01)
(0.3496 0.003680874436 0.01)
(0.3557333333 0.003680874436 0.01)
(0.3618666667 0.003680874436 0.01)
(0.368 0.003680874436 0.01)
(0.3741333333 0.003680874436 0.01)
(0.3802666667 0.003680874436 0.01)
(0.3864 0.003680874436 0.01)
(0.3925333333 0.003680874436 0.01)
(0.3986666667 0.003680874436 0.01)
(0.4048 0.003680874436 0.01)
(0.4109333333 0.003680874436 0.01)
(0.4170666667 0.003680874436 0.01)
(0.4232 0.003680874436 0.01)
(0.4293333333 0.003680874436 0.01)
(0.4354666667 0.003680874436 0.01)
(0.4416 0.003680874436 0.01)
(0.4477333333 0.003680874436 0.01)
(0.4538666667 0.003680874436 0.01)
(0.46 0.003680874436 0.01)
(0.4661333333 0.003680874436 0.01)
(0.4722666667 0.003680874436 0.01)
(0.4784 0.003680874436 0.01)
(0.4845333333 0.003680874436 0.01)
(0.4906666667 0.003680874436 0.01)
(0.4968 0.003680874436 0.01)
(0.5029333333 0.003680874436 0.01)
(0.5090666667 0.003680874436 0.01)
(0.5152 0.003680874436 0.01)
(0.5213333333 0.003680874436 0.01)
(0.5274666667 0.003680874436 0.01)
(0.5336 0.003680874436 0.01)
(0.5397333333 0.003680874436 0.01)
(0.5458666667 0.003680874436 0.01)
(0.552 0.003680874436 0.01)
(0.5581333333 0.003680874436 0.01)
(0.5642666667 0.003680874436 0.01)
(0.5704 0.003680874436 0.01)
(0.5765333333 0.003680874436 0.01)
(0.5826666667 0.003680874436 0.01)
(0.5888 0.003680874436 0.01)
(0.5949333333 0.003680874436 0.01)
(0.6010666667 0.003680874436 0.01)
(0.6072 0.003680874436 0.01)
(0.6133333333 0.003680874436 0.01)
(0.6194666667 0.003680874436 0.01)
(0.6256 0.003680874436 0.01)
(0.6317333333 0.003680874436 0.01)
(0.6378666667 0.003680874436 0.01)
(0.644 0.003680874436 0.01)
(0.6501333333 0.003680874436 0.01)
(0.6562666667 0.003680874436 0.01)
(0.6624 0.003680874436 0.01)
(0.6685333333 0.003680874436 0.01)
(0.6746666667 0.003680874436 0.01)
(0.6808 0.003680874436 0.01)
(0.6869333333 0.003680874436 0.01)
(0.6930666667 0.003680874436 0.01)
(0.6992 0.003680874436 0.01)
(0.7053333333 0.003680874436 0.01)
(0.7114666667 0.003680874436 0.01)
(0.7176 0.003680874436 0.01)
(0.7237333333 0.003680874436 0.01)
(0.7298666667 0.003680874436 0.01)
(0.736 0.003680874436 0.01)
(0.7421333333 0.003680874436 0.01)
(0.7482666667 0.003680874436 0.01)
(0.7544 0.003680874436 0.01)
(0.7605333333 0.003680874436 0.01)
(0.7666666667 0.003680874436 0.01)
(0.7728 0.003680874436 0.01)
(0.7789333333 0.003680874436 0.01)
(0.7850666667 0.003680874436 0.01)
(0.7912 0.003680874436 0.01)
(0.7973333333 0.003680874436 0.01)
(0.8034666667 0.003680874436 0.01)
(0.8096 0.003680874436 0.01)
(0.8157333333 0.003680874436 0.01)
(0.8218666667 0.003680874436 0.01)
(0.828 0.003680874436 0.01)
(0.8341333333 0.003680874436 0.01)
(0.8402666667 0.003680874436 0.01)
(0.8464 0.003680874436 0.01)
(0.8525333333 0.003680874436 0.01)
(0.8586666667 0.003680874436 0.01)
(0.8648 0.003680874436 0.01)
(0.8709333333 0.003680874436 0.01)
(0.8770666667 0.003680874436 0.01)
(0.8832 0.003680874436 0.01)
(0.8893333333 0.003680874436 0.01)
(0.8954666667 0.003680874436 0.01)
(0.9016 0.003680874436 0.01)
(0.9077333333 0.003680874436 0.01)
(0.9138666667 0.003680874436 0.01)
(0.92 0.003680874436 0.01)
(0 0.004199004212 0.01)
(0.006133333333 0.004199004212 0.01)
(0.01226666667 0.004199004212 0.01)
(0.0184 0.004199004212 0.01)
(0.02453333333 0.004199004212 0.01)
(0.03066666667 0.004199004212 0.01)
(0.0368 0.004199004212 0.01)
(0.04293333333 0.004199004212 0.01)
(0.04906666667 0.004199004212 0.01)
(0.0552 0.004199004212 0.01)
(0.06133333333 0.004199004212 0.01)
(0.06746666667 0.004199004212 0.01)
(0.0736 0.004199004212 0.01)
(0.07973333333 0.004199004212 0.01)
(0.08586666667 0.004199004212 0.01)
(0.092 0.004199004212 0.01)
(0.09813333333 0.004199004212 0.01)
(0.1042666667 0.004199004212 0.01)
(0.1104 0.004199004212 0.01)
(0.1165333333 0.004199004212 0.01)
(0.1226666667 0.004199004212 0.01)
(0.1288 0.004199004212 0.01)
(0.1349333333 0.004199004212 0.01)
(0.1410666667 0.004199004212 0.01)
(0.1472 0.004199004212 0.01)
(0.1533333333 0.004199004212 0.01)
(0.1594666667 0.004199004212 0.01)
(0.1656 0.004199004212 0.01)
(0.1717333333 0.004199004212 0.01)
(0.1778666667 0.004199004212 0.01)
(0.184 0.004199004212 0.01)
(0.1901333333 0.004199004212 0.01)
(0.1962666667 0.004199004212 0.01)
(0.2024 0.004199004212 0.01)
(0.2085333333 0.004199004212 0.01)
(0.2146666667 0.004199004212 0.01)
(0.2208 0.004199004212 0.01)
(0.2269333333 0.004199004212 0.01)
(0.2330666667 0.004199004212 0.01)
(0.2392 0.004199004212 0.01)
(0.2453333333 0.004199004212 0.01)
(0.2514666667 0.004199004212 0.01)
(0.2576 0.004199004212 0.01)
(0.2637333333 0.004199004212 0.01)
(0.2698666667 0.004199004212 0.01)
(0.276 0.004199004212 0.01)
(0.2821333333 0.004199004212 0.01)
(0.2882666667 0.004199004212 0.01)
(0.2944 0.004199004212 0.01)
(0.3005333333 0.004199004212 0.01)
(0.3066666667 0.004199004212 0.01)
(0.3128 0.004199004212 0.01)
(0.3189333333 0.004199004212 0.01)
(0.3250666667 0.004199004212 0.01)
(0.3312 0.004199004212 0.01)
(0.3373333333 0.004199004212 0.01)
(0.3434666667 0.004199004212 0.01)
(0.3496 0.004199004212 0.01)
(0.3557333333 0.004199004212 0.01)
(0.3618666667 0.004199004212 0.01)
(0.368 0.004199004212 0.01)
(0.3741333333 0.004199004212 0.01)
(0.3802666667 0.004199004212 0.01)
(0.3864 0.004199004212 0.01)
(0.3925333333 0.004199004212 0.01)
(0.3986666667 0.004199004212 0.01)
(0.4048 0.004199004212 0.01)
(0.4109333333 0.004199004212 0.01)
(0.4170666667 0.004199004212 0.01)
(0.4232 0.004199004212 0.01)
(0.4293333333 0.004199004212 0.01)
(0.4354666667 0.004199004212 0.01)
(0.4416 0.004199004212 0.01)
(0.4477333333 0.004199004212 0.01)
(0.4538666667 0.004199004212 0.01)
(0.46 0.004199004212 0.01)
(0.4661333333 0.004199004212 0.01)
(0.4722666667 0.004199004212 0.01)
(0.4784 0.004199004212 0.01)
(0.4845333333 0.004199004212 0.01)
(0.4906666667 0.004199004212 0.01)
(0.4968 0.004199004212 0.01)
(0.5029333333 0.004199004212 0.01)
(0.5090666667 0.004199004212 0.01)
(0.5152 0.004199004212 0.01)
(0.5213333333 0.004199004212 0.01)
(0.5274666667 0.004199004212 0.01)
(0.5336 0.004199004212 0.01)
(0.5397333333 0.004199004212 0.01)
(0.5458666667 0.004199004212 0.01)
(0.552 0.004199004212 0.01)
(0.5581333333 0.004199004212 0.01)
(0.5642666667 0.004199004212 0.01)
(0.5704 0.004199004212 0.01)
(0.5765333333 0.004199004212 0.01)
(0.5826666667 0.004199004212 0.01)
(0.5888 0.004199004212 0.01)
(0.5949333333 0.004199004212 0.01)
(0.6010666667 0.004199004212 0.01)
(0.6072 0.004199004212 0.01)
(0.6133333333 0.004199004212 0.01)
(0.6194666667 0.004199004212 0.01)
(0.6256 0.004199004212 0.01)
(0.6317333333 0.004199004212 0.01)
(0.6378666667 0.004199004212 0.01)
(0.644 0.004199004212 0.01)
(0.6501333333 0.004199004212 0.01)
(0.6562666667 0.004199004212 0.01)
(0.6624 0.004199004212 0.01)
(0.6685333333 0.004199004212 0.01)
(0.6746666667 0.004199004212 0.01)
(0.6808 0.004199004212 0.01)
(0.6869333333 0.004199004212 0.01)
(0.6930666667 0.004199004212 0.01)
(0.6992 0.004199004212 0.01)
(0.7053333333 0.004199004212 0.01)
(0.7114666667 0.004199004212 0.01)
(0.7176 0.004199004212 0.01)
(0.7237333333 0.004199004212 0.01)
(0.7298666667 0.004199004212 0.01)
(0.736 0.004199004212 0.01)
(0.7421333333 0.004199004212 0.01)
(0.7482666667 0.004199004212 0.01)
(0.7544 0.004199004212 0.01)
(0.7605333333 0.004199004212 0.01)
(0.7666666667 0.004199004212 0.01)
(0.7728 0.004199004212 0.01)
(0.7789333333 0.004199004212 0.01)
(0.7850666667 0.004199004212 0.01)
(0.7912 0.004199004212 0.01)
(0.7973333333 0.004199004212 0.01)
(0.8034666667 0.004199004212 0.01)
(0.8096 0.004199004212 0.01)
(0.8157333333 0.004199004212 0.01)
(0.8218666667 0.004199004212 0.01)
(0.828 0.004199004212 0.01)
(0.8341333333 0.004199004212 0.01)
(0.8402666667 0.004199004212 0.01)
(0.8464 0.004199004212 0.01)
(0.8525333333 0.004199004212 0.01)
(0.8586666667 0.004199004212 0.01)
(0.8648 0.004199004212 0.01)
(0.8709333333 0.004199004212 0.01)
(0.8770666667 0.004199004212 0.01)
(0.8832 0.004199004212 0.01)
(0.8893333333 0.004199004212 0.01)
(0.8954666667 0.004199004212 0.01)
(0.9016 0.004199004212 0.01)
(0.9077333333 0.004199004212 0.01)
(0.9138666667 0.004199004212 0.01)
(0.92 0.004199004212 0.01)
(0 0.004768935716 0.01)
(0.006133333333 0.004768935716 0.01)
(0.01226666667 0.004768935716 0.01)
(0.0184 0.004768935716 0.01)
(0.02453333333 0.004768935716 0.01)
(0.03066666667 0.004768935716 0.01)
(0.0368 0.004768935716 0.01)
(0.04293333333 0.004768935716 0.01)
(0.04906666667 0.004768935716 0.01)
(0.0552 0.004768935716 0.01)
(0.06133333333 0.004768935716 0.01)
(0.06746666667 0.004768935716 0.01)
(0.0736 0.004768935716 0.01)
(0.07973333333 0.004768935716 0.01)
(0.08586666667 0.004768935716 0.01)
(0.092 0.004768935716 0.01)
(0.09813333333 0.004768935716 0.01)
(0.1042666667 0.004768935716 0.01)
(0.1104 0.004768935716 0.01)
(0.1165333333 0.004768935716 0.01)
(0.1226666667 0.004768935716 0.01)
(0.1288 0.004768935716 0.01)
(0.1349333333 0.004768935716 0.01)
(0.1410666667 0.004768935716 0.01)
(0.1472 0.004768935716 0.01)
(0.1533333333 0.004768935716 0.01)
(0.1594666667 0.004768935716 0.01)
(0.1656 0.004768935716 0.01)
(0.1717333333 0.004768935716 0.01)
(0.1778666667 0.004768935716 0.01)
(0.184 0.004768935716 0.01)
(0.1901333333 0.004768935716 0.01)
(0.1962666667 0.004768935716 0.01)
(0.2024 0.004768935716 0.01)
(0.2085333333 0.004768935716 0.01)
(0.2146666667 0.004768935716 0.01)
(0.2208 0.004768935716 0.01)
(0.2269333333 0.004768935716 0.01)
(0.2330666667 0.004768935716 0.01)
(0.2392 0.004768935716 0.01)
(0.2453333333 0.004768935716 0.01)
(0.2514666667 0.004768935716 0.01)
(0.2576 0.004768935716 0.01)
(0.2637333333 0.004768935716 0.01)
(0.2698666667 0.004768935716 0.01)
(0.276 0.004768935716 0.01)
(0.2821333333 0.004768935716 0.01)
(0.2882666667 0.004768935716 0.01)
(0.2944 0.004768935716 0.01)
(0.3005333333 0.004768935716 0.01)
(0.3066666667 0.004768935716 0.01)
(0.3128 0.004768935716 0.01)
(0.3189333333 0.004768935716 0.01)
(0.3250666667 0.004768935716 0.01)
(0.3312 0.004768935716 0.01)
(0.3373333333 0.004768935716 0.01)
(0.3434666667 0.004768935716 0.01)
(0.3496 0.004768935716 0.01)
(0.3557333333 0.004768935716 0.01)
(0.3618666667 0.004768935716 0.01)
(0.368 0.004768935716 0.01)
(0.3741333333 0.004768935716 0.01)
(0.3802666667 0.004768935716 0.01)
(0.3864 0.004768935716 0.01)
(0.3925333333 0.004768935716 0.01)
(0.3986666667 0.004768935716 0.01)
(0.4048 0.004768935716 0.01)
(0.4109333333 0.004768935716 0.01)
(0.4170666667 0.004768935716 0.01)
(0.4232 0.004768935716 0.01)
(0.4293333333 0.004768935716 0.01)
(0.4354666667 0.004768935716 0.01)
(0.4416 0.004768935716 0.01)
(0.4477333333 0.004768935716 0.01)
(0.4538666667 0.004768935716 0.01)
(0.46 0.004768935716 0.01)
(0.4661333333 0.004768935716 0.01)
(0.4722666667 0.004768935716 0.01)
(0.4784 0.004768935716 0.01)
(0.4845333333 0.004768935716 0.01)
(0.4906666667 0.004768935716 0.01)
(0.4968 0.004768935716 0.01)
(0.5029333333 0.004768935716 0.01)
(0.5090666667 0.004768935716 0.01)
(0.5152 0.004768935716 0.01)
(0.5213333333 0.004768935716 0.01)
(0.5274666667 0.004768935716 0.01)
(0.5336 0.004768935716 0.01)
(0.5397333333 0.004768935716 0.01)
(0.5458666667 0.004768935716 0.01)
(0.552 0.004768935716 0.01)
(0.5581333333 0.004768935716 0.01)
(0.5642666667 0.004768935716 0.01)
(0.5704 0.004768935716 0.01)
(0.5765333333 0.004768935716 0.01)
(0.5826666667 0.004768935716 0.01)
(0.5888 0.004768935716 0.01)
(0.5949333333 0.004768935716 0.01)
(0.6010666667 0.004768935716 0.01)
(0.6072 0.004768935716 0.01)
(0.6133333333 0.004768935716 0.01)
(0.6194666667 0.004768935716 0.01)
(0.6256 0.004768935716 0.01)
(0.6317333333 0.004768935716 0.01)
(0.6378666667 0.004768935716 0.01)
(0.644 0.004768935716 0.01)
(0.6501333333 0.004768935716 0.01)
(0.6562666667 0.004768935716 0.01)
(0.6624 0.004768935716 0.01)
(0.6685333333 0.004768935716 0.01)
(0.6746666667 0.004768935716 0.01)
(0.6808 0.004768935716 0.01)
(0.6869333333 0.004768935716 0.01)
(0.6930666667 0.004768935716 0.01)
(0.6992 0.004768935716 0.01)
(0.7053333333 0.004768935716 0.01)
(0.7114666667 0.004768935716 0.01)
(0.7176 0.004768935716 0.01)
(0.7237333333 0.004768935716 0.01)
(0.7298666667 0.004768935716 0.01)
(0.736 0.004768935716 0.01)
(0.7421333333 0.004768935716 0.01)
(0.7482666667 0.004768935716 0.01)
(0.7544 0.004768935716 0.01)
(0.7605333333 0.004768935716 0.01)
(0.7666666667 0.004768935716 0.01)
(0.7728 0.004768935716 0.01)
(0.7789333333 0.004768935716 0.01)
(0.7850666667 0.004768935716 0.01)
(0.7912 0.004768935716 0.01)
(0.7973333333 0.004768935716 0.01)
(0.8034666667 0.004768935716 0.01)
(0.8096 0.004768935716 0.01)
(0.8157333333 0.004768935716 0.01)
(0.8218666667 0.004768935716 0.01)
(0.828 0.004768935716 0.01)
(0.8341333333 0.004768935716 0.01)
(0.8402666667 0.004768935716 0.01)
(0.8464 0.004768935716 0.01)
(0.8525333333 0.004768935716 0.01)
(0.8586666667 0.004768935716 0.01)
(0.8648 0.004768935716 0.01)
(0.8709333333 0.004768935716 0.01)
(0.8770666667 0.004768935716 0.01)
(0.8832 0.004768935716 0.01)
(0.8893333333 0.004768935716 0.01)
(0.8954666667 0.004768935716 0.01)
(0.9016 0.004768935716 0.01)
(0.9077333333 0.004768935716 0.01)
(0.9138666667 0.004768935716 0.01)
(0.92 0.004768935716 0.01)
(0 0.005395847994 0.01)
(0.006133333333 0.005395847994 0.01)
(0.01226666667 0.005395847994 0.01)
(0.0184 0.005395847994 0.01)
(0.02453333333 0.005395847994 0.01)
(0.03066666667 0.005395847994 0.01)
(0.0368 0.005395847994 0.01)
(0.04293333333 0.005395847994 0.01)
(0.04906666667 0.005395847994 0.01)
(0.0552 0.005395847994 0.01)
(0.06133333333 0.005395847994 0.01)
(0.06746666667 0.005395847994 0.01)
(0.0736 0.005395847994 0.01)
(0.07973333333 0.005395847994 0.01)
(0.08586666667 0.005395847994 0.01)
(0.092 0.005395847994 0.01)
(0.09813333333 0.005395847994 0.01)
(0.1042666667 0.005395847994 0.01)
(0.1104 0.005395847994 0.01)
(0.1165333333 0.005395847994 0.01)
(0.1226666667 0.005395847994 0.01)
(0.1288 0.005395847994 0.01)
(0.1349333333 0.005395847994 0.01)
(0.1410666667 0.005395847994 0.01)
(0.1472 0.005395847994 0.01)
(0.1533333333 0.005395847994 0.01)
(0.1594666667 0.005395847994 0.01)
(0.1656 0.005395847994 0.01)
(0.1717333333 0.005395847994 0.01)
(0.1778666667 0.005395847994 0.01)
(0.184 0.005395847994 0.01)
(0.1901333333 0.005395847994 0.01)
(0.1962666667 0.005395847994 0.01)
(0.2024 0.005395847994 0.01)
(0.2085333333 0.005395847994 0.01)
(0.2146666667 0.005395847994 0.01)
(0.2208 0.005395847994 0.01)
(0.2269333333 0.005395847994 0.01)
(0.2330666667 0.005395847994 0.01)
(0.2392 0.005395847994 0.01)
(0.2453333333 0.005395847994 0.01)
(0.2514666667 0.005395847994 0.01)
(0.2576 0.005395847994 0.01)
(0.2637333333 0.005395847994 0.01)
(0.2698666667 0.005395847994 0.01)
(0.276 0.005395847994 0.01)
(0.2821333333 0.005395847994 0.01)
(0.2882666667 0.005395847994 0.01)
(0.2944 0.005395847994 0.01)
(0.3005333333 0.005395847994 0.01)
(0.3066666667 0.005395847994 0.01)
(0.3128 0.005395847994 0.01)
(0.3189333333 0.005395847994 0.01)
(0.3250666667 0.005395847994 0.01)
(0.3312 0.005395847994 0.01)
(0.3373333333 0.005395847994 0.01)
(0.3434666667 0.005395847994 0.01)
(0.3496 0.005395847994 0.01)
(0.3557333333 0.005395847994 0.01)
(0.3618666667 0.005395847994 0.01)
(0.368 0.005395847994 0.01)
(0.3741333333 0.005395847994 0.01)
(0.3802666667 0.005395847994 0.01)
(0.3864 0.005395847994 0.01)
(0.3925333333 0.005395847994 0.01)
(0.3986666667 0.005395847994 0.01)
(0.4048 0.005395847994 0.01)
(0.4109333333 0.005395847994 0.01)
(0.4170666667 0.005395847994 0.01)
(0.4232 0.005395847994 0.01)
(0.4293333333 0.005395847994 0.01)
(0.4354666667 0.005395847994 0.01)
(0.4416 0.005395847994 0.01)
(0.4477333333 0.005395847994 0.01)
(0.4538666667 0.005395847994 0.01)
(0.46 0.005395847994 0.01)
(0.4661333333 0.005395847994 0.01)
(0.4722666667 0.005395847994 0.01)
(0.4784 0.005395847994 0.01)
(0.4845333333 0.005395847994 0.01)
(0.4906666667 0.005395847994 0.01)
(0.4968 0.005395847994 0.01)
(0.5029333333 0.005395847994 0.01)
(0.5090666667 0.005395847994 0.01)
(0.5152 0.005395847994 0.01)
(0.5213333333 0.005395847994 0.01)
(0.5274666667 0.005395847994 0.01)
(0.5336 0.005395847994 0.01)
(0.5397333333 0.005395847994 0.01)
(0.5458666667 0.005395847994 0.01)
(0.552 0.005395847994 0.01)
(0.5581333333 0.005395847994 0.01)
(0.5642666667 0.005395847994 0.01)
(0.5704 0.005395847994 0.01)
(0.5765333333 0.005395847994 0.01)
(0.5826666667 0.005395847994 0.01)
(0.5888 0.005395847994 0.01)
(0.5949333333 0.005395847994 0.01)
(0.6010666667 0.005395847994 0.01)
(0.6072 0.005395847994 0.01)
(0.6133333333 0.005395847994 0.01)
(0.6194666667 0.005395847994 0.01)
(0.6256 0.005395847994 0.01)
(0.6317333333 0.005395847994 0.01)
(0.6378666667 0.005395847994 0.01)
(0.644 0.005395847994 0.01)
(0.6501333333 0.005395847994 0.01)
(0.6562666667 0.005395847994 0.01)
(0.6624 0.005395847994 0.01)
(0.6685333333 0.005395847994 0.01)
(0.6746666667 0.005395847994 0.01)
(0.6808 0.005395847994 0.01)
(0.6869333333 0.005395847994 0.01)
(0.6930666667 0.005395847994 0.01)
(0.6992 0.005395847994 0.01)
(0.7053333333 0.005395847994 0.01)
(0.7114666667 0.005395847994 0.01)
(0.7176 0.005395847994 0.01)
(0.7237333333 0.005395847994 0.01)
(0.7298666667 0.005395847994 0.01)
(0.736 0.005395847994 0.01)
(0.7421333333 0.005395847994 0.01)
(0.7482666667 0.005395847994 0.01)
(0.7544 0.005395847994 0.01)
(0.7605333333 0.005395847994 0.01)
(0.7666666667 0.005395847994 0.01)
(0.7728 0.005395847994 0.01)
(0.7789333333 0.005395847994 0.01)
(0.7850666667 0.005395847994 0.01)
(0.7912 0.005395847994 0.01)
(0.7973333333 0.005395847994 0.01)
(0.8034666667 0.005395847994 0.01)
(0.8096 0.005395847994 0.01)
(0.8157333333 0.005395847994 0.01)
(0.8218666667 0.005395847994 0.01)
(0.828 0.005395847994 0.01)
(0.8341333333 0.005395847994 0.01)
(0.8402666667 0.005395847994 0.01)
(0.8464 0.005395847994 0.01)
(0.8525333333 0.005395847994 0.01)
(0.8586666667 0.005395847994 0.01)
(0.8648 0.005395847994 0.01)
(0.8709333333 0.005395847994 0.01)
(0.8770666667 0.005395847994 0.01)
(0.8832 0.005395847994 0.01)
(0.8893333333 0.005395847994 0.01)
(0.8954666667 0.005395847994 0.01)
(0.9016 0.005395847994 0.01)
(0.9077333333 0.005395847994 0.01)
(0.9138666667 0.005395847994 0.01)
(0.92 0.005395847994 0.01)
(0 0.006085437887 0.01)
(0.006133333333 0.006085437887 0.01)
(0.01226666667 0.006085437887 0.01)
(0.0184 0.006085437887 0.01)
(0.02453333333 0.006085437887 0.01)
(0.03066666667 0.006085437887 0.01)
(0.0368 0.006085437887 0.01)
(0.04293333333 0.006085437887 0.01)
(0.04906666667 0.006085437887 0.01)
(0.0552 0.006085437887 0.01)
(0.06133333333 0.006085437887 0.01)
(0.06746666667 0.006085437887 0.01)
(0.0736 0.006085437887 0.01)
(0.07973333333 0.006085437887 0.01)
(0.08586666667 0.006085437887 0.01)
(0.092 0.006085437887 0.01)
(0.09813333333 0.006085437887 0.01)
(0.1042666667 0.006085437887 0.01)
(0.1104 0.006085437887 0.01)
(0.1165333333 0.006085437887 0.01)
(0.1226666667 0.006085437887 0.01)
(0.1288 0.006085437887 0.01)
(0.1349333333 0.006085437887 0.01)
(0.1410666667 0.006085437887 0.01)
(0.1472 0.006085437887 0.01)
(0.1533333333 0.006085437887 0.01)
(0.1594666667 0.006085437887 0.01)
(0.1656 0.006085437887 0.01)
(0.1717333333 0.006085437887 0.01)
(0.1778666667 0.006085437887 0.01)
(0.184 0.006085437887 0.01)
(0.1901333333 0.006085437887 0.01)
(0.1962666667 0.006085437887 0.01)
(0.2024 0.006085437887 0.01)
(0.2085333333 0.006085437887 0.01)
(0.2146666667 0.006085437887 0.01)
(0.2208 0.006085437887 0.01)
(0.2269333333 0.006085437887 0.01)
(0.2330666667 0.006085437887 0.01)
(0.2392 0.006085437887 0.01)
(0.2453333333 0.006085437887 0.01)
(0.2514666667 0.006085437887 0.01)
(0.2576 0.006085437887 0.01)
(0.2637333333 0.006085437887 0.01)
(0.2698666667 0.006085437887 0.01)
(0.276 0.006085437887 0.01)
(0.2821333333 0.006085437887 0.01)
(0.2882666667 0.006085437887 0.01)
(0.2944 0.006085437887 0.01)
(0.3005333333 0.006085437887 0.01)
(0.3066666667 0.006085437887 0.01)
(0.3128 0.006085437887 0.01)
(0.3189333333 0.006085437887 0.01)
(0.3250666667 0.006085437887 0.01)
(0.3312 0.006085437887 0.01)
(0.3373333333 0.006085437887 0.01)
(0.3434666667 0.006085437887 0.01)
(0.3496 0.006085437887 0.01)
(0.3557333333 0.006085437887 0.01)
(0.3618666667 0.006085437887 0.01)
(0.368 0.006085437887 0.01)
(0.3741333333 0.006085437887 0.01)
(0.3802666667 0.006085437887 0.01)
(0.3864 0.006085437887 0.01)
(0.3925333333 0.006085437887 0.01)
(0.3986666667 0.006085437887 0.01)
(0.4048 0.006085437887 0.01)
(0.4109333333 0.006085437887 0.01)
(0.4170666667 0.006085437887 0.01)
(0.4232 0.006085437887 0.01)
(0.4293333333 0.006085437887 0.01)
(0.4354666667 0.006085437887 0.01)
(0.4416 0.006085437887 0.01)
(0.4477333333 0.006085437887 0.01)
(0.4538666667 0.006085437887 0.01)
(0.46 0.006085437887 0.01)
(0.4661333333 0.006085437887 0.01)
(0.4722666667 0.006085437887 0.01)
(0.4784 0.006085437887 0.01)
(0.4845333333 0.006085437887 0.01)
(0.4906666667 0.006085437887 0.01)
(0.4968 0.006085437887 0.01)
(0.5029333333 0.006085437887 0.01)
(0.5090666667 0.006085437887 0.01)
(0.5152 0.006085437887 0.01)
(0.5213333333 0.006085437887 0.01)
(0.5274666667 0.006085437887 0.01)
(0.5336 0.006085437887 0.01)
(0.5397333333 0.006085437887 0.01)
(0.5458666667 0.006085437887 0.01)
(0.552 0.006085437887 0.01)
(0.5581333333 0.006085437887 0.01)
(0.5642666667 0.006085437887 0.01)
(0.5704 0.006085437887 0.01)
(0.5765333333 0.006085437887 0.01)
(0.5826666667 0.006085437887 0.01)
(0.5888 0.006085437887 0.01)
(0.5949333333 0.006085437887 0.01)
(0.6010666667 0.006085437887 0.01)
(0.6072 0.006085437887 0.01)
(0.6133333333 0.006085437887 0.01)
(0.6194666667 0.006085437887 0.01)
(0.6256 0.006085437887 0.01)
(0.6317333333 0.006085437887 0.01)
(0.6378666667 0.006085437887 0.01)
(0.644 0.006085437887 0.01)
(0.6501333333 0.006085437887 0.01)
(0.6562666667 0.006085437887 0.01)
(0.6624 0.006085437887 0.01)
(0.6685333333 0.006085437887 0.01)
(0.6746666667 0.006085437887 0.01)
(0.6808 0.006085437887 0.01)
(0.6869333333 0.006085437887 0.01)
(0.6930666667 0.006085437887 0.01)
(0.6992 0.006085437887 0.01)
(0.7053333333 0.006085437887 0.01)
(0.7114666667 0.006085437887 0.01)
(0.7176 0.006085437887 0.01)
(0.7237333333 0.006085437887 0.01)
(0.7298666667 0.006085437887 0.01)
(0.736 0.006085437887 0.01)
(0.7421333333 0.006085437887 0.01)
(0.7482666667 0.006085437887 0.01)
(0.7544 0.006085437887 0.01)
(0.7605333333 0.006085437887 0.01)
(0.7666666667 0.006085437887 0.01)
(0.7728 0.006085437887 0.01)
(0.7789333333 0.006085437887 0.01)
(0.7850666667 0.006085437887 0.01)
(0.7912 0.006085437887 0.01)
(0.7973333333 0.006085437887 0.01)
(0.8034666667 0.006085437887 0.01)
(0.8096 0.006085437887 0.01)
(0.8157333333 0.006085437887 0.01)
(0.8218666667 0.006085437887 0.01)
(0.828 0.006085437887 0.01)
(0.8341333333 0.006085437887 0.01)
(0.8402666667 0.006085437887 0.01)
(0.8464 0.006085437887 0.01)
(0.8525333333 0.006085437887 0.01)
(0.8586666667 0.006085437887 0.01)
(0.8648 0.006085437887 0.01)
(0.8709333333 0.006085437887 0.01)
(0.8770666667 0.006085437887 0.01)
(0.8832 0.006085437887 0.01)
(0.8893333333 0.006085437887 0.01)
(0.8954666667 0.006085437887 0.01)
(0.9016 0.006085437887 0.01)
(0.9077333333 0.006085437887 0.01)
(0.9138666667 0.006085437887 0.01)
(0.92 0.006085437887 0.01)
(0 0.006843971795 0.01)
(0.006133333333 0.006843971795 0.01)
(0.01226666667 0.006843971795 0.01)
(0.0184 0.006843971795 0.01)
(0.02453333333 0.006843971795 0.01)
(0.03066666667 0.006843971795 0.01)
(0.0368 0.006843971795 0.01)
(0.04293333333 0.006843971795 0.01)
(0.04906666667 0.006843971795 0.01)
(0.0552 0.006843971795 0.01)
(0.06133333333 0.006843971795 0.01)
(0.06746666667 0.006843971795 0.01)
(0.0736 0.006843971795 0.01)
(0.07973333333 0.006843971795 0.01)
(0.08586666667 0.006843971795 0.01)
(0.092 0.006843971795 0.01)
(0.09813333333 0.006843971795 0.01)
(0.1042666667 0.006843971795 0.01)
(0.1104 0.006843971795 0.01)
(0.1165333333 0.006843971795 0.01)
(0.1226666667 0.006843971795 0.01)
(0.1288 0.006843971795 0.01)
(0.1349333333 0.006843971795 0.01)
(0.1410666667 0.006843971795 0.01)
(0.1472 0.006843971795 0.01)
(0.1533333333 0.006843971795 0.01)
(0.1594666667 0.006843971795 0.01)
(0.1656 0.006843971795 0.01)
(0.1717333333 0.006843971795 0.01)
(0.1778666667 0.006843971795 0.01)
(0.184 0.006843971795 0.01)
(0.1901333333 0.006843971795 0.01)
(0.1962666667 0.006843971795 0.01)
(0.2024 0.006843971795 0.01)
(0.2085333333 0.006843971795 0.01)
(0.2146666667 0.006843971795 0.01)
(0.2208 0.006843971795 0.01)
(0.2269333333 0.006843971795 0.01)
(0.2330666667 0.006843971795 0.01)
(0.2392 0.006843971795 0.01)
(0.2453333333 0.006843971795 0.01)
(0.2514666667 0.006843971795 0.01)
(0.2576 0.006843971795 0.01)
(0.2637333333 0.006843971795 0.01)
(0.2698666667 0.006843971795 0.01)
(0.276 0.006843971795 0.01)
(0.2821333333 0.006843971795 0.01)
(0.2882666667 0.006843971795 0.01)
(0.2944 0.006843971795 0.01)
(0.3005333333 0.006843971795 0.01)
(0.3066666667 0.006843971795 0.01)
(0.3128 0.006843971795 0.01)
(0.3189333333 0.006843971795 0.01)
(0.3250666667 0.006843971795 0.01)
(0.3312 0.006843971795 0.01)
(0.3373333333 0.006843971795 0.01)
(0.3434666667 0.006843971795 0.01)
(0.3496 0.006843971795 0.01)
(0.3557333333 0.006843971795 0.01)
(0.3618666667 0.006843971795 0.01)
(0.368 0.006843971795 0.01)
(0.3741333333 0.006843971795 0.01)
(0.3802666667 0.006843971795 0.01)
(0.3864 0.006843971795 0.01)
(0.3925333333 0.006843971795 0.01)
(0.3986666667 0.006843971795 0.01)
(0.4048 0.006843971795 0.01)
(0.4109333333 0.006843971795 0.01)
(0.4170666667 0.006843971795 0.01)
(0.4232 0.006843971795 0.01)
(0.4293333333 0.006843971795 0.01)
(0.4354666667 0.006843971795 0.01)
(0.4416 0.006843971795 0.01)
(0.4477333333 0.006843971795 0.01)
(0.4538666667 0.006843971795 0.01)
(0.46 0.006843971795 0.01)
(0.4661333333 0.006843971795 0.01)
(0.4722666667 0.006843971795 0.01)
(0.4784 0.006843971795 0.01)
(0.4845333333 0.006843971795 0.01)
(0.4906666667 0.006843971795 0.01)
(0.4968 0.006843971795 0.01)
(0.5029333333 0.006843971795 0.01)
(0.5090666667 0.006843971795 0.01)
(0.5152 0.006843971795 0.01)
(0.5213333333 0.006843971795 0.01)
(0.5274666667 0.006843971795 0.01)
(0.5336 0.006843971795 0.01)
(0.5397333333 0.006843971795 0.01)
(0.5458666667 0.006843971795 0.01)
(0.552 0.006843971795 0.01)
(0.5581333333 0.006843971795 0.01)
(0.5642666667 0.006843971795 0.01)
(0.5704 0.006843971795 0.01)
(0.5765333333 0.006843971795 0.01)
(0.5826666667 0.006843971795 0.01)
(0.5888 0.006843971795 0.01)
(0.5949333333 0.006843971795 0.01)
(0.6010666667 0.006843971795 0.01)
(0.6072 0.006843971795 0.01)
(0.6133333333 0.006843971795 0.01)
(0.6194666667 0.006843971795 0.01)
(0.6256 0.006843971795 0.01)
(0.6317333333 0.006843971795 0.01)
(0.6378666667 0.006843971795 0.01)
(0.644 0.006843971795 0.01)
(0.6501333333 0.006843971795 0.01)
(0.6562666667 0.006843971795 0.01)
(0.6624 0.006843971795 0.01)
(0.6685333333 0.006843971795 0.01)
(0.6746666667 0.006843971795 0.01)
(0.6808 0.006843971795 0.01)
(0.6869333333 0.006843971795 0.01)
(0.6930666667 0.006843971795 0.01)
(0.6992 0.006843971795 0.01)
(0.7053333333 0.006843971795 0.01)
(0.7114666667 0.006843971795 0.01)
(0.7176 0.006843971795 0.01)
(0.7237333333 0.006843971795 0.01)
(0.7298666667 0.006843971795 0.01)
(0.736 0.006843971795 0.01)
(0.7421333333 0.006843971795 0.01)
(0.7482666667 0.006843971795 0.01)
(0.7544 0.006843971795 0.01)
(0.7605333333 0.006843971795 0.01)
(0.7666666667 0.006843971795 0.01)
(0.7728 0.006843971795 0.01)
(0.7789333333 0.006843971795 0.01)
(0.7850666667 0.006843971795 0.01)
(0.7912 0.006843971795 0.01)
(0.7973333333 0.006843971795 0.01)
(0.8034666667 0.006843971795 0.01)
(0.8096 0.006843971795 0.01)
(0.8157333333 0.006843971795 0.01)
(0.8218666667 0.006843971795 0.01)
(0.828 0.006843971795 0.01)
(0.8341333333 0.006843971795 0.01)
(0.8402666667 0.006843971795 0.01)
(0.8464 0.006843971795 0.01)
(0.8525333333 0.006843971795 0.01)
(0.8586666667 0.006843971795 0.01)
(0.8648 0.006843971795 0.01)
(0.8709333333 0.006843971795 0.01)
(0.8770666667 0.006843971795 0.01)
(0.8832 0.006843971795 0.01)
(0.8893333333 0.006843971795 0.01)
(0.8954666667 0.006843971795 0.01)
(0.9016 0.006843971795 0.01)
(0.9077333333 0.006843971795 0.01)
(0.9138666667 0.006843971795 0.01)
(0.92 0.006843971795 0.01)
(0 0.007678342623 0.01)
(0.006133333333 0.007678342623 0.01)
(0.01226666667 0.007678342623 0.01)
(0.0184 0.007678342623 0.01)
(0.02453333333 0.007678342623 0.01)
(0.03066666667 0.007678342623 0.01)
(0.0368 0.007678342623 0.01)
(0.04293333333 0.007678342623 0.01)
(0.04906666667 0.007678342623 0.01)
(0.0552 0.007678342623 0.01)
(0.06133333333 0.007678342623 0.01)
(0.06746666667 0.007678342623 0.01)
(0.0736 0.007678342623 0.01)
(0.07973333333 0.007678342623 0.01)
(0.08586666667 0.007678342623 0.01)
(0.092 0.007678342623 0.01)
(0.09813333333 0.007678342623 0.01)
(0.1042666667 0.007678342623 0.01)
(0.1104 0.007678342623 0.01)
(0.1165333333 0.007678342623 0.01)
(0.1226666667 0.007678342623 0.01)
(0.1288 0.007678342623 0.01)
(0.1349333333 0.007678342623 0.01)
(0.1410666667 0.007678342623 0.01)
(0.1472 0.007678342623 0.01)
(0.1533333333 0.007678342623 0.01)
(0.1594666667 0.007678342623 0.01)
(0.1656 0.007678342623 0.01)
(0.1717333333 0.007678342623 0.01)
(0.1778666667 0.007678342623 0.01)
(0.184 0.007678342623 0.01)
(0.1901333333 0.007678342623 0.01)
(0.1962666667 0.007678342623 0.01)
(0.2024 0.007678342623 0.01)
(0.2085333333 0.007678342623 0.01)
(0.2146666667 0.007678342623 0.01)
(0.2208 0.007678342623 0.01)
(0.2269333333 0.007678342623 0.01)
(0.2330666667 0.007678342623 0.01)
(0.2392 0.007678342623 0.01)
(0.2453333333 0.007678342623 0.01)
(0.2514666667 0.007678342623 0.01)
(0.2576 0.007678342623 0.01)
(0.2637333333 0.007678342623 0.01)
(0.2698666667 0.007678342623 0.01)
(0.276 0.007678342623 0.01)
(0.2821333333 0.007678342623 0.01)
(0.2882666667 0.007678342623 0.01)
(0.2944 0.007678342623 0.01)
(0.3005333333 0.007678342623 0.01)
(0.3066666667 0.007678342623 0.01)
(0.3128 0.007678342623 0.01)
(0.3189333333 0.007678342623 0.01)
(0.3250666667 0.007678342623 0.01)
(0.3312 0.007678342623 0.01)
(0.3373333333 0.007678342623 0.01)
(0.3434666667 0.007678342623 0.01)
(0.3496 0.007678342623 0.01)
(0.3557333333 0.007678342623 0.01)
(0.3618666667 0.007678342623 0.01)
(0.368 0.007678342623 0.01)
(0.3741333333 0.007678342623 0.01)
(0.3802666667 0.007678342623 0.01)
(0.3864 0.007678342623 0.01)
(0.3925333333 0.007678342623 0.01)
(0.3986666667 0.007678342623 0.01)
(0.4048 0.007678342623 0.01)
(0.4109333333 0.007678342623 0.01)
(0.4170666667 0.007678342623 0.01)
(0.4232 0.007678342623 0.01)
(0.4293333333 0.007678342623 0.01)
(0.4354666667 0.007678342623 0.01)
(0.4416 0.007678342623 0.01)
(0.4477333333 0.007678342623 0.01)
(0.4538666667 0.007678342623 0.01)
(0.46 0.007678342623 0.01)
(0.4661333333 0.007678342623 0.01)
(0.4722666667 0.007678342623 0.01)
(0.4784 0.007678342623 0.01)
(0.4845333333 0.007678342623 0.01)
(0.4906666667 0.007678342623 0.01)
(0.4968 0.007678342623 0.01)
(0.5029333333 0.007678342623 0.01)
(0.5090666667 0.007678342623 0.01)
(0.5152 0.007678342623 0.01)
(0.5213333333 0.007678342623 0.01)
(0.5274666667 0.007678342623 0.01)
(0.5336 0.007678342623 0.01)
(0.5397333333 0.007678342623 0.01)
(0.5458666667 0.007678342623 0.01)
(0.552 0.007678342623 0.01)
(0.5581333333 0.007678342623 0.01)
(0.5642666667 0.007678342623 0.01)
(0.5704 0.007678342623 0.01)
(0.5765333333 0.007678342623 0.01)
(0.5826666667 0.007678342623 0.01)
(0.5888 0.007678342623 0.01)
(0.5949333333 0.007678342623 0.01)
(0.6010666667 0.007678342623 0.01)
(0.6072 0.007678342623 0.01)
(0.6133333333 0.007678342623 0.01)
(0.6194666667 0.007678342623 0.01)
(0.6256 0.007678342623 0.01)
(0.6317333333 0.007678342623 0.01)
(0.6378666667 0.007678342623 0.01)
(0.644 0.007678342623 0.01)
(0.6501333333 0.007678342623 0.01)
(0.6562666667 0.007678342623 0.01)
(0.6624 0.007678342623 0.01)
(0.6685333333 0.007678342623 0.01)
(0.6746666667 0.007678342623 0.01)
(0.6808 0.007678342623 0.01)
(0.6869333333 0.007678342623 0.01)
(0.6930666667 0.007678342623 0.01)
(0.6992 0.007678342623 0.01)
(0.7053333333 0.007678342623 0.01)
(0.7114666667 0.007678342623 0.01)
(0.7176 0.007678342623 0.01)
(0.7237333333 0.007678342623 0.01)
(0.7298666667 0.007678342623 0.01)
(0.736 0.007678342623 0.01)
(0.7421333333 0.007678342623 0.01)
(0.7482666667 0.007678342623 0.01)
(0.7544 0.007678342623 0.01)
(0.7605333333 0.007678342623 0.01)
(0.7666666667 0.007678342623 0.01)
(0.7728 0.007678342623 0.01)
(0.7789333333 0.007678342623 0.01)
(0.7850666667 0.007678342623 0.01)
(0.7912 0.007678342623 0.01)
(0.7973333333 0.007678342623 0.01)
(0.8034666667 0.007678342623 0.01)
(0.8096 0.007678342623 0.01)
(0.8157333333 0.007678342623 0.01)
(0.8218666667 0.007678342623 0.01)
(0.828 0.007678342623 0.01)
(0.8341333333 0.007678342623 0.01)
(0.8402666667 0.007678342623 0.01)
(0.8464 0.007678342623 0.01)
(0.8525333333 0.007678342623 0.01)
(0.8586666667 0.007678342623 0.01)
(0.8648 0.007678342623 0.01)
(0.8709333333 0.007678342623 0.01)
(0.8770666667 0.007678342623 0.01)
(0.8832 0.007678342623 0.01)
(0.8893333333 0.007678342623 0.01)
(0.8954666667 0.007678342623 0.01)
(0.9016 0.007678342623 0.01)
(0.9077333333 0.007678342623 0.01)
(0.9138666667 0.007678342623 0.01)
(0.92 0.007678342623 0.01)
(0 0.008596132416 0.01)
(0.006133333333 0.008596132416 0.01)
(0.01226666667 0.008596132416 0.01)
(0.0184 0.008596132416 0.01)
(0.02453333333 0.008596132416 0.01)
(0.03066666667 0.008596132416 0.01)
(0.0368 0.008596132416 0.01)
(0.04293333333 0.008596132416 0.01)
(0.04906666667 0.008596132416 0.01)
(0.0552 0.008596132416 0.01)
(0.06133333333 0.008596132416 0.01)
(0.06746666667 0.008596132416 0.01)
(0.0736 0.008596132416 0.01)
(0.07973333333 0.008596132416 0.01)
(0.08586666667 0.008596132416 0.01)
(0.092 0.008596132416 0.01)
(0.09813333333 0.008596132416 0.01)
(0.1042666667 0.008596132416 0.01)
(0.1104 0.008596132416 0.01)
(0.1165333333 0.008596132416 0.01)
(0.1226666667 0.008596132416 0.01)
(0.1288 0.008596132416 0.01)
(0.1349333333 0.008596132416 0.01)
(0.1410666667 0.008596132416 0.01)
(0.1472 0.008596132416 0.01)
(0.1533333333 0.008596132416 0.01)
(0.1594666667 0.008596132416 0.01)
(0.1656 0.008596132416 0.01)
(0.1717333333 0.008596132416 0.01)
(0.1778666667 0.008596132416 0.01)
(0.184 0.008596132416 0.01)
(0.1901333333 0.008596132416 0.01)
(0.1962666667 0.008596132416 0.01)
(0.2024 0.008596132416 0.01)
(0.2085333333 0.008596132416 0.01)
(0.2146666667 0.008596132416 0.01)
(0.2208 0.008596132416 0.01)
(0.2269333333 0.008596132416 0.01)
(0.2330666667 0.008596132416 0.01)
(0.2392 0.008596132416 0.01)
(0.2453333333 0.008596132416 0.01)
(0.2514666667 0.008596132416 0.01)
(0.2576 0.008596132416 0.01)
(0.2637333333 0.008596132416 0.01)
(0.2698666667 0.008596132416 0.01)
(0.276 0.008596132416 0.01)
(0.2821333333 0.008596132416 0.01)
(0.2882666667 0.008596132416 0.01)
(0.2944 0.008596132416 0.01)
(0.3005333333 0.008596132416 0.01)
(0.3066666667 0.008596132416 0.01)
(0.3128 0.008596132416 0.01)
(0.3189333333 0.008596132416 0.01)
(0.3250666667 0.008596132416 0.01)
(0.3312 0.008596132416 0.01)
(0.3373333333 0.008596132416 0.01)
(0.3434666667 0.008596132416 0.01)
(0.3496 0.008596132416 0.01)
(0.3557333333 0.008596132416 0.01)
(0.3618666667 0.008596132416 0.01)
(0.368 0.008596132416 0.01)
(0.3741333333 0.008596132416 0.01)
(0.3802666667 0.008596132416 0.01)
(0.3864 0.008596132416 0.01)
(0.3925333333 0.008596132416 0.01)
(0.3986666667 0.008596132416 0.01)
(0.4048 0.008596132416 0.01)
(0.4109333333 0.008596132416 0.01)
(0.4170666667 0.008596132416 0.01)
(0.4232 0.008596132416 0.01)
(0.4293333333 0.008596132416 0.01)
(0.4354666667 0.008596132416 0.01)
(0.4416 0.008596132416 0.01)
(0.4477333333 0.008596132416 0.01)
(0.4538666667 0.008596132416 0.01)
(0.46 0.008596132416 0.01)
(0.4661333333 0.008596132416 0.01)
(0.4722666667 0.008596132416 0.01)
(0.4784 0.008596132416 0.01)
(0.4845333333 0.008596132416 0.01)
(0.4906666667 0.008596132416 0.01)
(0.4968 0.008596132416 0.01)
(0.5029333333 0.008596132416 0.01)
(0.5090666667 0.008596132416 0.01)
(0.5152 0.008596132416 0.01)
(0.5213333333 0.008596132416 0.01)
(0.5274666667 0.008596132416 0.01)
(0.5336 0.008596132416 0.01)
(0.5397333333 0.008596132416 0.01)
(0.5458666667 0.008596132416 0.01)
(0.552 0.008596132416 0.01)
(0.5581333333 0.008596132416 0.01)
(0.5642666667 0.008596132416 0.01)
(0.5704 0.008596132416 0.01)
(0.5765333333 0.008596132416 0.01)
(0.5826666667 0.008596132416 0.01)
(0.5888 0.008596132416 0.01)
(0.5949333333 0.008596132416 0.01)
(0.6010666667 0.008596132416 0.01)
(0.6072 0.008596132416 0.01)
(0.6133333333 0.008596132416 0.01)
(0.6194666667 0.008596132416 0.01)
(0.6256 0.008596132416 0.01)
(0.6317333333 0.008596132416 0.01)
(0.6378666667 0.008596132416 0.01)
(0.644 0.008596132416 0.01)
(0.6501333333 0.008596132416 0.01)
(0.6562666667 0.008596132416 0.01)
(0.6624 0.008596132416 0.01)
(0.6685333333 0.008596132416 0.01)
(0.6746666667 0.008596132416 0.01)
(0.6808 0.008596132416 0.01)
(0.6869333333 0.008596132416 0.01)
(0.6930666667 0.008596132416 0.01)
(0.6992 0.008596132416 0.01)
(0.7053333333 0.008596132416 0.01)
(0.7114666667 0.008596132416 0.01)
(0.7176 0.008596132416 0.01)
(0.7237333333 0.008596132416 0.01)
(0.7298666667 0.008596132416 0.01)
(0.736 0.008596132416 0.01)
(0.7421333333 0.008596132416 0.01)
(0.7482666667 0.008596132416 0.01)
(0.7544 0.008596132416 0.01)
(0.7605333333 0.008596132416 0.01)
(0.7666666667 0.008596132416 0.01)
(0.7728 0.008596132416 0.01)
(0.7789333333 0.008596132416 0.01)
(0.7850666667 0.008596132416 0.01)
(0.7912 0.008596132416 0.01)
(0.7973333333 0.008596132416 0.01)
(0.8034666667 0.008596132416 0.01)
(0.8096 0.008596132416 0.01)
(0.8157333333 0.008596132416 0.01)
(0.8218666667 0.008596132416 0.01)
(0.828 0.008596132416 0.01)
(0.8341333333 0.008596132416 0.01)
(0.8402666667 0.008596132416 0.01)
(0.8464 0.008596132416 0.01)
(0.8525333333 0.008596132416 0.01)
(0.8586666667 0.008596132416 0.01)
(0.8648 0.008596132416 0.01)
(0.8709333333 0.008596132416 0.01)
(0.8770666667 0.008596132416 0.01)
(0.8832 0.008596132416 0.01)
(0.8893333333 0.008596132416 0.01)
(0.8954666667 0.008596132416 0.01)
(0.9016 0.008596132416 0.01)
(0.9077333333 0.008596132416 0.01)
(0.9138666667 0.008596132416 0.01)
(0.92 0.008596132416 0.01)
(0 0.009605681259 0.01)
(0.006133333333 0.009605681259 0.01)
(0.01226666667 0.009605681259 0.01)
(0.0184 0.009605681259 0.01)
(0.02453333333 0.009605681259 0.01)
(0.03066666667 0.009605681259 0.01)
(0.0368 0.009605681259 0.01)
(0.04293333333 0.009605681259 0.01)
(0.04906666667 0.009605681259 0.01)
(0.0552 0.009605681259 0.01)
(0.06133333333 0.009605681259 0.01)
(0.06746666667 0.009605681259 0.01)
(0.0736 0.009605681259 0.01)
(0.07973333333 0.009605681259 0.01)
(0.08586666667 0.009605681259 0.01)
(0.092 0.009605681259 0.01)
(0.09813333333 0.009605681259 0.01)
(0.1042666667 0.009605681259 0.01)
(0.1104 0.009605681259 0.01)
(0.1165333333 0.009605681259 0.01)
(0.1226666667 0.009605681259 0.01)
(0.1288 0.009605681259 0.01)
(0.1349333333 0.009605681259 0.01)
(0.1410666667 0.009605681259 0.01)
(0.1472 0.009605681259 0.01)
(0.1533333333 0.009605681259 0.01)
(0.1594666667 0.009605681259 0.01)
(0.1656 0.009605681259 0.01)
(0.1717333333 0.009605681259 0.01)
(0.1778666667 0.009605681259 0.01)
(0.184 0.009605681259 0.01)
(0.1901333333 0.009605681259 0.01)
(0.1962666667 0.009605681259 0.01)
(0.2024 0.009605681259 0.01)
(0.2085333333 0.009605681259 0.01)
(0.2146666667 0.009605681259 0.01)
(0.2208 0.009605681259 0.01)
(0.2269333333 0.009605681259 0.01)
(0.2330666667 0.009605681259 0.01)
(0.2392 0.009605681259 0.01)
(0.2453333333 0.009605681259 0.01)
(0.2514666667 0.009605681259 0.01)
(0.2576 0.009605681259 0.01)
(0.2637333333 0.009605681259 0.01)
(0.2698666667 0.009605681259 0.01)
(0.276 0.009605681259 0.01)
(0.2821333333 0.009605681259 0.01)
(0.2882666667 0.009605681259 0.01)
(0.2944 0.009605681259 0.01)
(0.3005333333 0.009605681259 0.01)
(0.3066666667 0.009605681259 0.01)
(0.3128 0.009605681259 0.01)
(0.3189333333 0.009605681259 0.01)
(0.3250666667 0.009605681259 0.01)
(0.3312 0.009605681259 0.01)
(0.3373333333 0.009605681259 0.01)
(0.3434666667 0.009605681259 0.01)
(0.3496 0.009605681259 0.01)
(0.3557333333 0.009605681259 0.01)
(0.3618666667 0.009605681259 0.01)
(0.368 0.009605681259 0.01)
(0.3741333333 0.009605681259 0.01)
(0.3802666667 0.009605681259 0.01)
(0.3864 0.009605681259 0.01)
(0.3925333333 0.009605681259 0.01)
(0.3986666667 0.009605681259 0.01)
(0.4048 0.009605681259 0.01)
(0.4109333333 0.009605681259 0.01)
(0.4170666667 0.009605681259 0.01)
(0.4232 0.009605681259 0.01)
(0.4293333333 0.009605681259 0.01)
(0.4354666667 0.009605681259 0.01)
(0.4416 0.009605681259 0.01)
(0.4477333333 0.009605681259 0.01)
(0.4538666667 0.009605681259 0.01)
(0.46 0.009605681259 0.01)
(0.4661333333 0.009605681259 0.01)
(0.4722666667 0.009605681259 0.01)
(0.4784 0.009605681259 0.01)
(0.4845333333 0.009605681259 0.01)
(0.4906666667 0.009605681259 0.01)
(0.4968 0.009605681259 0.01)
(0.5029333333 0.009605681259 0.01)
(0.5090666667 0.009605681259 0.01)
(0.5152 0.009605681259 0.01)
(0.5213333333 0.009605681259 0.01)
(0.5274666667 0.009605681259 0.01)
(0.5336 0.009605681259 0.01)
(0.5397333333 0.009605681259 0.01)
(0.5458666667 0.009605681259 0.01)
(0.552 0.009605681259 0.01)
(0.5581333333 0.009605681259 0.01)
(0.5642666667 0.009605681259 0.01)
(0.5704 0.009605681259 0.01)
(0.5765333333 0.009605681259 0.01)
(0.5826666667 0.009605681259 0.01)
(0.5888 0.009605681259 0.01)
(0.5949333333 0.009605681259 0.01)
(0.6010666667 0.009605681259 0.01)
(0.6072 0.009605681259 0.01)
(0.6133333333 0.009605681259 0.01)
(0.6194666667 0.009605681259 0.01)
(0.6256 0.009605681259 0.01)
(0.6317333333 0.009605681259 0.01)
(0.6378666667 0.009605681259 0.01)
(0.644 0.009605681259 0.01)
(0.6501333333 0.009605681259 0.01)
(0.6562666667 0.009605681259 0.01)
(0.6624 0.009605681259 0.01)
(0.6685333333 0.009605681259 0.01)
(0.6746666667 0.009605681259 0.01)
(0.6808 0.009605681259 0.01)
(0.6869333333 0.009605681259 0.01)
(0.6930666667 0.009605681259 0.01)
(0.6992 0.009605681259 0.01)
(0.7053333333 0.009605681259 0.01)
(0.7114666667 0.009605681259 0.01)
(0.7176 0.009605681259 0.01)
(0.7237333333 0.009605681259 0.01)
(0.7298666667 0.009605681259 0.01)
(0.736 0.009605681259 0.01)
(0.7421333333 0.009605681259 0.01)
(0.7482666667 0.009605681259 0.01)
(0.7544 0.009605681259 0.01)
(0.7605333333 0.009605681259 0.01)
(0.7666666667 0.009605681259 0.01)
(0.7728 0.009605681259 0.01)
(0.7789333333 0.009605681259 0.01)
(0.7850666667 0.009605681259 0.01)
(0.7912 0.009605681259 0.01)
(0.7973333333 0.009605681259 0.01)
(0.8034666667 0.009605681259 0.01)
(0.8096 0.009605681259 0.01)
(0.8157333333 0.009605681259 0.01)
(0.8218666667 0.009605681259 0.01)
(0.828 0.009605681259 0.01)
(0.8341333333 0.009605681259 0.01)
(0.8402666667 0.009605681259 0.01)
(0.8464 0.009605681259 0.01)
(0.8525333333 0.009605681259 0.01)
(0.8586666667 0.009605681259 0.01)
(0.8648 0.009605681259 0.01)
(0.8709333333 0.009605681259 0.01)
(0.8770666667 0.009605681259 0.01)
(0.8832 0.009605681259 0.01)
(0.8893333333 0.009605681259 0.01)
(0.8954666667 0.009605681259 0.01)
(0.9016 0.009605681259 0.01)
(0.9077333333 0.009605681259 0.01)
(0.9138666667 0.009605681259 0.01)
(0.92 0.009605681259 0.01)
(0 0.01071616306 0.01)
(0.006133333333 0.01071616306 0.01)
(0.01226666667 0.01071616306 0.01)
(0.0184 0.01071616306 0.01)
(0.02453333333 0.01071616306 0.01)
(0.03066666667 0.01071616306 0.01)
(0.0368 0.01071616306 0.01)
(0.04293333333 0.01071616306 0.01)
(0.04906666667 0.01071616306 0.01)
(0.0552 0.01071616306 0.01)
(0.06133333333 0.01071616306 0.01)
(0.06746666667 0.01071616306 0.01)
(0.0736 0.01071616306 0.01)
(0.07973333333 0.01071616306 0.01)
(0.08586666667 0.01071616306 0.01)
(0.092 0.01071616306 0.01)
(0.09813333333 0.01071616306 0.01)
(0.1042666667 0.01071616306 0.01)
(0.1104 0.01071616306 0.01)
(0.1165333333 0.01071616306 0.01)
(0.1226666667 0.01071616306 0.01)
(0.1288 0.01071616306 0.01)
(0.1349333333 0.01071616306 0.01)
(0.1410666667 0.01071616306 0.01)
(0.1472 0.01071616306 0.01)
(0.1533333333 0.01071616306 0.01)
(0.1594666667 0.01071616306 0.01)
(0.1656 0.01071616306 0.01)
(0.1717333333 0.01071616306 0.01)
(0.1778666667 0.01071616306 0.01)
(0.184 0.01071616306 0.01)
(0.1901333333 0.01071616306 0.01)
(0.1962666667 0.01071616306 0.01)
(0.2024 0.01071616306 0.01)
(0.2085333333 0.01071616306 0.01)
(0.2146666667 0.01071616306 0.01)
(0.2208 0.01071616306 0.01)
(0.2269333333 0.01071616306 0.01)
(0.2330666667 0.01071616306 0.01)
(0.2392 0.01071616306 0.01)
(0.2453333333 0.01071616306 0.01)
(0.2514666667 0.01071616306 0.01)
(0.2576 0.01071616306 0.01)
(0.2637333333 0.01071616306 0.01)
(0.2698666667 0.01071616306 0.01)
(0.276 0.01071616306 0.01)
(0.2821333333 0.01071616306 0.01)
(0.2882666667 0.01071616306 0.01)
(0.2944 0.01071616306 0.01)
(0.3005333333 0.01071616306 0.01)
(0.3066666667 0.01071616306 0.01)
(0.3128 0.01071616306 0.01)
(0.3189333333 0.01071616306 0.01)
(0.3250666667 0.01071616306 0.01)
(0.3312 0.01071616306 0.01)
(0.3373333333 0.01071616306 0.01)
(0.3434666667 0.01071616306 0.01)
(0.3496 0.01071616306 0.01)
(0.3557333333 0.01071616306 0.01)
(0.3618666667 0.01071616306 0.01)
(0.368 0.01071616306 0.01)
(0.3741333333 0.01071616306 0.01)
(0.3802666667 0.01071616306 0.01)
(0.3864 0.01071616306 0.01)
(0.3925333333 0.01071616306 0.01)
(0.3986666667 0.01071616306 0.01)
(0.4048 0.01071616306 0.01)
(0.4109333333 0.01071616306 0.01)
(0.4170666667 0.01071616306 0.01)
(0.4232 0.01071616306 0.01)
(0.4293333333 0.01071616306 0.01)
(0.4354666667 0.01071616306 0.01)
(0.4416 0.01071616306 0.01)
(0.4477333333 0.01071616306 0.01)
(0.4538666667 0.01071616306 0.01)
(0.46 0.01071616306 0.01)
(0.4661333333 0.01071616306 0.01)
(0.4722666667 0.01071616306 0.01)
(0.4784 0.01071616306 0.01)
(0.4845333333 0.01071616306 0.01)
(0.4906666667 0.01071616306 0.01)
(0.4968 0.01071616306 0.01)
(0.5029333333 0.01071616306 0.01)
(0.5090666667 0.01071616306 0.01)
(0.5152 0.01071616306 0.01)
(0.5213333333 0.01071616306 0.01)
(0.5274666667 0.01071616306 0.01)
(0.5336 0.01071616306 0.01)
(0.5397333333 0.01071616306 0.01)
(0.5458666667 0.01071616306 0.01)
(0.552 0.01071616306 0.01)
(0.5581333333 0.01071616306 0.01)
(0.5642666667 0.01071616306 0.01)
(0.5704 0.01071616306 0.01)
(0.5765333333 0.01071616306 0.01)
(0.5826666667 0.01071616306 0.01)
(0.5888 0.01071616306 0.01)
(0.5949333333 0.01071616306 0.01)
(0.6010666667 0.01071616306 0.01)
(0.6072 0.01071616306 0.01)
(0.6133333333 0.01071616306 0.01)
(0.6194666667 0.01071616306 0.01)
(0.6256 0.01071616306 0.01)
(0.6317333333 0.01071616306 0.01)
(0.6378666667 0.01071616306 0.01)
(0.644 0.01071616306 0.01)
(0.6501333333 0.01071616306 0.01)
(0.6562666667 0.01071616306 0.01)
(0.6624 0.01071616306 0.01)
(0.6685333333 0.01071616306 0.01)
(0.6746666667 0.01071616306 0.01)
(0.6808 0.01071616306 0.01)
(0.6869333333 0.01071616306 0.01)
(0.6930666667 0.01071616306 0.01)
(0.6992 0.01071616306 0.01)
(0.7053333333 0.01071616306 0.01)
(0.7114666667 0.01071616306 0.01)
(0.7176 0.01071616306 0.01)
(0.7237333333 0.01071616306 0.01)
(0.7298666667 0.01071616306 0.01)
(0.736 0.01071616306 0.01)
(0.7421333333 0.01071616306 0.01)
(0.7482666667 0.01071616306 0.01)
(0.7544 0.01071616306 0.01)
(0.7605333333 0.01071616306 0.01)
(0.7666666667 0.01071616306 0.01)
(0.7728 0.01071616306 0.01)
(0.7789333333 0.01071616306 0.01)
(0.7850666667 0.01071616306 0.01)
(0.7912 0.01071616306 0.01)
(0.7973333333 0.01071616306 0.01)
(0.8034666667 0.01071616306 0.01)
(0.8096 0.01071616306 0.01)
(0.8157333333 0.01071616306 0.01)
(0.8218666667 0.01071616306 0.01)
(0.828 0.01071616306 0.01)
(0.8341333333 0.01071616306 0.01)
(0.8402666667 0.01071616306 0.01)
(0.8464 0.01071616306 0.01)
(0.8525333333 0.01071616306 0.01)
(0.8586666667 0.01071616306 0.01)
(0.8648 0.01071616306 0.01)
(0.8709333333 0.01071616306 0.01)
(0.8770666667 0.01071616306 0.01)
(0.8832 0.01071616306 0.01)
(0.8893333333 0.01071616306 0.01)
(0.8954666667 0.01071616306 0.01)
(0.9016 0.01071616306 0.01)
(0.9077333333 0.01071616306 0.01)
(0.9138666667 0.01071616306 0.01)
(0.92 0.01071616306 0.01)
(0 0.01193766894 0.01)
(0.006133333333 0.01193766894 0.01)
(0.01226666667 0.01193766894 0.01)
(0.0184 0.01193766894 0.01)
(0.02453333333 0.01193766894 0.01)
(0.03066666667 0.01193766894 0.01)
(0.0368 0.01193766894 0.01)
(0.04293333333 0.01193766894 0.01)
(0.04906666667 0.01193766894 0.01)
(0.0552 0.01193766894 0.01)
(0.06133333333 0.01193766894 0.01)
(0.06746666667 0.01193766894 0.01)
(0.0736 0.01193766894 0.01)
(0.07973333333 0.01193766894 0.01)
(0.08586666667 0.01193766894 0.01)
(0.092 0.01193766894 0.01)
(0.09813333333 0.01193766894 0.01)
(0.1042666667 0.01193766894 0.01)
(0.1104 0.01193766894 0.01)
(0.1165333333 0.01193766894 0.01)
(0.1226666667 0.01193766894 0.01)
(0.1288 0.01193766894 0.01)
(0.1349333333 0.01193766894 0.01)
(0.1410666667 0.01193766894 0.01)
(0.1472 0.01193766894 0.01)
(0.1533333333 0.01193766894 0.01)
(0.1594666667 0.01193766894 0.01)
(0.1656 0.01193766894 0.01)
(0.1717333333 0.01193766894 0.01)
(0.1778666667 0.01193766894 0.01)
(0.184 0.01193766894 0.01)
(0.1901333333 0.01193766894 0.01)
(0.1962666667 0.01193766894 0.01)
(0.2024 0.01193766894 0.01)
(0.2085333333 0.01193766894 0.01)
(0.2146666667 0.01193766894 0.01)
(0.2208 0.01193766894 0.01)
(0.2269333333 0.01193766894 0.01)
(0.2330666667 0.01193766894 0.01)
(0.2392 0.01193766894 0.01)
(0.2453333333 0.01193766894 0.01)
(0.2514666667 0.01193766894 0.01)
(0.2576 0.01193766894 0.01)
(0.2637333333 0.01193766894 0.01)
(0.2698666667 0.01193766894 0.01)
(0.276 0.01193766894 0.01)
(0.2821333333 0.01193766894 0.01)
(0.2882666667 0.01193766894 0.01)
(0.2944 0.01193766894 0.01)
(0.3005333333 0.01193766894 0.01)
(0.3066666667 0.01193766894 0.01)
(0.3128 0.01193766894 0.01)
(0.3189333333 0.01193766894 0.01)
(0.3250666667 0.01193766894 0.01)
(0.3312 0.01193766894 0.01)
(0.3373333333 0.01193766894 0.01)
(0.3434666667 0.01193766894 0.01)
(0.3496 0.01193766894 0.01)
(0.3557333333 0.01193766894 0.01)
(0.3618666667 0.01193766894 0.01)
(0.368 0.01193766894 0.01)
(0.3741333333 0.01193766894 0.01)
(0.3802666667 0.01193766894 0.01)
(0.3864 0.01193766894 0.01)
(0.3925333333 0.01193766894 0.01)
(0.3986666667 0.01193766894 0.01)
(0.4048 0.01193766894 0.01)
(0.4109333333 0.01193766894 0.01)
(0.4170666667 0.01193766894 0.01)
(0.4232 0.01193766894 0.01)
(0.4293333333 0.01193766894 0.01)
(0.4354666667 0.01193766894 0.01)
(0.4416 0.01193766894 0.01)
(0.4477333333 0.01193766894 0.01)
(0.4538666667 0.01193766894 0.01)
(0.46 0.01193766894 0.01)
(0.4661333333 0.01193766894 0.01)
(0.4722666667 0.01193766894 0.01)
(0.4784 0.01193766894 0.01)
(0.4845333333 0.01193766894 0.01)
(0.4906666667 0.01193766894 0.01)
(0.4968 0.01193766894 0.01)
(0.5029333333 0.01193766894 0.01)
(0.5090666667 0.01193766894 0.01)
(0.5152 0.01193766894 0.01)
(0.5213333333 0.01193766894 0.01)
(0.5274666667 0.01193766894 0.01)
(0.5336 0.01193766894 0.01)
(0.5397333333 0.01193766894 0.01)
(0.5458666667 0.01193766894 0.01)
(0.552 0.01193766894 0.01)
(0.5581333333 0.01193766894 0.01)
(0.5642666667 0.01193766894 0.01)
(0.5704 0.01193766894 0.01)
(0.5765333333 0.01193766894 0.01)
(0.5826666667 0.01193766894 0.01)
(0.5888 0.01193766894 0.01)
(0.5949333333 0.01193766894 0.01)
(0.6010666667 0.01193766894 0.01)
(0.6072 0.01193766894 0.01)
(0.6133333333 0.01193766894 0.01)
(0.6194666667 0.01193766894 0.01)
(0.6256 0.01193766894 0.01)
(0.6317333333 0.01193766894 0.01)
(0.6378666667 0.01193766894 0.01)
(0.644 0.01193766894 0.01)
(0.6501333333 0.01193766894 0.01)
(0.6562666667 0.01193766894 0.01)
(0.6624 0.01193766894 0.01)
(0.6685333333 0.01193766894 0.01)
(0.6746666667 0.01193766894 0.01)
(0.6808 0.01193766894 0.01)
(0.6869333333 0.01193766894 0.01)
(0.6930666667 0.01193766894 0.01)
(0.6992 0.01193766894 0.01)
(0.7053333333 0.01193766894 0.01)
(0.7114666667 0.01193766894 0.01)
(0.7176 0.01193766894 0.01)
(0.7237333333 0.01193766894 0.01)
(0.7298666667 0.01193766894 0.01)
(0.736 0.01193766894 0.01)
(0.7421333333 0.01193766894 0.01)
(0.7482666667 0.01193766894 0.01)
(0.7544 0.01193766894 0.01)
(0.7605333333 0.01193766894 0.01)
(0.7666666667 0.01193766894 0.01)
(0.7728 0.01193766894 0.01)
(0.7789333333 0.01193766894 0.01)
(0.7850666667 0.01193766894 0.01)
(0.7912 0.01193766894 0.01)
(0.7973333333 0.01193766894 0.01)
(0.8034666667 0.01193766894 0.01)
(0.8096 0.01193766894 0.01)
(0.8157333333 0.01193766894 0.01)
(0.8218666667 0.01193766894 0.01)
(0.828 0.01193766894 0.01)
(0.8341333333 0.01193766894 0.01)
(0.8402666667 0.01193766894 0.01)
(0.8464 0.01193766894 0.01)
(0.8525333333 0.01193766894 0.01)
(0.8586666667 0.01193766894 0.01)
(0.8648 0.01193766894 0.01)
(0.8709333333 0.01193766894 0.01)
(0.8770666667 0.01193766894 0.01)
(0.8832 0.01193766894 0.01)
(0.8893333333 0.01193766894 0.01)
(0.8954666667 0.01193766894 0.01)
(0.9016 0.01193766894 0.01)
(0.9077333333 0.01193766894 0.01)
(0.9138666667 0.01193766894 0.01)
(0.92 0.01193766894 0.01)
(0 0.01328129887 0.01)
(0.006133333333 0.01328129887 0.01)
(0.01226666667 0.01328129887 0.01)
(0.0184 0.01328129887 0.01)
(0.02453333333 0.01328129887 0.01)
(0.03066666667 0.01328129887 0.01)
(0.0368 0.01328129887 0.01)
(0.04293333333 0.01328129887 0.01)
(0.04906666667 0.01328129887 0.01)
(0.0552 0.01328129887 0.01)
(0.06133333333 0.01328129887 0.01)
(0.06746666667 0.01328129887 0.01)
(0.0736 0.01328129887 0.01)
(0.07973333333 0.01328129887 0.01)
(0.08586666667 0.01328129887 0.01)
(0.092 0.01328129887 0.01)
(0.09813333333 0.01328129887 0.01)
(0.1042666667 0.01328129887 0.01)
(0.1104 0.01328129887 0.01)
(0.1165333333 0.01328129887 0.01)
(0.1226666667 0.01328129887 0.01)
(0.1288 0.01328129887 0.01)
(0.1349333333 0.01328129887 0.01)
(0.1410666667 0.01328129887 0.01)
(0.1472 0.01328129887 0.01)
(0.1533333333 0.01328129887 0.01)
(0.1594666667 0.01328129887 0.01)
(0.1656 0.01328129887 0.01)
(0.1717333333 0.01328129887 0.01)
(0.1778666667 0.01328129887 0.01)
(0.184 0.01328129887 0.01)
(0.1901333333 0.01328129887 0.01)
(0.1962666667 0.01328129887 0.01)
(0.2024 0.01328129887 0.01)
(0.2085333333 0.01328129887 0.01)
(0.2146666667 0.01328129887 0.01)
(0.2208 0.01328129887 0.01)
(0.2269333333 0.01328129887 0.01)
(0.2330666667 0.01328129887 0.01)
(0.2392 0.01328129887 0.01)
(0.2453333333 0.01328129887 0.01)
(0.2514666667 0.01328129887 0.01)
(0.2576 0.01328129887 0.01)
(0.2637333333 0.01328129887 0.01)
(0.2698666667 0.01328129887 0.01)
(0.276 0.01328129887 0.01)
(0.2821333333 0.01328129887 0.01)
(0.2882666667 0.01328129887 0.01)
(0.2944 0.01328129887 0.01)
(0.3005333333 0.01328129887 0.01)
(0.3066666667 0.01328129887 0.01)
(0.3128 0.01328129887 0.01)
(0.3189333333 0.01328129887 0.01)
(0.3250666667 0.01328129887 0.01)
(0.3312 0.01328129887 0.01)
(0.3373333333 0.01328129887 0.01)
(0.3434666667 0.01328129887 0.01)
(0.3496 0.01328129887 0.01)
(0.3557333333 0.01328129887 0.01)
(0.3618666667 0.01328129887 0.01)
(0.368 0.01328129887 0.01)
(0.3741333333 0.01328129887 0.01)
(0.3802666667 0.01328129887 0.01)
(0.3864 0.01328129887 0.01)
(0.3925333333 0.01328129887 0.01)
(0.3986666667 0.01328129887 0.01)
(0.4048 0.01328129887 0.01)
(0.4109333333 0.01328129887 0.01)
(0.4170666667 0.01328129887 0.01)
(0.4232 0.01328129887 0.01)
(0.4293333333 0.01328129887 0.01)
(0.4354666667 0.01328129887 0.01)
(0.4416 0.01328129887 0.01)
(0.4477333333 0.01328129887 0.01)
(0.4538666667 0.01328129887 0.01)
(0.46 0.01328129887 0.01)
(0.4661333333 0.01328129887 0.01)
(0.4722666667 0.01328129887 0.01)
(0.4784 0.01328129887 0.01)
(0.4845333333 0.01328129887 0.01)
(0.4906666667 0.01328129887 0.01)
(0.4968 0.01328129887 0.01)
(0.5029333333 0.01328129887 0.01)
(0.5090666667 0.01328129887 0.01)
(0.5152 0.01328129887 0.01)
(0.5213333333 0.01328129887 0.01)
(0.5274666667 0.01328129887 0.01)
(0.5336 0.01328129887 0.01)
(0.5397333333 0.01328129887 0.01)
(0.5458666667 0.01328129887 0.01)
(0.552 0.01328129887 0.01)
(0.5581333333 0.01328129887 0.01)
(0.5642666667 0.01328129887 0.01)
(0.5704 0.01328129887 0.01)
(0.5765333333 0.01328129887 0.01)
(0.5826666667 0.01328129887 0.01)
(0.5888 0.01328129887 0.01)
(0.5949333333 0.01328129887 0.01)
(0.6010666667 0.01328129887 0.01)
(0.6072 0.01328129887 0.01)
(0.6133333333 0.01328129887 0.01)
(0.6194666667 0.01328129887 0.01)
(0.6256 0.01328129887 0.01)
(0.6317333333 0.01328129887 0.01)
(0.6378666667 0.01328129887 0.01)
(0.644 0.01328129887 0.01)
(0.6501333333 0.01328129887 0.01)
(0.6562666667 0.01328129887 0.01)
(0.6624 0.01328129887 0.01)
(0.6685333333 0.01328129887 0.01)
(0.6746666667 0.01328129887 0.01)
(0.6808 0.01328129887 0.01)
(0.6869333333 0.01328129887 0.01)
(0.6930666667 0.01328129887 0.01)
(0.6992 0.01328129887 0.01)
(0.7053333333 0.01328129887 0.01)
(0.7114666667 0.01328129887 0.01)
(0.7176 0.01328129887 0.01)
(0.7237333333 0.01328129887 0.01)
(0.7298666667 0.01328129887 0.01)
(0.736 0.01328129887 0.01)
(0.7421333333 0.01328129887 0.01)
(0.7482666667 0.01328129887 0.01)
(0.7544 0.01328129887 0.01)
(0.7605333333 0.01328129887 0.01)
(0.7666666667 0.01328129887 0.01)
(0.7728 0.01328129887 0.01)
(0.7789333333 0.01328129887 0.01)
(0.7850666667 0.01328129887 0.01)
(0.7912 0.01328129887 0.01)
(0.7973333333 0.01328129887 0.01)
(0.8034666667 0.01328129887 0.01)
(0.8096 0.01328129887 0.01)
(0.8157333333 0.01328129887 0.01)
(0.8218666667 0.01328129887 0.01)
(0.828 0.01328129887 0.01)
(0.8341333333 0.01328129887 0.01)
(0.8402666667 0.01328129887 0.01)
(0.8464 0.01328129887 0.01)
(0.8525333333 0.01328129887 0.01)
(0.8586666667 0.01328129887 0.01)
(0.8648 0.01328129887 0.01)
(0.8709333333 0.01328129887 0.01)
(0.8770666667 0.01328129887 0.01)
(0.8832 0.01328129887 0.01)
(0.8893333333 0.01328129887 0.01)
(0.8954666667 0.01328129887 0.01)
(0.9016 0.01328129887 0.01)
(0.9077333333 0.01328129887 0.01)
(0.9138666667 0.01328129887 0.01)
(0.92 0.01328129887 0.01)
(0 0.01475926263 0.01)
(0.006133333333 0.01475926263 0.01)
(0.01226666667 0.01475926263 0.01)
(0.0184 0.01475926263 0.01)
(0.02453333333 0.01475926263 0.01)
(0.03066666667 0.01475926263 0.01)
(0.0368 0.01475926263 0.01)
(0.04293333333 0.01475926263 0.01)
(0.04906666667 0.01475926263 0.01)
(0.0552 0.01475926263 0.01)
(0.06133333333 0.01475926263 0.01)
(0.06746666667 0.01475926263 0.01)
(0.0736 0.01475926263 0.01)
(0.07973333333 0.01475926263 0.01)
(0.08586666667 0.01475926263 0.01)
(0.092 0.01475926263 0.01)
(0.09813333333 0.01475926263 0.01)
(0.1042666667 0.01475926263 0.01)
(0.1104 0.01475926263 0.01)
(0.1165333333 0.01475926263 0.01)
(0.1226666667 0.01475926263 0.01)
(0.1288 0.01475926263 0.01)
(0.1349333333 0.01475926263 0.01)
(0.1410666667 0.01475926263 0.01)
(0.1472 0.01475926263 0.01)
(0.1533333333 0.01475926263 0.01)
(0.1594666667 0.01475926263 0.01)
(0.1656 0.01475926263 0.01)
(0.1717333333 0.01475926263 0.01)
(0.1778666667 0.01475926263 0.01)
(0.184 0.01475926263 0.01)
(0.1901333333 0.01475926263 0.01)
(0.1962666667 0.01475926263 0.01)
(0.2024 0.01475926263 0.01)
(0.2085333333 0.01475926263 0.01)
(0.2146666667 0.01475926263 0.01)
(0.2208 0.01475926263 0.01)
(0.2269333333 0.01475926263 0.01)
(0.2330666667 0.01475926263 0.01)
(0.2392 0.01475926263 0.01)
(0.2453333333 0.01475926263 0.01)
(0.2514666667 0.01475926263 0.01)
(0.2576 0.01475926263 0.01)
(0.2637333333 0.01475926263 0.01)
(0.2698666667 0.01475926263 0.01)
(0.276 0.01475926263 0.01)
(0.2821333333 0.01475926263 0.01)
(0.2882666667 0.01475926263 0.01)
(0.2944 0.01475926263 0.01)
(0.3005333333 0.01475926263 0.01)
(0.3066666667 0.01475926263 0.01)
(0.3128 0.01475926263 0.01)
(0.3189333333 0.01475926263 0.01)
(0.3250666667 0.01475926263 0.01)
(0.3312 0.01475926263 0.01)
(0.3373333333 0.01475926263 0.01)
(0.3434666667 0.01475926263 0.01)
(0.3496 0.01475926263 0.01)
(0.3557333333 0.01475926263 0.01)
(0.3618666667 0.01475926263 0.01)
(0.368 0.01475926263 0.01)
(0.3741333333 0.01475926263 0.01)
(0.3802666667 0.01475926263 0.01)
(0.3864 0.01475926263 0.01)
(0.3925333333 0.01475926263 0.01)
(0.3986666667 0.01475926263 0.01)
(0.4048 0.01475926263 0.01)
(0.4109333333 0.01475926263 0.01)
(0.4170666667 0.01475926263 0.01)
(0.4232 0.01475926263 0.01)
(0.4293333333 0.01475926263 0.01)
(0.4354666667 0.01475926263 0.01)
(0.4416 0.01475926263 0.01)
(0.4477333333 0.01475926263 0.01)
(0.4538666667 0.01475926263 0.01)
(0.46 0.01475926263 0.01)
(0.4661333333 0.01475926263 0.01)
(0.4722666667 0.01475926263 0.01)
(0.4784 0.01475926263 0.01)
(0.4845333333 0.01475926263 0.01)
(0.4906666667 0.01475926263 0.01)
(0.4968 0.01475926263 0.01)
(0.5029333333 0.01475926263 0.01)
(0.5090666667 0.01475926263 0.01)
(0.5152 0.01475926263 0.01)
(0.5213333333 0.01475926263 0.01)
(0.5274666667 0.01475926263 0.01)
(0.5336 0.01475926263 0.01)
(0.5397333333 0.01475926263 0.01)
(0.5458666667 0.01475926263 0.01)
(0.552 0.01475926263 0.01)
(0.5581333333 0.01475926263 0.01)
(0.5642666667 0.01475926263 0.01)
(0.5704 0.01475926263 0.01)
(0.5765333333 0.01475926263 0.01)
(0.5826666667 0.01475926263 0.01)
(0.5888 0.01475926263 0.01)
(0.5949333333 0.01475926263 0.01)
(0.6010666667 0.01475926263 0.01)
(0.6072 0.01475926263 0.01)
(0.6133333333 0.01475926263 0.01)
(0.6194666667 0.01475926263 0.01)
(0.6256 0.01475926263 0.01)
(0.6317333333 0.01475926263 0.01)
(0.6378666667 0.01475926263 0.01)
(0.644 0.01475926263 0.01)
(0.6501333333 0.01475926263 0.01)
(0.6562666667 0.01475926263 0.01)
(0.6624 0.01475926263 0.01)
(0.6685333333 0.01475926263 0.01)
(0.6746666667 0.01475926263 0.01)
(0.6808 0.01475926263 0.01)
(0.6869333333 0.01475926263 0.01)
(0.6930666667 0.01475926263 0.01)
(0.6992 0.01475926263 0.01)
(0.7053333333 0.01475926263 0.01)
(0.7114666667 0.01475926263 0.01)
(0.7176 0.01475926263 0.01)
(0.7237333333 0.01475926263 0.01)
(0.7298666667 0.01475926263 0.01)
(0.736 0.01475926263 0.01)
(0.7421333333 0.01475926263 0.01)
(0.7482666667 0.01475926263 0.01)
(0.7544 0.01475926263 0.01)
(0.7605333333 0.01475926263 0.01)
(0.7666666667 0.01475926263 0.01)
(0.7728 0.01475926263 0.01)
(0.7789333333 0.01475926263 0.01)
(0.7850666667 0.01475926263 0.01)
(0.7912 0.01475926263 0.01)
(0.7973333333 0.01475926263 0.01)
(0.8034666667 0.01475926263 0.01)
(0.8096 0.01475926263 0.01)
(0.8157333333 0.01475926263 0.01)
(0.8218666667 0.01475926263 0.01)
(0.828 0.01475926263 0.01)
(0.8341333333 0.01475926263 0.01)
(0.8402666667 0.01475926263 0.01)
(0.8464 0.01475926263 0.01)
(0.8525333333 0.01475926263 0.01)
(0.8586666667 0.01475926263 0.01)
(0.8648 0.01475926263 0.01)
(0.8709333333 0.01475926263 0.01)
(0.8770666667 0.01475926263 0.01)
(0.8832 0.01475926263 0.01)
(0.8893333333 0.01475926263 0.01)
(0.8954666667 0.01475926263 0.01)
(0.9016 0.01475926263 0.01)
(0.9077333333 0.01475926263 0.01)
(0.9138666667 0.01475926263 0.01)
(0.92 0.01475926263 0.01)
(0 0.01638499066 0.01)
(0.006133333333 0.01638499066 0.01)
(0.01226666667 0.01638499066 0.01)
(0.0184 0.01638499066 0.01)
(0.02453333333 0.01638499066 0.01)
(0.03066666667 0.01638499066 0.01)
(0.0368 0.01638499066 0.01)
(0.04293333333 0.01638499066 0.01)
(0.04906666667 0.01638499066 0.01)
(0.0552 0.01638499066 0.01)
(0.06133333333 0.01638499066 0.01)
(0.06746666667 0.01638499066 0.01)
(0.0736 0.01638499066 0.01)
(0.07973333333 0.01638499066 0.01)
(0.08586666667 0.01638499066 0.01)
(0.092 0.01638499066 0.01)
(0.09813333333 0.01638499066 0.01)
(0.1042666667 0.01638499066 0.01)
(0.1104 0.01638499066 0.01)
(0.1165333333 0.01638499066 0.01)
(0.1226666667 0.01638499066 0.01)
(0.1288 0.01638499066 0.01)
(0.1349333333 0.01638499066 0.01)
(0.1410666667 0.01638499066 0.01)
(0.1472 0.01638499066 0.01)
(0.1533333333 0.01638499066 0.01)
(0.1594666667 0.01638499066 0.01)
(0.1656 0.01638499066 0.01)
(0.1717333333 0.01638499066 0.01)
(0.1778666667 0.01638499066 0.01)
(0.184 0.01638499066 0.01)
(0.1901333333 0.01638499066 0.01)
(0.1962666667 0.01638499066 0.01)
(0.2024 0.01638499066 0.01)
(0.2085333333 0.01638499066 0.01)
(0.2146666667 0.01638499066 0.01)
(0.2208 0.01638499066 0.01)
(0.2269333333 0.01638499066 0.01)
(0.2330666667 0.01638499066 0.01)
(0.2392 0.01638499066 0.01)
(0.2453333333 0.01638499066 0.01)
(0.2514666667 0.01638499066 0.01)
(0.2576 0.01638499066 0.01)
(0.2637333333 0.01638499066 0.01)
(0.2698666667 0.01638499066 0.01)
(0.276 0.01638499066 0.01)
(0.2821333333 0.01638499066 0.01)
(0.2882666667 0.01638499066 0.01)
(0.2944 0.01638499066 0.01)
(0.3005333333 0.01638499066 0.01)
(0.3066666667 0.01638499066 0.01)
(0.3128 0.01638499066 0.01)
(0.3189333333 0.01638499066 0.01)
(0.3250666667 0.01638499066 0.01)
(0.3312 0.01638499066 0.01)
(0.3373333333 0.01638499066 0.01)
(0.3434666667 0.01638499066 0.01)
(0.3496 0.01638499066 0.01)
(0.3557333333 0.01638499066 0.01)
(0.3618666667 0.01638499066 0.01)
(0.368 0.01638499066 0.01)
(0.3741333333 0.01638499066 0.01)
(0.3802666667 0.01638499066 0.01)
(0.3864 0.01638499066 0.01)
(0.3925333333 0.01638499066 0.01)
(0.3986666667 0.01638499066 0.01)
(0.4048 0.01638499066 0.01)
(0.4109333333 0.01638499066 0.01)
(0.4170666667 0.01638499066 0.01)
(0.4232 0.01638499066 0.01)
(0.4293333333 0.01638499066 0.01)
(0.4354666667 0.01638499066 0.01)
(0.4416 0.01638499066 0.01)
(0.4477333333 0.01638499066 0.01)
(0.4538666667 0.01638499066 0.01)
(0.46 0.01638499066 0.01)
(0.4661333333 0.01638499066 0.01)
(0.4722666667 0.01638499066 0.01)
(0.4784 0.01638499066 0.01)
(0.4845333333 0.01638499066 0.01)
(0.4906666667 0.01638499066 0.01)
(0.4968 0.01638499066 0.01)
(0.5029333333 0.01638499066 0.01)
(0.5090666667 0.01638499066 0.01)
(0.5152 0.01638499066 0.01)
(0.5213333333 0.01638499066 0.01)
(0.5274666667 0.01638499066 0.01)
(0.5336 0.01638499066 0.01)
(0.5397333333 0.01638499066 0.01)
(0.5458666667 0.01638499066 0.01)
(0.552 0.01638499066 0.01)
(0.5581333333 0.01638499066 0.01)
(0.5642666667 0.01638499066 0.01)
(0.5704 0.01638499066 0.01)
(0.5765333333 0.01638499066 0.01)
(0.5826666667 0.01638499066 0.01)
(0.5888 0.01638499066 0.01)
(0.5949333333 0.01638499066 0.01)
(0.6010666667 0.01638499066 0.01)
(0.6072 0.01638499066 0.01)
(0.6133333333 0.01638499066 0.01)
(0.6194666667 0.01638499066 0.01)
(0.6256 0.01638499066 0.01)
(0.6317333333 0.01638499066 0.01)
(0.6378666667 0.01638499066 0.01)
(0.644 0.01638499066 0.01)
(0.6501333333 0.01638499066 0.01)
(0.6562666667 0.01638499066 0.01)
(0.6624 0.01638499066 0.01)
(0.6685333333 0.01638499066 0.01)
(0.6746666667 0.01638499066 0.01)
(0.6808 0.01638499066 0.01)
(0.6869333333 0.01638499066 0.01)
(0.6930666667 0.01638499066 0.01)
(0.6992 0.01638499066 0.01)
(0.7053333333 0.01638499066 0.01)
(0.7114666667 0.01638499066 0.01)
(0.7176 0.01638499066 0.01)
(0.7237333333 0.01638499066 0.01)
(0.7298666667 0.01638499066 0.01)
(0.736 0.01638499066 0.01)
(0.7421333333 0.01638499066 0.01)
(0.7482666667 0.01638499066 0.01)
(0.7544 0.01638499066 0.01)
(0.7605333333 0.01638499066 0.01)
(0.7666666667 0.01638499066 0.01)
(0.7728 0.01638499066 0.01)
(0.7789333333 0.01638499066 0.01)
(0.7850666667 0.01638499066 0.01)
(0.7912 0.01638499066 0.01)
(0.7973333333 0.01638499066 0.01)
(0.8034666667 0.01638499066 0.01)
(0.8096 0.01638499066 0.01)
(0.8157333333 0.01638499066 0.01)
(0.8218666667 0.01638499066 0.01)
(0.828 0.01638499066 0.01)
(0.8341333333 0.01638499066 0.01)
(0.8402666667 0.01638499066 0.01)
(0.8464 0.01638499066 0.01)
(0.8525333333 0.01638499066 0.01)
(0.8586666667 0.01638499066 0.01)
(0.8648 0.01638499066 0.01)
(0.8709333333 0.01638499066 0.01)
(0.8770666667 0.01638499066 0.01)
(0.8832 0.01638499066 0.01)
(0.8893333333 0.01638499066 0.01)
(0.8954666667 0.01638499066 0.01)
(0.9016 0.01638499066 0.01)
(0.9077333333 0.01638499066 0.01)
(0.9138666667 0.01638499066 0.01)
(0.92 0.01638499066 0.01)
(0 0.0181732562 0.01)
(0.006133333333 0.0181732562 0.01)
(0.01226666667 0.0181732562 0.01)
(0.0184 0.0181732562 0.01)
(0.02453333333 0.0181732562 0.01)
(0.03066666667 0.0181732562 0.01)
(0.0368 0.0181732562 0.01)
(0.04293333333 0.0181732562 0.01)
(0.04906666667 0.0181732562 0.01)
(0.0552 0.0181732562 0.01)
(0.06133333333 0.0181732562 0.01)
(0.06746666667 0.0181732562 0.01)
(0.0736 0.0181732562 0.01)
(0.07973333333 0.0181732562 0.01)
(0.08586666667 0.0181732562 0.01)
(0.092 0.0181732562 0.01)
(0.09813333333 0.0181732562 0.01)
(0.1042666667 0.0181732562 0.01)
(0.1104 0.0181732562 0.01)
(0.1165333333 0.0181732562 0.01)
(0.1226666667 0.0181732562 0.01)
(0.1288 0.0181732562 0.01)
(0.1349333333 0.0181732562 0.01)
(0.1410666667 0.0181732562 0.01)
(0.1472 0.0181732562 0.01)
(0.1533333333 0.0181732562 0.01)
(0.1594666667 0.0181732562 0.01)
(0.1656 0.0181732562 0.01)
(0.1717333333 0.0181732562 0.01)
(0.1778666667 0.0181732562 0.01)
(0.184 0.0181732562 0.01)
(0.1901333333 0.0181732562 0.01)
(0.1962666667 0.0181732562 0.01)
(0.2024 0.0181732562 0.01)
(0.2085333333 0.0181732562 0.01)
(0.2146666667 0.0181732562 0.01)
(0.2208 0.0181732562 0.01)
(0.2269333333 0.0181732562 0.01)
(0.2330666667 0.0181732562 0.01)
(0.2392 0.0181732562 0.01)
(0.2453333333 0.0181732562 0.01)
(0.2514666667 0.0181732562 0.01)
(0.2576 0.0181732562 0.01)
(0.2637333333 0.0181732562 0.01)
(0.2698666667 0.0181732562 0.01)
(0.276 0.0181732562 0.01)
(0.2821333333 0.0181732562 0.01)
(0.2882666667 0.0181732562 0.01)
(0.2944 0.0181732562 0.01)
(0.3005333333 0.0181732562 0.01)
(0.3066666667 0.0181732562 0.01)
(0.3128 0.0181732562 0.01)
(0.3189333333 0.0181732562 0.01)
(0.3250666667 0.0181732562 0.01)
(0.3312 0.0181732562 0.01)
(0.3373333333 0.0181732562 0.01)
(0.3434666667 0.0181732562 0.01)
(0.3496 0.0181732562 0.01)
(0.3557333333 0.0181732562 0.01)
(0.3618666667 0.0181732562 0.01)
(0.368 0.0181732562 0.01)
(0.3741333333 0.0181732562 0.01)
(0.3802666667 0.0181732562 0.01)
(0.3864 0.0181732562 0.01)
(0.3925333333 0.0181732562 0.01)
(0.3986666667 0.0181732562 0.01)
(0.4048 0.0181732562 0.01)
(0.4109333333 0.0181732562 0.01)
(0.4170666667 0.0181732562 0.01)
(0.4232 0.0181732562 0.01)
(0.4293333333 0.0181732562 0.01)
(0.4354666667 0.0181732562 0.01)
(0.4416 0.0181732562 0.01)
(0.4477333333 0.0181732562 0.01)
(0.4538666667 0.0181732562 0.01)
(0.46 0.0181732562 0.01)
(0.4661333333 0.0181732562 0.01)
(0.4722666667 0.0181732562 0.01)
(0.4784 0.0181732562 0.01)
(0.4845333333 0.0181732562 0.01)
(0.4906666667 0.0181732562 0.01)
(0.4968 0.0181732562 0.01)
(0.5029333333 0.0181732562 0.01)
(0.5090666667 0.0181732562 0.01)
(0.5152 0.0181732562 0.01)
(0.5213333333 0.0181732562 0.01)
(0.5274666667 0.0181732562 0.01)
(0.5336 0.0181732562 0.01)
(0.5397333333 0.0181732562 0.01)
(0.5458666667 0.0181732562 0.01)
(0.552 0.0181732562 0.01)
(0.5581333333 0.0181732562 0.01)
(0.5642666667 0.0181732562 0.01)
(0.5704 0.0181732562 0.01)
(0.5765333333 0.0181732562 0.01)
(0.5826666667 0.0181732562 0.01)
(0.5888 0.0181732562 0.01)
(0.5949333333 0.0181732562 0.01)
(0.6010666667 0.0181732562 0.01)
(0.6072 0.0181732562 0.01)
(0.6133333333 0.0181732562 0.01)
(0.6194666667 0.0181732562 0.01)
(0.6256 0.0181732562 0.01)
(0.6317333333 0.0181732562 0.01)
(0.6378666667 0.0181732562 0.01)
(0.644 0.0181732562 0.01)
(0.6501333333 0.0181732562 0.01)
(0.6562666667 0.0181732562 0.01)
(0.6624 0.0181732562 0.01)
(0.6685333333 0.0181732562 0.01)
(0.6746666667 0.0181732562 0.01)
(0.6808 0.0181732562 0.01)
(0.6869333333 0.0181732562 0.01)
(0.6930666667 0.0181732562 0.01)
(0.6992 0.0181732562 0.01)
(0.7053333333 0.0181732562 0.01)
(0.7114666667 0.0181732562 0.01)
(0.7176 0.0181732562 0.01)
(0.7237333333 0.0181732562 0.01)
(0.7298666667 0.0181732562 0.01)
(0.736 0.0181732562 0.01)
(0.7421333333 0.0181732562 0.01)
(0.7482666667 0.0181732562 0.01)
(0.7544 0.0181732562 0.01)
(0.7605333333 0.0181732562 0.01)
(0.7666666667 0.0181732562 0.01)
(0.7728 0.0181732562 0.01)
(0.7789333333 0.0181732562 0.01)
(0.7850666667 0.0181732562 0.01)
(0.7912 0.0181732562 0.01)
(0.7973333333 0.0181732562 0.01)
(0.8034666667 0.0181732562 0.01)
(0.8096 0.0181732562 0.01)
(0.8157333333 0.0181732562 0.01)
(0.8218666667 0.0181732562 0.01)
(0.828 0.0181732562 0.01)
(0.8341333333 0.0181732562 0.01)
(0.8402666667 0.0181732562 0.01)
(0.8464 0.0181732562 0.01)
(0.8525333333 0.0181732562 0.01)
(0.8586666667 0.0181732562 0.01)
(0.8648 0.0181732562 0.01)
(0.8709333333 0.0181732562 0.01)
(0.8770666667 0.0181732562 0.01)
(0.8832 0.0181732562 0.01)
(0.8893333333 0.0181732562 0.01)
(0.8954666667 0.0181732562 0.01)
(0.9016 0.0181732562 0.01)
(0.9077333333 0.0181732562 0.01)
(0.9138666667 0.0181732562 0.01)
(0.92 0.0181732562 0.01)
(0 0.02014030946 0.01)
(0.006133333333 0.02014030946 0.01)
(0.01226666667 0.02014030946 0.01)
(0.0184 0.02014030946 0.01)
(0.02453333333 0.02014030946 0.01)
(0.03066666667 0.02014030946 0.01)
(0.0368 0.02014030946 0.01)
(0.04293333333 0.02014030946 0.01)
(0.04906666667 0.02014030946 0.01)
(0.0552 0.02014030946 0.01)
(0.06133333333 0.02014030946 0.01)
(0.06746666667 0.02014030946 0.01)
(0.0736 0.02014030946 0.01)
(0.07973333333 0.02014030946 0.01)
(0.08586666667 0.02014030946 0.01)
(0.092 0.02014030946 0.01)
(0.09813333333 0.02014030946 0.01)
(0.1042666667 0.02014030946 0.01)
(0.1104 0.02014030946 0.01)
(0.1165333333 0.02014030946 0.01)
(0.1226666667 0.02014030946 0.01)
(0.1288 0.02014030946 0.01)
(0.1349333333 0.02014030946 0.01)
(0.1410666667 0.02014030946 0.01)
(0.1472 0.02014030946 0.01)
(0.1533333333 0.02014030946 0.01)
(0.1594666667 0.02014030946 0.01)
(0.1656 0.02014030946 0.01)
(0.1717333333 0.02014030946 0.01)
(0.1778666667 0.02014030946 0.01)
(0.184 0.02014030946 0.01)
(0.1901333333 0.02014030946 0.01)
(0.1962666667 0.02014030946 0.01)
(0.2024 0.02014030946 0.01)
(0.2085333333 0.02014030946 0.01)
(0.2146666667 0.02014030946 0.01)
(0.2208 0.02014030946 0.01)
(0.2269333333 0.02014030946 0.01)
(0.2330666667 0.02014030946 0.01)
(0.2392 0.02014030946 0.01)
(0.2453333333 0.02014030946 0.01)
(0.2514666667 0.02014030946 0.01)
(0.2576 0.02014030946 0.01)
(0.2637333333 0.02014030946 0.01)
(0.2698666667 0.02014030946 0.01)
(0.276 0.02014030946 0.01)
(0.2821333333 0.02014030946 0.01)
(0.2882666667 0.02014030946 0.01)
(0.2944 0.02014030946 0.01)
(0.3005333333 0.02014030946 0.01)
(0.3066666667 0.02014030946 0.01)
(0.3128 0.02014030946 0.01)
(0.3189333333 0.02014030946 0.01)
(0.3250666667 0.02014030946 0.01)
(0.3312 0.02014030946 0.01)
(0.3373333333 0.02014030946 0.01)
(0.3434666667 0.02014030946 0.01)
(0.3496 0.02014030946 0.01)
(0.3557333333 0.02014030946 0.01)
(0.3618666667 0.02014030946 0.01)
(0.368 0.02014030946 0.01)
(0.3741333333 0.02014030946 0.01)
(0.3802666667 0.02014030946 0.01)
(0.3864 0.02014030946 0.01)
(0.3925333333 0.02014030946 0.01)
(0.3986666667 0.02014030946 0.01)
(0.4048 0.02014030946 0.01)
(0.4109333333 0.02014030946 0.01)
(0.4170666667 0.02014030946 0.01)
(0.4232 0.02014030946 0.01)
(0.4293333333 0.02014030946 0.01)
(0.4354666667 0.02014030946 0.01)
(0.4416 0.02014030946 0.01)
(0.4477333333 0.02014030946 0.01)
(0.4538666667 0.02014030946 0.01)
(0.46 0.02014030946 0.01)
(0.4661333333 0.02014030946 0.01)
(0.4722666667 0.02014030946 0.01)
(0.4784 0.02014030946 0.01)
(0.4845333333 0.02014030946 0.01)
(0.4906666667 0.02014030946 0.01)
(0.4968 0.02014030946 0.01)
(0.5029333333 0.02014030946 0.01)
(0.5090666667 0.02014030946 0.01)
(0.5152 0.02014030946 0.01)
(0.5213333333 0.02014030946 0.01)
(0.5274666667 0.02014030946 0.01)
(0.5336 0.02014030946 0.01)
(0.5397333333 0.02014030946 0.01)
(0.5458666667 0.02014030946 0.01)
(0.552 0.02014030946 0.01)
(0.5581333333 0.02014030946 0.01)
(0.5642666667 0.02014030946 0.01)
(0.5704 0.02014030946 0.01)
(0.5765333333 0.02014030946 0.01)
(0.5826666667 0.02014030946 0.01)
(0.5888 0.02014030946 0.01)
(0.5949333333 0.02014030946 0.01)
(0.6010666667 0.02014030946 0.01)
(0.6072 0.02014030946 0.01)
(0.6133333333 0.02014030946 0.01)
(0.6194666667 0.02014030946 0.01)
(0.6256 0.02014030946 0.01)
(0.6317333333 0.02014030946 0.01)
(0.6378666667 0.02014030946 0.01)
(0.644 0.02014030946 0.01)
(0.6501333333 0.02014030946 0.01)
(0.6562666667 0.02014030946 0.01)
(0.6624 0.02014030946 0.01)
(0.6685333333 0.02014030946 0.01)
(0.6746666667 0.02014030946 0.01)
(0.6808 0.02014030946 0.01)
(0.6869333333 0.02014030946 0.01)
(0.6930666667 0.02014030946 0.01)
(0.6992 0.02014030946 0.01)
(0.7053333333 0.02014030946 0.01)
(0.7114666667 0.02014030946 0.01)
(0.7176 0.02014030946 0.01)
(0.7237333333 0.02014030946 0.01)
(0.7298666667 0.02014030946 0.01)
(0.736 0.02014030946 0.01)
(0.7421333333 0.02014030946 0.01)
(0.7482666667 0.02014030946 0.01)
(0.7544 0.02014030946 0.01)
(0.7605333333 0.02014030946 0.01)
(0.7666666667 0.02014030946 0.01)
(0.7728 0.02014030946 0.01)
(0.7789333333 0.02014030946 0.01)
(0.7850666667 0.02014030946 0.01)
(0.7912 0.02014030946 0.01)
(0.7973333333 0.02014030946 0.01)
(0.8034666667 0.02014030946 0.01)
(0.8096 0.02014030946 0.01)
(0.8157333333 0.02014030946 0.01)
(0.8218666667 0.02014030946 0.01)
(0.828 0.02014030946 0.01)
(0.8341333333 0.02014030946 0.01)
(0.8402666667 0.02014030946 0.01)
(0.8464 0.02014030946 0.01)
(0.8525333333 0.02014030946 0.01)
(0.8586666667 0.02014030946 0.01)
(0.8648 0.02014030946 0.01)
(0.8709333333 0.02014030946 0.01)
(0.8770666667 0.02014030946 0.01)
(0.8832 0.02014030946 0.01)
(0.8893333333 0.02014030946 0.01)
(0.8954666667 0.02014030946 0.01)
(0.9016 0.02014030946 0.01)
(0.9077333333 0.02014030946 0.01)
(0.9138666667 0.02014030946 0.01)
(0.92 0.02014030946 0.01)
(0 0.02230402533 0.01)
(0.006133333333 0.02230402533 0.01)
(0.01226666667 0.02230402533 0.01)
(0.0184 0.02230402533 0.01)
(0.02453333333 0.02230402533 0.01)
(0.03066666667 0.02230402533 0.01)
(0.0368 0.02230402533 0.01)
(0.04293333333 0.02230402533 0.01)
(0.04906666667 0.02230402533 0.01)
(0.0552 0.02230402533 0.01)
(0.06133333333 0.02230402533 0.01)
(0.06746666667 0.02230402533 0.01)
(0.0736 0.02230402533 0.01)
(0.07973333333 0.02230402533 0.01)
(0.08586666667 0.02230402533 0.01)
(0.092 0.02230402533 0.01)
(0.09813333333 0.02230402533 0.01)
(0.1042666667 0.02230402533 0.01)
(0.1104 0.02230402533 0.01)
(0.1165333333 0.02230402533 0.01)
(0.1226666667 0.02230402533 0.01)
(0.1288 0.02230402533 0.01)
(0.1349333333 0.02230402533 0.01)
(0.1410666667 0.02230402533 0.01)
(0.1472 0.02230402533 0.01)
(0.1533333333 0.02230402533 0.01)
(0.1594666667 0.02230402533 0.01)
(0.1656 0.02230402533 0.01)
(0.1717333333 0.02230402533 0.01)
(0.1778666667 0.02230402533 0.01)
(0.184 0.02230402533 0.01)
(0.1901333333 0.02230402533 0.01)
(0.1962666667 0.02230402533 0.01)
(0.2024 0.02230402533 0.01)
(0.2085333333 0.02230402533 0.01)
(0.2146666667 0.02230402533 0.01)
(0.2208 0.02230402533 0.01)
(0.2269333333 0.02230402533 0.01)
(0.2330666667 0.02230402533 0.01)
(0.2392 0.02230402533 0.01)
(0.2453333333 0.02230402533 0.01)
(0.2514666667 0.02230402533 0.01)
(0.2576 0.02230402533 0.01)
(0.2637333333 0.02230402533 0.01)
(0.2698666667 0.02230402533 0.01)
(0.276 0.02230402533 0.01)
(0.2821333333 0.02230402533 0.01)
(0.2882666667 0.02230402533 0.01)
(0.2944 0.02230402533 0.01)
(0.3005333333 0.02230402533 0.01)
(0.3066666667 0.02230402533 0.01)
(0.3128 0.02230402533 0.01)
(0.3189333333 0.02230402533 0.01)
(0.3250666667 0.02230402533 0.01)
(0.3312 0.02230402533 0.01)
(0.3373333333 0.02230402533 0.01)
(0.3434666667 0.02230402533 0.01)
(0.3496 0.02230402533 0.01)
(0.3557333333 0.02230402533 0.01)
(0.3618666667 0.02230402533 0.01)
(0.368 0.02230402533 0.01)
(0.3741333333 0.02230402533 0.01)
(0.3802666667 0.02230402533 0.01)
(0.3864 0.02230402533 0.01)
(0.3925333333 0.02230402533 0.01)
(0.3986666667 0.02230402533 0.01)
(0.4048 0.02230402533 0.01)
(0.4109333333 0.02230402533 0.01)
(0.4170666667 0.02230402533 0.01)
(0.4232 0.02230402533 0.01)
(0.4293333333 0.02230402533 0.01)
(0.4354666667 0.02230402533 0.01)
(0.4416 0.02230402533 0.01)
(0.4477333333 0.02230402533 0.01)
(0.4538666667 0.02230402533 0.01)
(0.46 0.02230402533 0.01)
(0.4661333333 0.02230402533 0.01)
(0.4722666667 0.02230402533 0.01)
(0.4784 0.02230402533 0.01)
(0.4845333333 0.02230402533 0.01)
(0.4906666667 0.02230402533 0.01)
(0.4968 0.02230402533 0.01)
(0.5029333333 0.02230402533 0.01)
(0.5090666667 0.02230402533 0.01)
(0.5152 0.02230402533 0.01)
(0.5213333333 0.02230402533 0.01)
(0.5274666667 0.02230402533 0.01)
(0.5336 0.02230402533 0.01)
(0.5397333333 0.02230402533 0.01)
(0.5458666667 0.02230402533 0.01)
(0.552 0.02230402533 0.01)
(0.5581333333 0.02230402533 0.01)
(0.5642666667 0.02230402533 0.01)
(0.5704 0.02230402533 0.01)
(0.5765333333 0.02230402533 0.01)
(0.5826666667 0.02230402533 0.01)
(0.5888 0.02230402533 0.01)
(0.5949333333 0.02230402533 0.01)
(0.6010666667 0.02230402533 0.01)
(0.6072 0.02230402533 0.01)
(0.6133333333 0.02230402533 0.01)
(0.6194666667 0.02230402533 0.01)
(0.6256 0.02230402533 0.01)
(0.6317333333 0.02230402533 0.01)
(0.6378666667 0.02230402533 0.01)
(0.644 0.02230402533 0.01)
(0.6501333333 0.02230402533 0.01)
(0.6562666667 0.02230402533 0.01)
(0.6624 0.02230402533 0.01)
(0.6685333333 0.02230402533 0.01)
(0.6746666667 0.02230402533 0.01)
(0.6808 0.02230402533 0.01)
(0.6869333333 0.02230402533 0.01)
(0.6930666667 0.02230402533 0.01)
(0.6992 0.02230402533 0.01)
(0.7053333333 0.02230402533 0.01)
(0.7114666667 0.02230402533 0.01)
(0.7176 0.02230402533 0.01)
(0.7237333333 0.02230402533 0.01)
(0.7298666667 0.02230402533 0.01)
(0.736 0.02230402533 0.01)
(0.7421333333 0.02230402533 0.01)
(0.7482666667 0.02230402533 0.01)
(0.7544 0.02230402533 0.01)
(0.7605333333 0.02230402533 0.01)
(0.7666666667 0.02230402533 0.01)
(0.7728 0.02230402533 0.01)
(0.7789333333 0.02230402533 0.01)
(0.7850666667 0.02230402533 0.01)
(0.7912 0.02230402533 0.01)
(0.7973333333 0.02230402533 0.01)
(0.8034666667 0.02230402533 0.01)
(0.8096 0.02230402533 0.01)
(0.8157333333 0.02230402533 0.01)
(0.8218666667 0.02230402533 0.01)
(0.828 0.02230402533 0.01)
(0.8341333333 0.02230402533 0.01)
(0.8402666667 0.02230402533 0.01)
(0.8464 0.02230402533 0.01)
(0.8525333333 0.02230402533 0.01)
(0.8586666667 0.02230402533 0.01)
(0.8648 0.02230402533 0.01)
(0.8709333333 0.02230402533 0.01)
(0.8770666667 0.02230402533 0.01)
(0.8832 0.02230402533 0.01)
(0.8893333333 0.02230402533 0.01)
(0.8954666667 0.02230402533 0.01)
(0.9016 0.02230402533 0.01)
(0.9077333333 0.02230402533 0.01)
(0.9138666667 0.02230402533 0.01)
(0.92 0.02230402533 0.01)
(0 0.02468406581 0.01)
(0.006133333333 0.02468406581 0.01)
(0.01226666667 0.02468406581 0.01)
(0.0184 0.02468406581 0.01)
(0.02453333333 0.02468406581 0.01)
(0.03066666667 0.02468406581 0.01)
(0.0368 0.02468406581 0.01)
(0.04293333333 0.02468406581 0.01)
(0.04906666667 0.02468406581 0.01)
(0.0552 0.02468406581 0.01)
(0.06133333333 0.02468406581 0.01)
(0.06746666667 0.02468406581 0.01)
(0.0736 0.02468406581 0.01)
(0.07973333333 0.02468406581 0.01)
(0.08586666667 0.02468406581 0.01)
(0.092 0.02468406581 0.01)
(0.09813333333 0.02468406581 0.01)
(0.1042666667 0.02468406581 0.01)
(0.1104 0.02468406581 0.01)
(0.1165333333 0.02468406581 0.01)
(0.1226666667 0.02468406581 0.01)
(0.1288 0.02468406581 0.01)
(0.1349333333 0.02468406581 0.01)
(0.1410666667 0.02468406581 0.01)
(0.1472 0.02468406581 0.01)
(0.1533333333 0.02468406581 0.01)
(0.1594666667 0.02468406581 0.01)
(0.1656 0.02468406581 0.01)
(0.1717333333 0.02468406581 0.01)
(0.1778666667 0.02468406581 0.01)
(0.184 0.02468406581 0.01)
(0.1901333333 0.02468406581 0.01)
(0.1962666667 0.02468406581 0.01)
(0.2024 0.02468406581 0.01)
(0.2085333333 0.02468406581 0.01)
(0.2146666667 0.02468406581 0.01)
(0.2208 0.02468406581 0.01)
(0.2269333333 0.02468406581 0.01)
(0.2330666667 0.02468406581 0.01)
(0.2392 0.02468406581 0.01)
(0.2453333333 0.02468406581 0.01)
(0.2514666667 0.02468406581 0.01)
(0.2576 0.02468406581 0.01)
(0.2637333333 0.02468406581 0.01)
(0.2698666667 0.02468406581 0.01)
(0.276 0.02468406581 0.01)
(0.2821333333 0.02468406581 0.01)
(0.2882666667 0.02468406581 0.01)
(0.2944 0.02468406581 0.01)
(0.3005333333 0.02468406581 0.01)
(0.3066666667 0.02468406581 0.01)
(0.3128 0.02468406581 0.01)
(0.3189333333 0.02468406581 0.01)
(0.3250666667 0.02468406581 0.01)
(0.3312 0.02468406581 0.01)
(0.3373333333 0.02468406581 0.01)
(0.3434666667 0.02468406581 0.01)
(0.3496 0.02468406581 0.01)
(0.3557333333 0.02468406581 0.01)
(0.3618666667 0.02468406581 0.01)
(0.368 0.02468406581 0.01)
(0.3741333333 0.02468406581 0.01)
(0.3802666667 0.02468406581 0.01)
(0.3864 0.02468406581 0.01)
(0.3925333333 0.02468406581 0.01)
(0.3986666667 0.02468406581 0.01)
(0.4048 0.02468406581 0.01)
(0.4109333333 0.02468406581 0.01)
(0.4170666667 0.02468406581 0.01)
(0.4232 0.02468406581 0.01)
(0.4293333333 0.02468406581 0.01)
(0.4354666667 0.02468406581 0.01)
(0.4416 0.02468406581 0.01)
(0.4477333333 0.02468406581 0.01)
(0.4538666667 0.02468406581 0.01)
(0.46 0.02468406581 0.01)
(0.4661333333 0.02468406581 0.01)
(0.4722666667 0.02468406581 0.01)
(0.4784 0.02468406581 0.01)
(0.4845333333 0.02468406581 0.01)
(0.4906666667 0.02468406581 0.01)
(0.4968 0.02468406581 0.01)
(0.5029333333 0.02468406581 0.01)
(0.5090666667 0.02468406581 0.01)
(0.5152 0.02468406581 0.01)
(0.5213333333 0.02468406581 0.01)
(0.5274666667 0.02468406581 0.01)
(0.5336 0.02468406581 0.01)
(0.5397333333 0.02468406581 0.01)
(0.5458666667 0.02468406581 0.01)
(0.552 0.02468406581 0.01)
(0.5581333333 0.02468406581 0.01)
(0.5642666667 0.02468406581 0.01)
(0.5704 0.02468406581 0.01)
(0.5765333333 0.02468406581 0.01)
(0.5826666667 0.02468406581 0.01)
(0.5888 0.02468406581 0.01)
(0.5949333333 0.02468406581 0.01)
(0.6010666667 0.02468406581 0.01)
(0.6072 0.02468406581 0.01)
(0.6133333333 0.02468406581 0.01)
(0.6194666667 0.02468406581 0.01)
(0.6256 0.02468406581 0.01)
(0.6317333333 0.02468406581 0.01)
(0.6378666667 0.02468406581 0.01)
(0.644 0.02468406581 0.01)
(0.6501333333 0.02468406581 0.01)
(0.6562666667 0.02468406581 0.01)
(0.6624 0.02468406581 0.01)
(0.6685333333 0.02468406581 0.01)
(0.6746666667 0.02468406581 0.01)
(0.6808 0.02468406581 0.01)
(0.6869333333 0.02468406581 0.01)
(0.6930666667 0.02468406581 0.01)
(0.6992 0.02468406581 0.01)
(0.7053333333 0.02468406581 0.01)
(0.7114666667 0.02468406581 0.01)
(0.7176 0.02468406581 0.01)
(0.7237333333 0.02468406581 0.01)
(0.7298666667 0.02468406581 0.01)
(0.736 0.02468406581 0.01)
(0.7421333333 0.02468406581 0.01)
(0.7482666667 0.02468406581 0.01)
(0.7544 0.02468406581 0.01)
(0.7605333333 0.02468406581 0.01)
(0.7666666667 0.02468406581 0.01)
(0.7728 0.02468406581 0.01)
(0.7789333333 0.02468406581 0.01)
(0.7850666667 0.02468406581 0.01)
(0.7912 0.02468406581 0.01)
(0.7973333333 0.02468406581 0.01)
(0.8034666667 0.02468406581 0.01)
(0.8096 0.02468406581 0.01)
(0.8157333333 0.02468406581 0.01)
(0.8218666667 0.02468406581 0.01)
(0.828 0.02468406581 0.01)
(0.8341333333 0.02468406581 0.01)
(0.8402666667 0.02468406581 0.01)
(0.8464 0.02468406581 0.01)
(0.8525333333 0.02468406581 0.01)
(0.8586666667 0.02468406581 0.01)
(0.8648 0.02468406581 0.01)
(0.8709333333 0.02468406581 0.01)
(0.8770666667 0.02468406581 0.01)
(0.8832 0.02468406581 0.01)
(0.8893333333 0.02468406581 0.01)
(0.8954666667 0.02468406581 0.01)
(0.9016 0.02468406581 0.01)
(0.9077333333 0.02468406581 0.01)
(0.9138666667 0.02468406581 0.01)
(0.92 0.02468406581 0.01)
(0 0.02730205865 0.01)
(0.006133333333 0.02730205865 0.01)
(0.01226666667 0.02730205865 0.01)
(0.0184 0.02730205865 0.01)
(0.02453333333 0.02730205865 0.01)
(0.03066666667 0.02730205865 0.01)
(0.0368 0.02730205865 0.01)
(0.04293333333 0.02730205865 0.01)
(0.04906666667 0.02730205865 0.01)
(0.0552 0.02730205865 0.01)
(0.06133333333 0.02730205865 0.01)
(0.06746666667 0.02730205865 0.01)
(0.0736 0.02730205865 0.01)
(0.07973333333 0.02730205865 0.01)
(0.08586666667 0.02730205865 0.01)
(0.092 0.02730205865 0.01)
(0.09813333333 0.02730205865 0.01)
(0.1042666667 0.02730205865 0.01)
(0.1104 0.02730205865 0.01)
(0.1165333333 0.02730205865 0.01)
(0.1226666667 0.02730205865 0.01)
(0.1288 0.02730205865 0.01)
(0.1349333333 0.02730205865 0.01)
(0.1410666667 0.02730205865 0.01)
(0.1472 0.02730205865 0.01)
(0.1533333333 0.02730205865 0.01)
(0.1594666667 0.02730205865 0.01)
(0.1656 0.02730205865 0.01)
(0.1717333333 0.02730205865 0.01)
(0.1778666667 0.02730205865 0.01)
(0.184 0.02730205865 0.01)
(0.1901333333 0.02730205865 0.01)
(0.1962666667 0.02730205865 0.01)
(0.2024 0.02730205865 0.01)
(0.2085333333 0.02730205865 0.01)
(0.2146666667 0.02730205865 0.01)
(0.2208 0.02730205865 0.01)
(0.2269333333 0.02730205865 0.01)
(0.2330666667 0.02730205865 0.01)
(0.2392 0.02730205865 0.01)
(0.2453333333 0.02730205865 0.01)
(0.2514666667 0.02730205865 0.01)
(0.2576 0.02730205865 0.01)
(0.2637333333 0.02730205865 0.01)
(0.2698666667 0.02730205865 0.01)
(0.276 0.02730205865 0.01)
(0.2821333333 0.02730205865 0.01)
(0.2882666667 0.02730205865 0.01)
(0.2944 0.02730205865 0.01)
(0.3005333333 0.02730205865 0.01)
(0.3066666667 0.02730205865 0.01)
(0.3128 0.02730205865 0.01)
(0.3189333333 0.02730205865 0.01)
(0.3250666667 0.02730205865 0.01)
(0.3312 0.02730205865 0.01)
(0.3373333333 0.02730205865 0.01)
(0.3434666667 0.02730205865 0.01)
(0.3496 0.02730205865 0.01)
(0.3557333333 0.02730205865 0.01)
(0.3618666667 0.02730205865 0.01)
(0.368 0.02730205865 0.01)
(0.3741333333 0.02730205865 0.01)
(0.3802666667 0.02730205865 0.01)
(0.3864 0.02730205865 0.01)
(0.3925333333 0.02730205865 0.01)
(0.3986666667 0.02730205865 0.01)
(0.4048 0.02730205865 0.01)
(0.4109333333 0.02730205865 0.01)
(0.4170666667 0.02730205865 0.01)
(0.4232 0.02730205865 0.01)
(0.4293333333 0.02730205865 0.01)
(0.4354666667 0.02730205865 0.01)
(0.4416 0.02730205865 0.01)
(0.4477333333 0.02730205865 0.01)
(0.4538666667 0.02730205865 0.01)
(0.46 0.02730205865 0.01)
(0.4661333333 0.02730205865 0.01)
(0.4722666667 0.02730205865 0.01)
(0.4784 0.02730205865 0.01)
(0.4845333333 0.02730205865 0.01)
(0.4906666667 0.02730205865 0.01)
(0.4968 0.02730205865 0.01)
(0.5029333333 0.02730205865 0.01)
(0.5090666667 0.02730205865 0.01)
(0.5152 0.02730205865 0.01)
(0.5213333333 0.02730205865 0.01)
(0.5274666667 0.02730205865 0.01)
(0.5336 0.02730205865 0.01)
(0.5397333333 0.02730205865 0.01)
(0.5458666667 0.02730205865 0.01)
(0.552 0.02730205865 0.01)
(0.5581333333 0.02730205865 0.01)
(0.5642666667 0.02730205865 0.01)
(0.5704 0.02730205865 0.01)
(0.5765333333 0.02730205865 0.01)
(0.5826666667 0.02730205865 0.01)
(0.5888 0.02730205865 0.01)
(0.5949333333 0.02730205865 0.01)
(0.6010666667 0.02730205865 0.01)
(0.6072 0.02730205865 0.01)
(0.6133333333 0.02730205865 0.01)
(0.6194666667 0.02730205865 0.01)
(0.6256 0.02730205865 0.01)
(0.6317333333 0.02730205865 0.01)
(0.6378666667 0.02730205865 0.01)
(0.644 0.02730205865 0.01)
(0.6501333333 0.02730205865 0.01)
(0.6562666667 0.02730205865 0.01)
(0.6624 0.02730205865 0.01)
(0.6685333333 0.02730205865 0.01)
(0.6746666667 0.02730205865 0.01)
(0.6808 0.02730205865 0.01)
(0.6869333333 0.02730205865 0.01)
(0.6930666667 0.02730205865 0.01)
(0.6992 0.02730205865 0.01)
(0.7053333333 0.02730205865 0.01)
(0.7114666667 0.02730205865 0.01)
(0.7176 0.02730205865 0.01)
(0.7237333333 0.02730205865 0.01)
(0.7298666667 0.02730205865 0.01)
(0.736 0.02730205865 0.01)
(0.7421333333 0.02730205865 0.01)
(0.7482666667 0.02730205865 0.01)
(0.7544 0.02730205865 0.01)
(0.7605333333 0.02730205865 0.01)
(0.7666666667 0.02730205865 0.01)
(0.7728 0.02730205865 0.01)
(0.7789333333 0.02730205865 0.01)
(0.7850666667 0.02730205865 0.01)
(0.7912 0.02730205865 0.01)
(0.7973333333 0.02730205865 0.01)
(0.8034666667 0.02730205865 0.01)
(0.8096 0.02730205865 0.01)
(0.8157333333 0.02730205865 0.01)
(0.8218666667 0.02730205865 0.01)
(0.828 0.02730205865 0.01)
(0.8341333333 0.02730205865 0.01)
(0.8402666667 0.02730205865 0.01)
(0.8464 0.02730205865 0.01)
(0.8525333333 0.02730205865 0.01)
(0.8586666667 0.02730205865 0.01)
(0.8648 0.02730205865 0.01)
(0.8709333333 0.02730205865 0.01)
(0.8770666667 0.02730205865 0.01)
(0.8832 0.02730205865 0.01)
(0.8893333333 0.02730205865 0.01)
(0.8954666667 0.02730205865 0.01)
(0.9016 0.02730205865 0.01)
(0.9077333333 0.02730205865 0.01)
(0.9138666667 0.02730205865 0.01)
(0.92 0.02730205865 0.01)
(0 0.03018179393 0.01)
(0.006133333333 0.03018179393 0.01)
(0.01226666667 0.03018179393 0.01)
(0.0184 0.03018179393 0.01)
(0.02453333333 0.03018179393 0.01)
(0.03066666667 0.03018179393 0.01)
(0.0368 0.03018179393 0.01)
(0.04293333333 0.03018179393 0.01)
(0.04906666667 0.03018179393 0.01)
(0.0552 0.03018179393 0.01)
(0.06133333333 0.03018179393 0.01)
(0.06746666667 0.03018179393 0.01)
(0.0736 0.03018179393 0.01)
(0.07973333333 0.03018179393 0.01)
(0.08586666667 0.03018179393 0.01)
(0.092 0.03018179393 0.01)
(0.09813333333 0.03018179393 0.01)
(0.1042666667 0.03018179393 0.01)
(0.1104 0.03018179393 0.01)
(0.1165333333 0.03018179393 0.01)
(0.1226666667 0.03018179393 0.01)
(0.1288 0.03018179393 0.01)
(0.1349333333 0.03018179393 0.01)
(0.1410666667 0.03018179393 0.01)
(0.1472 0.03018179393 0.01)
(0.1533333333 0.03018179393 0.01)
(0.1594666667 0.03018179393 0.01)
(0.1656 0.03018179393 0.01)
(0.1717333333 0.03018179393 0.01)
(0.1778666667 0.03018179393 0.01)
(0.184 0.03018179393 0.01)
(0.1901333333 0.03018179393 0.01)
(0.1962666667 0.03018179393 0.01)
(0.2024 0.03018179393 0.01)
(0.2085333333 0.03018179393 0.01)
(0.2146666667 0.03018179393 0.01)
(0.2208 0.03018179393 0.01)
(0.2269333333 0.03018179393 0.01)
(0.2330666667 0.03018179393 0.01)
(0.2392 0.03018179393 0.01)
(0.2453333333 0.03018179393 0.01)
(0.2514666667 0.03018179393 0.01)
(0.2576 0.03018179393 0.01)
(0.2637333333 0.03018179393 0.01)
(0.2698666667 0.03018179393 0.01)
(0.276 0.03018179393 0.01)
(0.2821333333 0.03018179393 0.01)
(0.2882666667 0.03018179393 0.01)
(0.2944 0.03018179393 0.01)
(0.3005333333 0.03018179393 0.01)
(0.3066666667 0.03018179393 0.01)
(0.3128 0.03018179393 0.01)
(0.3189333333 0.03018179393 0.01)
(0.3250666667 0.03018179393 0.01)
(0.3312 0.03018179393 0.01)
(0.3373333333 0.03018179393 0.01)
(0.3434666667 0.03018179393 0.01)
(0.3496 0.03018179393 0.01)
(0.3557333333 0.03018179393 0.01)
(0.3618666667 0.03018179393 0.01)
(0.368 0.03018179393 0.01)
(0.3741333333 0.03018179393 0.01)
(0.3802666667 0.03018179393 0.01)
(0.3864 0.03018179393 0.01)
(0.3925333333 0.03018179393 0.01)
(0.3986666667 0.03018179393 0.01)
(0.4048 0.03018179393 0.01)
(0.4109333333 0.03018179393 0.01)
(0.4170666667 0.03018179393 0.01)
(0.4232 0.03018179393 0.01)
(0.4293333333 0.03018179393 0.01)
(0.4354666667 0.03018179393 0.01)
(0.4416 0.03018179393 0.01)
(0.4477333333 0.03018179393 0.01)
(0.4538666667 0.03018179393 0.01)
(0.46 0.03018179393 0.01)
(0.4661333333 0.03018179393 0.01)
(0.4722666667 0.03018179393 0.01)
(0.4784 0.03018179393 0.01)
(0.4845333333 0.03018179393 0.01)
(0.4906666667 0.03018179393 0.01)
(0.4968 0.03018179393 0.01)
(0.5029333333 0.03018179393 0.01)
(0.5090666667 0.03018179393 0.01)
(0.5152 0.03018179393 0.01)
(0.5213333333 0.03018179393 0.01)
(0.5274666667 0.03018179393 0.01)
(0.5336 0.03018179393 0.01)
(0.5397333333 0.03018179393 0.01)
(0.5458666667 0.03018179393 0.01)
(0.552 0.03018179393 0.01)
(0.5581333333 0.03018179393 0.01)
(0.5642666667 0.03018179393 0.01)
(0.5704 0.03018179393 0.01)
(0.5765333333 0.03018179393 0.01)
(0.5826666667 0.03018179393 0.01)
(0.5888 0.03018179393 0.01)
(0.5949333333 0.03018179393 0.01)
(0.6010666667 0.03018179393 0.01)
(0.6072 0.03018179393 0.01)
(0.6133333333 0.03018179393 0.01)
(0.6194666667 0.03018179393 0.01)
(0.6256 0.03018179393 0.01)
(0.6317333333 0.03018179393 0.01)
(0.6378666667 0.03018179393 0.01)
(0.644 0.03018179393 0.01)
(0.6501333333 0.03018179393 0.01)
(0.6562666667 0.03018179393 0.01)
(0.6624 0.03018179393 0.01)
(0.6685333333 0.03018179393 0.01)
(0.6746666667 0.03018179393 0.01)
(0.6808 0.03018179393 0.01)
(0.6869333333 0.03018179393 0.01)
(0.6930666667 0.03018179393 0.01)
(0.6992 0.03018179393 0.01)
(0.7053333333 0.03018179393 0.01)
(0.7114666667 0.03018179393 0.01)
(0.7176 0.03018179393 0.01)
(0.7237333333 0.03018179393 0.01)
(0.7298666667 0.03018179393 0.01)
(0.736 0.03018179393 0.01)
(0.7421333333 0.03018179393 0.01)
(0.7482666667 0.03018179393 0.01)
(0.7544 0.03018179393 0.01)
(0.7605333333 0.03018179393 0.01)
(0.7666666667 0.03018179393 0.01)
(0.7728 0.03018179393 0.01)
(0.7789333333 0.03018179393 0.01)
(0.7850666667 0.03018179393 0.01)
(0.7912 0.03018179393 0.01)
(0.7973333333 0.03018179393 0.01)
(0.8034666667 0.03018179393 0.01)
(0.8096 0.03018179393 0.01)
(0.8157333333 0.03018179393 0.01)
(0.8218666667 0.03018179393 0.01)
(0.828 0.03018179393 0.01)
(0.8341333333 0.03018179393 0.01)
(0.8402666667 0.03018179393 0.01)
(0.8464 0.03018179393 0.01)
(0.8525333333 0.03018179393 0.01)
(0.8586666667 0.03018179393 0.01)
(0.8648 0.03018179393 0.01)
(0.8709333333 0.03018179393 0.01)
(0.8770666667 0.03018179393 0.01)
(0.8832 0.03018179393 0.01)
(0.8893333333 0.03018179393 0.01)
(0.8954666667 0.03018179393 0.01)
(0.9016 0.03018179393 0.01)
(0.9077333333 0.03018179393 0.01)
(0.9138666667 0.03018179393 0.01)
(0.92 0.03018179393 0.01)
(0 0.03334944021 0.01)
(0.006133333333 0.03334944021 0.01)
(0.01226666667 0.03334944021 0.01)
(0.0184 0.03334944021 0.01)
(0.02453333333 0.03334944021 0.01)
(0.03066666667 0.03334944021 0.01)
(0.0368 0.03334944021 0.01)
(0.04293333333 0.03334944021 0.01)
(0.04906666667 0.03334944021 0.01)
(0.0552 0.03334944021 0.01)
(0.06133333333 0.03334944021 0.01)
(0.06746666667 0.03334944021 0.01)
(0.0736 0.03334944021 0.01)
(0.07973333333 0.03334944021 0.01)
(0.08586666667 0.03334944021 0.01)
(0.092 0.03334944021 0.01)
(0.09813333333 0.03334944021 0.01)
(0.1042666667 0.03334944021 0.01)
(0.1104 0.03334944021 0.01)
(0.1165333333 0.03334944021 0.01)
(0.1226666667 0.03334944021 0.01)
(0.1288 0.03334944021 0.01)
(0.1349333333 0.03334944021 0.01)
(0.1410666667 0.03334944021 0.01)
(0.1472 0.03334944021 0.01)
(0.1533333333 0.03334944021 0.01)
(0.1594666667 0.03334944021 0.01)
(0.1656 0.03334944021 0.01)
(0.1717333333 0.03334944021 0.01)
(0.1778666667 0.03334944021 0.01)
(0.184 0.03334944021 0.01)
(0.1901333333 0.03334944021 0.01)
(0.1962666667 0.03334944021 0.01)
(0.2024 0.03334944021 0.01)
(0.2085333333 0.03334944021 0.01)
(0.2146666667 0.03334944021 0.01)
(0.2208 0.03334944021 0.01)
(0.2269333333 0.03334944021 0.01)
(0.2330666667 0.03334944021 0.01)
(0.2392 0.03334944021 0.01)
(0.2453333333 0.03334944021 0.01)
(0.2514666667 0.03334944021 0.01)
(0.2576 0.03334944021 0.01)
(0.2637333333 0.03334944021 0.01)
(0.2698666667 0.03334944021 0.01)
(0.276 0.03334944021 0.01)
(0.2821333333 0.03334944021 0.01)
(0.2882666667 0.03334944021 0.01)
(0.2944 0.03334944021 0.01)
(0.3005333333 0.03334944021 0.01)
(0.3066666667 0.03334944021 0.01)
(0.3128 0.03334944021 0.01)
(0.3189333333 0.03334944021 0.01)
(0.3250666667 0.03334944021 0.01)
(0.3312 0.03334944021 0.01)
(0.3373333333 0.03334944021 0.01)
(0.3434666667 0.03334944021 0.01)
(0.3496 0.03334944021 0.01)
(0.3557333333 0.03334944021 0.01)
(0.3618666667 0.03334944021 0.01)
(0.368 0.03334944021 0.01)
(0.3741333333 0.03334944021 0.01)
(0.3802666667 0.03334944021 0.01)
(0.3864 0.03334944021 0.01)
(0.3925333333 0.03334944021 0.01)
(0.3986666667 0.03334944021 0.01)
(0.4048 0.03334944021 0.01)
(0.4109333333 0.03334944021 0.01)
(0.4170666667 0.03334944021 0.01)
(0.4232 0.03334944021 0.01)
(0.4293333333 0.03334944021 0.01)
(0.4354666667 0.03334944021 0.01)
(0.4416 0.03334944021 0.01)
(0.4477333333 0.03334944021 0.01)
(0.4538666667 0.03334944021 0.01)
(0.46 0.03334944021 0.01)
(0.4661333333 0.03334944021 0.01)
(0.4722666667 0.03334944021 0.01)
(0.4784 0.03334944021 0.01)
(0.4845333333 0.03334944021 0.01)
(0.4906666667 0.03334944021 0.01)
(0.4968 0.03334944021 0.01)
(0.5029333333 0.03334944021 0.01)
(0.5090666667 0.03334944021 0.01)
(0.5152 0.03334944021 0.01)
(0.5213333333 0.03334944021 0.01)
(0.5274666667 0.03334944021 0.01)
(0.5336 0.03334944021 0.01)
(0.5397333333 0.03334944021 0.01)
(0.5458666667 0.03334944021 0.01)
(0.552 0.03334944021 0.01)
(0.5581333333 0.03334944021 0.01)
(0.5642666667 0.03334944021 0.01)
(0.5704 0.03334944021 0.01)
(0.5765333333 0.03334944021 0.01)
(0.5826666667 0.03334944021 0.01)
(0.5888 0.03334944021 0.01)
(0.5949333333 0.03334944021 0.01)
(0.6010666667 0.03334944021 0.01)
(0.6072 0.03334944021 0.01)
(0.6133333333 0.03334944021 0.01)
(0.6194666667 0.03334944021 0.01)
(0.6256 0.03334944021 0.01)
(0.6317333333 0.03334944021 0.01)
(0.6378666667 0.03334944021 0.01)
(0.644 0.03334944021 0.01)
(0.6501333333 0.03334944021 0.01)
(0.6562666667 0.03334944021 0.01)
(0.6624 0.03334944021 0.01)
(0.6685333333 0.03334944021 0.01)
(0.6746666667 0.03334944021 0.01)
(0.6808 0.03334944021 0.01)
(0.6869333333 0.03334944021 0.01)
(0.6930666667 0.03334944021 0.01)
(0.6992 0.03334944021 0.01)
(0.7053333333 0.03334944021 0.01)
(0.7114666667 0.03334944021 0.01)
(0.7176 0.03334944021 0.01)
(0.7237333333 0.03334944021 0.01)
(0.7298666667 0.03334944021 0.01)
(0.736 0.03334944021 0.01)
(0.7421333333 0.03334944021 0.01)
(0.7482666667 0.03334944021 0.01)
(0.7544 0.03334944021 0.01)
(0.7605333333 0.03334944021 0.01)
(0.7666666667 0.03334944021 0.01)
(0.7728 0.03334944021 0.01)
(0.7789333333 0.03334944021 0.01)
(0.7850666667 0.03334944021 0.01)
(0.7912 0.03334944021 0.01)
(0.7973333333 0.03334944021 0.01)
(0.8034666667 0.03334944021 0.01)
(0.8096 0.03334944021 0.01)
(0.8157333333 0.03334944021 0.01)
(0.8218666667 0.03334944021 0.01)
(0.828 0.03334944021 0.01)
(0.8341333333 0.03334944021 0.01)
(0.8402666667 0.03334944021 0.01)
(0.8464 0.03334944021 0.01)
(0.8525333333 0.03334944021 0.01)
(0.8586666667 0.03334944021 0.01)
(0.8648 0.03334944021 0.01)
(0.8709333333 0.03334944021 0.01)
(0.8770666667 0.03334944021 0.01)
(0.8832 0.03334944021 0.01)
(0.8893333333 0.03334944021 0.01)
(0.8954666667 0.03334944021 0.01)
(0.9016 0.03334944021 0.01)
(0.9077333333 0.03334944021 0.01)
(0.9138666667 0.03334944021 0.01)
(0.92 0.03334944021 0.01)
(0 0.03683378233 0.01)
(0.006133333333 0.03683378233 0.01)
(0.01226666667 0.03683378233 0.01)
(0.0184 0.03683378233 0.01)
(0.02453333333 0.03683378233 0.01)
(0.03066666667 0.03683378233 0.01)
(0.0368 0.03683378233 0.01)
(0.04293333333 0.03683378233 0.01)
(0.04906666667 0.03683378233 0.01)
(0.0552 0.03683378233 0.01)
(0.06133333333 0.03683378233 0.01)
(0.06746666667 0.03683378233 0.01)
(0.0736 0.03683378233 0.01)
(0.07973333333 0.03683378233 0.01)
(0.08586666667 0.03683378233 0.01)
(0.092 0.03683378233 0.01)
(0.09813333333 0.03683378233 0.01)
(0.1042666667 0.03683378233 0.01)
(0.1104 0.03683378233 0.01)
(0.1165333333 0.03683378233 0.01)
(0.1226666667 0.03683378233 0.01)
(0.1288 0.03683378233 0.01)
(0.1349333333 0.03683378233 0.01)
(0.1410666667 0.03683378233 0.01)
(0.1472 0.03683378233 0.01)
(0.1533333333 0.03683378233 0.01)
(0.1594666667 0.03683378233 0.01)
(0.1656 0.03683378233 0.01)
(0.1717333333 0.03683378233 0.01)
(0.1778666667 0.03683378233 0.01)
(0.184 0.03683378233 0.01)
(0.1901333333 0.03683378233 0.01)
(0.1962666667 0.03683378233 0.01)
(0.2024 0.03683378233 0.01)
(0.2085333333 0.03683378233 0.01)
(0.2146666667 0.03683378233 0.01)
(0.2208 0.03683378233 0.01)
(0.2269333333 0.03683378233 0.01)
(0.2330666667 0.03683378233 0.01)
(0.2392 0.03683378233 0.01)
(0.2453333333 0.03683378233 0.01)
(0.2514666667 0.03683378233 0.01)
(0.2576 0.03683378233 0.01)
(0.2637333333 0.03683378233 0.01)
(0.2698666667 0.03683378233 0.01)
(0.276 0.03683378233 0.01)
(0.2821333333 0.03683378233 0.01)
(0.2882666667 0.03683378233 0.01)
(0.2944 0.03683378233 0.01)
(0.3005333333 0.03683378233 0.01)
(0.3066666667 0.03683378233 0.01)
(0.3128 0.03683378233 0.01)
(0.3189333333 0.03683378233 0.01)
(0.3250666667 0.03683378233 0.01)
(0.3312 0.03683378233 0.01)
(0.3373333333 0.03683378233 0.01)
(0.3434666667 0.03683378233 0.01)
(0.3496 0.03683378233 0.01)
(0.3557333333 0.03683378233 0.01)
(0.3618666667 0.03683378233 0.01)
(0.368 0.03683378233 0.01)
(0.3741333333 0.03683378233 0.01)
(0.3802666667 0.03683378233 0.01)
(0.3864 0.03683378233 0.01)
(0.3925333333 0.03683378233 0.01)
(0.3986666667 0.03683378233 0.01)
(0.4048 0.03683378233 0.01)
(0.4109333333 0.03683378233 0.01)
(0.4170666667 0.03683378233 0.01)
(0.4232 0.03683378233 0.01)
(0.4293333333 0.03683378233 0.01)
(0.4354666667 0.03683378233 0.01)
(0.4416 0.03683378233 0.01)
(0.4477333333 0.03683378233 0.01)
(0.4538666667 0.03683378233 0.01)
(0.46 0.03683378233 0.01)
(0.4661333333 0.03683378233 0.01)
(0.4722666667 0.03683378233 0.01)
(0.4784 0.03683378233 0.01)
(0.4845333333 0.03683378233 0.01)
(0.4906666667 0.03683378233 0.01)
(0.4968 0.03683378233 0.01)
(0.5029333333 0.03683378233 0.01)
(0.5090666667 0.03683378233 0.01)
(0.5152 0.03683378233 0.01)
(0.5213333333 0.03683378233 0.01)
(0.5274666667 0.03683378233 0.01)
(0.5336 0.03683378233 0.01)
(0.5397333333 0.03683378233 0.01)
(0.5458666667 0.03683378233 0.01)
(0.552 0.03683378233 0.01)
(0.5581333333 0.03683378233 0.01)
(0.5642666667 0.03683378233 0.01)
(0.5704 0.03683378233 0.01)
(0.5765333333 0.03683378233 0.01)
(0.5826666667 0.03683378233 0.01)
(0.5888 0.03683378233 0.01)
(0.5949333333 0.03683378233 0.01)
(0.6010666667 0.03683378233 0.01)
(0.6072 0.03683378233 0.01)
(0.6133333333 0.03683378233 0.01)
(0.6194666667 0.03683378233 0.01)
(0.6256 0.03683378233 0.01)
(0.6317333333 0.03683378233 0.01)
(0.6378666667 0.03683378233 0.01)
(0.644 0.03683378233 0.01)
(0.6501333333 0.03683378233 0.01)
(0.6562666667 0.03683378233 0.01)
(0.6624 0.03683378233 0.01)
(0.6685333333 0.03683378233 0.01)
(0.6746666667 0.03683378233 0.01)
(0.6808 0.03683378233 0.01)
(0.6869333333 0.03683378233 0.01)
(0.6930666667 0.03683378233 0.01)
(0.6992 0.03683378233 0.01)
(0.7053333333 0.03683378233 0.01)
(0.7114666667 0.03683378233 0.01)
(0.7176 0.03683378233 0.01)
(0.7237333333 0.03683378233 0.01)
(0.7298666667 0.03683378233 0.01)
(0.736 0.03683378233 0.01)
(0.7421333333 0.03683378233 0.01)
(0.7482666667 0.03683378233 0.01)
(0.7544 0.03683378233 0.01)
(0.7605333333 0.03683378233 0.01)
(0.7666666667 0.03683378233 0.01)
(0.7728 0.03683378233 0.01)
(0.7789333333 0.03683378233 0.01)
(0.7850666667 0.03683378233 0.01)
(0.7912 0.03683378233 0.01)
(0.7973333333 0.03683378233 0.01)
(0.8034666667 0.03683378233 0.01)
(0.8096 0.03683378233 0.01)
(0.8157333333 0.03683378233 0.01)
(0.8218666667 0.03683378233 0.01)
(0.828 0.03683378233 0.01)
(0.8341333333 0.03683378233 0.01)
(0.8402666667 0.03683378233 0.01)
(0.8464 0.03683378233 0.01)
(0.8525333333 0.03683378233 0.01)
(0.8586666667 0.03683378233 0.01)
(0.8648 0.03683378233 0.01)
(0.8709333333 0.03683378233 0.01)
(0.8770666667 0.03683378233 0.01)
(0.8832 0.03683378233 0.01)
(0.8893333333 0.03683378233 0.01)
(0.8954666667 0.03683378233 0.01)
(0.9016 0.03683378233 0.01)
(0.9077333333 0.03683378233 0.01)
(0.9138666667 0.03683378233 0.01)
(0.92 0.03683378233 0.01)
(0 0.040666483 0.01)
(0.006133333333 0.040666483 0.01)
(0.01226666667 0.040666483 0.01)
(0.0184 0.040666483 0.01)
(0.02453333333 0.040666483 0.01)
(0.03066666667 0.040666483 0.01)
(0.0368 0.040666483 0.01)
(0.04293333333 0.040666483 0.01)
(0.04906666667 0.040666483 0.01)
(0.0552 0.040666483 0.01)
(0.06133333333 0.040666483 0.01)
(0.06746666667 0.040666483 0.01)
(0.0736 0.040666483 0.01)
(0.07973333333 0.040666483 0.01)
(0.08586666667 0.040666483 0.01)
(0.092 0.040666483 0.01)
(0.09813333333 0.040666483 0.01)
(0.1042666667 0.040666483 0.01)
(0.1104 0.040666483 0.01)
(0.1165333333 0.040666483 0.01)
(0.1226666667 0.040666483 0.01)
(0.1288 0.040666483 0.01)
(0.1349333333 0.040666483 0.01)
(0.1410666667 0.040666483 0.01)
(0.1472 0.040666483 0.01)
(0.1533333333 0.040666483 0.01)
(0.1594666667 0.040666483 0.01)
(0.1656 0.040666483 0.01)
(0.1717333333 0.040666483 0.01)
(0.1778666667 0.040666483 0.01)
(0.184 0.040666483 0.01)
(0.1901333333 0.040666483 0.01)
(0.1962666667 0.040666483 0.01)
(0.2024 0.040666483 0.01)
(0.2085333333 0.040666483 0.01)
(0.2146666667 0.040666483 0.01)
(0.2208 0.040666483 0.01)
(0.2269333333 0.040666483 0.01)
(0.2330666667 0.040666483 0.01)
(0.2392 0.040666483 0.01)
(0.2453333333 0.040666483 0.01)
(0.2514666667 0.040666483 0.01)
(0.2576 0.040666483 0.01)
(0.2637333333 0.040666483 0.01)
(0.2698666667 0.040666483 0.01)
(0.276 0.040666483 0.01)
(0.2821333333 0.040666483 0.01)
(0.2882666667 0.040666483 0.01)
(0.2944 0.040666483 0.01)
(0.3005333333 0.040666483 0.01)
(0.3066666667 0.040666483 0.01)
(0.3128 0.040666483 0.01)
(0.3189333333 0.040666483 0.01)
(0.3250666667 0.040666483 0.01)
(0.3312 0.040666483 0.01)
(0.3373333333 0.040666483 0.01)
(0.3434666667 0.040666483 0.01)
(0.3496 0.040666483 0.01)
(0.3557333333 0.040666483 0.01)
(0.3618666667 0.040666483 0.01)
(0.368 0.040666483 0.01)
(0.3741333333 0.040666483 0.01)
(0.3802666667 0.040666483 0.01)
(0.3864 0.040666483 0.01)
(0.3925333333 0.040666483 0.01)
(0.3986666667 0.040666483 0.01)
(0.4048 0.040666483 0.01)
(0.4109333333 0.040666483 0.01)
(0.4170666667 0.040666483 0.01)
(0.4232 0.040666483 0.01)
(0.4293333333 0.040666483 0.01)
(0.4354666667 0.040666483 0.01)
(0.4416 0.040666483 0.01)
(0.4477333333 0.040666483 0.01)
(0.4538666667 0.040666483 0.01)
(0.46 0.040666483 0.01)
(0.4661333333 0.040666483 0.01)
(0.4722666667 0.040666483 0.01)
(0.4784 0.040666483 0.01)
(0.4845333333 0.040666483 0.01)
(0.4906666667 0.040666483 0.01)
(0.4968 0.040666483 0.01)
(0.5029333333 0.040666483 0.01)
(0.5090666667 0.040666483 0.01)
(0.5152 0.040666483 0.01)
(0.5213333333 0.040666483 0.01)
(0.5274666667 0.040666483 0.01)
(0.5336 0.040666483 0.01)
(0.5397333333 0.040666483 0.01)
(0.5458666667 0.040666483 0.01)
(0.552 0.040666483 0.01)
(0.5581333333 0.040666483 0.01)
(0.5642666667 0.040666483 0.01)
(0.5704 0.040666483 0.01)
(0.5765333333 0.040666483 0.01)
(0.5826666667 0.040666483 0.01)
(0.5888 0.040666483 0.01)
(0.5949333333 0.040666483 0.01)
(0.6010666667 0.040666483 0.01)
(0.6072 0.040666483 0.01)
(0.6133333333 0.040666483 0.01)
(0.6194666667 0.040666483 0.01)
(0.6256 0.040666483 0.01)
(0.6317333333 0.040666483 0.01)
(0.6378666667 0.040666483 0.01)
(0.644 0.040666483 0.01)
(0.6501333333 0.040666483 0.01)
(0.6562666667 0.040666483 0.01)
(0.6624 0.040666483 0.01)
(0.6685333333 0.040666483 0.01)
(0.6746666667 0.040666483 0.01)
(0.6808 0.040666483 0.01)
(0.6869333333 0.040666483 0.01)
(0.6930666667 0.040666483 0.01)
(0.6992 0.040666483 0.01)
(0.7053333333 0.040666483 0.01)
(0.7114666667 0.040666483 0.01)
(0.7176 0.040666483 0.01)
(0.7237333333 0.040666483 0.01)
(0.7298666667 0.040666483 0.01)
(0.736 0.040666483 0.01)
(0.7421333333 0.040666483 0.01)
(0.7482666667 0.040666483 0.01)
(0.7544 0.040666483 0.01)
(0.7605333333 0.040666483 0.01)
(0.7666666667 0.040666483 0.01)
(0.7728 0.040666483 0.01)
(0.7789333333 0.040666483 0.01)
(0.7850666667 0.040666483 0.01)
(0.7912 0.040666483 0.01)
(0.7973333333 0.040666483 0.01)
(0.8034666667 0.040666483 0.01)
(0.8096 0.040666483 0.01)
(0.8157333333 0.040666483 0.01)
(0.8218666667 0.040666483 0.01)
(0.828 0.040666483 0.01)
(0.8341333333 0.040666483 0.01)
(0.8402666667 0.040666483 0.01)
(0.8464 0.040666483 0.01)
(0.8525333333 0.040666483 0.01)
(0.8586666667 0.040666483 0.01)
(0.8648 0.040666483 0.01)
(0.8709333333 0.040666483 0.01)
(0.8770666667 0.040666483 0.01)
(0.8832 0.040666483 0.01)
(0.8893333333 0.040666483 0.01)
(0.8954666667 0.040666483 0.01)
(0.9016 0.040666483 0.01)
(0.9077333333 0.040666483 0.01)
(0.9138666667 0.040666483 0.01)
(0.92 0.040666483 0.01)
(0 0.04488237052 0.01)
(0.006133333333 0.04488237052 0.01)
(0.01226666667 0.04488237052 0.01)
(0.0184 0.04488237052 0.01)
(0.02453333333 0.04488237052 0.01)
(0.03066666667 0.04488237052 0.01)
(0.0368 0.04488237052 0.01)
(0.04293333333 0.04488237052 0.01)
(0.04906666667 0.04488237052 0.01)
(0.0552 0.04488237052 0.01)
(0.06133333333 0.04488237052 0.01)
(0.06746666667 0.04488237052 0.01)
(0.0736 0.04488237052 0.01)
(0.07973333333 0.04488237052 0.01)
(0.08586666667 0.04488237052 0.01)
(0.092 0.04488237052 0.01)
(0.09813333333 0.04488237052 0.01)
(0.1042666667 0.04488237052 0.01)
(0.1104 0.04488237052 0.01)
(0.1165333333 0.04488237052 0.01)
(0.1226666667 0.04488237052 0.01)
(0.1288 0.04488237052 0.01)
(0.1349333333 0.04488237052 0.01)
(0.1410666667 0.04488237052 0.01)
(0.1472 0.04488237052 0.01)
(0.1533333333 0.04488237052 0.01)
(0.1594666667 0.04488237052 0.01)
(0.1656 0.04488237052 0.01)
(0.1717333333 0.04488237052 0.01)
(0.1778666667 0.04488237052 0.01)
(0.184 0.04488237052 0.01)
(0.1901333333 0.04488237052 0.01)
(0.1962666667 0.04488237052 0.01)
(0.2024 0.04488237052 0.01)
(0.2085333333 0.04488237052 0.01)
(0.2146666667 0.04488237052 0.01)
(0.2208 0.04488237052 0.01)
(0.2269333333 0.04488237052 0.01)
(0.2330666667 0.04488237052 0.01)
(0.2392 0.04488237052 0.01)
(0.2453333333 0.04488237052 0.01)
(0.2514666667 0.04488237052 0.01)
(0.2576 0.04488237052 0.01)
(0.2637333333 0.04488237052 0.01)
(0.2698666667 0.04488237052 0.01)
(0.276 0.04488237052 0.01)
(0.2821333333 0.04488237052 0.01)
(0.2882666667 0.04488237052 0.01)
(0.2944 0.04488237052 0.01)
(0.3005333333 0.04488237052 0.01)
(0.3066666667 0.04488237052 0.01)
(0.3128 0.04488237052 0.01)
(0.3189333333 0.04488237052 0.01)
(0.3250666667 0.04488237052 0.01)
(0.3312 0.04488237052 0.01)
(0.3373333333 0.04488237052 0.01)
(0.3434666667 0.04488237052 0.01)
(0.3496 0.04488237052 0.01)
(0.3557333333 0.04488237052 0.01)
(0.3618666667 0.04488237052 0.01)
(0.368 0.04488237052 0.01)
(0.3741333333 0.04488237052 0.01)
(0.3802666667 0.04488237052 0.01)
(0.3864 0.04488237052 0.01)
(0.3925333333 0.04488237052 0.01)
(0.3986666667 0.04488237052 0.01)
(0.4048 0.04488237052 0.01)
(0.4109333333 0.04488237052 0.01)
(0.4170666667 0.04488237052 0.01)
(0.4232 0.04488237052 0.01)
(0.4293333333 0.04488237052 0.01)
(0.4354666667 0.04488237052 0.01)
(0.4416 0.04488237052 0.01)
(0.4477333333 0.04488237052 0.01)
(0.4538666667 0.04488237052 0.01)
(0.46 0.04488237052 0.01)
(0.4661333333 0.04488237052 0.01)
(0.4722666667 0.04488237052 0.01)
(0.4784 0.04488237052 0.01)
(0.4845333333 0.04488237052 0.01)
(0.4906666667 0.04488237052 0.01)
(0.4968 0.04488237052 0.01)
(0.5029333333 0.04488237052 0.01)
(0.5090666667 0.04488237052 0.01)
(0.5152 0.04488237052 0.01)
(0.5213333333 0.04488237052 0.01)
(0.5274666667 0.04488237052 0.01)
(0.5336 0.04488237052 0.01)
(0.5397333333 0.04488237052 0.01)
(0.5458666667 0.04488237052 0.01)
(0.552 0.04488237052 0.01)
(0.5581333333 0.04488237052 0.01)
(0.5642666667 0.04488237052 0.01)
(0.5704 0.04488237052 0.01)
(0.5765333333 0.04488237052 0.01)
(0.5826666667 0.04488237052 0.01)
(0.5888 0.04488237052 0.01)
(0.5949333333 0.04488237052 0.01)
(0.6010666667 0.04488237052 0.01)
(0.6072 0.04488237052 0.01)
(0.6133333333 0.04488237052 0.01)
(0.6194666667 0.04488237052 0.01)
(0.6256 0.04488237052 0.01)
(0.6317333333 0.04488237052 0.01)
(0.6378666667 0.04488237052 0.01)
(0.644 0.04488237052 0.01)
(0.6501333333 0.04488237052 0.01)
(0.6562666667 0.04488237052 0.01)
(0.6624 0.04488237052 0.01)
(0.6685333333 0.04488237052 0.01)
(0.6746666667 0.04488237052 0.01)
(0.6808 0.04488237052 0.01)
(0.6869333333 0.04488237052 0.01)
(0.6930666667 0.04488237052 0.01)
(0.6992 0.04488237052 0.01)
(0.7053333333 0.04488237052 0.01)
(0.7114666667 0.04488237052 0.01)
(0.7176 0.04488237052 0.01)
(0.7237333333 0.04488237052 0.01)
(0.7298666667 0.04488237052 0.01)
(0.736 0.04488237052 0.01)
(0.7421333333 0.04488237052 0.01)
(0.7482666667 0.04488237052 0.01)
(0.7544 0.04488237052 0.01)
(0.7605333333 0.04488237052 0.01)
(0.7666666667 0.04488237052 0.01)
(0.7728 0.04488237052 0.01)
(0.7789333333 0.04488237052 0.01)
(0.7850666667 0.04488237052 0.01)
(0.7912 0.04488237052 0.01)
(0.7973333333 0.04488237052 0.01)
(0.8034666667 0.04488237052 0.01)
(0.8096 0.04488237052 0.01)
(0.8157333333 0.04488237052 0.01)
(0.8218666667 0.04488237052 0.01)
(0.828 0.04488237052 0.01)
(0.8341333333 0.04488237052 0.01)
(0.8402666667 0.04488237052 0.01)
(0.8464 0.04488237052 0.01)
(0.8525333333 0.04488237052 0.01)
(0.8586666667 0.04488237052 0.01)
(0.8648 0.04488237052 0.01)
(0.8709333333 0.04488237052 0.01)
(0.8770666667 0.04488237052 0.01)
(0.8832 0.04488237052 0.01)
(0.8893333333 0.04488237052 0.01)
(0.8954666667 0.04488237052 0.01)
(0.9016 0.04488237052 0.01)
(0.9077333333 0.04488237052 0.01)
(0.9138666667 0.04488237052 0.01)
(0.92 0.04488237052 0.01)
(0 0.04951975524 0.01)
(0.006133333333 0.04951975524 0.01)
(0.01226666667 0.04951975524 0.01)
(0.0184 0.04951975524 0.01)
(0.02453333333 0.04951975524 0.01)
(0.03066666667 0.04951975524 0.01)
(0.0368 0.04951975524 0.01)
(0.04293333333 0.04951975524 0.01)
(0.04906666667 0.04951975524 0.01)
(0.0552 0.04951975524 0.01)
(0.06133333333 0.04951975524 0.01)
(0.06746666667 0.04951975524 0.01)
(0.0736 0.04951975524 0.01)
(0.07973333333 0.04951975524 0.01)
(0.08586666667 0.04951975524 0.01)
(0.092 0.04951975524 0.01)
(0.09813333333 0.04951975524 0.01)
(0.1042666667 0.04951975524 0.01)
(0.1104 0.04951975524 0.01)
(0.1165333333 0.04951975524 0.01)
(0.1226666667 0.04951975524 0.01)
(0.1288 0.04951975524 0.01)
(0.1349333333 0.04951975524 0.01)
(0.1410666667 0.04951975524 0.01)
(0.1472 0.04951975524 0.01)
(0.1533333333 0.04951975524 0.01)
(0.1594666667 0.04951975524 0.01)
(0.1656 0.04951975524 0.01)
(0.1717333333 0.04951975524 0.01)
(0.1778666667 0.04951975524 0.01)
(0.184 0.04951975524 0.01)
(0.1901333333 0.04951975524 0.01)
(0.1962666667 0.04951975524 0.01)
(0.2024 0.04951975524 0.01)
(0.2085333333 0.04951975524 0.01)
(0.2146666667 0.04951975524 0.01)
(0.2208 0.04951975524 0.01)
(0.2269333333 0.04951975524 0.01)
(0.2330666667 0.04951975524 0.01)
(0.2392 0.04951975524 0.01)
(0.2453333333 0.04951975524 0.01)
(0.2514666667 0.04951975524 0.01)
(0.2576 0.04951975524 0.01)
(0.2637333333 0.04951975524 0.01)
(0.2698666667 0.04951975524 0.01)
(0.276 0.04951975524 0.01)
(0.2821333333 0.04951975524 0.01)
(0.2882666667 0.04951975524 0.01)
(0.2944 0.04951975524 0.01)
(0.3005333333 0.04951975524 0.01)
(0.3066666667 0.04951975524 0.01)
(0.3128 0.04951975524 0.01)
(0.3189333333 0.04951975524 0.01)
(0.3250666667 0.04951975524 0.01)
(0.3312 0.04951975524 0.01)
(0.3373333333 0.04951975524 0.01)
(0.3434666667 0.04951975524 0.01)
(0.3496 0.04951975524 0.01)
(0.3557333333 0.04951975524 0.01)
(0.3618666667 0.04951975524 0.01)
(0.368 0.04951975524 0.01)
(0.3741333333 0.04951975524 0.01)
(0.3802666667 0.04951975524 0.01)
(0.3864 0.04951975524 0.01)
(0.3925333333 0.04951975524 0.01)
(0.3986666667 0.04951975524 0.01)
(0.4048 0.04951975524 0.01)
(0.4109333333 0.04951975524 0.01)
(0.4170666667 0.04951975524 0.01)
(0.4232 0.04951975524 0.01)
(0.4293333333 0.04951975524 0.01)
(0.4354666667 0.04951975524 0.01)
(0.4416 0.04951975524 0.01)
(0.4477333333 0.04951975524 0.01)
(0.4538666667 0.04951975524 0.01)
(0.46 0.04951975524 0.01)
(0.4661333333 0.04951975524 0.01)
(0.4722666667 0.04951975524 0.01)
(0.4784 0.04951975524 0.01)
(0.4845333333 0.04951975524 0.01)
(0.4906666667 0.04951975524 0.01)
(0.4968 0.04951975524 0.01)
(0.5029333333 0.04951975524 0.01)
(0.5090666667 0.04951975524 0.01)
(0.5152 0.04951975524 0.01)
(0.5213333333 0.04951975524 0.01)
(0.5274666667 0.04951975524 0.01)
(0.5336 0.04951975524 0.01)
(0.5397333333 0.04951975524 0.01)
(0.5458666667 0.04951975524 0.01)
(0.552 0.04951975524 0.01)
(0.5581333333 0.04951975524 0.01)
(0.5642666667 0.04951975524 0.01)
(0.5704 0.04951975524 0.01)
(0.5765333333 0.04951975524 0.01)
(0.5826666667 0.04951975524 0.01)
(0.5888 0.04951975524 0.01)
(0.5949333333 0.04951975524 0.01)
(0.6010666667 0.04951975524 0.01)
(0.6072 0.04951975524 0.01)
(0.6133333333 0.04951975524 0.01)
(0.6194666667 0.04951975524 0.01)
(0.6256 0.04951975524 0.01)
(0.6317333333 0.04951975524 0.01)
(0.6378666667 0.04951975524 0.01)
(0.644 0.04951975524 0.01)
(0.6501333333 0.04951975524 0.01)
(0.6562666667 0.04951975524 0.01)
(0.6624 0.04951975524 0.01)
(0.6685333333 0.04951975524 0.01)
(0.6746666667 0.04951975524 0.01)
(0.6808 0.04951975524 0.01)
(0.6869333333 0.04951975524 0.01)
(0.6930666667 0.04951975524 0.01)
(0.6992 0.04951975524 0.01)
(0.7053333333 0.04951975524 0.01)
(0.7114666667 0.04951975524 0.01)
(0.7176 0.04951975524 0.01)
(0.7237333333 0.04951975524 0.01)
(0.7298666667 0.04951975524 0.01)
(0.736 0.04951975524 0.01)
(0.7421333333 0.04951975524 0.01)
(0.7482666667 0.04951975524 0.01)
(0.7544 0.04951975524 0.01)
(0.7605333333 0.04951975524 0.01)
(0.7666666667 0.04951975524 0.01)
(0.7728 0.04951975524 0.01)
(0.7789333333 0.04951975524 0.01)
(0.7850666667 0.04951975524 0.01)
(0.7912 0.04951975524 0.01)
(0.7973333333 0.04951975524 0.01)
(0.8034666667 0.04951975524 0.01)
(0.8096 0.04951975524 0.01)
(0.8157333333 0.04951975524 0.01)
(0.8218666667 0.04951975524 0.01)
(0.828 0.04951975524 0.01)
(0.8341333333 0.04951975524 0.01)
(0.8402666667 0.04951975524 0.01)
(0.8464 0.04951975524 0.01)
(0.8525333333 0.04951975524 0.01)
(0.8586666667 0.04951975524 0.01)
(0.8648 0.04951975524 0.01)
(0.8709333333 0.04951975524 0.01)
(0.8770666667 0.04951975524 0.01)
(0.8832 0.04951975524 0.01)
(0.8893333333 0.04951975524 0.01)
(0.8954666667 0.04951975524 0.01)
(0.9016 0.04951975524 0.01)
(0.9077333333 0.04951975524 0.01)
(0.9138666667 0.04951975524 0.01)
(0.92 0.04951975524 0.01)
(0 0.05462077774 0.01)
(0.006133333333 0.05462077774 0.01)
(0.01226666667 0.05462077774 0.01)
(0.0184 0.05462077774 0.01)
(0.02453333333 0.05462077774 0.01)
(0.03066666667 0.05462077774 0.01)
(0.0368 0.05462077774 0.01)
(0.04293333333 0.05462077774 0.01)
(0.04906666667 0.05462077774 0.01)
(0.0552 0.05462077774 0.01)
(0.06133333333 0.05462077774 0.01)
(0.06746666667 0.05462077774 0.01)
(0.0736 0.05462077774 0.01)
(0.07973333333 0.05462077774 0.01)
(0.08586666667 0.05462077774 0.01)
(0.092 0.05462077774 0.01)
(0.09813333333 0.05462077774 0.01)
(0.1042666667 0.05462077774 0.01)
(0.1104 0.05462077774 0.01)
(0.1165333333 0.05462077774 0.01)
(0.1226666667 0.05462077774 0.01)
(0.1288 0.05462077774 0.01)
(0.1349333333 0.05462077774 0.01)
(0.1410666667 0.05462077774 0.01)
(0.1472 0.05462077774 0.01)
(0.1533333333 0.05462077774 0.01)
(0.1594666667 0.05462077774 0.01)
(0.1656 0.05462077774 0.01)
(0.1717333333 0.05462077774 0.01)
(0.1778666667 0.05462077774 0.01)
(0.184 0.05462077774 0.01)
(0.1901333333 0.05462077774 0.01)
(0.1962666667 0.05462077774 0.01)
(0.2024 0.05462077774 0.01)
(0.2085333333 0.05462077774 0.01)
(0.2146666667 0.05462077774 0.01)
(0.2208 0.05462077774 0.01)
(0.2269333333 0.05462077774 0.01)
(0.2330666667 0.05462077774 0.01)
(0.2392 0.05462077774 0.01)
(0.2453333333 0.05462077774 0.01)
(0.2514666667 0.05462077774 0.01)
(0.2576 0.05462077774 0.01)
(0.2637333333 0.05462077774 0.01)
(0.2698666667 0.05462077774 0.01)
(0.276 0.05462077774 0.01)
(0.2821333333 0.05462077774 0.01)
(0.2882666667 0.05462077774 0.01)
(0.2944 0.05462077774 0.01)
(0.3005333333 0.05462077774 0.01)
(0.3066666667 0.05462077774 0.01)
(0.3128 0.05462077774 0.01)
(0.3189333333 0.05462077774 0.01)
(0.3250666667 0.05462077774 0.01)
(0.3312 0.05462077774 0.01)
(0.3373333333 0.05462077774 0.01)
(0.3434666667 0.05462077774 0.01)
(0.3496 0.05462077774 0.01)
(0.3557333333 0.05462077774 0.01)
(0.3618666667 0.05462077774 0.01)
(0.368 0.05462077774 0.01)
(0.3741333333 0.05462077774 0.01)
(0.3802666667 0.05462077774 0.01)
(0.3864 0.05462077774 0.01)
(0.3925333333 0.05462077774 0.01)
(0.3986666667 0.05462077774 0.01)
(0.4048 0.05462077774 0.01)
(0.4109333333 0.05462077774 0.01)
(0.4170666667 0.05462077774 0.01)
(0.4232 0.05462077774 0.01)
(0.4293333333 0.05462077774 0.01)
(0.4354666667 0.05462077774 0.01)
(0.4416 0.05462077774 0.01)
(0.4477333333 0.05462077774 0.01)
(0.4538666667 0.05462077774 0.01)
(0.46 0.05462077774 0.01)
(0.4661333333 0.05462077774 0.01)
(0.4722666667 0.05462077774 0.01)
(0.4784 0.05462077774 0.01)
(0.4845333333 0.05462077774 0.01)
(0.4906666667 0.05462077774 0.01)
(0.4968 0.05462077774 0.01)
(0.5029333333 0.05462077774 0.01)
(0.5090666667 0.05462077774 0.01)
(0.5152 0.05462077774 0.01)
(0.5213333333 0.05462077774 0.01)
(0.5274666667 0.05462077774 0.01)
(0.5336 0.05462077774 0.01)
(0.5397333333 0.05462077774 0.01)
(0.5458666667 0.05462077774 0.01)
(0.552 0.05462077774 0.01)
(0.5581333333 0.05462077774 0.01)
(0.5642666667 0.05462077774 0.01)
(0.5704 0.05462077774 0.01)
(0.5765333333 0.05462077774 0.01)
(0.5826666667 0.05462077774 0.01)
(0.5888 0.05462077774 0.01)
(0.5949333333 0.05462077774 0.01)
(0.6010666667 0.05462077774 0.01)
(0.6072 0.05462077774 0.01)
(0.6133333333 0.05462077774 0.01)
(0.6194666667 0.05462077774 0.01)
(0.6256 0.05462077774 0.01)
(0.6317333333 0.05462077774 0.01)
(0.6378666667 0.05462077774 0.01)
(0.644 0.05462077774 0.01)
(0.6501333333 0.05462077774 0.01)
(0.6562666667 0.05462077774 0.01)
(0.6624 0.05462077774 0.01)
(0.6685333333 0.05462077774 0.01)
(0.6746666667 0.05462077774 0.01)
(0.6808 0.05462077774 0.01)
(0.6869333333 0.05462077774 0.01)
(0.6930666667 0.05462077774 0.01)
(0.6992 0.05462077774 0.01)
(0.7053333333 0.05462077774 0.01)
(0.7114666667 0.05462077774 0.01)
(0.7176 0.05462077774 0.01)
(0.7237333333 0.05462077774 0.01)
(0.7298666667 0.05462077774 0.01)
(0.736 0.05462077774 0.01)
(0.7421333333 0.05462077774 0.01)
(0.7482666667 0.05462077774 0.01)
(0.7544 0.05462077774 0.01)
(0.7605333333 0.05462077774 0.01)
(0.7666666667 0.05462077774 0.01)
(0.7728 0.05462077774 0.01)
(0.7789333333 0.05462077774 0.01)
(0.7850666667 0.05462077774 0.01)
(0.7912 0.05462077774 0.01)
(0.7973333333 0.05462077774 0.01)
(0.8034666667 0.05462077774 0.01)
(0.8096 0.05462077774 0.01)
(0.8157333333 0.05462077774 0.01)
(0.8218666667 0.05462077774 0.01)
(0.828 0.05462077774 0.01)
(0.8341333333 0.05462077774 0.01)
(0.8402666667 0.05462077774 0.01)
(0.8464 0.05462077774 0.01)
(0.8525333333 0.05462077774 0.01)
(0.8586666667 0.05462077774 0.01)
(0.8648 0.05462077774 0.01)
(0.8709333333 0.05462077774 0.01)
(0.8770666667 0.05462077774 0.01)
(0.8832 0.05462077774 0.01)
(0.8893333333 0.05462077774 0.01)
(0.8954666667 0.05462077774 0.01)
(0.9016 0.05462077774 0.01)
(0.9077333333 0.05462077774 0.01)
(0.9138666667 0.05462077774 0.01)
(0.92 0.05462077774 0.01)
(0 0.06023179172 0.01)
(0.006133333333 0.06023179172 0.01)
(0.01226666667 0.06023179172 0.01)
(0.0184 0.06023179172 0.01)
(0.02453333333 0.06023179172 0.01)
(0.03066666667 0.06023179172 0.01)
(0.0368 0.06023179172 0.01)
(0.04293333333 0.06023179172 0.01)
(0.04906666667 0.06023179172 0.01)
(0.0552 0.06023179172 0.01)
(0.06133333333 0.06023179172 0.01)
(0.06746666667 0.06023179172 0.01)
(0.0736 0.06023179172 0.01)
(0.07973333333 0.06023179172 0.01)
(0.08586666667 0.06023179172 0.01)
(0.092 0.06023179172 0.01)
(0.09813333333 0.06023179172 0.01)
(0.1042666667 0.06023179172 0.01)
(0.1104 0.06023179172 0.01)
(0.1165333333 0.06023179172 0.01)
(0.1226666667 0.06023179172 0.01)
(0.1288 0.06023179172 0.01)
(0.1349333333 0.06023179172 0.01)
(0.1410666667 0.06023179172 0.01)
(0.1472 0.06023179172 0.01)
(0.1533333333 0.06023179172 0.01)
(0.1594666667 0.06023179172 0.01)
(0.1656 0.06023179172 0.01)
(0.1717333333 0.06023179172 0.01)
(0.1778666667 0.06023179172 0.01)
(0.184 0.06023179172 0.01)
(0.1901333333 0.06023179172 0.01)
(0.1962666667 0.06023179172 0.01)
(0.2024 0.06023179172 0.01)
(0.2085333333 0.06023179172 0.01)
(0.2146666667 0.06023179172 0.01)
(0.2208 0.06023179172 0.01)
(0.2269333333 0.06023179172 0.01)
(0.2330666667 0.06023179172 0.01)
(0.2392 0.06023179172 0.01)
(0.2453333333 0.06023179172 0.01)
(0.2514666667 0.06023179172 0.01)
(0.2576 0.06023179172 0.01)
(0.2637333333 0.06023179172 0.01)
(0.2698666667 0.06023179172 0.01)
(0.276 0.06023179172 0.01)
(0.2821333333 0.06023179172 0.01)
(0.2882666667 0.06023179172 0.01)
(0.2944 0.06023179172 0.01)
(0.3005333333 0.06023179172 0.01)
(0.3066666667 0.06023179172 0.01)
(0.3128 0.06023179172 0.01)
(0.3189333333 0.06023179172 0.01)
(0.3250666667 0.06023179172 0.01)
(0.3312 0.06023179172 0.01)
(0.3373333333 0.06023179172 0.01)
(0.3434666667 0.06023179172 0.01)
(0.3496 0.06023179172 0.01)
(0.3557333333 0.06023179172 0.01)
(0.3618666667 0.06023179172 0.01)
(0.368 0.06023179172 0.01)
(0.3741333333 0.06023179172 0.01)
(0.3802666667 0.06023179172 0.01)
(0.3864 0.06023179172 0.01)
(0.3925333333 0.06023179172 0.01)
(0.3986666667 0.06023179172 0.01)
(0.4048 0.06023179172 0.01)
(0.4109333333 0.06023179172 0.01)
(0.4170666667 0.06023179172 0.01)
(0.4232 0.06023179172 0.01)
(0.4293333333 0.06023179172 0.01)
(0.4354666667 0.06023179172 0.01)
(0.4416 0.06023179172 0.01)
(0.4477333333 0.06023179172 0.01)
(0.4538666667 0.06023179172 0.01)
(0.46 0.06023179172 0.01)
(0.4661333333 0.06023179172 0.01)
(0.4722666667 0.06023179172 0.01)
(0.4784 0.06023179172 0.01)
(0.4845333333 0.06023179172 0.01)
(0.4906666667 0.06023179172 0.01)
(0.4968 0.06023179172 0.01)
(0.5029333333 0.06023179172 0.01)
(0.5090666667 0.06023179172 0.01)
(0.5152 0.06023179172 0.01)
(0.5213333333 0.06023179172 0.01)
(0.5274666667 0.06023179172 0.01)
(0.5336 0.06023179172 0.01)
(0.5397333333 0.06023179172 0.01)
(0.5458666667 0.06023179172 0.01)
(0.552 0.06023179172 0.01)
(0.5581333333 0.06023179172 0.01)
(0.5642666667 0.06023179172 0.01)
(0.5704 0.06023179172 0.01)
(0.5765333333 0.06023179172 0.01)
(0.5826666667 0.06023179172 0.01)
(0.5888 0.06023179172 0.01)
(0.5949333333 0.06023179172 0.01)
(0.6010666667 0.06023179172 0.01)
(0.6072 0.06023179172 0.01)
(0.6133333333 0.06023179172 0.01)
(0.6194666667 0.06023179172 0.01)
(0.6256 0.06023179172 0.01)
(0.6317333333 0.06023179172 0.01)
(0.6378666667 0.06023179172 0.01)
(0.644 0.06023179172 0.01)
(0.6501333333 0.06023179172 0.01)
(0.6562666667 0.06023179172 0.01)
(0.6624 0.06023179172 0.01)
(0.6685333333 0.06023179172 0.01)
(0.6746666667 0.06023179172 0.01)
(0.6808 0.06023179172 0.01)
(0.6869333333 0.06023179172 0.01)
(0.6930666667 0.06023179172 0.01)
(0.6992 0.06023179172 0.01)
(0.7053333333 0.06023179172 0.01)
(0.7114666667 0.06023179172 0.01)
(0.7176 0.06023179172 0.01)
(0.7237333333 0.06023179172 0.01)
(0.7298666667 0.06023179172 0.01)
(0.736 0.06023179172 0.01)
(0.7421333333 0.06023179172 0.01)
(0.7482666667 0.06023179172 0.01)
(0.7544 0.06023179172 0.01)
(0.7605333333 0.06023179172 0.01)
(0.7666666667 0.06023179172 0.01)
(0.7728 0.06023179172 0.01)
(0.7789333333 0.06023179172 0.01)
(0.7850666667 0.06023179172 0.01)
(0.7912 0.06023179172 0.01)
(0.7973333333 0.06023179172 0.01)
(0.8034666667 0.06023179172 0.01)
(0.8096 0.06023179172 0.01)
(0.8157333333 0.06023179172 0.01)
(0.8218666667 0.06023179172 0.01)
(0.828 0.06023179172 0.01)
(0.8341333333 0.06023179172 0.01)
(0.8402666667 0.06023179172 0.01)
(0.8464 0.06023179172 0.01)
(0.8525333333 0.06023179172 0.01)
(0.8586666667 0.06023179172 0.01)
(0.8648 0.06023179172 0.01)
(0.8709333333 0.06023179172 0.01)
(0.8770666667 0.06023179172 0.01)
(0.8832 0.06023179172 0.01)
(0.8893333333 0.06023179172 0.01)
(0.8954666667 0.06023179172 0.01)
(0.9016 0.06023179172 0.01)
(0.9077333333 0.06023179172 0.01)
(0.9138666667 0.06023179172 0.01)
(0.92 0.06023179172 0.01)
(0 0.06640378526 0.01)
(0.006133333333 0.06640378526 0.01)
(0.01226666667 0.06640378526 0.01)
(0.0184 0.06640378526 0.01)
(0.02453333333 0.06640378526 0.01)
(0.03066666667 0.06640378526 0.01)
(0.0368 0.06640378526 0.01)
(0.04293333333 0.06640378526 0.01)
(0.04906666667 0.06640378526 0.01)
(0.0552 0.06640378526 0.01)
(0.06133333333 0.06640378526 0.01)
(0.06746666667 0.06640378526 0.01)
(0.0736 0.06640378526 0.01)
(0.07973333333 0.06640378526 0.01)
(0.08586666667 0.06640378526 0.01)
(0.092 0.06640378526 0.01)
(0.09813333333 0.06640378526 0.01)
(0.1042666667 0.06640378526 0.01)
(0.1104 0.06640378526 0.01)
(0.1165333333 0.06640378526 0.01)
(0.1226666667 0.06640378526 0.01)
(0.1288 0.06640378526 0.01)
(0.1349333333 0.06640378526 0.01)
(0.1410666667 0.06640378526 0.01)
(0.1472 0.06640378526 0.01)
(0.1533333333 0.06640378526 0.01)
(0.1594666667 0.06640378526 0.01)
(0.1656 0.06640378526 0.01)
(0.1717333333 0.06640378526 0.01)
(0.1778666667 0.06640378526 0.01)
(0.184 0.06640378526 0.01)
(0.1901333333 0.06640378526 0.01)
(0.1962666667 0.06640378526 0.01)
(0.2024 0.06640378526 0.01)
(0.2085333333 0.06640378526 0.01)
(0.2146666667 0.06640378526 0.01)
(0.2208 0.06640378526 0.01)
(0.2269333333 0.06640378526 0.01)
(0.2330666667 0.06640378526 0.01)
(0.2392 0.06640378526 0.01)
(0.2453333333 0.06640378526 0.01)
(0.2514666667 0.06640378526 0.01)
(0.2576 0.06640378526 0.01)
(0.2637333333 0.06640378526 0.01)
(0.2698666667 0.06640378526 0.01)
(0.276 0.06640378526 0.01)
(0.2821333333 0.06640378526 0.01)
(0.2882666667 0.06640378526 0.01)
(0.2944 0.06640378526 0.01)
(0.3005333333 0.06640378526 0.01)
(0.3066666667 0.06640378526 0.01)
(0.3128 0.06640378526 0.01)
(0.3189333333 0.06640378526 0.01)
(0.3250666667 0.06640378526 0.01)
(0.3312 0.06640378526 0.01)
(0.3373333333 0.06640378526 0.01)
(0.3434666667 0.06640378526 0.01)
(0.3496 0.06640378526 0.01)
(0.3557333333 0.06640378526 0.01)
(0.3618666667 0.06640378526 0.01)
(0.368 0.06640378526 0.01)
(0.3741333333 0.06640378526 0.01)
(0.3802666667 0.06640378526 0.01)
(0.3864 0.06640378526 0.01)
(0.3925333333 0.06640378526 0.01)
(0.3986666667 0.06640378526 0.01)
(0.4048 0.06640378526 0.01)
(0.4109333333 0.06640378526 0.01)
(0.4170666667 0.06640378526 0.01)
(0.4232 0.06640378526 0.01)
(0.4293333333 0.06640378526 0.01)
(0.4354666667 0.06640378526 0.01)
(0.4416 0.06640378526 0.01)
(0.4477333333 0.06640378526 0.01)
(0.4538666667 0.06640378526 0.01)
(0.46 0.06640378526 0.01)
(0.4661333333 0.06640378526 0.01)
(0.4722666667 0.06640378526 0.01)
(0.4784 0.06640378526 0.01)
(0.4845333333 0.06640378526 0.01)
(0.4906666667 0.06640378526 0.01)
(0.4968 0.06640378526 0.01)
(0.5029333333 0.06640378526 0.01)
(0.5090666667 0.06640378526 0.01)
(0.5152 0.06640378526 0.01)
(0.5213333333 0.06640378526 0.01)
(0.5274666667 0.06640378526 0.01)
(0.5336 0.06640378526 0.01)
(0.5397333333 0.06640378526 0.01)
(0.5458666667 0.06640378526 0.01)
(0.552 0.06640378526 0.01)
(0.5581333333 0.06640378526 0.01)
(0.5642666667 0.06640378526 0.01)
(0.5704 0.06640378526 0.01)
(0.5765333333 0.06640378526 0.01)
(0.5826666667 0.06640378526 0.01)
(0.5888 0.06640378526 0.01)
(0.5949333333 0.06640378526 0.01)
(0.6010666667 0.06640378526 0.01)
(0.6072 0.06640378526 0.01)
(0.6133333333 0.06640378526 0.01)
(0.6194666667 0.06640378526 0.01)
(0.6256 0.06640378526 0.01)
(0.6317333333 0.06640378526 0.01)
(0.6378666667 0.06640378526 0.01)
(0.644 0.06640378526 0.01)
(0.6501333333 0.06640378526 0.01)
(0.6562666667 0.06640378526 0.01)
(0.6624 0.06640378526 0.01)
(0.6685333333 0.06640378526 0.01)
(0.6746666667 0.06640378526 0.01)
(0.6808 0.06640378526 0.01)
(0.6869333333 0.06640378526 0.01)
(0.6930666667 0.06640378526 0.01)
(0.6992 0.06640378526 0.01)
(0.7053333333 0.06640378526 0.01)
(0.7114666667 0.06640378526 0.01)
(0.7176 0.06640378526 0.01)
(0.7237333333 0.06640378526 0.01)
(0.7298666667 0.06640378526 0.01)
(0.736 0.06640378526 0.01)
(0.7421333333 0.06640378526 0.01)
(0.7482666667 0.06640378526 0.01)
(0.7544 0.06640378526 0.01)
(0.7605333333 0.06640378526 0.01)
(0.7666666667 0.06640378526 0.01)
(0.7728 0.06640378526 0.01)
(0.7789333333 0.06640378526 0.01)
(0.7850666667 0.06640378526 0.01)
(0.7912 0.06640378526 0.01)
(0.7973333333 0.06640378526 0.01)
(0.8034666667 0.06640378526 0.01)
(0.8096 0.06640378526 0.01)
(0.8157333333 0.06640378526 0.01)
(0.8218666667 0.06640378526 0.01)
(0.828 0.06640378526 0.01)
(0.8341333333 0.06640378526 0.01)
(0.8402666667 0.06640378526 0.01)
(0.8464 0.06640378526 0.01)
(0.8525333333 0.06640378526 0.01)
(0.8586666667 0.06640378526 0.01)
(0.8648 0.06640378526 0.01)
(0.8709333333 0.06640378526 0.01)
(0.8770666667 0.06640378526 0.01)
(0.8832 0.06640378526 0.01)
(0.8893333333 0.06640378526 0.01)
(0.8954666667 0.06640378526 0.01)
(0.9016 0.06640378526 0.01)
(0.9077333333 0.06640378526 0.01)
(0.9138666667 0.06640378526 0.01)
(0.92 0.06640378526 0.01)
(0 0.07319284413 0.01)
(0.006133333333 0.07319284413 0.01)
(0.01226666667 0.07319284413 0.01)
(0.0184 0.07319284413 0.01)
(0.02453333333 0.07319284413 0.01)
(0.03066666667 0.07319284413 0.01)
(0.0368 0.07319284413 0.01)
(0.04293333333 0.07319284413 0.01)
(0.04906666667 0.07319284413 0.01)
(0.0552 0.07319284413 0.01)
(0.06133333333 0.07319284413 0.01)
(0.06746666667 0.07319284413 0.01)
(0.0736 0.07319284413 0.01)
(0.07973333333 0.07319284413 0.01)
(0.08586666667 0.07319284413 0.01)
(0.092 0.07319284413 0.01)
(0.09813333333 0.07319284413 0.01)
(0.1042666667 0.07319284413 0.01)
(0.1104 0.07319284413 0.01)
(0.1165333333 0.07319284413 0.01)
(0.1226666667 0.07319284413 0.01)
(0.1288 0.07319284413 0.01)
(0.1349333333 0.07319284413 0.01)
(0.1410666667 0.07319284413 0.01)
(0.1472 0.07319284413 0.01)
(0.1533333333 0.07319284413 0.01)
(0.1594666667 0.07319284413 0.01)
(0.1656 0.07319284413 0.01)
(0.1717333333 0.07319284413 0.01)
(0.1778666667 0.07319284413 0.01)
(0.184 0.07319284413 0.01)
(0.1901333333 0.07319284413 0.01)
(0.1962666667 0.07319284413 0.01)
(0.2024 0.07319284413 0.01)
(0.2085333333 0.07319284413 0.01)
(0.2146666667 0.07319284413 0.01)
(0.2208 0.07319284413 0.01)
(0.2269333333 0.07319284413 0.01)
(0.2330666667 0.07319284413 0.01)
(0.2392 0.07319284413 0.01)
(0.2453333333 0.07319284413 0.01)
(0.2514666667 0.07319284413 0.01)
(0.2576 0.07319284413 0.01)
(0.2637333333 0.07319284413 0.01)
(0.2698666667 0.07319284413 0.01)
(0.276 0.07319284413 0.01)
(0.2821333333 0.07319284413 0.01)
(0.2882666667 0.07319284413 0.01)
(0.2944 0.07319284413 0.01)
(0.3005333333 0.07319284413 0.01)
(0.3066666667 0.07319284413 0.01)
(0.3128 0.07319284413 0.01)
(0.3189333333 0.07319284413 0.01)
(0.3250666667 0.07319284413 0.01)
(0.3312 0.07319284413 0.01)
(0.3373333333 0.07319284413 0.01)
(0.3434666667 0.07319284413 0.01)
(0.3496 0.07319284413 0.01)
(0.3557333333 0.07319284413 0.01)
(0.3618666667 0.07319284413 0.01)
(0.368 0.07319284413 0.01)
(0.3741333333 0.07319284413 0.01)
(0.3802666667 0.07319284413 0.01)
(0.3864 0.07319284413 0.01)
(0.3925333333 0.07319284413 0.01)
(0.3986666667 0.07319284413 0.01)
(0.4048 0.07319284413 0.01)
(0.4109333333 0.07319284413 0.01)
(0.4170666667 0.07319284413 0.01)
(0.4232 0.07319284413 0.01)
(0.4293333333 0.07319284413 0.01)
(0.4354666667 0.07319284413 0.01)
(0.4416 0.07319284413 0.01)
(0.4477333333 0.07319284413 0.01)
(0.4538666667 0.07319284413 0.01)
(0.46 0.07319284413 0.01)
(0.4661333333 0.07319284413 0.01)
(0.4722666667 0.07319284413 0.01)
(0.4784 0.07319284413 0.01)
(0.4845333333 0.07319284413 0.01)
(0.4906666667 0.07319284413 0.01)
(0.4968 0.07319284413 0.01)
(0.5029333333 0.07319284413 0.01)
(0.5090666667 0.07319284413 0.01)
(0.5152 0.07319284413 0.01)
(0.5213333333 0.07319284413 0.01)
(0.5274666667 0.07319284413 0.01)
(0.5336 0.07319284413 0.01)
(0.5397333333 0.07319284413 0.01)
(0.5458666667 0.07319284413 0.01)
(0.552 0.07319284413 0.01)
(0.5581333333 0.07319284413 0.01)
(0.5642666667 0.07319284413 0.01)
(0.5704 0.07319284413 0.01)
(0.5765333333 0.07319284413 0.01)
(0.5826666667 0.07319284413 0.01)
(0.5888 0.07319284413 0.01)
(0.5949333333 0.07319284413 0.01)
(0.6010666667 0.07319284413 0.01)
(0.6072 0.07319284413 0.01)
(0.6133333333 0.07319284413 0.01)
(0.6194666667 0.07319284413 0.01)
(0.6256 0.07319284413 0.01)
(0.6317333333 0.07319284413 0.01)
(0.6378666667 0.07319284413 0.01)
(0.644 0.07319284413 0.01)
(0.6501333333 0.07319284413 0.01)
(0.6562666667 0.07319284413 0.01)
(0.6624 0.07319284413 0.01)
(0.6685333333 0.07319284413 0.01)
(0.6746666667 0.07319284413 0.01)
(0.6808 0.07319284413 0.01)
(0.6869333333 0.07319284413 0.01)
(0.6930666667 0.07319284413 0.01)
(0.6992 0.07319284413 0.01)
(0.7053333333 0.07319284413 0.01)
(0.7114666667 0.07319284413 0.01)
(0.7176 0.07319284413 0.01)
(0.7237333333 0.07319284413 0.01)
(0.7298666667 0.07319284413 0.01)
(0.736 0.07319284413 0.01)
(0.7421333333 0.07319284413 0.01)
(0.7482666667 0.07319284413 0.01)
(0.7544 0.07319284413 0.01)
(0.7605333333 0.07319284413 0.01)
(0.7666666667 0.07319284413 0.01)
(0.7728 0.07319284413 0.01)
(0.7789333333 0.07319284413 0.01)
(0.7850666667 0.07319284413 0.01)
(0.7912 0.07319284413 0.01)
(0.7973333333 0.07319284413 0.01)
(0.8034666667 0.07319284413 0.01)
(0.8096 0.07319284413 0.01)
(0.8157333333 0.07319284413 0.01)
(0.8218666667 0.07319284413 0.01)
(0.828 0.07319284413 0.01)
(0.8341333333 0.07319284413 0.01)
(0.8402666667 0.07319284413 0.01)
(0.8464 0.07319284413 0.01)
(0.8525333333 0.07319284413 0.01)
(0.8586666667 0.07319284413 0.01)
(0.8648 0.07319284413 0.01)
(0.8709333333 0.07319284413 0.01)
(0.8770666667 0.07319284413 0.01)
(0.8832 0.07319284413 0.01)
(0.8893333333 0.07319284413 0.01)
(0.8954666667 0.07319284413 0.01)
(0.9016 0.07319284413 0.01)
(0.9077333333 0.07319284413 0.01)
(0.9138666667 0.07319284413 0.01)
(0.92 0.07319284413 0.01)
(0 0.08066066147 0.01)
(0.006133333333 0.08066066147 0.01)
(0.01226666667 0.08066066147 0.01)
(0.0184 0.08066066147 0.01)
(0.02453333333 0.08066066147 0.01)
(0.03066666667 0.08066066147 0.01)
(0.0368 0.08066066147 0.01)
(0.04293333333 0.08066066147 0.01)
(0.04906666667 0.08066066147 0.01)
(0.0552 0.08066066147 0.01)
(0.06133333333 0.08066066147 0.01)
(0.06746666667 0.08066066147 0.01)
(0.0736 0.08066066147 0.01)
(0.07973333333 0.08066066147 0.01)
(0.08586666667 0.08066066147 0.01)
(0.092 0.08066066147 0.01)
(0.09813333333 0.08066066147 0.01)
(0.1042666667 0.08066066147 0.01)
(0.1104 0.08066066147 0.01)
(0.1165333333 0.08066066147 0.01)
(0.1226666667 0.08066066147 0.01)
(0.1288 0.08066066147 0.01)
(0.1349333333 0.08066066147 0.01)
(0.1410666667 0.08066066147 0.01)
(0.1472 0.08066066147 0.01)
(0.1533333333 0.08066066147 0.01)
(0.1594666667 0.08066066147 0.01)
(0.1656 0.08066066147 0.01)
(0.1717333333 0.08066066147 0.01)
(0.1778666667 0.08066066147 0.01)
(0.184 0.08066066147 0.01)
(0.1901333333 0.08066066147 0.01)
(0.1962666667 0.08066066147 0.01)
(0.2024 0.08066066147 0.01)
(0.2085333333 0.08066066147 0.01)
(0.2146666667 0.08066066147 0.01)
(0.2208 0.08066066147 0.01)
(0.2269333333 0.08066066147 0.01)
(0.2330666667 0.08066066147 0.01)
(0.2392 0.08066066147 0.01)
(0.2453333333 0.08066066147 0.01)
(0.2514666667 0.08066066147 0.01)
(0.2576 0.08066066147 0.01)
(0.2637333333 0.08066066147 0.01)
(0.2698666667 0.08066066147 0.01)
(0.276 0.08066066147 0.01)
(0.2821333333 0.08066066147 0.01)
(0.2882666667 0.08066066147 0.01)
(0.2944 0.08066066147 0.01)
(0.3005333333 0.08066066147 0.01)
(0.3066666667 0.08066066147 0.01)
(0.3128 0.08066066147 0.01)
(0.3189333333 0.08066066147 0.01)
(0.3250666667 0.08066066147 0.01)
(0.3312 0.08066066147 0.01)
(0.3373333333 0.08066066147 0.01)
(0.3434666667 0.08066066147 0.01)
(0.3496 0.08066066147 0.01)
(0.3557333333 0.08066066147 0.01)
(0.3618666667 0.08066066147 0.01)
(0.368 0.08066066147 0.01)
(0.3741333333 0.08066066147 0.01)
(0.3802666667 0.08066066147 0.01)
(0.3864 0.08066066147 0.01)
(0.3925333333 0.08066066147 0.01)
(0.3986666667 0.08066066147 0.01)
(0.4048 0.08066066147 0.01)
(0.4109333333 0.08066066147 0.01)
(0.4170666667 0.08066066147 0.01)
(0.4232 0.08066066147 0.01)
(0.4293333333 0.08066066147 0.01)
(0.4354666667 0.08066066147 0.01)
(0.4416 0.08066066147 0.01)
(0.4477333333 0.08066066147 0.01)
(0.4538666667 0.08066066147 0.01)
(0.46 0.08066066147 0.01)
(0.4661333333 0.08066066147 0.01)
(0.4722666667 0.08066066147 0.01)
(0.4784 0.08066066147 0.01)
(0.4845333333 0.08066066147 0.01)
(0.4906666667 0.08066066147 0.01)
(0.4968 0.08066066147 0.01)
(0.5029333333 0.08066066147 0.01)
(0.5090666667 0.08066066147 0.01)
(0.5152 0.08066066147 0.01)
(0.5213333333 0.08066066147 0.01)
(0.5274666667 0.08066066147 0.01)
(0.5336 0.08066066147 0.01)
(0.5397333333 0.08066066147 0.01)
(0.5458666667 0.08066066147 0.01)
(0.552 0.08066066147 0.01)
(0.5581333333 0.08066066147 0.01)
(0.5642666667 0.08066066147 0.01)
(0.5704 0.08066066147 0.01)
(0.5765333333 0.08066066147 0.01)
(0.5826666667 0.08066066147 0.01)
(0.5888 0.08066066147 0.01)
(0.5949333333 0.08066066147 0.01)
(0.6010666667 0.08066066147 0.01)
(0.6072 0.08066066147 0.01)
(0.6133333333 0.08066066147 0.01)
(0.6194666667 0.08066066147 0.01)
(0.6256 0.08066066147 0.01)
(0.6317333333 0.08066066147 0.01)
(0.6378666667 0.08066066147 0.01)
(0.644 0.08066066147 0.01)
(0.6501333333 0.08066066147 0.01)
(0.6562666667 0.08066066147 0.01)
(0.6624 0.08066066147 0.01)
(0.6685333333 0.08066066147 0.01)
(0.6746666667 0.08066066147 0.01)
(0.6808 0.08066066147 0.01)
(0.6869333333 0.08066066147 0.01)
(0.6930666667 0.08066066147 0.01)
(0.6992 0.08066066147 0.01)
(0.7053333333 0.08066066147 0.01)
(0.7114666667 0.08066066147 0.01)
(0.7176 0.08066066147 0.01)
(0.7237333333 0.08066066147 0.01)
(0.7298666667 0.08066066147 0.01)
(0.736 0.08066066147 0.01)
(0.7421333333 0.08066066147 0.01)
(0.7482666667 0.08066066147 0.01)
(0.7544 0.08066066147 0.01)
(0.7605333333 0.08066066147 0.01)
(0.7666666667 0.08066066147 0.01)
(0.7728 0.08066066147 0.01)
(0.7789333333 0.08066066147 0.01)
(0.7850666667 0.08066066147 0.01)
(0.7912 0.08066066147 0.01)
(0.7973333333 0.08066066147 0.01)
(0.8034666667 0.08066066147 0.01)
(0.8096 0.08066066147 0.01)
(0.8157333333 0.08066066147 0.01)
(0.8218666667 0.08066066147 0.01)
(0.828 0.08066066147 0.01)
(0.8341333333 0.08066066147 0.01)
(0.8402666667 0.08066066147 0.01)
(0.8464 0.08066066147 0.01)
(0.8525333333 0.08066066147 0.01)
(0.8586666667 0.08066066147 0.01)
(0.8648 0.08066066147 0.01)
(0.8709333333 0.08066066147 0.01)
(0.8770666667 0.08066066147 0.01)
(0.8832 0.08066066147 0.01)
(0.8893333333 0.08066066147 0.01)
(0.8954666667 0.08066066147 0.01)
(0.9016 0.08066066147 0.01)
(0.9077333333 0.08066066147 0.01)
(0.9138666667 0.08066066147 0.01)
(0.92 0.08066066147 0.01)
(0 0.08887509838 0.01)
(0.006133333333 0.08887509838 0.01)
(0.01226666667 0.08887509838 0.01)
(0.0184 0.08887509838 0.01)
(0.02453333333 0.08887509838 0.01)
(0.03066666667 0.08887509838 0.01)
(0.0368 0.08887509838 0.01)
(0.04293333333 0.08887509838 0.01)
(0.04906666667 0.08887509838 0.01)
(0.0552 0.08887509838 0.01)
(0.06133333333 0.08887509838 0.01)
(0.06746666667 0.08887509838 0.01)
(0.0736 0.08887509838 0.01)
(0.07973333333 0.08887509838 0.01)
(0.08586666667 0.08887509838 0.01)
(0.092 0.08887509838 0.01)
(0.09813333333 0.08887509838 0.01)
(0.1042666667 0.08887509838 0.01)
(0.1104 0.08887509838 0.01)
(0.1165333333 0.08887509838 0.01)
(0.1226666667 0.08887509838 0.01)
(0.1288 0.08887509838 0.01)
(0.1349333333 0.08887509838 0.01)
(0.1410666667 0.08887509838 0.01)
(0.1472 0.08887509838 0.01)
(0.1533333333 0.08887509838 0.01)
(0.1594666667 0.08887509838 0.01)
(0.1656 0.08887509838 0.01)
(0.1717333333 0.08887509838 0.01)
(0.1778666667 0.08887509838 0.01)
(0.184 0.08887509838 0.01)
(0.1901333333 0.08887509838 0.01)
(0.1962666667 0.08887509838 0.01)
(0.2024 0.08887509838 0.01)
(0.2085333333 0.08887509838 0.01)
(0.2146666667 0.08887509838 0.01)
(0.2208 0.08887509838 0.01)
(0.2269333333 0.08887509838 0.01)
(0.2330666667 0.08887509838 0.01)
(0.2392 0.08887509838 0.01)
(0.2453333333 0.08887509838 0.01)
(0.2514666667 0.08887509838 0.01)
(0.2576 0.08887509838 0.01)
(0.2637333333 0.08887509838 0.01)
(0.2698666667 0.08887509838 0.01)
(0.276 0.08887509838 0.01)
(0.2821333333 0.08887509838 0.01)
(0.2882666667 0.08887509838 0.01)
(0.2944 0.08887509838 0.01)
(0.3005333333 0.08887509838 0.01)
(0.3066666667 0.08887509838 0.01)
(0.3128 0.08887509838 0.01)
(0.3189333333 0.08887509838 0.01)
(0.3250666667 0.08887509838 0.01)
(0.3312 0.08887509838 0.01)
(0.3373333333 0.08887509838 0.01)
(0.3434666667 0.08887509838 0.01)
(0.3496 0.08887509838 0.01)
(0.3557333333 0.08887509838 0.01)
(0.3618666667 0.08887509838 0.01)
(0.368 0.08887509838 0.01)
(0.3741333333 0.08887509838 0.01)
(0.3802666667 0.08887509838 0.01)
(0.3864 0.08887509838 0.01)
(0.3925333333 0.08887509838 0.01)
(0.3986666667 0.08887509838 0.01)
(0.4048 0.08887509838 0.01)
(0.4109333333 0.08887509838 0.01)
(0.4170666667 0.08887509838 0.01)
(0.4232 0.08887509838 0.01)
(0.4293333333 0.08887509838 0.01)
(0.4354666667 0.08887509838 0.01)
(0.4416 0.08887509838 0.01)
(0.4477333333 0.08887509838 0.01)
(0.4538666667 0.08887509838 0.01)
(0.46 0.08887509838 0.01)
(0.4661333333 0.08887509838 0.01)
(0.4722666667 0.08887509838 0.01)
(0.4784 0.08887509838 0.01)
(0.4845333333 0.08887509838 0.01)
(0.4906666667 0.08887509838 0.01)
(0.4968 0.08887509838 0.01)
(0.5029333333 0.08887509838 0.01)
(0.5090666667 0.08887509838 0.01)
(0.5152 0.08887509838 0.01)
(0.5213333333 0.08887509838 0.01)
(0.5274666667 0.08887509838 0.01)
(0.5336 0.08887509838 0.01)
(0.5397333333 0.08887509838 0.01)
(0.5458666667 0.08887509838 0.01)
(0.552 0.08887509838 0.01)
(0.5581333333 0.08887509838 0.01)
(0.5642666667 0.08887509838 0.01)
(0.5704 0.08887509838 0.01)
(0.5765333333 0.08887509838 0.01)
(0.5826666667 0.08887509838 0.01)
(0.5888 0.08887509838 0.01)
(0.5949333333 0.08887509838 0.01)
(0.6010666667 0.08887509838 0.01)
(0.6072 0.08887509838 0.01)
(0.6133333333 0.08887509838 0.01)
(0.6194666667 0.08887509838 0.01)
(0.6256 0.08887509838 0.01)
(0.6317333333 0.08887509838 0.01)
(0.6378666667 0.08887509838 0.01)
(0.644 0.08887509838 0.01)
(0.6501333333 0.08887509838 0.01)
(0.6562666667 0.08887509838 0.01)
(0.6624 0.08887509838 0.01)
(0.6685333333 0.08887509838 0.01)
(0.6746666667 0.08887509838 0.01)
(0.6808 0.08887509838 0.01)
(0.6869333333 0.08887509838 0.01)
(0.6930666667 0.08887509838 0.01)
(0.6992 0.08887509838 0.01)
(0.7053333333 0.08887509838 0.01)
(0.7114666667 0.08887509838 0.01)
(0.7176 0.08887509838 0.01)
(0.7237333333 0.08887509838 0.01)
(0.7298666667 0.08887509838 0.01)
(0.736 0.08887509838 0.01)
(0.7421333333 0.08887509838 0.01)
(0.7482666667 0.08887509838 0.01)
(0.7544 0.08887509838 0.01)
(0.7605333333 0.08887509838 0.01)
(0.7666666667 0.08887509838 0.01)
(0.7728 0.08887509838 0.01)
(0.7789333333 0.08887509838 0.01)
(0.7850666667 0.08887509838 0.01)
(0.7912 0.08887509838 0.01)
(0.7973333333 0.08887509838 0.01)
(0.8034666667 0.08887509838 0.01)
(0.8096 0.08887509838 0.01)
(0.8157333333 0.08887509838 0.01)
(0.8218666667 0.08887509838 0.01)
(0.828 0.08887509838 0.01)
(0.8341333333 0.08887509838 0.01)
(0.8402666667 0.08887509838 0.01)
(0.8464 0.08887509838 0.01)
(0.8525333333 0.08887509838 0.01)
(0.8586666667 0.08887509838 0.01)
(0.8648 0.08887509838 0.01)
(0.8709333333 0.08887509838 0.01)
(0.8770666667 0.08887509838 0.01)
(0.8832 0.08887509838 0.01)
(0.8893333333 0.08887509838 0.01)
(0.8954666667 0.08887509838 0.01)
(0.9016 0.08887509838 0.01)
(0.9077333333 0.08887509838 0.01)
(0.9138666667 0.08887509838 0.01)
(0.92 0.08887509838 0.01)
(0 0.09791080062 0.01)
(0.006133333333 0.09791080062 0.01)
(0.01226666667 0.09791080062 0.01)
(0.0184 0.09791080062 0.01)
(0.02453333333 0.09791080062 0.01)
(0.03066666667 0.09791080062 0.01)
(0.0368 0.09791080062 0.01)
(0.04293333333 0.09791080062 0.01)
(0.04906666667 0.09791080062 0.01)
(0.0552 0.09791080062 0.01)
(0.06133333333 0.09791080062 0.01)
(0.06746666667 0.09791080062 0.01)
(0.0736 0.09791080062 0.01)
(0.07973333333 0.09791080062 0.01)
(0.08586666667 0.09791080062 0.01)
(0.092 0.09791080062 0.01)
(0.09813333333 0.09791080062 0.01)
(0.1042666667 0.09791080062 0.01)
(0.1104 0.09791080062 0.01)
(0.1165333333 0.09791080062 0.01)
(0.1226666667 0.09791080062 0.01)
(0.1288 0.09791080062 0.01)
(0.1349333333 0.09791080062 0.01)
(0.1410666667 0.09791080062 0.01)
(0.1472 0.09791080062 0.01)
(0.1533333333 0.09791080062 0.01)
(0.1594666667 0.09791080062 0.01)
(0.1656 0.09791080062 0.01)
(0.1717333333 0.09791080062 0.01)
(0.1778666667 0.09791080062 0.01)
(0.184 0.09791080062 0.01)
(0.1901333333 0.09791080062 0.01)
(0.1962666667 0.09791080062 0.01)
(0.2024 0.09791080062 0.01)
(0.2085333333 0.09791080062 0.01)
(0.2146666667 0.09791080062 0.01)
(0.2208 0.09791080062 0.01)
(0.2269333333 0.09791080062 0.01)
(0.2330666667 0.09791080062 0.01)
(0.2392 0.09791080062 0.01)
(0.2453333333 0.09791080062 0.01)
(0.2514666667 0.09791080062 0.01)
(0.2576 0.09791080062 0.01)
(0.2637333333 0.09791080062 0.01)
(0.2698666667 0.09791080062 0.01)
(0.276 0.09791080062 0.01)
(0.2821333333 0.09791080062 0.01)
(0.2882666667 0.09791080062 0.01)
(0.2944 0.09791080062 0.01)
(0.3005333333 0.09791080062 0.01)
(0.3066666667 0.09791080062 0.01)
(0.3128 0.09791080062 0.01)
(0.3189333333 0.09791080062 0.01)
(0.3250666667 0.09791080062 0.01)
(0.3312 0.09791080062 0.01)
(0.3373333333 0.09791080062 0.01)
(0.3434666667 0.09791080062 0.01)
(0.3496 0.09791080062 0.01)
(0.3557333333 0.09791080062 0.01)
(0.3618666667 0.09791080062 0.01)
(0.368 0.09791080062 0.01)
(0.3741333333 0.09791080062 0.01)
(0.3802666667 0.09791080062 0.01)
(0.3864 0.09791080062 0.01)
(0.3925333333 0.09791080062 0.01)
(0.3986666667 0.09791080062 0.01)
(0.4048 0.09791080062 0.01)
(0.4109333333 0.09791080062 0.01)
(0.4170666667 0.09791080062 0.01)
(0.4232 0.09791080062 0.01)
(0.4293333333 0.09791080062 0.01)
(0.4354666667 0.09791080062 0.01)
(0.4416 0.09791080062 0.01)
(0.4477333333 0.09791080062 0.01)
(0.4538666667 0.09791080062 0.01)
(0.46 0.09791080062 0.01)
(0.4661333333 0.09791080062 0.01)
(0.4722666667 0.09791080062 0.01)
(0.4784 0.09791080062 0.01)
(0.4845333333 0.09791080062 0.01)
(0.4906666667 0.09791080062 0.01)
(0.4968 0.09791080062 0.01)
(0.5029333333 0.09791080062 0.01)
(0.5090666667 0.09791080062 0.01)
(0.5152 0.09791080062 0.01)
(0.5213333333 0.09791080062 0.01)
(0.5274666667 0.09791080062 0.01)
(0.5336 0.09791080062 0.01)
(0.5397333333 0.09791080062 0.01)
(0.5458666667 0.09791080062 0.01)
(0.552 0.09791080062 0.01)
(0.5581333333 0.09791080062 0.01)
(0.5642666667 0.09791080062 0.01)
(0.5704 0.09791080062 0.01)
(0.5765333333 0.09791080062 0.01)
(0.5826666667 0.09791080062 0.01)
(0.5888 0.09791080062 0.01)
(0.5949333333 0.09791080062 0.01)
(0.6010666667 0.09791080062 0.01)
(0.6072 0.09791080062 0.01)
(0.6133333333 0.09791080062 0.01)
(0.6194666667 0.09791080062 0.01)
(0.6256 0.09791080062 0.01)
(0.6317333333 0.09791080062 0.01)
(0.6378666667 0.09791080062 0.01)
(0.644 0.09791080062 0.01)
(0.6501333333 0.09791080062 0.01)
(0.6562666667 0.09791080062 0.01)
(0.6624 0.09791080062 0.01)
(0.6685333333 0.09791080062 0.01)
(0.6746666667 0.09791080062 0.01)
(0.6808 0.09791080062 0.01)
(0.6869333333 0.09791080062 0.01)
(0.6930666667 0.09791080062 0.01)
(0.6992 0.09791080062 0.01)
(0.7053333333 0.09791080062 0.01)
(0.7114666667 0.09791080062 0.01)
(0.7176 0.09791080062 0.01)
(0.7237333333 0.09791080062 0.01)
(0.7298666667 0.09791080062 0.01)
(0.736 0.09791080062 0.01)
(0.7421333333 0.09791080062 0.01)
(0.7482666667 0.09791080062 0.01)
(0.7544 0.09791080062 0.01)
(0.7605333333 0.09791080062 0.01)
(0.7666666667 0.09791080062 0.01)
(0.7728 0.09791080062 0.01)
(0.7789333333 0.09791080062 0.01)
(0.7850666667 0.09791080062 0.01)
(0.7912 0.09791080062 0.01)
(0.7973333333 0.09791080062 0.01)
(0.8034666667 0.09791080062 0.01)
(0.8096 0.09791080062 0.01)
(0.8157333333 0.09791080062 0.01)
(0.8218666667 0.09791080062 0.01)
(0.828 0.09791080062 0.01)
(0.8341333333 0.09791080062 0.01)
(0.8402666667 0.09791080062 0.01)
(0.8464 0.09791080062 0.01)
(0.8525333333 0.09791080062 0.01)
(0.8586666667 0.09791080062 0.01)
(0.8648 0.09791080062 0.01)
(0.8709333333 0.09791080062 0.01)
(0.8770666667 0.09791080062 0.01)
(0.8832 0.09791080062 0.01)
(0.8893333333 0.09791080062 0.01)
(0.8954666667 0.09791080062 0.01)
(0.9016 0.09791080062 0.01)
(0.9077333333 0.09791080062 0.01)
(0.9138666667 0.09791080062 0.01)
(0.92 0.09791080062 0.01)
(0 0.1078498769 0.01)
(0.006133333333 0.1078498769 0.01)
(0.01226666667 0.1078498769 0.01)
(0.0184 0.1078498769 0.01)
(0.02453333333 0.1078498769 0.01)
(0.03066666667 0.1078498769 0.01)
(0.0368 0.1078498769 0.01)
(0.04293333333 0.1078498769 0.01)
(0.04906666667 0.1078498769 0.01)
(0.0552 0.1078498769 0.01)
(0.06133333333 0.1078498769 0.01)
(0.06746666667 0.1078498769 0.01)
(0.0736 0.1078498769 0.01)
(0.07973333333 0.1078498769 0.01)
(0.08586666667 0.1078498769 0.01)
(0.092 0.1078498769 0.01)
(0.09813333333 0.1078498769 0.01)
(0.1042666667 0.1078498769 0.01)
(0.1104 0.1078498769 0.01)
(0.1165333333 0.1078498769 0.01)
(0.1226666667 0.1078498769 0.01)
(0.1288 0.1078498769 0.01)
(0.1349333333 0.1078498769 0.01)
(0.1410666667 0.1078498769 0.01)
(0.1472 0.1078498769 0.01)
(0.1533333333 0.1078498769 0.01)
(0.1594666667 0.1078498769 0.01)
(0.1656 0.1078498769 0.01)
(0.1717333333 0.1078498769 0.01)
(0.1778666667 0.1078498769 0.01)
(0.184 0.1078498769 0.01)
(0.1901333333 0.1078498769 0.01)
(0.1962666667 0.1078498769 0.01)
(0.2024 0.1078498769 0.01)
(0.2085333333 0.1078498769 0.01)
(0.2146666667 0.1078498769 0.01)
(0.2208 0.1078498769 0.01)
(0.2269333333 0.1078498769 0.01)
(0.2330666667 0.1078498769 0.01)
(0.2392 0.1078498769 0.01)
(0.2453333333 0.1078498769 0.01)
(0.2514666667 0.1078498769 0.01)
(0.2576 0.1078498769 0.01)
(0.2637333333 0.1078498769 0.01)
(0.2698666667 0.1078498769 0.01)
(0.276 0.1078498769 0.01)
(0.2821333333 0.1078498769 0.01)
(0.2882666667 0.1078498769 0.01)
(0.2944 0.1078498769 0.01)
(0.3005333333 0.1078498769 0.01)
(0.3066666667 0.1078498769 0.01)
(0.3128 0.1078498769 0.01)
(0.3189333333 0.1078498769 0.01)
(0.3250666667 0.1078498769 0.01)
(0.3312 0.1078498769 0.01)
(0.3373333333 0.1078498769 0.01)
(0.3434666667 0.1078498769 0.01)
(0.3496 0.1078498769 0.01)
(0.3557333333 0.1078498769 0.01)
(0.3618666667 0.1078498769 0.01)
(0.368 0.1078498769 0.01)
(0.3741333333 0.1078498769 0.01)
(0.3802666667 0.1078498769 0.01)
(0.3864 0.1078498769 0.01)
(0.3925333333 0.1078498769 0.01)
(0.3986666667 0.1078498769 0.01)
(0.4048 0.1078498769 0.01)
(0.4109333333 0.1078498769 0.01)
(0.4170666667 0.1078498769 0.01)
(0.4232 0.1078498769 0.01)
(0.4293333333 0.1078498769 0.01)
(0.4354666667 0.1078498769 0.01)
(0.4416 0.1078498769 0.01)
(0.4477333333 0.1078498769 0.01)
(0.4538666667 0.1078498769 0.01)
(0.46 0.1078498769 0.01)
(0.4661333333 0.1078498769 0.01)
(0.4722666667 0.1078498769 0.01)
(0.4784 0.1078498769 0.01)
(0.4845333333 0.1078498769 0.01)
(0.4906666667 0.1078498769 0.01)
(0.4968 0.1078498769 0.01)
(0.5029333333 0.1078498769 0.01)
(0.5090666667 0.1078498769 0.01)
(0.5152 0.1078498769 0.01)
(0.5213333333 0.1078498769 0.01)
(0.5274666667 0.1078498769 0.01)
(0.5336 0.1078498769 0.01)
(0.5397333333 0.1078498769 0.01)
(0.5458666667 0.1078498769 0.01)
(0.552 0.1078498769 0.01)
(0.5581333333 0.1078498769 0.01)
(0.5642666667 0.1078498769 0.01)
(0.5704 0.1078498769 0.01)
(0.5765333333 0.1078498769 0.01)
(0.5826666667 0.1078498769 0.01)
(0.5888 0.1078498769 0.01)
(0.5949333333 0.1078498769 0.01)
(0.6010666667 0.1078498769 0.01)
(0.6072 0.1078498769 0.01)
(0.6133333333 0.1078498769 0.01)
(0.6194666667 0.1078498769 0.01)
(0.6256 0.1078498769 0.01)
(0.6317333333 0.1078498769 0.01)
(0.6378666667 0.1078498769 0.01)
(0.644 0.1078498769 0.01)
(0.6501333333 0.1078498769 0.01)
(0.6562666667 0.1078498769 0.01)
(0.6624 0.1078498769 0.01)
(0.6685333333 0.1078498769 0.01)
(0.6746666667 0.1078498769 0.01)
(0.6808 0.1078498769 0.01)
(0.6869333333 0.1078498769 0.01)
(0.6930666667 0.1078498769 0.01)
(0.6992 0.1078498769 0.01)
(0.7053333333 0.1078498769 0.01)
(0.7114666667 0.1078498769 0.01)
(0.7176 0.1078498769 0.01)
(0.7237333333 0.1078498769 0.01)
(0.7298666667 0.1078498769 0.01)
(0.736 0.1078498769 0.01)
(0.7421333333 0.1078498769 0.01)
(0.7482666667 0.1078498769 0.01)
(0.7544 0.1078498769 0.01)
(0.7605333333 0.1078498769 0.01)
(0.7666666667 0.1078498769 0.01)
(0.7728 0.1078498769 0.01)
(0.7789333333 0.1078498769 0.01)
(0.7850666667 0.1078498769 0.01)
(0.7912 0.1078498769 0.01)
(0.7973333333 0.1078498769 0.01)
(0.8034666667 0.1078498769 0.01)
(0.8096 0.1078498769 0.01)
(0.8157333333 0.1078498769 0.01)
(0.8218666667 0.1078498769 0.01)
(0.828 0.1078498769 0.01)
(0.8341333333 0.1078498769 0.01)
(0.8402666667 0.1078498769 0.01)
(0.8464 0.1078498769 0.01)
(0.8525333333 0.1078498769 0.01)
(0.8586666667 0.1078498769 0.01)
(0.8648 0.1078498769 0.01)
(0.8709333333 0.1078498769 0.01)
(0.8770666667 0.1078498769 0.01)
(0.8832 0.1078498769 0.01)
(0.8893333333 0.1078498769 0.01)
(0.8954666667 0.1078498769 0.01)
(0.9016 0.1078498769 0.01)
(0.9077333333 0.1078498769 0.01)
(0.9138666667 0.1078498769 0.01)
(0.92 0.1078498769 0.01)
(0 0.1187826449 0.01)
(0.006133333333 0.1187826449 0.01)
(0.01226666667 0.1187826449 0.01)
(0.0184 0.1187826449 0.01)
(0.02453333333 0.1187826449 0.01)
(0.03066666667 0.1187826449 0.01)
(0.0368 0.1187826449 0.01)
(0.04293333333 0.1187826449 0.01)
(0.04906666667 0.1187826449 0.01)
(0.0552 0.1187826449 0.01)
(0.06133333333 0.1187826449 0.01)
(0.06746666667 0.1187826449 0.01)
(0.0736 0.1187826449 0.01)
(0.07973333333 0.1187826449 0.01)
(0.08586666667 0.1187826449 0.01)
(0.092 0.1187826449 0.01)
(0.09813333333 0.1187826449 0.01)
(0.1042666667 0.1187826449 0.01)
(0.1104 0.1187826449 0.01)
(0.1165333333 0.1187826449 0.01)
(0.1226666667 0.1187826449 0.01)
(0.1288 0.1187826449 0.01)
(0.1349333333 0.1187826449 0.01)
(0.1410666667 0.1187826449 0.01)
(0.1472 0.1187826449 0.01)
(0.1533333333 0.1187826449 0.01)
(0.1594666667 0.1187826449 0.01)
(0.1656 0.1187826449 0.01)
(0.1717333333 0.1187826449 0.01)
(0.1778666667 0.1187826449 0.01)
(0.184 0.1187826449 0.01)
(0.1901333333 0.1187826449 0.01)
(0.1962666667 0.1187826449 0.01)
(0.2024 0.1187826449 0.01)
(0.2085333333 0.1187826449 0.01)
(0.2146666667 0.1187826449 0.01)
(0.2208 0.1187826449 0.01)
(0.2269333333 0.1187826449 0.01)
(0.2330666667 0.1187826449 0.01)
(0.2392 0.1187826449 0.01)
(0.2453333333 0.1187826449 0.01)
(0.2514666667 0.1187826449 0.01)
(0.2576 0.1187826449 0.01)
(0.2637333333 0.1187826449 0.01)
(0.2698666667 0.1187826449 0.01)
(0.276 0.1187826449 0.01)
(0.2821333333 0.1187826449 0.01)
(0.2882666667 0.1187826449 0.01)
(0.2944 0.1187826449 0.01)
(0.3005333333 0.1187826449 0.01)
(0.3066666667 0.1187826449 0.01)
(0.3128 0.1187826449 0.01)
(0.3189333333 0.1187826449 0.01)
(0.3250666667 0.1187826449 0.01)
(0.3312 0.1187826449 0.01)
(0.3373333333 0.1187826449 0.01)
(0.3434666667 0.1187826449 0.01)
(0.3496 0.1187826449 0.01)
(0.3557333333 0.1187826449 0.01)
(0.3618666667 0.1187826449 0.01)
(0.368 0.1187826449 0.01)
(0.3741333333 0.1187826449 0.01)
(0.3802666667 0.1187826449 0.01)
(0.3864 0.1187826449 0.01)
(0.3925333333 0.1187826449 0.01)
(0.3986666667 0.1187826449 0.01)
(0.4048 0.1187826449 0.01)
(0.4109333333 0.1187826449 0.01)
(0.4170666667 0.1187826449 0.01)
(0.4232 0.1187826449 0.01)
(0.4293333333 0.1187826449 0.01)
(0.4354666667 0.1187826449 0.01)
(0.4416 0.1187826449 0.01)
(0.4477333333 0.1187826449 0.01)
(0.4538666667 0.1187826449 0.01)
(0.46 0.1187826449 0.01)
(0.4661333333 0.1187826449 0.01)
(0.4722666667 0.1187826449 0.01)
(0.4784 0.1187826449 0.01)
(0.4845333333 0.1187826449 0.01)
(0.4906666667 0.1187826449 0.01)
(0.4968 0.1187826449 0.01)
(0.5029333333 0.1187826449 0.01)
(0.5090666667 0.1187826449 0.01)
(0.5152 0.1187826449 0.01)
(0.5213333333 0.1187826449 0.01)
(0.5274666667 0.1187826449 0.01)
(0.5336 0.1187826449 0.01)
(0.5397333333 0.1187826449 0.01)
(0.5458666667 0.1187826449 0.01)
(0.552 0.1187826449 0.01)
(0.5581333333 0.1187826449 0.01)
(0.5642666667 0.1187826449 0.01)
(0.5704 0.1187826449 0.01)
(0.5765333333 0.1187826449 0.01)
(0.5826666667 0.1187826449 0.01)
(0.5888 0.1187826449 0.01)
(0.5949333333 0.1187826449 0.01)
(0.6010666667 0.1187826449 0.01)
(0.6072 0.1187826449 0.01)
(0.6133333333 0.1187826449 0.01)
(0.6194666667 0.1187826449 0.01)
(0.6256 0.1187826449 0.01)
(0.6317333333 0.1187826449 0.01)
(0.6378666667 0.1187826449 0.01)
(0.644 0.1187826449 0.01)
(0.6501333333 0.1187826449 0.01)
(0.6562666667 0.1187826449 0.01)
(0.6624 0.1187826449 0.01)
(0.6685333333 0.1187826449 0.01)
(0.6746666667 0.1187826449 0.01)
(0.6808 0.1187826449 0.01)
(0.6869333333 0.1187826449 0.01)
(0.6930666667 0.1187826449 0.01)
(0.6992 0.1187826449 0.01)
(0.7053333333 0.1187826449 0.01)
(0.7114666667 0.1187826449 0.01)
(0.7176 0.1187826449 0.01)
(0.7237333333 0.1187826449 0.01)
(0.7298666667 0.1187826449 0.01)
(0.736 0.1187826449 0.01)
(0.7421333333 0.1187826449 0.01)
(0.7482666667 0.1187826449 0.01)
(0.7544 0.1187826449 0.01)
(0.7605333333 0.1187826449 0.01)
(0.7666666667 0.1187826449 0.01)
(0.7728 0.1187826449 0.01)
(0.7789333333 0.1187826449 0.01)
(0.7850666667 0.1187826449 0.01)
(0.7912 0.1187826449 0.01)
(0.7973333333 0.1187826449 0.01)
(0.8034666667 0.1187826449 0.01)
(0.8096 0.1187826449 0.01)
(0.8157333333 0.1187826449 0.01)
(0.8218666667 0.1187826449 0.01)
(0.828 0.1187826449 0.01)
(0.8341333333 0.1187826449 0.01)
(0.8402666667 0.1187826449 0.01)
(0.8464 0.1187826449 0.01)
(0.8525333333 0.1187826449 0.01)
(0.8586666667 0.1187826449 0.01)
(0.8648 0.1187826449 0.01)
(0.8709333333 0.1187826449 0.01)
(0.8770666667 0.1187826449 0.01)
(0.8832 0.1187826449 0.01)
(0.8893333333 0.1187826449 0.01)
(0.8954666667 0.1187826449 0.01)
(0.9016 0.1187826449 0.01)
(0.9077333333 0.1187826449 0.01)
(0.9138666667 0.1187826449 0.01)
(0.92 0.1187826449 0.01)
(0 0.1308084524 0.01)
(0.006133333333 0.1308084524 0.01)
(0.01226666667 0.1308084524 0.01)
(0.0184 0.1308084524 0.01)
(0.02453333333 0.1308084524 0.01)
(0.03066666667 0.1308084524 0.01)
(0.0368 0.1308084524 0.01)
(0.04293333333 0.1308084524 0.01)
(0.04906666667 0.1308084524 0.01)
(0.0552 0.1308084524 0.01)
(0.06133333333 0.1308084524 0.01)
(0.06746666667 0.1308084524 0.01)
(0.0736 0.1308084524 0.01)
(0.07973333333 0.1308084524 0.01)
(0.08586666667 0.1308084524 0.01)
(0.092 0.1308084524 0.01)
(0.09813333333 0.1308084524 0.01)
(0.1042666667 0.1308084524 0.01)
(0.1104 0.1308084524 0.01)
(0.1165333333 0.1308084524 0.01)
(0.1226666667 0.1308084524 0.01)
(0.1288 0.1308084524 0.01)
(0.1349333333 0.1308084524 0.01)
(0.1410666667 0.1308084524 0.01)
(0.1472 0.1308084524 0.01)
(0.1533333333 0.1308084524 0.01)
(0.1594666667 0.1308084524 0.01)
(0.1656 0.1308084524 0.01)
(0.1717333333 0.1308084524 0.01)
(0.1778666667 0.1308084524 0.01)
(0.184 0.1308084524 0.01)
(0.1901333333 0.1308084524 0.01)
(0.1962666667 0.1308084524 0.01)
(0.2024 0.1308084524 0.01)
(0.2085333333 0.1308084524 0.01)
(0.2146666667 0.1308084524 0.01)
(0.2208 0.1308084524 0.01)
(0.2269333333 0.1308084524 0.01)
(0.2330666667 0.1308084524 0.01)
(0.2392 0.1308084524 0.01)
(0.2453333333 0.1308084524 0.01)
(0.2514666667 0.1308084524 0.01)
(0.2576 0.1308084524 0.01)
(0.2637333333 0.1308084524 0.01)
(0.2698666667 0.1308084524 0.01)
(0.276 0.1308084524 0.01)
(0.2821333333 0.1308084524 0.01)
(0.2882666667 0.1308084524 0.01)
(0.2944 0.1308084524 0.01)
(0.3005333333 0.1308084524 0.01)
(0.3066666667 0.1308084524 0.01)
(0.3128 0.1308084524 0.01)
(0.3189333333 0.1308084524 0.01)
(0.3250666667 0.1308084524 0.01)
(0.3312 0.1308084524 0.01)
(0.3373333333 0.1308084524 0.01)
(0.3434666667 0.1308084524 0.01)
(0.3496 0.1308084524 0.01)
(0.3557333333 0.1308084524 0.01)
(0.3618666667 0.1308084524 0.01)
(0.368 0.1308084524 0.01)
(0.3741333333 0.1308084524 0.01)
(0.3802666667 0.1308084524 0.01)
(0.3864 0.1308084524 0.01)
(0.3925333333 0.1308084524 0.01)
(0.3986666667 0.1308084524 0.01)
(0.4048 0.1308084524 0.01)
(0.4109333333 0.1308084524 0.01)
(0.4170666667 0.1308084524 0.01)
(0.4232 0.1308084524 0.01)
(0.4293333333 0.1308084524 0.01)
(0.4354666667 0.1308084524 0.01)
(0.4416 0.1308084524 0.01)
(0.4477333333 0.1308084524 0.01)
(0.4538666667 0.1308084524 0.01)
(0.46 0.1308084524 0.01)
(0.4661333333 0.1308084524 0.01)
(0.4722666667 0.1308084524 0.01)
(0.4784 0.1308084524 0.01)
(0.4845333333 0.1308084524 0.01)
(0.4906666667 0.1308084524 0.01)
(0.4968 0.1308084524 0.01)
(0.5029333333 0.1308084524 0.01)
(0.5090666667 0.1308084524 0.01)
(0.5152 0.1308084524 0.01)
(0.5213333333 0.1308084524 0.01)
(0.5274666667 0.1308084524 0.01)
(0.5336 0.1308084524 0.01)
(0.5397333333 0.1308084524 0.01)
(0.5458666667 0.1308084524 0.01)
(0.552 0.1308084524 0.01)
(0.5581333333 0.1308084524 0.01)
(0.5642666667 0.1308084524 0.01)
(0.5704 0.1308084524 0.01)
(0.5765333333 0.1308084524 0.01)
(0.5826666667 0.1308084524 0.01)
(0.5888 0.1308084524 0.01)
(0.5949333333 0.1308084524 0.01)
(0.6010666667 0.1308084524 0.01)
(0.6072 0.1308084524 0.01)
(0.6133333333 0.1308084524 0.01)
(0.6194666667 0.1308084524 0.01)
(0.6256 0.1308084524 0.01)
(0.6317333333 0.1308084524 0.01)
(0.6378666667 0.1308084524 0.01)
(0.644 0.1308084524 0.01)
(0.6501333333 0.1308084524 0.01)
(0.6562666667 0.1308084524 0.01)
(0.6624 0.1308084524 0.01)
(0.6685333333 0.1308084524 0.01)
(0.6746666667 0.1308084524 0.01)
(0.6808 0.1308084524 0.01)
(0.6869333333 0.1308084524 0.01)
(0.6930666667 0.1308084524 0.01)
(0.6992 0.1308084524 0.01)
(0.7053333333 0.1308084524 0.01)
(0.7114666667 0.1308084524 0.01)
(0.7176 0.1308084524 0.01)
(0.7237333333 0.1308084524 0.01)
(0.7298666667 0.1308084524 0.01)
(0.736 0.1308084524 0.01)
(0.7421333333 0.1308084524 0.01)
(0.7482666667 0.1308084524 0.01)
(0.7544 0.1308084524 0.01)
(0.7605333333 0.1308084524 0.01)
(0.7666666667 0.1308084524 0.01)
(0.7728 0.1308084524 0.01)
(0.7789333333 0.1308084524 0.01)
(0.7850666667 0.1308084524 0.01)
(0.7912 0.1308084524 0.01)
(0.7973333333 0.1308084524 0.01)
(0.8034666667 0.1308084524 0.01)
(0.8096 0.1308084524 0.01)
(0.8157333333 0.1308084524 0.01)
(0.8218666667 0.1308084524 0.01)
(0.828 0.1308084524 0.01)
(0.8341333333 0.1308084524 0.01)
(0.8402666667 0.1308084524 0.01)
(0.8464 0.1308084524 0.01)
(0.8525333333 0.1308084524 0.01)
(0.8586666667 0.1308084524 0.01)
(0.8648 0.1308084524 0.01)
(0.8709333333 0.1308084524 0.01)
(0.8770666667 0.1308084524 0.01)
(0.8832 0.1308084524 0.01)
(0.8893333333 0.1308084524 0.01)
(0.8954666667 0.1308084524 0.01)
(0.9016 0.1308084524 0.01)
(0.9077333333 0.1308084524 0.01)
(0.9138666667 0.1308084524 0.01)
(0.92 0.1308084524 0.01)
(0 0.1440365795 0.01)
(0.006133333333 0.1440365795 0.01)
(0.01226666667 0.1440365795 0.01)
(0.0184 0.1440365795 0.01)
(0.02453333333 0.1440365795 0.01)
(0.03066666667 0.1440365795 0.01)
(0.0368 0.1440365795 0.01)
(0.04293333333 0.1440365795 0.01)
(0.04906666667 0.1440365795 0.01)
(0.0552 0.1440365795 0.01)
(0.06133333333 0.1440365795 0.01)
(0.06746666667 0.1440365795 0.01)
(0.0736 0.1440365795 0.01)
(0.07973333333 0.1440365795 0.01)
(0.08586666667 0.1440365795 0.01)
(0.092 0.1440365795 0.01)
(0.09813333333 0.1440365795 0.01)
(0.1042666667 0.1440365795 0.01)
(0.1104 0.1440365795 0.01)
(0.1165333333 0.1440365795 0.01)
(0.1226666667 0.1440365795 0.01)
(0.1288 0.1440365795 0.01)
(0.1349333333 0.1440365795 0.01)
(0.1410666667 0.1440365795 0.01)
(0.1472 0.1440365795 0.01)
(0.1533333333 0.1440365795 0.01)
(0.1594666667 0.1440365795 0.01)
(0.1656 0.1440365795 0.01)
(0.1717333333 0.1440365795 0.01)
(0.1778666667 0.1440365795 0.01)
(0.184 0.1440365795 0.01)
(0.1901333333 0.1440365795 0.01)
(0.1962666667 0.1440365795 0.01)
(0.2024 0.1440365795 0.01)
(0.2085333333 0.1440365795 0.01)
(0.2146666667 0.1440365795 0.01)
(0.2208 0.1440365795 0.01)
(0.2269333333 0.1440365795 0.01)
(0.2330666667 0.1440365795 0.01)
(0.2392 0.1440365795 0.01)
(0.2453333333 0.1440365795 0.01)
(0.2514666667 0.1440365795 0.01)
(0.2576 0.1440365795 0.01)
(0.2637333333 0.1440365795 0.01)
(0.2698666667 0.1440365795 0.01)
(0.276 0.1440365795 0.01)
(0.2821333333 0.1440365795 0.01)
(0.2882666667 0.1440365795 0.01)
(0.2944 0.1440365795 0.01)
(0.3005333333 0.1440365795 0.01)
(0.3066666667 0.1440365795 0.01)
(0.3128 0.1440365795 0.01)
(0.3189333333 0.1440365795 0.01)
(0.3250666667 0.1440365795 0.01)
(0.3312 0.1440365795 0.01)
(0.3373333333 0.1440365795 0.01)
(0.3434666667 0.1440365795 0.01)
(0.3496 0.1440365795 0.01)
(0.3557333333 0.1440365795 0.01)
(0.3618666667 0.1440365795 0.01)
(0.368 0.1440365795 0.01)
(0.3741333333 0.1440365795 0.01)
(0.3802666667 0.1440365795 0.01)
(0.3864 0.1440365795 0.01)
(0.3925333333 0.1440365795 0.01)
(0.3986666667 0.1440365795 0.01)
(0.4048 0.1440365795 0.01)
(0.4109333333 0.1440365795 0.01)
(0.4170666667 0.1440365795 0.01)
(0.4232 0.1440365795 0.01)
(0.4293333333 0.1440365795 0.01)
(0.4354666667 0.1440365795 0.01)
(0.4416 0.1440365795 0.01)
(0.4477333333 0.1440365795 0.01)
(0.4538666667 0.1440365795 0.01)
(0.46 0.1440365795 0.01)
(0.4661333333 0.1440365795 0.01)
(0.4722666667 0.1440365795 0.01)
(0.4784 0.1440365795 0.01)
(0.4845333333 0.1440365795 0.01)
(0.4906666667 0.1440365795 0.01)
(0.4968 0.1440365795 0.01)
(0.5029333333 0.1440365795 0.01)
(0.5090666667 0.1440365795 0.01)
(0.5152 0.1440365795 0.01)
(0.5213333333 0.1440365795 0.01)
(0.5274666667 0.1440365795 0.01)
(0.5336 0.1440365795 0.01)
(0.5397333333 0.1440365795 0.01)
(0.5458666667 0.1440365795 0.01)
(0.552 0.1440365795 0.01)
(0.5581333333 0.1440365795 0.01)
(0.5642666667 0.1440365795 0.01)
(0.5704 0.1440365795 0.01)
(0.5765333333 0.1440365795 0.01)
(0.5826666667 0.1440365795 0.01)
(0.5888 0.1440365795 0.01)
(0.5949333333 0.1440365795 0.01)
(0.6010666667 0.1440365795 0.01)
(0.6072 0.1440365795 0.01)
(0.6133333333 0.1440365795 0.01)
(0.6194666667 0.1440365795 0.01)
(0.6256 0.1440365795 0.01)
(0.6317333333 0.1440365795 0.01)
(0.6378666667 0.1440365795 0.01)
(0.644 0.1440365795 0.01)
(0.6501333333 0.1440365795 0.01)
(0.6562666667 0.1440365795 0.01)
(0.6624 0.1440365795 0.01)
(0.6685333333 0.1440365795 0.01)
(0.6746666667 0.1440365795 0.01)
(0.6808 0.1440365795 0.01)
(0.6869333333 0.1440365795 0.01)
(0.6930666667 0.1440365795 0.01)
(0.6992 0.1440365795 0.01)
(0.7053333333 0.1440365795 0.01)
(0.7114666667 0.1440365795 0.01)
(0.7176 0.1440365795 0.01)
(0.7237333333 0.1440365795 0.01)
(0.7298666667 0.1440365795 0.01)
(0.736 0.1440365795 0.01)
(0.7421333333 0.1440365795 0.01)
(0.7482666667 0.1440365795 0.01)
(0.7544 0.1440365795 0.01)
(0.7605333333 0.1440365795 0.01)
(0.7666666667 0.1440365795 0.01)
(0.7728 0.1440365795 0.01)
(0.7789333333 0.1440365795 0.01)
(0.7850666667 0.1440365795 0.01)
(0.7912 0.1440365795 0.01)
(0.7973333333 0.1440365795 0.01)
(0.8034666667 0.1440365795 0.01)
(0.8096 0.1440365795 0.01)
(0.8157333333 0.1440365795 0.01)
(0.8218666667 0.1440365795 0.01)
(0.828 0.1440365795 0.01)
(0.8341333333 0.1440365795 0.01)
(0.8402666667 0.1440365795 0.01)
(0.8464 0.1440365795 0.01)
(0.8525333333 0.1440365795 0.01)
(0.8586666667 0.1440365795 0.01)
(0.8648 0.1440365795 0.01)
(0.8709333333 0.1440365795 0.01)
(0.8770666667 0.1440365795 0.01)
(0.8832 0.1440365795 0.01)
(0.8893333333 0.1440365795 0.01)
(0.8954666667 0.1440365795 0.01)
(0.9016 0.1440365795 0.01)
(0.9077333333 0.1440365795 0.01)
(0.9138666667 0.1440365795 0.01)
(0.92 0.1440365795 0.01)
(0 0.158587232 0.01)
(0.006133333333 0.158587232 0.01)
(0.01226666667 0.158587232 0.01)
(0.0184 0.158587232 0.01)
(0.02453333333 0.158587232 0.01)
(0.03066666667 0.158587232 0.01)
(0.0368 0.158587232 0.01)
(0.04293333333 0.158587232 0.01)
(0.04906666667 0.158587232 0.01)
(0.0552 0.158587232 0.01)
(0.06133333333 0.158587232 0.01)
(0.06746666667 0.158587232 0.01)
(0.0736 0.158587232 0.01)
(0.07973333333 0.158587232 0.01)
(0.08586666667 0.158587232 0.01)
(0.092 0.158587232 0.01)
(0.09813333333 0.158587232 0.01)
(0.1042666667 0.158587232 0.01)
(0.1104 0.158587232 0.01)
(0.1165333333 0.158587232 0.01)
(0.1226666667 0.158587232 0.01)
(0.1288 0.158587232 0.01)
(0.1349333333 0.158587232 0.01)
(0.1410666667 0.158587232 0.01)
(0.1472 0.158587232 0.01)
(0.1533333333 0.158587232 0.01)
(0.1594666667 0.158587232 0.01)
(0.1656 0.158587232 0.01)
(0.1717333333 0.158587232 0.01)
(0.1778666667 0.158587232 0.01)
(0.184 0.158587232 0.01)
(0.1901333333 0.158587232 0.01)
(0.1962666667 0.158587232 0.01)
(0.2024 0.158587232 0.01)
(0.2085333333 0.158587232 0.01)
(0.2146666667 0.158587232 0.01)
(0.2208 0.158587232 0.01)
(0.2269333333 0.158587232 0.01)
(0.2330666667 0.158587232 0.01)
(0.2392 0.158587232 0.01)
(0.2453333333 0.158587232 0.01)
(0.2514666667 0.158587232 0.01)
(0.2576 0.158587232 0.01)
(0.2637333333 0.158587232 0.01)
(0.2698666667 0.158587232 0.01)
(0.276 0.158587232 0.01)
(0.2821333333 0.158587232 0.01)
(0.2882666667 0.158587232 0.01)
(0.2944 0.158587232 0.01)
(0.3005333333 0.158587232 0.01)
(0.3066666667 0.158587232 0.01)
(0.3128 0.158587232 0.01)
(0.3189333333 0.158587232 0.01)
(0.3250666667 0.158587232 0.01)
(0.3312 0.158587232 0.01)
(0.3373333333 0.158587232 0.01)
(0.3434666667 0.158587232 0.01)
(0.3496 0.158587232 0.01)
(0.3557333333 0.158587232 0.01)
(0.3618666667 0.158587232 0.01)
(0.368 0.158587232 0.01)
(0.3741333333 0.158587232 0.01)
(0.3802666667 0.158587232 0.01)
(0.3864 0.158587232 0.01)
(0.3925333333 0.158587232 0.01)
(0.3986666667 0.158587232 0.01)
(0.4048 0.158587232 0.01)
(0.4109333333 0.158587232 0.01)
(0.4170666667 0.158587232 0.01)
(0.4232 0.158587232 0.01)
(0.4293333333 0.158587232 0.01)
(0.4354666667 0.158587232 0.01)
(0.4416 0.158587232 0.01)
(0.4477333333 0.158587232 0.01)
(0.4538666667 0.158587232 0.01)
(0.46 0.158587232 0.01)
(0.4661333333 0.158587232 0.01)
(0.4722666667 0.158587232 0.01)
(0.4784 0.158587232 0.01)
(0.4845333333 0.158587232 0.01)
(0.4906666667 0.158587232 0.01)
(0.4968 0.158587232 0.01)
(0.5029333333 0.158587232 0.01)
(0.5090666667 0.158587232 0.01)
(0.5152 0.158587232 0.01)
(0.5213333333 0.158587232 0.01)
(0.5274666667 0.158587232 0.01)
(0.5336 0.158587232 0.01)
(0.5397333333 0.158587232 0.01)
(0.5458666667 0.158587232 0.01)
(0.552 0.158587232 0.01)
(0.5581333333 0.158587232 0.01)
(0.5642666667 0.158587232 0.01)
(0.5704 0.158587232 0.01)
(0.5765333333 0.158587232 0.01)
(0.5826666667 0.158587232 0.01)
(0.5888 0.158587232 0.01)
(0.5949333333 0.158587232 0.01)
(0.6010666667 0.158587232 0.01)
(0.6072 0.158587232 0.01)
(0.6133333333 0.158587232 0.01)
(0.6194666667 0.158587232 0.01)
(0.6256 0.158587232 0.01)
(0.6317333333 0.158587232 0.01)
(0.6378666667 0.158587232 0.01)
(0.644 0.158587232 0.01)
(0.6501333333 0.158587232 0.01)
(0.6562666667 0.158587232 0.01)
(0.6624 0.158587232 0.01)
(0.6685333333 0.158587232 0.01)
(0.6746666667 0.158587232 0.01)
(0.6808 0.158587232 0.01)
(0.6869333333 0.158587232 0.01)
(0.6930666667 0.158587232 0.01)
(0.6992 0.158587232 0.01)
(0.7053333333 0.158587232 0.01)
(0.7114666667 0.158587232 0.01)
(0.7176 0.158587232 0.01)
(0.7237333333 0.158587232 0.01)
(0.7298666667 0.158587232 0.01)
(0.736 0.158587232 0.01)
(0.7421333333 0.158587232 0.01)
(0.7482666667 0.158587232 0.01)
(0.7544 0.158587232 0.01)
(0.7605333333 0.158587232 0.01)
(0.7666666667 0.158587232 0.01)
(0.7728 0.158587232 0.01)
(0.7789333333 0.158587232 0.01)
(0.7850666667 0.158587232 0.01)
(0.7912 0.158587232 0.01)
(0.7973333333 0.158587232 0.01)
(0.8034666667 0.158587232 0.01)
(0.8096 0.158587232 0.01)
(0.8157333333 0.158587232 0.01)
(0.8218666667 0.158587232 0.01)
(0.828 0.158587232 0.01)
(0.8341333333 0.158587232 0.01)
(0.8402666667 0.158587232 0.01)
(0.8464 0.158587232 0.01)
(0.8525333333 0.158587232 0.01)
(0.8586666667 0.158587232 0.01)
(0.8648 0.158587232 0.01)
(0.8709333333 0.158587232 0.01)
(0.8770666667 0.158587232 0.01)
(0.8832 0.158587232 0.01)
(0.8893333333 0.158587232 0.01)
(0.8954666667 0.158587232 0.01)
(0.9016 0.158587232 0.01)
(0.9077333333 0.158587232 0.01)
(0.9138666667 0.158587232 0.01)
(0.92 0.158587232 0.01)
(0 0.1745926339 0.01)
(0.006133333333 0.1745926339 0.01)
(0.01226666667 0.1745926339 0.01)
(0.0184 0.1745926339 0.01)
(0.02453333333 0.1745926339 0.01)
(0.03066666667 0.1745926339 0.01)
(0.0368 0.1745926339 0.01)
(0.04293333333 0.1745926339 0.01)
(0.04906666667 0.1745926339 0.01)
(0.0552 0.1745926339 0.01)
(0.06133333333 0.1745926339 0.01)
(0.06746666667 0.1745926339 0.01)
(0.0736 0.1745926339 0.01)
(0.07973333333 0.1745926339 0.01)
(0.08586666667 0.1745926339 0.01)
(0.092 0.1745926339 0.01)
(0.09813333333 0.1745926339 0.01)
(0.1042666667 0.1745926339 0.01)
(0.1104 0.1745926339 0.01)
(0.1165333333 0.1745926339 0.01)
(0.1226666667 0.1745926339 0.01)
(0.1288 0.1745926339 0.01)
(0.1349333333 0.1745926339 0.01)
(0.1410666667 0.1745926339 0.01)
(0.1472 0.1745926339 0.01)
(0.1533333333 0.1745926339 0.01)
(0.1594666667 0.1745926339 0.01)
(0.1656 0.1745926339 0.01)
(0.1717333333 0.1745926339 0.01)
(0.1778666667 0.1745926339 0.01)
(0.184 0.1745926339 0.01)
(0.1901333333 0.1745926339 0.01)
(0.1962666667 0.1745926339 0.01)
(0.2024 0.1745926339 0.01)
(0.2085333333 0.1745926339 0.01)
(0.2146666667 0.1745926339 0.01)
(0.2208 0.1745926339 0.01)
(0.2269333333 0.1745926339 0.01)
(0.2330666667 0.1745926339 0.01)
(0.2392 0.1745926339 0.01)
(0.2453333333 0.1745926339 0.01)
(0.2514666667 0.1745926339 0.01)
(0.2576 0.1745926339 0.01)
(0.2637333333 0.1745926339 0.01)
(0.2698666667 0.1745926339 0.01)
(0.276 0.1745926339 0.01)
(0.2821333333 0.1745926339 0.01)
(0.2882666667 0.1745926339 0.01)
(0.2944 0.1745926339 0.01)
(0.3005333333 0.1745926339 0.01)
(0.3066666667 0.1745926339 0.01)
(0.3128 0.1745926339 0.01)
(0.3189333333 0.1745926339 0.01)
(0.3250666667 0.1745926339 0.01)
(0.3312 0.1745926339 0.01)
(0.3373333333 0.1745926339 0.01)
(0.3434666667 0.1745926339 0.01)
(0.3496 0.1745926339 0.01)
(0.3557333333 0.1745926339 0.01)
(0.3618666667 0.1745926339 0.01)
(0.368 0.1745926339 0.01)
(0.3741333333 0.1745926339 0.01)
(0.3802666667 0.1745926339 0.01)
(0.3864 0.1745926339 0.01)
(0.3925333333 0.1745926339 0.01)
(0.3986666667 0.1745926339 0.01)
(0.4048 0.1745926339 0.01)
(0.4109333333 0.1745926339 0.01)
(0.4170666667 0.1745926339 0.01)
(0.4232 0.1745926339 0.01)
(0.4293333333 0.1745926339 0.01)
(0.4354666667 0.1745926339 0.01)
(0.4416 0.1745926339 0.01)
(0.4477333333 0.1745926339 0.01)
(0.4538666667 0.1745926339 0.01)
(0.46 0.1745926339 0.01)
(0.4661333333 0.1745926339 0.01)
(0.4722666667 0.1745926339 0.01)
(0.4784 0.1745926339 0.01)
(0.4845333333 0.1745926339 0.01)
(0.4906666667 0.1745926339 0.01)
(0.4968 0.1745926339 0.01)
(0.5029333333 0.1745926339 0.01)
(0.5090666667 0.1745926339 0.01)
(0.5152 0.1745926339 0.01)
(0.5213333333 0.1745926339 0.01)
(0.5274666667 0.1745926339 0.01)
(0.5336 0.1745926339 0.01)
(0.5397333333 0.1745926339 0.01)
(0.5458666667 0.1745926339 0.01)
(0.552 0.1745926339 0.01)
(0.5581333333 0.1745926339 0.01)
(0.5642666667 0.1745926339 0.01)
(0.5704 0.1745926339 0.01)
(0.5765333333 0.1745926339 0.01)
(0.5826666667 0.1745926339 0.01)
(0.5888 0.1745926339 0.01)
(0.5949333333 0.1745926339 0.01)
(0.6010666667 0.1745926339 0.01)
(0.6072 0.1745926339 0.01)
(0.6133333333 0.1745926339 0.01)
(0.6194666667 0.1745926339 0.01)
(0.6256 0.1745926339 0.01)
(0.6317333333 0.1745926339 0.01)
(0.6378666667 0.1745926339 0.01)
(0.644 0.1745926339 0.01)
(0.6501333333 0.1745926339 0.01)
(0.6562666667 0.1745926339 0.01)
(0.6624 0.1745926339 0.01)
(0.6685333333 0.1745926339 0.01)
(0.6746666667 0.1745926339 0.01)
(0.6808 0.1745926339 0.01)
(0.6869333333 0.1745926339 0.01)
(0.6930666667 0.1745926339 0.01)
(0.6992 0.1745926339 0.01)
(0.7053333333 0.1745926339 0.01)
(0.7114666667 0.1745926339 0.01)
(0.7176 0.1745926339 0.01)
(0.7237333333 0.1745926339 0.01)
(0.7298666667 0.1745926339 0.01)
(0.736 0.1745926339 0.01)
(0.7421333333 0.1745926339 0.01)
(0.7482666667 0.1745926339 0.01)
(0.7544 0.1745926339 0.01)
(0.7605333333 0.1745926339 0.01)
(0.7666666667 0.1745926339 0.01)
(0.7728 0.1745926339 0.01)
(0.7789333333 0.1745926339 0.01)
(0.7850666667 0.1745926339 0.01)
(0.7912 0.1745926339 0.01)
(0.7973333333 0.1745926339 0.01)
(0.8034666667 0.1745926339 0.01)
(0.8096 0.1745926339 0.01)
(0.8157333333 0.1745926339 0.01)
(0.8218666667 0.1745926339 0.01)
(0.828 0.1745926339 0.01)
(0.8341333333 0.1745926339 0.01)
(0.8402666667 0.1745926339 0.01)
(0.8464 0.1745926339 0.01)
(0.8525333333 0.1745926339 0.01)
(0.8586666667 0.1745926339 0.01)
(0.8648 0.1745926339 0.01)
(0.8709333333 0.1745926339 0.01)
(0.8770666667 0.1745926339 0.01)
(0.8832 0.1745926339 0.01)
(0.8893333333 0.1745926339 0.01)
(0.8954666667 0.1745926339 0.01)
(0.9016 0.1745926339 0.01)
(0.9077333333 0.1745926339 0.01)
(0.9138666667 0.1745926339 0.01)
(0.92 0.1745926339 0.01)
(0 0.1921982284 0.01)
(0.006133333333 0.1921982284 0.01)
(0.01226666667 0.1921982284 0.01)
(0.0184 0.1921982284 0.01)
(0.02453333333 0.1921982284 0.01)
(0.03066666667 0.1921982284 0.01)
(0.0368 0.1921982284 0.01)
(0.04293333333 0.1921982284 0.01)
(0.04906666667 0.1921982284 0.01)
(0.0552 0.1921982284 0.01)
(0.06133333333 0.1921982284 0.01)
(0.06746666667 0.1921982284 0.01)
(0.0736 0.1921982284 0.01)
(0.07973333333 0.1921982284 0.01)
(0.08586666667 0.1921982284 0.01)
(0.092 0.1921982284 0.01)
(0.09813333333 0.1921982284 0.01)
(0.1042666667 0.1921982284 0.01)
(0.1104 0.1921982284 0.01)
(0.1165333333 0.1921982284 0.01)
(0.1226666667 0.1921982284 0.01)
(0.1288 0.1921982284 0.01)
(0.1349333333 0.1921982284 0.01)
(0.1410666667 0.1921982284 0.01)
(0.1472 0.1921982284 0.01)
(0.1533333333 0.1921982284 0.01)
(0.1594666667 0.1921982284 0.01)
(0.1656 0.1921982284 0.01)
(0.1717333333 0.1921982284 0.01)
(0.1778666667 0.1921982284 0.01)
(0.184 0.1921982284 0.01)
(0.1901333333 0.1921982284 0.01)
(0.1962666667 0.1921982284 0.01)
(0.2024 0.1921982284 0.01)
(0.2085333333 0.1921982284 0.01)
(0.2146666667 0.1921982284 0.01)
(0.2208 0.1921982284 0.01)
(0.2269333333 0.1921982284 0.01)
(0.2330666667 0.1921982284 0.01)
(0.2392 0.1921982284 0.01)
(0.2453333333 0.1921982284 0.01)
(0.2514666667 0.1921982284 0.01)
(0.2576 0.1921982284 0.01)
(0.2637333333 0.1921982284 0.01)
(0.2698666667 0.1921982284 0.01)
(0.276 0.1921982284 0.01)
(0.2821333333 0.1921982284 0.01)
(0.2882666667 0.1921982284 0.01)
(0.2944 0.1921982284 0.01)
(0.3005333333 0.1921982284 0.01)
(0.3066666667 0.1921982284 0.01)
(0.3128 0.1921982284 0.01)
(0.3189333333 0.1921982284 0.01)
(0.3250666667 0.1921982284 0.01)
(0.3312 0.1921982284 0.01)
(0.3373333333 0.1921982284 0.01)
(0.3434666667 0.1921982284 0.01)
(0.3496 0.1921982284 0.01)
(0.3557333333 0.1921982284 0.01)
(0.3618666667 0.1921982284 0.01)
(0.368 0.1921982284 0.01)
(0.3741333333 0.1921982284 0.01)
(0.3802666667 0.1921982284 0.01)
(0.3864 0.1921982284 0.01)
(0.3925333333 0.1921982284 0.01)
(0.3986666667 0.1921982284 0.01)
(0.4048 0.1921982284 0.01)
(0.4109333333 0.1921982284 0.01)
(0.4170666667 0.1921982284 0.01)
(0.4232 0.1921982284 0.01)
(0.4293333333 0.1921982284 0.01)
(0.4354666667 0.1921982284 0.01)
(0.4416 0.1921982284 0.01)
(0.4477333333 0.1921982284 0.01)
(0.4538666667 0.1921982284 0.01)
(0.46 0.1921982284 0.01)
(0.4661333333 0.1921982284 0.01)
(0.4722666667 0.1921982284 0.01)
(0.4784 0.1921982284 0.01)
(0.4845333333 0.1921982284 0.01)
(0.4906666667 0.1921982284 0.01)
(0.4968 0.1921982284 0.01)
(0.5029333333 0.1921982284 0.01)
(0.5090666667 0.1921982284 0.01)
(0.5152 0.1921982284 0.01)
(0.5213333333 0.1921982284 0.01)
(0.5274666667 0.1921982284 0.01)
(0.5336 0.1921982284 0.01)
(0.5397333333 0.1921982284 0.01)
(0.5458666667 0.1921982284 0.01)
(0.552 0.1921982284 0.01)
(0.5581333333 0.1921982284 0.01)
(0.5642666667 0.1921982284 0.01)
(0.5704 0.1921982284 0.01)
(0.5765333333 0.1921982284 0.01)
(0.5826666667 0.1921982284 0.01)
(0.5888 0.1921982284 0.01)
(0.5949333333 0.1921982284 0.01)
(0.6010666667 0.1921982284 0.01)
(0.6072 0.1921982284 0.01)
(0.6133333333 0.1921982284 0.01)
(0.6194666667 0.1921982284 0.01)
(0.6256 0.1921982284 0.01)
(0.6317333333 0.1921982284 0.01)
(0.6378666667 0.1921982284 0.01)
(0.644 0.1921982284 0.01)
(0.6501333333 0.1921982284 0.01)
(0.6562666667 0.1921982284 0.01)
(0.6624 0.1921982284 0.01)
(0.6685333333 0.1921982284 0.01)
(0.6746666667 0.1921982284 0.01)
(0.6808 0.1921982284 0.01)
(0.6869333333 0.1921982284 0.01)
(0.6930666667 0.1921982284 0.01)
(0.6992 0.1921982284 0.01)
(0.7053333333 0.1921982284 0.01)
(0.7114666667 0.1921982284 0.01)
(0.7176 0.1921982284 0.01)
(0.7237333333 0.1921982284 0.01)
(0.7298666667 0.1921982284 0.01)
(0.736 0.1921982284 0.01)
(0.7421333333 0.1921982284 0.01)
(0.7482666667 0.1921982284 0.01)
(0.7544 0.1921982284 0.01)
(0.7605333333 0.1921982284 0.01)
(0.7666666667 0.1921982284 0.01)
(0.7728 0.1921982284 0.01)
(0.7789333333 0.1921982284 0.01)
(0.7850666667 0.1921982284 0.01)
(0.7912 0.1921982284 0.01)
(0.7973333333 0.1921982284 0.01)
(0.8034666667 0.1921982284 0.01)
(0.8096 0.1921982284 0.01)
(0.8157333333 0.1921982284 0.01)
(0.8218666667 0.1921982284 0.01)
(0.828 0.1921982284 0.01)
(0.8341333333 0.1921982284 0.01)
(0.8402666667 0.1921982284 0.01)
(0.8464 0.1921982284 0.01)
(0.8525333333 0.1921982284 0.01)
(0.8586666667 0.1921982284 0.01)
(0.8648 0.1921982284 0.01)
(0.8709333333 0.1921982284 0.01)
(0.8770666667 0.1921982284 0.01)
(0.8832 0.1921982284 0.01)
(0.8893333333 0.1921982284 0.01)
(0.8954666667 0.1921982284 0.01)
(0.9016 0.1921982284 0.01)
(0.9077333333 0.1921982284 0.01)
(0.9138666667 0.1921982284 0.01)
(0.92 0.1921982284 0.01)
(0 0.211564 0.01)
(0.006133333333 0.211564 0.01)
(0.01226666667 0.211564 0.01)
(0.0184 0.211564 0.01)
(0.02453333333 0.211564 0.01)
(0.03066666667 0.211564 0.01)
(0.0368 0.211564 0.01)
(0.04293333333 0.211564 0.01)
(0.04906666667 0.211564 0.01)
(0.0552 0.211564 0.01)
(0.06133333333 0.211564 0.01)
(0.06746666667 0.211564 0.01)
(0.0736 0.211564 0.01)
(0.07973333333 0.211564 0.01)
(0.08586666667 0.211564 0.01)
(0.092 0.211564 0.01)
(0.09813333333 0.211564 0.01)
(0.1042666667 0.211564 0.01)
(0.1104 0.211564 0.01)
(0.1165333333 0.211564 0.01)
(0.1226666667 0.211564 0.01)
(0.1288 0.211564 0.01)
(0.1349333333 0.211564 0.01)
(0.1410666667 0.211564 0.01)
(0.1472 0.211564 0.01)
(0.1533333333 0.211564 0.01)
(0.1594666667 0.211564 0.01)
(0.1656 0.211564 0.01)
(0.1717333333 0.211564 0.01)
(0.1778666667 0.211564 0.01)
(0.184 0.211564 0.01)
(0.1901333333 0.211564 0.01)
(0.1962666667 0.211564 0.01)
(0.2024 0.211564 0.01)
(0.2085333333 0.211564 0.01)
(0.2146666667 0.211564 0.01)
(0.2208 0.211564 0.01)
(0.2269333333 0.211564 0.01)
(0.2330666667 0.211564 0.01)
(0.2392 0.211564 0.01)
(0.2453333333 0.211564 0.01)
(0.2514666667 0.211564 0.01)
(0.2576 0.211564 0.01)
(0.2637333333 0.211564 0.01)
(0.2698666667 0.211564 0.01)
(0.276 0.211564 0.01)
(0.2821333333 0.211564 0.01)
(0.2882666667 0.211564 0.01)
(0.2944 0.211564 0.01)
(0.3005333333 0.211564 0.01)
(0.3066666667 0.211564 0.01)
(0.3128 0.211564 0.01)
(0.3189333333 0.211564 0.01)
(0.3250666667 0.211564 0.01)
(0.3312 0.211564 0.01)
(0.3373333333 0.211564 0.01)
(0.3434666667 0.211564 0.01)
(0.3496 0.211564 0.01)
(0.3557333333 0.211564 0.01)
(0.3618666667 0.211564 0.01)
(0.368 0.211564 0.01)
(0.3741333333 0.211564 0.01)
(0.3802666667 0.211564 0.01)
(0.3864 0.211564 0.01)
(0.3925333333 0.211564 0.01)
(0.3986666667 0.211564 0.01)
(0.4048 0.211564 0.01)
(0.4109333333 0.211564 0.01)
(0.4170666667 0.211564 0.01)
(0.4232 0.211564 0.01)
(0.4293333333 0.211564 0.01)
(0.4354666667 0.211564 0.01)
(0.4416 0.211564 0.01)
(0.4477333333 0.211564 0.01)
(0.4538666667 0.211564 0.01)
(0.46 0.211564 0.01)
(0.4661333333 0.211564 0.01)
(0.4722666667 0.211564 0.01)
(0.4784 0.211564 0.01)
(0.4845333333 0.211564 0.01)
(0.4906666667 0.211564 0.01)
(0.4968 0.211564 0.01)
(0.5029333333 0.211564 0.01)
(0.5090666667 0.211564 0.01)
(0.5152 0.211564 0.01)
(0.5213333333 0.211564 0.01)
(0.5274666667 0.211564 0.01)
(0.5336 0.211564 0.01)
(0.5397333333 0.211564 0.01)
(0.5458666667 0.211564 0.01)
(0.552 0.211564 0.01)
(0.5581333333 0.211564 0.01)
(0.5642666667 0.211564 0.01)
(0.5704 0.211564 0.01)
(0.5765333333 0.211564 0.01)
(0.5826666667 0.211564 0.01)
(0.5888 0.211564 0.01)
(0.5949333333 0.211564 0.01)
(0.6010666667 0.211564 0.01)
(0.6072 0.211564 0.01)
(0.6133333333 0.211564 0.01)
(0.6194666667 0.211564 0.01)
(0.6256 0.211564 0.01)
(0.6317333333 0.211564 0.01)
(0.6378666667 0.211564 0.01)
(0.644 0.211564 0.01)
(0.6501333333 0.211564 0.01)
(0.6562666667 0.211564 0.01)
(0.6624 0.211564 0.01)
(0.6685333333 0.211564 0.01)
(0.6746666667 0.211564 0.01)
(0.6808 0.211564 0.01)
(0.6869333333 0.211564 0.01)
(0.6930666667 0.211564 0.01)
(0.6992 0.211564 0.01)
(0.7053333333 0.211564 0.01)
(0.7114666667 0.211564 0.01)
(0.7176 0.211564 0.01)
(0.7237333333 0.211564 0.01)
(0.7298666667 0.211564 0.01)
(0.736 0.211564 0.01)
(0.7421333333 0.211564 0.01)
(0.7482666667 0.211564 0.01)
(0.7544 0.211564 0.01)
(0.7605333333 0.211564 0.01)
(0.7666666667 0.211564 0.01)
(0.7728 0.211564 0.01)
(0.7789333333 0.211564 0.01)
(0.7850666667 0.211564 0.01)
(0.7912 0.211564 0.01)
(0.7973333333 0.211564 0.01)
(0.8034666667 0.211564 0.01)
(0.8096 0.211564 0.01)
(0.8157333333 0.211564 0.01)
(0.8218666667 0.211564 0.01)
(0.828 0.211564 0.01)
(0.8341333333 0.211564 0.01)
(0.8402666667 0.211564 0.01)
(0.8464 0.211564 0.01)
(0.8525333333 0.211564 0.01)
(0.8586666667 0.211564 0.01)
(0.8648 0.211564 0.01)
(0.8709333333 0.211564 0.01)
(0.8770666667 0.211564 0.01)
(0.8832 0.211564 0.01)
(0.8893333333 0.211564 0.01)
(0.8954666667 0.211564 0.01)
(0.9016 0.211564 0.01)
(0.9077333333 0.211564 0.01)
(0.9138666667 0.211564 0.01)
(0.92 0.211564 0.01)
)


// ************************************************************************* //
