/*--------------------------------*- C++ -*----------------------------------*\
| =========                 |                                                 |
| \\      /  F ield         | OpenFOAM: The Open Source CFD Toolbox           |
|  \\    /   O peration     | Version:  2406                                  |
|   \\  /    A nd           | Website:  www.openfoam.com                      |
|    \\/     M anipulation  |                                                 |
\*---------------------------------------------------------------------------*/
FoamFile
{
    version     2.0;
    format      ascii;
    arch        "LSB;label=32;scalar=64";
    class       volVectorField;
    location    "0";
    object      C;
}
// * * * * * * * * * * * * * * * * * * * * * * * * * * * * * * * * * * * * * //

dimensions      [0 1 0 0 0 0 0];

internalField   nonuniform List<vector> 
7800
(
(0.0030666667 7.506113e-05 0.005)
(0.0092 7.506113e-05 0.005)
(0.015333333 7.506113e-05 0.005)
(0.021466667 7.506113e-05 0.005)
(0.0276 7.506113e-05 0.005)
(0.033733333 7.506113e-05 0.005)
(0.039866667 7.506113e-05 0.005)
(0.046 7.506113e-05 0.005)
(0.052133333 7.506113e-05 0.005)
(0.058266667 7.506113e-05 0.005)
(0.0644 7.506113e-05 0.005)
(0.070533333 7.506113e-05 0.005)
(0.076666667 7.506113e-05 0.005)
(0.0828 7.506113e-05 0.005)
(0.088933333 7.506113e-05 0.005)
(0.095066667 7.506113e-05 0.005)
(0.1012 7.506113e-05 0.005)
(0.10733333 7.506113e-05 0.005)
(0.11346667 7.506113e-05 0.005)
(0.1196 7.506113e-05 0.005)
(0.12573333 7.506113e-05 0.005)
(0.13186667 7.506113e-05 0.005)
(0.138 7.506113e-05 0.005)
(0.14413333 7.506113e-05 0.005)
(0.15026667 7.506113e-05 0.005)
(0.1564 7.506113e-05 0.005)
(0.16253333 7.506113e-05 0.005)
(0.16866667 7.506113e-05 0.005)
(0.1748 7.506113e-05 0.005)
(0.18093333 7.506113e-05 0.005)
(0.18706667 7.506113e-05 0.005)
(0.1932 7.506113e-05 0.005)
(0.19933333 7.506113e-05 0.005)
(0.20546667 7.506113e-05 0.005)
(0.2116 7.506113e-05 0.005)
(0.21773333 7.506113e-05 0.005)
(0.22386667 7.506113e-05 0.005)
(0.23 7.506113e-05 0.005)
(0.23613333 7.506113e-05 0.005)
(0.24226667 7.506113e-05 0.005)
(0.2484 7.506113e-05 0.005)
(0.25453333 7.506113e-05 0.005)
(0.26066667 7.506113e-05 0.005)
(0.2668 7.506113e-05 0.005)
(0.27293333 7.506113e-05 0.005)
(0.27906667 7.506113e-05 0.005)
(0.2852 7.506113e-05 0.005)
(0.29133333 7.506113e-05 0.005)
(0.29746667 7.506113e-05 0.005)
(0.3036 7.506113e-05 0.005)
(0.30973333 7.506113e-05 0.005)
(0.31586667 7.506113e-05 0.005)
(0.322 7.506113e-05 0.005)
(0.32813333 7.506113e-05 0.005)
(0.33426667 7.506113e-05 0.005)
(0.3404 7.506113e-05 0.005)
(0.34653333 7.506113e-05 0.005)
(0.35266667 7.506113e-05 0.005)
(0.3588 7.506113e-05 0.005)
(0.36493333 7.506113e-05 0.005)
(0.37106667 7.506113e-05 0.005)
(0.3772 7.506113e-05 0.005)
(0.38333333 7.506113e-05 0.005)
(0.38946667 7.506113e-05 0.005)
(0.3956 7.506113e-05 0.005)
(0.40173333 7.506113e-05 0.005)
(0.40786667 7.506113e-05 0.005)
(0.414 7.506113e-05 0.005)
(0.42013333 7.506113e-05 0.005)
(0.42626667 7.506113e-05 0.005)
(0.4324 7.506113e-05 0.005)
(0.43853333 7.506113e-05 0.005)
(0.44466667 7.506113e-05 0.005)
(0.4508 7.506113e-05 0.005)
(0.45693333 7.506113e-05 0.005)
(0.46306667 7.506113e-05 0.005)
(0.4692 7.506113e-05 0.005)
(0.47533333 7.506113e-05 0.005)
(0.48146667 7.506113e-05 0.005)
(0.4876 7.506113e-05 0.005)
(0.49373333 7.506113e-05 0.005)
(0.49986667 7.506113e-05 0.005)
(0.506 7.506113e-05 0.005)
(0.51213333 7.506113e-05 0.005)
(0.51826667 7.506113e-05 0.005)
(0.5244 7.506113e-05 0.005)
(0.53053333 7.506113e-05 0.005)
(0.53666667 7.506113e-05 0.005)
(0.5428 7.506113e-05 0.005)
(0.54893333 7.506113e-05 0.005)
(0.55506667 7.506113e-05 0.005)
(0.5612 7.506113e-05 0.005)
(0.56733333 7.506113e-05 0.005)
(0.57346667 7.506113e-05 0.005)
(0.5796 7.506113e-05 0.005)
(0.58573333 7.506113e-05 0.005)
(0.59186667 7.506113e-05 0.005)
(0.598 7.506113e-05 0.005)
(0.60413333 7.506113e-05 0.005)
(0.61026667 7.506113e-05 0.005)
(0.6164 7.506113e-05 0.005)
(0.62253333 7.506113e-05 0.005)
(0.62866667 7.506113e-05 0.005)
(0.6348 7.506113e-05 0.005)
(0.64093333 7.506113e-05 0.005)
(0.64706667 7.506113e-05 0.005)
(0.6532 7.506113e-05 0.005)
(0.65933333 7.506113e-05 0.005)
(0.66546667 7.506113e-05 0.005)
(0.6716 7.506113e-05 0.005)
(0.67773333 7.506113e-05 0.005)
(0.68386667 7.506113e-05 0.005)
(0.69 7.506113e-05 0.005)
(0.69613333 7.506113e-05 0.005)
(0.70226667 7.506113e-05 0.005)
(0.7084 7.506113e-05 0.005)
(0.71453333 7.506113e-05 0.005)
(0.72066667 7.506113e-05 0.005)
(0.7268 7.506113e-05 0.005)
(0.73293333 7.506113e-05 0.005)
(0.73906667 7.506113e-05 0.005)
(0.7452 7.506113e-05 0.005)
(0.75133333 7.506113e-05 0.005)
(0.75746667 7.506113e-05 0.005)
(0.7636 7.506113e-05 0.005)
(0.76973333 7.506113e-05 0.005)
(0.77586667 7.506113e-05 0.005)
(0.782 7.506113e-05 0.005)
(0.78813333 7.506113e-05 0.005)
(0.79426667 7.506113e-05 0.005)
(0.8004 7.506113e-05 0.005)
(0.80653333 7.506113e-05 0.005)
(0.81266667 7.506113e-05 0.005)
(0.8188 7.506113e-05 0.005)
(0.82493333 7.506113e-05 0.005)
(0.83106667 7.506113e-05 0.005)
(0.8372 7.506113e-05 0.005)
(0.84333333 7.506113e-05 0.005)
(0.84946667 7.506113e-05 0.005)
(0.8556 7.506113e-05 0.005)
(0.86173333 7.506113e-05 0.005)
(0.86786667 7.506113e-05 0.005)
(0.874 7.506113e-05 0.005)
(0.88013333 7.506113e-05 0.005)
(0.88626667 7.506113e-05 0.005)
(0.8924 7.506113e-05 0.005)
(0.89853333 7.506113e-05 0.005)
(0.90466667 7.506113e-05 0.005)
(0.9108 7.506113e-05 0.005)
(0.91693333 7.506113e-05 0.005)
(0.0030666667 0.00023268787 0.005)
(0.0092 0.00023268787 0.005)
(0.015333333 0.00023268787 0.005)
(0.021466667 0.00023268787 0.005)
(0.0276 0.00023268787 0.005)
(0.033733333 0.00023268787 0.005)
(0.039866667 0.00023268787 0.005)
(0.046 0.00023268787 0.005)
(0.052133333 0.00023268787 0.005)
(0.058266667 0.00023268787 0.005)
(0.0644 0.00023268787 0.005)
(0.070533333 0.00023268787 0.005)
(0.076666667 0.00023268787 0.005)
(0.0828 0.00023268787 0.005)
(0.088933333 0.00023268787 0.005)
(0.095066667 0.00023268787 0.005)
(0.1012 0.00023268787 0.005)
(0.10733333 0.00023268787 0.005)
(0.11346667 0.00023268787 0.005)
(0.1196 0.00023268787 0.005)
(0.12573333 0.00023268787 0.005)
(0.13186667 0.00023268787 0.005)
(0.138 0.00023268787 0.005)
(0.14413333 0.00023268787 0.005)
(0.15026667 0.00023268787 0.005)
(0.1564 0.00023268787 0.005)
(0.16253333 0.00023268787 0.005)
(0.16866667 0.00023268787 0.005)
(0.1748 0.00023268787 0.005)
(0.18093333 0.00023268787 0.005)
(0.18706667 0.00023268787 0.005)
(0.1932 0.00023268787 0.005)
(0.19933333 0.00023268787 0.005)
(0.20546667 0.00023268787 0.005)
(0.2116 0.00023268787 0.005)
(0.21773333 0.00023268787 0.005)
(0.22386667 0.00023268787 0.005)
(0.23 0.00023268787 0.005)
(0.23613333 0.00023268787 0.005)
(0.24226667 0.00023268787 0.005)
(0.2484 0.00023268787 0.005)
(0.25453333 0.00023268787 0.005)
(0.26066667 0.00023268787 0.005)
(0.2668 0.00023268787 0.005)
(0.27293333 0.00023268787 0.005)
(0.27906667 0.00023268787 0.005)
(0.2852 0.00023268787 0.005)
(0.29133333 0.00023268787 0.005)
(0.29746667 0.00023268787 0.005)
(0.3036 0.00023268787 0.005)
(0.30973333 0.00023268787 0.005)
(0.31586667 0.00023268787 0.005)
(0.322 0.00023268787 0.005)
(0.32813333 0.00023268787 0.005)
(0.33426667 0.00023268787 0.005)
(0.3404 0.00023268787 0.005)
(0.34653333 0.00023268787 0.005)
(0.35266667 0.00023268787 0.005)
(0.3588 0.00023268787 0.005)
(0.36493333 0.00023268787 0.005)
(0.37106667 0.00023268787 0.005)
(0.3772 0.00023268787 0.005)
(0.38333333 0.00023268787 0.005)
(0.38946667 0.00023268787 0.005)
(0.3956 0.00023268787 0.005)
(0.40173333 0.00023268787 0.005)
(0.40786667 0.00023268787 0.005)
(0.414 0.00023268787 0.005)
(0.42013333 0.00023268787 0.005)
(0.42626667 0.00023268787 0.005)
(0.4324 0.00023268787 0.005)
(0.43853333 0.00023268787 0.005)
(0.44466667 0.00023268787 0.005)
(0.4508 0.00023268787 0.005)
(0.45693333 0.00023268787 0.005)
(0.46306667 0.00023268787 0.005)
(0.4692 0.00023268787 0.005)
(0.47533333 0.00023268787 0.005)
(0.48146667 0.00023268787 0.005)
(0.4876 0.00023268787 0.005)
(0.49373333 0.00023268787 0.005)
(0.49986667 0.00023268787 0.005)
(0.506 0.00023268787 0.005)
(0.51213333 0.00023268787 0.005)
(0.51826667 0.00023268787 0.005)
(0.5244 0.00023268787 0.005)
(0.53053333 0.00023268787 0.005)
(0.53666667 0.00023268787 0.005)
(0.5428 0.00023268787 0.005)
(0.54893333 0.00023268787 0.005)
(0.55506667 0.00023268787 0.005)
(0.5612 0.00023268787 0.005)
(0.56733333 0.00023268787 0.005)
(0.57346667 0.00023268787 0.005)
(0.5796 0.00023268787 0.005)
(0.58573333 0.00023268787 0.005)
(0.59186667 0.00023268787 0.005)
(0.598 0.00023268787 0.005)
(0.60413333 0.00023268787 0.005)
(0.61026667 0.00023268787 0.005)
(0.6164 0.00023268787 0.005)
(0.62253333 0.00023268787 0.005)
(0.62866667 0.00023268787 0.005)
(0.6348 0.00023268787 0.005)
(0.64093333 0.00023268787 0.005)
(0.64706667 0.00023268787 0.005)
(0.6532 0.00023268787 0.005)
(0.65933333 0.00023268787 0.005)
(0.66546667 0.00023268787 0.005)
(0.6716 0.00023268787 0.005)
(0.67773333 0.00023268787 0.005)
(0.68386667 0.00023268787 0.005)
(0.69 0.00023268787 0.005)
(0.69613333 0.00023268787 0.005)
(0.70226667 0.00023268787 0.005)
(0.7084 0.00023268787 0.005)
(0.71453333 0.00023268787 0.005)
(0.72066667 0.00023268787 0.005)
(0.7268 0.00023268787 0.005)
(0.73293333 0.00023268787 0.005)
(0.73906667 0.00023268787 0.005)
(0.7452 0.00023268787 0.005)
(0.75133333 0.00023268787 0.005)
(0.75746667 0.00023268787 0.005)
(0.7636 0.00023268787 0.005)
(0.76973333 0.00023268787 0.005)
(0.77586667 0.00023268787 0.005)
(0.782 0.00023268787 0.005)
(0.78813333 0.00023268787 0.005)
(0.79426667 0.00023268787 0.005)
(0.8004 0.00023268787 0.005)
(0.80653333 0.00023268787 0.005)
(0.81266667 0.00023268787 0.005)
(0.8188 0.00023268787 0.005)
(0.82493333 0.00023268787 0.005)
(0.83106667 0.00023268787 0.005)
(0.8372 0.00023268787 0.005)
(0.84333333 0.00023268787 0.005)
(0.84946667 0.00023268787 0.005)
(0.8556 0.00023268787 0.005)
(0.86173333 0.00023268787 0.005)
(0.86786667 0.00023268787 0.005)
(0.874 0.00023268787 0.005)
(0.88013333 0.00023268787 0.005)
(0.88626667 0.00023268787 0.005)
(0.8924 0.00023268787 0.005)
(0.89853333 0.00023268787 0.005)
(0.90466667 0.00023268787 0.005)
(0.9108 0.00023268787 0.005)
(0.91693333 0.00023268787 0.005)
(0.0030666667 0.00040607387 0.005)
(0.0092 0.00040607387 0.005)
(0.015333333 0.00040607387 0.005)
(0.021466667 0.00040607387 0.005)
(0.0276 0.00040607387 0.005)
(0.033733333 0.00040607387 0.005)
(0.039866667 0.00040607387 0.005)
(0.046 0.00040607387 0.005)
(0.052133333 0.00040607387 0.005)
(0.058266667 0.00040607387 0.005)
(0.0644 0.00040607387 0.005)
(0.070533333 0.00040607387 0.005)
(0.076666667 0.00040607387 0.005)
(0.0828 0.00040607387 0.005)
(0.088933333 0.00040607387 0.005)
(0.095066667 0.00040607387 0.005)
(0.1012 0.00040607387 0.005)
(0.10733333 0.00040607387 0.005)
(0.11346667 0.00040607387 0.005)
(0.1196 0.00040607387 0.005)
(0.12573333 0.00040607387 0.005)
(0.13186667 0.00040607387 0.005)
(0.138 0.00040607387 0.005)
(0.14413333 0.00040607387 0.005)
(0.15026667 0.00040607387 0.005)
(0.1564 0.00040607387 0.005)
(0.16253333 0.00040607387 0.005)
(0.16866667 0.00040607387 0.005)
(0.1748 0.00040607387 0.005)
(0.18093333 0.00040607387 0.005)
(0.18706667 0.00040607387 0.005)
(0.1932 0.00040607387 0.005)
(0.19933333 0.00040607387 0.005)
(0.20546667 0.00040607387 0.005)
(0.2116 0.00040607387 0.005)
(0.21773333 0.00040607387 0.005)
(0.22386667 0.00040607387 0.005)
(0.23 0.00040607387 0.005)
(0.23613333 0.00040607387 0.005)
(0.24226667 0.00040607387 0.005)
(0.2484 0.00040607387 0.005)
(0.25453333 0.00040607387 0.005)
(0.26066667 0.00040607387 0.005)
(0.2668 0.00040607387 0.005)
(0.27293333 0.00040607387 0.005)
(0.27906667 0.00040607387 0.005)
(0.2852 0.00040607387 0.005)
(0.29133333 0.00040607387 0.005)
(0.29746667 0.00040607387 0.005)
(0.3036 0.00040607387 0.005)
(0.30973333 0.00040607387 0.005)
(0.31586667 0.00040607387 0.005)
(0.322 0.00040607387 0.005)
(0.32813333 0.00040607387 0.005)
(0.33426667 0.00040607387 0.005)
(0.3404 0.00040607387 0.005)
(0.34653333 0.00040607387 0.005)
(0.35266667 0.00040607387 0.005)
(0.3588 0.00040607387 0.005)
(0.36493333 0.00040607387 0.005)
(0.37106667 0.00040607387 0.005)
(0.3772 0.00040607387 0.005)
(0.38333333 0.00040607387 0.005)
(0.38946667 0.00040607387 0.005)
(0.3956 0.00040607387 0.005)
(0.40173333 0.00040607387 0.005)
(0.40786667 0.00040607387 0.005)
(0.414 0.00040607387 0.005)
(0.42013333 0.00040607387 0.005)
(0.42626667 0.00040607387 0.005)
(0.4324 0.00040607387 0.005)
(0.43853333 0.00040607387 0.005)
(0.44466667 0.00040607387 0.005)
(0.4508 0.00040607387 0.005)
(0.45693333 0.00040607387 0.005)
(0.46306667 0.00040607387 0.005)
(0.4692 0.00040607387 0.005)
(0.47533333 0.00040607387 0.005)
(0.48146667 0.00040607387 0.005)
(0.4876 0.00040607387 0.005)
(0.49373333 0.00040607387 0.005)
(0.49986667 0.00040607387 0.005)
(0.506 0.00040607387 0.005)
(0.51213333 0.00040607387 0.005)
(0.51826667 0.00040607387 0.005)
(0.5244 0.00040607387 0.005)
(0.53053333 0.00040607387 0.005)
(0.53666667 0.00040607387 0.005)
(0.5428 0.00040607387 0.005)
(0.54893333 0.00040607387 0.005)
(0.55506667 0.00040607387 0.005)
(0.5612 0.00040607387 0.005)
(0.56733333 0.00040607387 0.005)
(0.57346667 0.00040607387 0.005)
(0.5796 0.00040607387 0.005)
(0.58573333 0.00040607387 0.005)
(0.59186667 0.00040607387 0.005)
(0.598 0.00040607387 0.005)
(0.60413333 0.00040607387 0.005)
(0.61026667 0.00040607387 0.005)
(0.6164 0.00040607387 0.005)
(0.62253333 0.00040607387 0.005)
(0.62866667 0.00040607387 0.005)
(0.6348 0.00040607387 0.005)
(0.64093333 0.00040607387 0.005)
(0.64706667 0.00040607387 0.005)
(0.6532 0.00040607387 0.005)
(0.65933333 0.00040607387 0.005)
(0.66546667 0.00040607387 0.005)
(0.6716 0.00040607387 0.005)
(0.67773333 0.00040607387 0.005)
(0.68386667 0.00040607387 0.005)
(0.69 0.00040607387 0.005)
(0.69613333 0.00040607387 0.005)
(0.70226667 0.00040607387 0.005)
(0.7084 0.00040607387 0.005)
(0.71453333 0.00040607387 0.005)
(0.72066667 0.00040607387 0.005)
(0.7268 0.00040607387 0.005)
(0.73293333 0.00040607387 0.005)
(0.73906667 0.00040607387 0.005)
(0.7452 0.00040607387 0.005)
(0.75133333 0.00040607387 0.005)
(0.75746667 0.00040607387 0.005)
(0.7636 0.00040607387 0.005)
(0.76973333 0.00040607387 0.005)
(0.77586667 0.00040607387 0.005)
(0.782 0.00040607387 0.005)
(0.78813333 0.00040607387 0.005)
(0.79426667 0.00040607387 0.005)
(0.8004 0.00040607387 0.005)
(0.80653333 0.00040607387 0.005)
(0.81266667 0.00040607387 0.005)
(0.8188 0.00040607387 0.005)
(0.82493333 0.00040607387 0.005)
(0.83106667 0.00040607387 0.005)
(0.8372 0.00040607387 0.005)
(0.84333333 0.00040607387 0.005)
(0.84946667 0.00040607387 0.005)
(0.8556 0.00040607387 0.005)
(0.86173333 0.00040607387 0.005)
(0.86786667 0.00040607387 0.005)
(0.874 0.00040607387 0.005)
(0.88013333 0.00040607387 0.005)
(0.88626667 0.00040607387 0.005)
(0.8924 0.00040607387 0.005)
(0.89853333 0.00040607387 0.005)
(0.90466667 0.00040607387 0.005)
(0.9108 0.00040607387 0.005)
(0.91693333 0.00040607387 0.005)
(0.0030666667 0.0005967947 0.005)
(0.0092 0.0005967947 0.005)
(0.015333333 0.0005967947 0.005)
(0.021466667 0.0005967947 0.005)
(0.0276 0.0005967947 0.005)
(0.033733333 0.0005967947 0.005)
(0.039866667 0.0005967947 0.005)
(0.046 0.0005967947 0.005)
(0.052133333 0.0005967947 0.005)
(0.058266667 0.0005967947 0.005)
(0.0644 0.0005967947 0.005)
(0.070533333 0.0005967947 0.005)
(0.076666667 0.0005967947 0.005)
(0.0828 0.0005967947 0.005)
(0.088933333 0.0005967947 0.005)
(0.095066667 0.0005967947 0.005)
(0.1012 0.0005967947 0.005)
(0.10733333 0.0005967947 0.005)
(0.11346667 0.0005967947 0.005)
(0.1196 0.0005967947 0.005)
(0.12573333 0.0005967947 0.005)
(0.13186667 0.0005967947 0.005)
(0.138 0.0005967947 0.005)
(0.14413333 0.0005967947 0.005)
(0.15026667 0.0005967947 0.005)
(0.1564 0.0005967947 0.005)
(0.16253333 0.0005967947 0.005)
(0.16866667 0.0005967947 0.005)
(0.1748 0.0005967947 0.005)
(0.18093333 0.0005967947 0.005)
(0.18706667 0.0005967947 0.005)
(0.1932 0.0005967947 0.005)
(0.19933333 0.0005967947 0.005)
(0.20546667 0.0005967947 0.005)
(0.2116 0.0005967947 0.005)
(0.21773333 0.0005967947 0.005)
(0.22386667 0.0005967947 0.005)
(0.23 0.0005967947 0.005)
(0.23613333 0.0005967947 0.005)
(0.24226667 0.0005967947 0.005)
(0.2484 0.0005967947 0.005)
(0.25453333 0.0005967947 0.005)
(0.26066667 0.0005967947 0.005)
(0.2668 0.0005967947 0.005)
(0.27293333 0.0005967947 0.005)
(0.27906667 0.0005967947 0.005)
(0.2852 0.0005967947 0.005)
(0.29133333 0.0005967947 0.005)
(0.29746667 0.0005967947 0.005)
(0.3036 0.0005967947 0.005)
(0.30973333 0.0005967947 0.005)
(0.31586667 0.0005967947 0.005)
(0.322 0.0005967947 0.005)
(0.32813333 0.0005967947 0.005)
(0.33426667 0.0005967947 0.005)
(0.3404 0.0005967947 0.005)
(0.34653333 0.0005967947 0.005)
(0.35266667 0.0005967947 0.005)
(0.3588 0.0005967947 0.005)
(0.36493333 0.0005967947 0.005)
(0.37106667 0.0005967947 0.005)
(0.3772 0.0005967947 0.005)
(0.38333333 0.0005967947 0.005)
(0.38946667 0.0005967947 0.005)
(0.3956 0.0005967947 0.005)
(0.40173333 0.0005967947 0.005)
(0.40786667 0.0005967947 0.005)
(0.414 0.0005967947 0.005)
(0.42013333 0.0005967947 0.005)
(0.42626667 0.0005967947 0.005)
(0.4324 0.0005967947 0.005)
(0.43853333 0.0005967947 0.005)
(0.44466667 0.0005967947 0.005)
(0.4508 0.0005967947 0.005)
(0.45693333 0.0005967947 0.005)
(0.46306667 0.0005967947 0.005)
(0.4692 0.0005967947 0.005)
(0.47533333 0.0005967947 0.005)
(0.48146667 0.0005967947 0.005)
(0.4876 0.0005967947 0.005)
(0.49373333 0.0005967947 0.005)
(0.49986667 0.0005967947 0.005)
(0.506 0.0005967947 0.005)
(0.51213333 0.0005967947 0.005)
(0.51826667 0.0005967947 0.005)
(0.5244 0.0005967947 0.005)
(0.53053333 0.0005967947 0.005)
(0.53666667 0.0005967947 0.005)
(0.5428 0.0005967947 0.005)
(0.54893333 0.0005967947 0.005)
(0.55506667 0.0005967947 0.005)
(0.5612 0.0005967947 0.005)
(0.56733333 0.0005967947 0.005)
(0.57346667 0.0005967947 0.005)
(0.5796 0.0005967947 0.005)
(0.58573333 0.0005967947 0.005)
(0.59186667 0.0005967947 0.005)
(0.598 0.0005967947 0.005)
(0.60413333 0.0005967947 0.005)
(0.61026667 0.0005967947 0.005)
(0.6164 0.0005967947 0.005)
(0.62253333 0.0005967947 0.005)
(0.62866667 0.0005967947 0.005)
(0.6348 0.0005967947 0.005)
(0.64093333 0.0005967947 0.005)
(0.64706667 0.0005967947 0.005)
(0.6532 0.0005967947 0.005)
(0.65933333 0.0005967947 0.005)
(0.66546667 0.0005967947 0.005)
(0.6716 0.0005967947 0.005)
(0.67773333 0.0005967947 0.005)
(0.68386667 0.0005967947 0.005)
(0.69 0.0005967947 0.005)
(0.69613333 0.0005967947 0.005)
(0.70226667 0.0005967947 0.005)
(0.7084 0.0005967947 0.005)
(0.71453333 0.0005967947 0.005)
(0.72066667 0.0005967947 0.005)
(0.7268 0.0005967947 0.005)
(0.73293333 0.0005967947 0.005)
(0.73906667 0.0005967947 0.005)
(0.7452 0.0005967947 0.005)
(0.75133333 0.0005967947 0.005)
(0.75746667 0.0005967947 0.005)
(0.7636 0.0005967947 0.005)
(0.76973333 0.0005967947 0.005)
(0.77586667 0.0005967947 0.005)
(0.782 0.0005967947 0.005)
(0.78813333 0.0005967947 0.005)
(0.79426667 0.0005967947 0.005)
(0.8004 0.0005967947 0.005)
(0.80653333 0.0005967947 0.005)
(0.81266667 0.0005967947 0.005)
(0.8188 0.0005967947 0.005)
(0.82493333 0.0005967947 0.005)
(0.83106667 0.0005967947 0.005)
(0.8372 0.0005967947 0.005)
(0.84333333 0.0005967947 0.005)
(0.84946667 0.0005967947 0.005)
(0.8556 0.0005967947 0.005)
(0.86173333 0.0005967947 0.005)
(0.86786667 0.0005967947 0.005)
(0.874 0.0005967947 0.005)
(0.88013333 0.0005967947 0.005)
(0.88626667 0.0005967947 0.005)
(0.8924 0.0005967947 0.005)
(0.89853333 0.0005967947 0.005)
(0.90466667 0.0005967947 0.005)
(0.9108 0.0005967947 0.005)
(0.91693333 0.0005967947 0.005)
(0.0030666667 0.00080658347 0.005)
(0.0092 0.00080658347 0.005)
(0.015333333 0.00080658347 0.005)
(0.021466667 0.00080658347 0.005)
(0.0276 0.00080658347 0.005)
(0.033733333 0.00080658347 0.005)
(0.039866667 0.00080658347 0.005)
(0.046 0.00080658347 0.005)
(0.052133333 0.00080658347 0.005)
(0.058266667 0.00080658347 0.005)
(0.0644 0.00080658347 0.005)
(0.070533333 0.00080658347 0.005)
(0.076666667 0.00080658347 0.005)
(0.0828 0.00080658347 0.005)
(0.088933333 0.00080658347 0.005)
(0.095066667 0.00080658347 0.005)
(0.1012 0.00080658347 0.005)
(0.10733333 0.00080658347 0.005)
(0.11346667 0.00080658347 0.005)
(0.1196 0.00080658347 0.005)
(0.12573333 0.00080658347 0.005)
(0.13186667 0.00080658347 0.005)
(0.138 0.00080658347 0.005)
(0.14413333 0.00080658347 0.005)
(0.15026667 0.00080658347 0.005)
(0.1564 0.00080658347 0.005)
(0.16253333 0.00080658347 0.005)
(0.16866667 0.00080658347 0.005)
(0.1748 0.00080658347 0.005)
(0.18093333 0.00080658347 0.005)
(0.18706667 0.00080658347 0.005)
(0.1932 0.00080658347 0.005)
(0.19933333 0.00080658347 0.005)
(0.20546667 0.00080658347 0.005)
(0.2116 0.00080658347 0.005)
(0.21773333 0.00080658347 0.005)
(0.22386667 0.00080658347 0.005)
(0.23 0.00080658347 0.005)
(0.23613333 0.00080658347 0.005)
(0.24226667 0.00080658347 0.005)
(0.2484 0.00080658347 0.005)
(0.25453333 0.00080658347 0.005)
(0.26066667 0.00080658347 0.005)
(0.2668 0.00080658347 0.005)
(0.27293333 0.00080658347 0.005)
(0.27906667 0.00080658347 0.005)
(0.2852 0.00080658347 0.005)
(0.29133333 0.00080658347 0.005)
(0.29746667 0.00080658347 0.005)
(0.3036 0.00080658347 0.005)
(0.30973333 0.00080658347 0.005)
(0.31586667 0.00080658347 0.005)
(0.322 0.00080658347 0.005)
(0.32813333 0.00080658347 0.005)
(0.33426667 0.00080658347 0.005)
(0.3404 0.00080658347 0.005)
(0.34653333 0.00080658347 0.005)
(0.35266667 0.00080658347 0.005)
(0.3588 0.00080658347 0.005)
(0.36493333 0.00080658347 0.005)
(0.37106667 0.00080658347 0.005)
(0.3772 0.00080658347 0.005)
(0.38333333 0.00080658347 0.005)
(0.38946667 0.00080658347 0.005)
(0.3956 0.00080658347 0.005)
(0.40173333 0.00080658347 0.005)
(0.40786667 0.00080658347 0.005)
(0.414 0.00080658347 0.005)
(0.42013333 0.00080658347 0.005)
(0.42626667 0.00080658347 0.005)
(0.4324 0.00080658347 0.005)
(0.43853333 0.00080658347 0.005)
(0.44466667 0.00080658347 0.005)
(0.4508 0.00080658347 0.005)
(0.45693333 0.00080658347 0.005)
(0.46306667 0.00080658347 0.005)
(0.4692 0.00080658347 0.005)
(0.47533333 0.00080658347 0.005)
(0.48146667 0.00080658347 0.005)
(0.4876 0.00080658347 0.005)
(0.49373333 0.00080658347 0.005)
(0.49986667 0.00080658347 0.005)
(0.506 0.00080658347 0.005)
(0.51213333 0.00080658347 0.005)
(0.51826667 0.00080658347 0.005)
(0.5244 0.00080658347 0.005)
(0.53053333 0.00080658347 0.005)
(0.53666667 0.00080658347 0.005)
(0.5428 0.00080658347 0.005)
(0.54893333 0.00080658347 0.005)
(0.55506667 0.00080658347 0.005)
(0.5612 0.00080658347 0.005)
(0.56733333 0.00080658347 0.005)
(0.57346667 0.00080658347 0.005)
(0.5796 0.00080658347 0.005)
(0.58573333 0.00080658347 0.005)
(0.59186667 0.00080658347 0.005)
(0.598 0.00080658347 0.005)
(0.60413333 0.00080658347 0.005)
(0.61026667 0.00080658347 0.005)
(0.6164 0.00080658347 0.005)
(0.62253333 0.00080658347 0.005)
(0.62866667 0.00080658347 0.005)
(0.6348 0.00080658347 0.005)
(0.64093333 0.00080658347 0.005)
(0.64706667 0.00080658347 0.005)
(0.6532 0.00080658347 0.005)
(0.65933333 0.00080658347 0.005)
(0.66546667 0.00080658347 0.005)
(0.6716 0.00080658347 0.005)
(0.67773333 0.00080658347 0.005)
(0.68386667 0.00080658347 0.005)
(0.69 0.00080658347 0.005)
(0.69613333 0.00080658347 0.005)
(0.70226667 0.00080658347 0.005)
(0.7084 0.00080658347 0.005)
(0.71453333 0.00080658347 0.005)
(0.72066667 0.00080658347 0.005)
(0.7268 0.00080658347 0.005)
(0.73293333 0.00080658347 0.005)
(0.73906667 0.00080658347 0.005)
(0.7452 0.00080658347 0.005)
(0.75133333 0.00080658347 0.005)
(0.75746667 0.00080658347 0.005)
(0.7636 0.00080658347 0.005)
(0.76973333 0.00080658347 0.005)
(0.77586667 0.00080658347 0.005)
(0.782 0.00080658347 0.005)
(0.78813333 0.00080658347 0.005)
(0.79426667 0.00080658347 0.005)
(0.8004 0.00080658347 0.005)
(0.80653333 0.00080658347 0.005)
(0.81266667 0.00080658347 0.005)
(0.8188 0.00080658347 0.005)
(0.82493333 0.00080658347 0.005)
(0.83106667 0.00080658347 0.005)
(0.8372 0.00080658347 0.005)
(0.84333333 0.00080658347 0.005)
(0.84946667 0.00080658347 0.005)
(0.8556 0.00080658347 0.005)
(0.86173333 0.00080658347 0.005)
(0.86786667 0.00080658347 0.005)
(0.874 0.00080658347 0.005)
(0.88013333 0.00080658347 0.005)
(0.88626667 0.00080658347 0.005)
(0.8924 0.00080658347 0.005)
(0.89853333 0.00080658347 0.005)
(0.90466667 0.00080658347 0.005)
(0.9108 0.00080658347 0.005)
(0.91693333 0.00080658347 0.005)
(0.0030666667 0.0010373466 0.005)
(0.0092 0.0010373466 0.005)
(0.015333333 0.0010373466 0.005)
(0.021466667 0.0010373466 0.005)
(0.0276 0.0010373466 0.005)
(0.033733333 0.0010373466 0.005)
(0.039866667 0.0010373466 0.005)
(0.046 0.0010373466 0.005)
(0.052133333 0.0010373466 0.005)
(0.058266667 0.0010373466 0.005)
(0.0644 0.0010373466 0.005)
(0.070533333 0.0010373466 0.005)
(0.076666667 0.0010373466 0.005)
(0.0828 0.0010373466 0.005)
(0.088933333 0.0010373466 0.005)
(0.095066667 0.0010373466 0.005)
(0.1012 0.0010373466 0.005)
(0.10733333 0.0010373466 0.005)
(0.11346667 0.0010373466 0.005)
(0.1196 0.0010373466 0.005)
(0.12573333 0.0010373466 0.005)
(0.13186667 0.0010373466 0.005)
(0.138 0.0010373466 0.005)
(0.14413333 0.0010373466 0.005)
(0.15026667 0.0010373466 0.005)
(0.1564 0.0010373466 0.005)
(0.16253333 0.0010373466 0.005)
(0.16866667 0.0010373466 0.005)
(0.1748 0.0010373466 0.005)
(0.18093333 0.0010373466 0.005)
(0.18706667 0.0010373466 0.005)
(0.1932 0.0010373466 0.005)
(0.19933333 0.0010373466 0.005)
(0.20546667 0.0010373466 0.005)
(0.2116 0.0010373466 0.005)
(0.21773333 0.0010373466 0.005)
(0.22386667 0.0010373466 0.005)
(0.23 0.0010373466 0.005)
(0.23613333 0.0010373466 0.005)
(0.24226667 0.0010373466 0.005)
(0.2484 0.0010373466 0.005)
(0.25453333 0.0010373466 0.005)
(0.26066667 0.0010373466 0.005)
(0.2668 0.0010373466 0.005)
(0.27293333 0.0010373466 0.005)
(0.27906667 0.0010373466 0.005)
(0.2852 0.0010373466 0.005)
(0.29133333 0.0010373466 0.005)
(0.29746667 0.0010373466 0.005)
(0.3036 0.0010373466 0.005)
(0.30973333 0.0010373466 0.005)
(0.31586667 0.0010373466 0.005)
(0.322 0.0010373466 0.005)
(0.32813333 0.0010373466 0.005)
(0.33426667 0.0010373466 0.005)
(0.3404 0.0010373466 0.005)
(0.34653333 0.0010373466 0.005)
(0.35266667 0.0010373466 0.005)
(0.3588 0.0010373466 0.005)
(0.36493333 0.0010373466 0.005)
(0.37106667 0.0010373466 0.005)
(0.3772 0.0010373466 0.005)
(0.38333333 0.0010373466 0.005)
(0.38946667 0.0010373466 0.005)
(0.3956 0.0010373466 0.005)
(0.40173333 0.0010373466 0.005)
(0.40786667 0.0010373466 0.005)
(0.414 0.0010373466 0.005)
(0.42013333 0.0010373466 0.005)
(0.42626667 0.0010373466 0.005)
(0.4324 0.0010373466 0.005)
(0.43853333 0.0010373466 0.005)
(0.44466667 0.0010373466 0.005)
(0.4508 0.0010373466 0.005)
(0.45693333 0.0010373466 0.005)
(0.46306667 0.0010373466 0.005)
(0.4692 0.0010373466 0.005)
(0.47533333 0.0010373466 0.005)
(0.48146667 0.0010373466 0.005)
(0.4876 0.0010373466 0.005)
(0.49373333 0.0010373466 0.005)
(0.49986667 0.0010373466 0.005)
(0.506 0.0010373466 0.005)
(0.51213333 0.0010373466 0.005)
(0.51826667 0.0010373466 0.005)
(0.5244 0.0010373466 0.005)
(0.53053333 0.0010373466 0.005)
(0.53666667 0.0010373466 0.005)
(0.5428 0.0010373466 0.005)
(0.54893333 0.0010373466 0.005)
(0.55506667 0.0010373466 0.005)
(0.5612 0.0010373466 0.005)
(0.56733333 0.0010373466 0.005)
(0.57346667 0.0010373466 0.005)
(0.5796 0.0010373466 0.005)
(0.58573333 0.0010373466 0.005)
(0.59186667 0.0010373466 0.005)
(0.598 0.0010373466 0.005)
(0.60413333 0.0010373466 0.005)
(0.61026667 0.0010373466 0.005)
(0.6164 0.0010373466 0.005)
(0.62253333 0.0010373466 0.005)
(0.62866667 0.0010373466 0.005)
(0.6348 0.0010373466 0.005)
(0.64093333 0.0010373466 0.005)
(0.64706667 0.0010373466 0.005)
(0.6532 0.0010373466 0.005)
(0.65933333 0.0010373466 0.005)
(0.66546667 0.0010373466 0.005)
(0.6716 0.0010373466 0.005)
(0.67773333 0.0010373466 0.005)
(0.68386667 0.0010373466 0.005)
(0.69 0.0010373466 0.005)
(0.69613333 0.0010373466 0.005)
(0.70226667 0.0010373466 0.005)
(0.7084 0.0010373466 0.005)
(0.71453333 0.0010373466 0.005)
(0.72066667 0.0010373466 0.005)
(0.7268 0.0010373466 0.005)
(0.73293333 0.0010373466 0.005)
(0.73906667 0.0010373466 0.005)
(0.7452 0.0010373466 0.005)
(0.75133333 0.0010373466 0.005)
(0.75746667 0.0010373466 0.005)
(0.7636 0.0010373466 0.005)
(0.76973333 0.0010373466 0.005)
(0.77586667 0.0010373466 0.005)
(0.782 0.0010373466 0.005)
(0.78813333 0.0010373466 0.005)
(0.79426667 0.0010373466 0.005)
(0.8004 0.0010373466 0.005)
(0.80653333 0.0010373466 0.005)
(0.81266667 0.0010373466 0.005)
(0.8188 0.0010373466 0.005)
(0.82493333 0.0010373466 0.005)
(0.83106667 0.0010373466 0.005)
(0.8372 0.0010373466 0.005)
(0.84333333 0.0010373466 0.005)
(0.84946667 0.0010373466 0.005)
(0.8556 0.0010373466 0.005)
(0.86173333 0.0010373466 0.005)
(0.86786667 0.0010373466 0.005)
(0.874 0.0010373466 0.005)
(0.88013333 0.0010373466 0.005)
(0.88626667 0.0010373466 0.005)
(0.8924 0.0010373466 0.005)
(0.89853333 0.0010373466 0.005)
(0.90466667 0.0010373466 0.005)
(0.9108 0.0010373466 0.005)
(0.91693333 0.0010373466 0.005)
(0.0030666667 0.001291181 0.005)
(0.0092 0.001291181 0.005)
(0.015333333 0.001291181 0.005)
(0.021466667 0.001291181 0.005)
(0.0276 0.001291181 0.005)
(0.033733333 0.001291181 0.005)
(0.039866667 0.001291181 0.005)
(0.046 0.001291181 0.005)
(0.052133333 0.001291181 0.005)
(0.058266667 0.001291181 0.005)
(0.0644 0.001291181 0.005)
(0.070533333 0.001291181 0.005)
(0.076666667 0.001291181 0.005)
(0.0828 0.001291181 0.005)
(0.088933333 0.001291181 0.005)
(0.095066667 0.001291181 0.005)
(0.1012 0.001291181 0.005)
(0.10733333 0.001291181 0.005)
(0.11346667 0.001291181 0.005)
(0.1196 0.001291181 0.005)
(0.12573333 0.001291181 0.005)
(0.13186667 0.001291181 0.005)
(0.138 0.001291181 0.005)
(0.14413333 0.001291181 0.005)
(0.15026667 0.001291181 0.005)
(0.1564 0.001291181 0.005)
(0.16253333 0.001291181 0.005)
(0.16866667 0.001291181 0.005)
(0.1748 0.001291181 0.005)
(0.18093333 0.001291181 0.005)
(0.18706667 0.001291181 0.005)
(0.1932 0.001291181 0.005)
(0.19933333 0.001291181 0.005)
(0.20546667 0.001291181 0.005)
(0.2116 0.001291181 0.005)
(0.21773333 0.001291181 0.005)
(0.22386667 0.001291181 0.005)
(0.23 0.001291181 0.005)
(0.23613333 0.001291181 0.005)
(0.24226667 0.001291181 0.005)
(0.2484 0.001291181 0.005)
(0.25453333 0.001291181 0.005)
(0.26066667 0.001291181 0.005)
(0.2668 0.001291181 0.005)
(0.27293333 0.001291181 0.005)
(0.27906667 0.001291181 0.005)
(0.2852 0.001291181 0.005)
(0.29133333 0.001291181 0.005)
(0.29746667 0.001291181 0.005)
(0.3036 0.001291181 0.005)
(0.30973333 0.001291181 0.005)
(0.31586667 0.001291181 0.005)
(0.322 0.001291181 0.005)
(0.32813333 0.001291181 0.005)
(0.33426667 0.001291181 0.005)
(0.3404 0.001291181 0.005)
(0.34653333 0.001291181 0.005)
(0.35266667 0.001291181 0.005)
(0.3588 0.001291181 0.005)
(0.36493333 0.001291181 0.005)
(0.37106667 0.001291181 0.005)
(0.3772 0.001291181 0.005)
(0.38333333 0.001291181 0.005)
(0.38946667 0.001291181 0.005)
(0.3956 0.001291181 0.005)
(0.40173333 0.001291181 0.005)
(0.40786667 0.001291181 0.005)
(0.414 0.001291181 0.005)
(0.42013333 0.001291181 0.005)
(0.42626667 0.001291181 0.005)
(0.4324 0.001291181 0.005)
(0.43853333 0.001291181 0.005)
(0.44466667 0.001291181 0.005)
(0.4508 0.001291181 0.005)
(0.45693333 0.001291181 0.005)
(0.46306667 0.001291181 0.005)
(0.4692 0.001291181 0.005)
(0.47533333 0.001291181 0.005)
(0.48146667 0.001291181 0.005)
(0.4876 0.001291181 0.005)
(0.49373333 0.001291181 0.005)
(0.49986667 0.001291181 0.005)
(0.506 0.001291181 0.005)
(0.51213333 0.001291181 0.005)
(0.51826667 0.001291181 0.005)
(0.5244 0.001291181 0.005)
(0.53053333 0.001291181 0.005)
(0.53666667 0.001291181 0.005)
(0.5428 0.001291181 0.005)
(0.54893333 0.001291181 0.005)
(0.55506667 0.001291181 0.005)
(0.5612 0.001291181 0.005)
(0.56733333 0.001291181 0.005)
(0.57346667 0.001291181 0.005)
(0.5796 0.001291181 0.005)
(0.58573333 0.001291181 0.005)
(0.59186667 0.001291181 0.005)
(0.598 0.001291181 0.005)
(0.60413333 0.001291181 0.005)
(0.61026667 0.001291181 0.005)
(0.6164 0.001291181 0.005)
(0.62253333 0.001291181 0.005)
(0.62866667 0.001291181 0.005)
(0.6348 0.001291181 0.005)
(0.64093333 0.001291181 0.005)
(0.64706667 0.001291181 0.005)
(0.6532 0.001291181 0.005)
(0.65933333 0.001291181 0.005)
(0.66546667 0.001291181 0.005)
(0.6716 0.001291181 0.005)
(0.67773333 0.001291181 0.005)
(0.68386667 0.001291181 0.005)
(0.69 0.001291181 0.005)
(0.69613333 0.001291181 0.005)
(0.70226667 0.001291181 0.005)
(0.7084 0.001291181 0.005)
(0.71453333 0.001291181 0.005)
(0.72066667 0.001291181 0.005)
(0.7268 0.001291181 0.005)
(0.73293333 0.001291181 0.005)
(0.73906667 0.001291181 0.005)
(0.7452 0.001291181 0.005)
(0.75133333 0.001291181 0.005)
(0.75746667 0.001291181 0.005)
(0.7636 0.001291181 0.005)
(0.76973333 0.001291181 0.005)
(0.77586667 0.001291181 0.005)
(0.782 0.001291181 0.005)
(0.78813333 0.001291181 0.005)
(0.79426667 0.001291181 0.005)
(0.8004 0.001291181 0.005)
(0.80653333 0.001291181 0.005)
(0.81266667 0.001291181 0.005)
(0.8188 0.001291181 0.005)
(0.82493333 0.001291181 0.005)
(0.83106667 0.001291181 0.005)
(0.8372 0.001291181 0.005)
(0.84333333 0.001291181 0.005)
(0.84946667 0.001291181 0.005)
(0.8556 0.001291181 0.005)
(0.86173333 0.001291181 0.005)
(0.86786667 0.001291181 0.005)
(0.874 0.001291181 0.005)
(0.88013333 0.001291181 0.005)
(0.88626667 0.001291181 0.005)
(0.8924 0.001291181 0.005)
(0.89853333 0.001291181 0.005)
(0.90466667 0.001291181 0.005)
(0.9108 0.001291181 0.005)
(0.91693333 0.001291181 0.005)
(0.0030666667 0.0015703933 0.005)
(0.0092 0.0015703933 0.005)
(0.015333333 0.0015703933 0.005)
(0.021466667 0.0015703933 0.005)
(0.0276 0.0015703933 0.005)
(0.033733333 0.0015703933 0.005)
(0.039866667 0.0015703933 0.005)
(0.046 0.0015703933 0.005)
(0.052133333 0.0015703933 0.005)
(0.058266667 0.0015703933 0.005)
(0.0644 0.0015703933 0.005)
(0.070533333 0.0015703933 0.005)
(0.076666667 0.0015703933 0.005)
(0.0828 0.0015703933 0.005)
(0.088933333 0.0015703933 0.005)
(0.095066667 0.0015703933 0.005)
(0.1012 0.0015703933 0.005)
(0.10733333 0.0015703933 0.005)
(0.11346667 0.0015703933 0.005)
(0.1196 0.0015703933 0.005)
(0.12573333 0.0015703933 0.005)
(0.13186667 0.0015703933 0.005)
(0.138 0.0015703933 0.005)
(0.14413333 0.0015703933 0.005)
(0.15026667 0.0015703933 0.005)
(0.1564 0.0015703933 0.005)
(0.16253333 0.0015703933 0.005)
(0.16866667 0.0015703933 0.005)
(0.1748 0.0015703933 0.005)
(0.18093333 0.0015703933 0.005)
(0.18706667 0.0015703933 0.005)
(0.1932 0.0015703933 0.005)
(0.19933333 0.0015703933 0.005)
(0.20546667 0.0015703933 0.005)
(0.2116 0.0015703933 0.005)
(0.21773333 0.0015703933 0.005)
(0.22386667 0.0015703933 0.005)
(0.23 0.0015703933 0.005)
(0.23613333 0.0015703933 0.005)
(0.24226667 0.0015703933 0.005)
(0.2484 0.0015703933 0.005)
(0.25453333 0.0015703933 0.005)
(0.26066667 0.0015703933 0.005)
(0.2668 0.0015703933 0.005)
(0.27293333 0.0015703933 0.005)
(0.27906667 0.0015703933 0.005)
(0.2852 0.0015703933 0.005)
(0.29133333 0.0015703933 0.005)
(0.29746667 0.0015703933 0.005)
(0.3036 0.0015703933 0.005)
(0.30973333 0.0015703933 0.005)
(0.31586667 0.0015703933 0.005)
(0.322 0.0015703933 0.005)
(0.32813333 0.0015703933 0.005)
(0.33426667 0.0015703933 0.005)
(0.3404 0.0015703933 0.005)
(0.34653333 0.0015703933 0.005)
(0.35266667 0.0015703933 0.005)
(0.3588 0.0015703933 0.005)
(0.36493333 0.0015703933 0.005)
(0.37106667 0.0015703933 0.005)
(0.3772 0.0015703933 0.005)
(0.38333333 0.0015703933 0.005)
(0.38946667 0.0015703933 0.005)
(0.3956 0.0015703933 0.005)
(0.40173333 0.0015703933 0.005)
(0.40786667 0.0015703933 0.005)
(0.414 0.0015703933 0.005)
(0.42013333 0.0015703933 0.005)
(0.42626667 0.0015703933 0.005)
(0.4324 0.0015703933 0.005)
(0.43853333 0.0015703933 0.005)
(0.44466667 0.0015703933 0.005)
(0.4508 0.0015703933 0.005)
(0.45693333 0.0015703933 0.005)
(0.46306667 0.0015703933 0.005)
(0.4692 0.0015703933 0.005)
(0.47533333 0.0015703933 0.005)
(0.48146667 0.0015703933 0.005)
(0.4876 0.0015703933 0.005)
(0.49373333 0.0015703933 0.005)
(0.49986667 0.0015703933 0.005)
(0.506 0.0015703933 0.005)
(0.51213333 0.0015703933 0.005)
(0.51826667 0.0015703933 0.005)
(0.5244 0.0015703933 0.005)
(0.53053333 0.0015703933 0.005)
(0.53666667 0.0015703933 0.005)
(0.5428 0.0015703933 0.005)
(0.54893333 0.0015703933 0.005)
(0.55506667 0.0015703933 0.005)
(0.5612 0.0015703933 0.005)
(0.56733333 0.0015703933 0.005)
(0.57346667 0.0015703933 0.005)
(0.5796 0.0015703933 0.005)
(0.58573333 0.0015703933 0.005)
(0.59186667 0.0015703933 0.005)
(0.598 0.0015703933 0.005)
(0.60413333 0.0015703933 0.005)
(0.61026667 0.0015703933 0.005)
(0.6164 0.0015703933 0.005)
(0.62253333 0.0015703933 0.005)
(0.62866667 0.0015703933 0.005)
(0.6348 0.0015703933 0.005)
(0.64093333 0.0015703933 0.005)
(0.64706667 0.0015703933 0.005)
(0.6532 0.0015703933 0.005)
(0.65933333 0.0015703933 0.005)
(0.66546667 0.0015703933 0.005)
(0.6716 0.0015703933 0.005)
(0.67773333 0.0015703933 0.005)
(0.68386667 0.0015703933 0.005)
(0.69 0.0015703933 0.005)
(0.69613333 0.0015703933 0.005)
(0.70226667 0.0015703933 0.005)
(0.7084 0.0015703933 0.005)
(0.71453333 0.0015703933 0.005)
(0.72066667 0.0015703933 0.005)
(0.7268 0.0015703933 0.005)
(0.73293333 0.0015703933 0.005)
(0.73906667 0.0015703933 0.005)
(0.7452 0.0015703933 0.005)
(0.75133333 0.0015703933 0.005)
(0.75746667 0.0015703933 0.005)
(0.7636 0.0015703933 0.005)
(0.76973333 0.0015703933 0.005)
(0.77586667 0.0015703933 0.005)
(0.782 0.0015703933 0.005)
(0.78813333 0.0015703933 0.005)
(0.79426667 0.0015703933 0.005)
(0.8004 0.0015703933 0.005)
(0.80653333 0.0015703933 0.005)
(0.81266667 0.0015703933 0.005)
(0.8188 0.0015703933 0.005)
(0.82493333 0.0015703933 0.005)
(0.83106667 0.0015703933 0.005)
(0.8372 0.0015703933 0.005)
(0.84333333 0.0015703933 0.005)
(0.84946667 0.0015703933 0.005)
(0.8556 0.0015703933 0.005)
(0.86173333 0.0015703933 0.005)
(0.86786667 0.0015703933 0.005)
(0.874 0.0015703933 0.005)
(0.88013333 0.0015703933 0.005)
(0.88626667 0.0015703933 0.005)
(0.8924 0.0015703933 0.005)
(0.89853333 0.0015703933 0.005)
(0.90466667 0.0015703933 0.005)
(0.9108 0.0015703933 0.005)
(0.91693333 0.0015703933 0.005)
(0.0030666667 0.0018775208 0.005)
(0.0092 0.0018775208 0.005)
(0.015333333 0.0018775208 0.005)
(0.021466667 0.0018775208 0.005)
(0.0276 0.0018775208 0.005)
(0.033733333 0.0018775208 0.005)
(0.039866667 0.0018775208 0.005)
(0.046 0.0018775208 0.005)
(0.052133333 0.0018775208 0.005)
(0.058266667 0.0018775208 0.005)
(0.0644 0.0018775208 0.005)
(0.070533333 0.0018775208 0.005)
(0.076666667 0.0018775208 0.005)
(0.0828 0.0018775208 0.005)
(0.088933333 0.0018775208 0.005)
(0.095066667 0.0018775208 0.005)
(0.1012 0.0018775208 0.005)
(0.10733333 0.0018775208 0.005)
(0.11346667 0.0018775208 0.005)
(0.1196 0.0018775208 0.005)
(0.12573333 0.0018775208 0.005)
(0.13186667 0.0018775208 0.005)
(0.138 0.0018775208 0.005)
(0.14413333 0.0018775208 0.005)
(0.15026667 0.0018775208 0.005)
(0.1564 0.0018775208 0.005)
(0.16253333 0.0018775208 0.005)
(0.16866667 0.0018775208 0.005)
(0.1748 0.0018775208 0.005)
(0.18093333 0.0018775208 0.005)
(0.18706667 0.0018775208 0.005)
(0.1932 0.0018775208 0.005)
(0.19933333 0.0018775208 0.005)
(0.20546667 0.0018775208 0.005)
(0.2116 0.0018775208 0.005)
(0.21773333 0.0018775208 0.005)
(0.22386667 0.0018775208 0.005)
(0.23 0.0018775208 0.005)
(0.23613333 0.0018775208 0.005)
(0.24226667 0.0018775208 0.005)
(0.2484 0.0018775208 0.005)
(0.25453333 0.0018775208 0.005)
(0.26066667 0.0018775208 0.005)
(0.2668 0.0018775208 0.005)
(0.27293333 0.0018775208 0.005)
(0.27906667 0.0018775208 0.005)
(0.2852 0.0018775208 0.005)
(0.29133333 0.0018775208 0.005)
(0.29746667 0.0018775208 0.005)
(0.3036 0.0018775208 0.005)
(0.30973333 0.0018775208 0.005)
(0.31586667 0.0018775208 0.005)
(0.322 0.0018775208 0.005)
(0.32813333 0.0018775208 0.005)
(0.33426667 0.0018775208 0.005)
(0.3404 0.0018775208 0.005)
(0.34653333 0.0018775208 0.005)
(0.35266667 0.0018775208 0.005)
(0.3588 0.0018775208 0.005)
(0.36493333 0.0018775208 0.005)
(0.37106667 0.0018775208 0.005)
(0.3772 0.0018775208 0.005)
(0.38333333 0.0018775208 0.005)
(0.38946667 0.0018775208 0.005)
(0.3956 0.0018775208 0.005)
(0.40173333 0.0018775208 0.005)
(0.40786667 0.0018775208 0.005)
(0.414 0.0018775208 0.005)
(0.42013333 0.0018775208 0.005)
(0.42626667 0.0018775208 0.005)
(0.4324 0.0018775208 0.005)
(0.43853333 0.0018775208 0.005)
(0.44466667 0.0018775208 0.005)
(0.4508 0.0018775208 0.005)
(0.45693333 0.0018775208 0.005)
(0.46306667 0.0018775208 0.005)
(0.4692 0.0018775208 0.005)
(0.47533333 0.0018775208 0.005)
(0.48146667 0.0018775208 0.005)
(0.4876 0.0018775208 0.005)
(0.49373333 0.0018775208 0.005)
(0.49986667 0.0018775208 0.005)
(0.506 0.0018775208 0.005)
(0.51213333 0.0018775208 0.005)
(0.51826667 0.0018775208 0.005)
(0.5244 0.0018775208 0.005)
(0.53053333 0.0018775208 0.005)
(0.53666667 0.0018775208 0.005)
(0.5428 0.0018775208 0.005)
(0.54893333 0.0018775208 0.005)
(0.55506667 0.0018775208 0.005)
(0.5612 0.0018775208 0.005)
(0.56733333 0.0018775208 0.005)
(0.57346667 0.0018775208 0.005)
(0.5796 0.0018775208 0.005)
(0.58573333 0.0018775208 0.005)
(0.59186667 0.0018775208 0.005)
(0.598 0.0018775208 0.005)
(0.60413333 0.0018775208 0.005)
(0.61026667 0.0018775208 0.005)
(0.6164 0.0018775208 0.005)
(0.62253333 0.0018775208 0.005)
(0.62866667 0.0018775208 0.005)
(0.6348 0.0018775208 0.005)
(0.64093333 0.0018775208 0.005)
(0.64706667 0.0018775208 0.005)
(0.6532 0.0018775208 0.005)
(0.65933333 0.0018775208 0.005)
(0.66546667 0.0018775208 0.005)
(0.6716 0.0018775208 0.005)
(0.67773333 0.0018775208 0.005)
(0.68386667 0.0018775208 0.005)
(0.69 0.0018775208 0.005)
(0.69613333 0.0018775208 0.005)
(0.70226667 0.0018775208 0.005)
(0.7084 0.0018775208 0.005)
(0.71453333 0.0018775208 0.005)
(0.72066667 0.0018775208 0.005)
(0.7268 0.0018775208 0.005)
(0.73293333 0.0018775208 0.005)
(0.73906667 0.0018775208 0.005)
(0.7452 0.0018775208 0.005)
(0.75133333 0.0018775208 0.005)
(0.75746667 0.0018775208 0.005)
(0.7636 0.0018775208 0.005)
(0.76973333 0.0018775208 0.005)
(0.77586667 0.0018775208 0.005)
(0.782 0.0018775208 0.005)
(0.78813333 0.0018775208 0.005)
(0.79426667 0.0018775208 0.005)
(0.8004 0.0018775208 0.005)
(0.80653333 0.0018775208 0.005)
(0.81266667 0.0018775208 0.005)
(0.8188 0.0018775208 0.005)
(0.82493333 0.0018775208 0.005)
(0.83106667 0.0018775208 0.005)
(0.8372 0.0018775208 0.005)
(0.84333333 0.0018775208 0.005)
(0.84946667 0.0018775208 0.005)
(0.8556 0.0018775208 0.005)
(0.86173333 0.0018775208 0.005)
(0.86786667 0.0018775208 0.005)
(0.874 0.0018775208 0.005)
(0.88013333 0.0018775208 0.005)
(0.88626667 0.0018775208 0.005)
(0.8924 0.0018775208 0.005)
(0.89853333 0.0018775208 0.005)
(0.90466667 0.0018775208 0.005)
(0.9108 0.0018775208 0.005)
(0.91693333 0.0018775208 0.005)
(0.0030666667 0.0022153543 0.005)
(0.0092 0.0022153543 0.005)
(0.015333333 0.0022153543 0.005)
(0.021466667 0.0022153543 0.005)
(0.0276 0.0022153543 0.005)
(0.033733333 0.0022153543 0.005)
(0.039866667 0.0022153543 0.005)
(0.046 0.0022153543 0.005)
(0.052133333 0.0022153543 0.005)
(0.058266667 0.0022153543 0.005)
(0.0644 0.0022153543 0.005)
(0.070533333 0.0022153543 0.005)
(0.076666667 0.0022153543 0.005)
(0.0828 0.0022153543 0.005)
(0.088933333 0.0022153543 0.005)
(0.095066667 0.0022153543 0.005)
(0.1012 0.0022153543 0.005)
(0.10733333 0.0022153543 0.005)
(0.11346667 0.0022153543 0.005)
(0.1196 0.0022153543 0.005)
(0.12573333 0.0022153543 0.005)
(0.13186667 0.0022153543 0.005)
(0.138 0.0022153543 0.005)
(0.14413333 0.0022153543 0.005)
(0.15026667 0.0022153543 0.005)
(0.1564 0.0022153543 0.005)
(0.16253333 0.0022153543 0.005)
(0.16866667 0.0022153543 0.005)
(0.1748 0.0022153543 0.005)
(0.18093333 0.0022153543 0.005)
(0.18706667 0.0022153543 0.005)
(0.1932 0.0022153543 0.005)
(0.19933333 0.0022153543 0.005)
(0.20546667 0.0022153543 0.005)
(0.2116 0.0022153543 0.005)
(0.21773333 0.0022153543 0.005)
(0.22386667 0.0022153543 0.005)
(0.23 0.0022153543 0.005)
(0.23613333 0.0022153543 0.005)
(0.24226667 0.0022153543 0.005)
(0.2484 0.0022153543 0.005)
(0.25453333 0.0022153543 0.005)
(0.26066667 0.0022153543 0.005)
(0.2668 0.0022153543 0.005)
(0.27293333 0.0022153543 0.005)
(0.27906667 0.0022153543 0.005)
(0.2852 0.0022153543 0.005)
(0.29133333 0.0022153543 0.005)
(0.29746667 0.0022153543 0.005)
(0.3036 0.0022153543 0.005)
(0.30973333 0.0022153543 0.005)
(0.31586667 0.0022153543 0.005)
(0.322 0.0022153543 0.005)
(0.32813333 0.0022153543 0.005)
(0.33426667 0.0022153543 0.005)
(0.3404 0.0022153543 0.005)
(0.34653333 0.0022153543 0.005)
(0.35266667 0.0022153543 0.005)
(0.3588 0.0022153543 0.005)
(0.36493333 0.0022153543 0.005)
(0.37106667 0.0022153543 0.005)
(0.3772 0.0022153543 0.005)
(0.38333333 0.0022153543 0.005)
(0.38946667 0.0022153543 0.005)
(0.3956 0.0022153543 0.005)
(0.40173333 0.0022153543 0.005)
(0.40786667 0.0022153543 0.005)
(0.414 0.0022153543 0.005)
(0.42013333 0.0022153543 0.005)
(0.42626667 0.0022153543 0.005)
(0.4324 0.0022153543 0.005)
(0.43853333 0.0022153543 0.005)
(0.44466667 0.0022153543 0.005)
(0.4508 0.0022153543 0.005)
(0.45693333 0.0022153543 0.005)
(0.46306667 0.0022153543 0.005)
(0.4692 0.0022153543 0.005)
(0.47533333 0.0022153543 0.005)
(0.48146667 0.0022153543 0.005)
(0.4876 0.0022153543 0.005)
(0.49373333 0.0022153543 0.005)
(0.49986667 0.0022153543 0.005)
(0.506 0.0022153543 0.005)
(0.51213333 0.0022153543 0.005)
(0.51826667 0.0022153543 0.005)
(0.5244 0.0022153543 0.005)
(0.53053333 0.0022153543 0.005)
(0.53666667 0.0022153543 0.005)
(0.5428 0.0022153543 0.005)
(0.54893333 0.0022153543 0.005)
(0.55506667 0.0022153543 0.005)
(0.5612 0.0022153543 0.005)
(0.56733333 0.0022153543 0.005)
(0.57346667 0.0022153543 0.005)
(0.5796 0.0022153543 0.005)
(0.58573333 0.0022153543 0.005)
(0.59186667 0.0022153543 0.005)
(0.598 0.0022153543 0.005)
(0.60413333 0.0022153543 0.005)
(0.61026667 0.0022153543 0.005)
(0.6164 0.0022153543 0.005)
(0.62253333 0.0022153543 0.005)
(0.62866667 0.0022153543 0.005)
(0.6348 0.0022153543 0.005)
(0.64093333 0.0022153543 0.005)
(0.64706667 0.0022153543 0.005)
(0.6532 0.0022153543 0.005)
(0.65933333 0.0022153543 0.005)
(0.66546667 0.0022153543 0.005)
(0.6716 0.0022153543 0.005)
(0.67773333 0.0022153543 0.005)
(0.68386667 0.0022153543 0.005)
(0.69 0.0022153543 0.005)
(0.69613333 0.0022153543 0.005)
(0.70226667 0.0022153543 0.005)
(0.7084 0.0022153543 0.005)
(0.71453333 0.0022153543 0.005)
(0.72066667 0.0022153543 0.005)
(0.7268 0.0022153543 0.005)
(0.73293333 0.0022153543 0.005)
(0.73906667 0.0022153543 0.005)
(0.7452 0.0022153543 0.005)
(0.75133333 0.0022153543 0.005)
(0.75746667 0.0022153543 0.005)
(0.7636 0.0022153543 0.005)
(0.76973333 0.0022153543 0.005)
(0.77586667 0.0022153543 0.005)
(0.782 0.0022153543 0.005)
(0.78813333 0.0022153543 0.005)
(0.79426667 0.0022153543 0.005)
(0.8004 0.0022153543 0.005)
(0.80653333 0.0022153543 0.005)
(0.81266667 0.0022153543 0.005)
(0.8188 0.0022153543 0.005)
(0.82493333 0.0022153543 0.005)
(0.83106667 0.0022153543 0.005)
(0.8372 0.0022153543 0.005)
(0.84333333 0.0022153543 0.005)
(0.84946667 0.0022153543 0.005)
(0.8556 0.0022153543 0.005)
(0.86173333 0.0022153543 0.005)
(0.86786667 0.0022153543 0.005)
(0.874 0.0022153543 0.005)
(0.88013333 0.0022153543 0.005)
(0.88626667 0.0022153543 0.005)
(0.8924 0.0022153543 0.005)
(0.89853333 0.0022153543 0.005)
(0.90466667 0.0022153543 0.005)
(0.9108 0.0022153543 0.005)
(0.91693333 0.0022153543 0.005)
(0.0030666667 0.0025869639 0.005)
(0.0092 0.0025869639 0.005)
(0.015333333 0.0025869639 0.005)
(0.021466667 0.0025869639 0.005)
(0.0276 0.0025869639 0.005)
(0.033733333 0.0025869639 0.005)
(0.039866667 0.0025869639 0.005)
(0.046 0.0025869639 0.005)
(0.052133333 0.0025869639 0.005)
(0.058266667 0.0025869639 0.005)
(0.0644 0.0025869639 0.005)
(0.070533333 0.0025869639 0.005)
(0.076666667 0.0025869639 0.005)
(0.0828 0.0025869639 0.005)
(0.088933333 0.0025869639 0.005)
(0.095066667 0.0025869639 0.005)
(0.1012 0.0025869639 0.005)
(0.10733333 0.0025869639 0.005)
(0.11346667 0.0025869639 0.005)
(0.1196 0.0025869639 0.005)
(0.12573333 0.0025869639 0.005)
(0.13186667 0.0025869639 0.005)
(0.138 0.0025869639 0.005)
(0.14413333 0.0025869639 0.005)
(0.15026667 0.0025869639 0.005)
(0.1564 0.0025869639 0.005)
(0.16253333 0.0025869639 0.005)
(0.16866667 0.0025869639 0.005)
(0.1748 0.0025869639 0.005)
(0.18093333 0.0025869639 0.005)
(0.18706667 0.0025869639 0.005)
(0.1932 0.0025869639 0.005)
(0.19933333 0.0025869639 0.005)
(0.20546667 0.0025869639 0.005)
(0.2116 0.0025869639 0.005)
(0.21773333 0.0025869639 0.005)
(0.22386667 0.0025869639 0.005)
(0.23 0.0025869639 0.005)
(0.23613333 0.0025869639 0.005)
(0.24226667 0.0025869639 0.005)
(0.2484 0.0025869639 0.005)
(0.25453333 0.0025869639 0.005)
(0.26066667 0.0025869639 0.005)
(0.2668 0.0025869639 0.005)
(0.27293333 0.0025869639 0.005)
(0.27906667 0.0025869639 0.005)
(0.2852 0.0025869639 0.005)
(0.29133333 0.0025869639 0.005)
(0.29746667 0.0025869639 0.005)
(0.3036 0.0025869639 0.005)
(0.30973333 0.0025869639 0.005)
(0.31586667 0.0025869639 0.005)
(0.322 0.0025869639 0.005)
(0.32813333 0.0025869639 0.005)
(0.33426667 0.0025869639 0.005)
(0.3404 0.0025869639 0.005)
(0.34653333 0.0025869639 0.005)
(0.35266667 0.0025869639 0.005)
(0.3588 0.0025869639 0.005)
(0.36493333 0.0025869639 0.005)
(0.37106667 0.0025869639 0.005)
(0.3772 0.0025869639 0.005)
(0.38333333 0.0025869639 0.005)
(0.38946667 0.0025869639 0.005)
(0.3956 0.0025869639 0.005)
(0.40173333 0.0025869639 0.005)
(0.40786667 0.0025869639 0.005)
(0.414 0.0025869639 0.005)
(0.42013333 0.0025869639 0.005)
(0.42626667 0.0025869639 0.005)
(0.4324 0.0025869639 0.005)
(0.43853333 0.0025869639 0.005)
(0.44466667 0.0025869639 0.005)
(0.4508 0.0025869639 0.005)
(0.45693333 0.0025869639 0.005)
(0.46306667 0.0025869639 0.005)
(0.4692 0.0025869639 0.005)
(0.47533333 0.0025869639 0.005)
(0.48146667 0.0025869639 0.005)
(0.4876 0.0025869639 0.005)
(0.49373333 0.0025869639 0.005)
(0.49986667 0.0025869639 0.005)
(0.506 0.0025869639 0.005)
(0.51213333 0.0025869639 0.005)
(0.51826667 0.0025869639 0.005)
(0.5244 0.0025869639 0.005)
(0.53053333 0.0025869639 0.005)
(0.53666667 0.0025869639 0.005)
(0.5428 0.0025869639 0.005)
(0.54893333 0.0025869639 0.005)
(0.55506667 0.0025869639 0.005)
(0.5612 0.0025869639 0.005)
(0.56733333 0.0025869639 0.005)
(0.57346667 0.0025869639 0.005)
(0.5796 0.0025869639 0.005)
(0.58573333 0.0025869639 0.005)
(0.59186667 0.0025869639 0.005)
(0.598 0.0025869639 0.005)
(0.60413333 0.0025869639 0.005)
(0.61026667 0.0025869639 0.005)
(0.6164 0.0025869639 0.005)
(0.62253333 0.0025869639 0.005)
(0.62866667 0.0025869639 0.005)
(0.6348 0.0025869639 0.005)
(0.64093333 0.0025869639 0.005)
(0.64706667 0.0025869639 0.005)
(0.6532 0.0025869639 0.005)
(0.65933333 0.0025869639 0.005)
(0.66546667 0.0025869639 0.005)
(0.6716 0.0025869639 0.005)
(0.67773333 0.0025869639 0.005)
(0.68386667 0.0025869639 0.005)
(0.69 0.0025869639 0.005)
(0.69613333 0.0025869639 0.005)
(0.70226667 0.0025869639 0.005)
(0.7084 0.0025869639 0.005)
(0.71453333 0.0025869639 0.005)
(0.72066667 0.0025869639 0.005)
(0.7268 0.0025869639 0.005)
(0.73293333 0.0025869639 0.005)
(0.73906667 0.0025869639 0.005)
(0.7452 0.0025869639 0.005)
(0.75133333 0.0025869639 0.005)
(0.75746667 0.0025869639 0.005)
(0.7636 0.0025869639 0.005)
(0.76973333 0.0025869639 0.005)
(0.77586667 0.0025869639 0.005)
(0.782 0.0025869639 0.005)
(0.78813333 0.0025869639 0.005)
(0.79426667 0.0025869639 0.005)
(0.8004 0.0025869639 0.005)
(0.80653333 0.0025869639 0.005)
(0.81266667 0.0025869639 0.005)
(0.8188 0.0025869639 0.005)
(0.82493333 0.0025869639 0.005)
(0.83106667 0.0025869639 0.005)
(0.8372 0.0025869639 0.005)
(0.84333333 0.0025869639 0.005)
(0.84946667 0.0025869639 0.005)
(0.8556 0.0025869639 0.005)
(0.86173333 0.0025869639 0.005)
(0.86786667 0.0025869639 0.005)
(0.874 0.0025869639 0.005)
(0.88013333 0.0025869639 0.005)
(0.88626667 0.0025869639 0.005)
(0.8924 0.0025869639 0.005)
(0.89853333 0.0025869639 0.005)
(0.90466667 0.0025869639 0.005)
(0.9108 0.0025869639 0.005)
(0.91693333 0.0025869639 0.005)
(0.0030666667 0.0029957264 0.005)
(0.0092 0.0029957264 0.005)
(0.015333333 0.0029957264 0.005)
(0.021466667 0.0029957264 0.005)
(0.0276 0.0029957264 0.005)
(0.033733333 0.0029957264 0.005)
(0.039866667 0.0029957264 0.005)
(0.046 0.0029957264 0.005)
(0.052133333 0.0029957264 0.005)
(0.058266667 0.0029957264 0.005)
(0.0644 0.0029957264 0.005)
(0.070533333 0.0029957264 0.005)
(0.076666667 0.0029957264 0.005)
(0.0828 0.0029957264 0.005)
(0.088933333 0.0029957264 0.005)
(0.095066667 0.0029957264 0.005)
(0.1012 0.0029957264 0.005)
(0.10733333 0.0029957264 0.005)
(0.11346667 0.0029957264 0.005)
(0.1196 0.0029957264 0.005)
(0.12573333 0.0029957264 0.005)
(0.13186667 0.0029957264 0.005)
(0.138 0.0029957264 0.005)
(0.14413333 0.0029957264 0.005)
(0.15026667 0.0029957264 0.005)
(0.1564 0.0029957264 0.005)
(0.16253333 0.0029957264 0.005)
(0.16866667 0.0029957264 0.005)
(0.1748 0.0029957264 0.005)
(0.18093333 0.0029957264 0.005)
(0.18706667 0.0029957264 0.005)
(0.1932 0.0029957264 0.005)
(0.19933333 0.0029957264 0.005)
(0.20546667 0.0029957264 0.005)
(0.2116 0.0029957264 0.005)
(0.21773333 0.0029957264 0.005)
(0.22386667 0.0029957264 0.005)
(0.23 0.0029957264 0.005)
(0.23613333 0.0029957264 0.005)
(0.24226667 0.0029957264 0.005)
(0.2484 0.0029957264 0.005)
(0.25453333 0.0029957264 0.005)
(0.26066667 0.0029957264 0.005)
(0.2668 0.0029957264 0.005)
(0.27293333 0.0029957264 0.005)
(0.27906667 0.0029957264 0.005)
(0.2852 0.0029957264 0.005)
(0.29133333 0.0029957264 0.005)
(0.29746667 0.0029957264 0.005)
(0.3036 0.0029957264 0.005)
(0.30973333 0.0029957264 0.005)
(0.31586667 0.0029957264 0.005)
(0.322 0.0029957264 0.005)
(0.32813333 0.0029957264 0.005)
(0.33426667 0.0029957264 0.005)
(0.3404 0.0029957264 0.005)
(0.34653333 0.0029957264 0.005)
(0.35266667 0.0029957264 0.005)
(0.3588 0.0029957264 0.005)
(0.36493333 0.0029957264 0.005)
(0.37106667 0.0029957264 0.005)
(0.3772 0.0029957264 0.005)
(0.38333333 0.0029957264 0.005)
(0.38946667 0.0029957264 0.005)
(0.3956 0.0029957264 0.005)
(0.40173333 0.0029957264 0.005)
(0.40786667 0.0029957264 0.005)
(0.414 0.0029957264 0.005)
(0.42013333 0.0029957264 0.005)
(0.42626667 0.0029957264 0.005)
(0.4324 0.0029957264 0.005)
(0.43853333 0.0029957264 0.005)
(0.44466667 0.0029957264 0.005)
(0.4508 0.0029957264 0.005)
(0.45693333 0.0029957264 0.005)
(0.46306667 0.0029957264 0.005)
(0.4692 0.0029957264 0.005)
(0.47533333 0.0029957264 0.005)
(0.48146667 0.0029957264 0.005)
(0.4876 0.0029957264 0.005)
(0.49373333 0.0029957264 0.005)
(0.49986667 0.0029957264 0.005)
(0.506 0.0029957264 0.005)
(0.51213333 0.0029957264 0.005)
(0.51826667 0.0029957264 0.005)
(0.5244 0.0029957264 0.005)
(0.53053333 0.0029957264 0.005)
(0.53666667 0.0029957264 0.005)
(0.5428 0.0029957264 0.005)
(0.54893333 0.0029957264 0.005)
(0.55506667 0.0029957264 0.005)
(0.5612 0.0029957264 0.005)
(0.56733333 0.0029957264 0.005)
(0.57346667 0.0029957264 0.005)
(0.5796 0.0029957264 0.005)
(0.58573333 0.0029957264 0.005)
(0.59186667 0.0029957264 0.005)
(0.598 0.0029957264 0.005)
(0.60413333 0.0029957264 0.005)
(0.61026667 0.0029957264 0.005)
(0.6164 0.0029957264 0.005)
(0.62253333 0.0029957264 0.005)
(0.62866667 0.0029957264 0.005)
(0.6348 0.0029957264 0.005)
(0.64093333 0.0029957264 0.005)
(0.64706667 0.0029957264 0.005)
(0.6532 0.0029957264 0.005)
(0.65933333 0.0029957264 0.005)
(0.66546667 0.0029957264 0.005)
(0.6716 0.0029957264 0.005)
(0.67773333 0.0029957264 0.005)
(0.68386667 0.0029957264 0.005)
(0.69 0.0029957264 0.005)
(0.69613333 0.0029957264 0.005)
(0.70226667 0.0029957264 0.005)
(0.7084 0.0029957264 0.005)
(0.71453333 0.0029957264 0.005)
(0.72066667 0.0029957264 0.005)
(0.7268 0.0029957264 0.005)
(0.73293333 0.0029957264 0.005)
(0.73906667 0.0029957264 0.005)
(0.7452 0.0029957264 0.005)
(0.75133333 0.0029957264 0.005)
(0.75746667 0.0029957264 0.005)
(0.7636 0.0029957264 0.005)
(0.76973333 0.0029957264 0.005)
(0.77586667 0.0029957264 0.005)
(0.782 0.0029957264 0.005)
(0.78813333 0.0029957264 0.005)
(0.79426667 0.0029957264 0.005)
(0.8004 0.0029957264 0.005)
(0.80653333 0.0029957264 0.005)
(0.81266667 0.0029957264 0.005)
(0.8188 0.0029957264 0.005)
(0.82493333 0.0029957264 0.005)
(0.83106667 0.0029957264 0.005)
(0.8372 0.0029957264 0.005)
(0.84333333 0.0029957264 0.005)
(0.84946667 0.0029957264 0.005)
(0.8556 0.0029957264 0.005)
(0.86173333 0.0029957264 0.005)
(0.86786667 0.0029957264 0.005)
(0.874 0.0029957264 0.005)
(0.88013333 0.0029957264 0.005)
(0.88626667 0.0029957264 0.005)
(0.8924 0.0029957264 0.005)
(0.89853333 0.0029957264 0.005)
(0.90466667 0.0029957264 0.005)
(0.9108 0.0029957264 0.005)
(0.91693333 0.0029957264 0.005)
(0.0030666667 0.0034453563 0.005)
(0.0092 0.0034453563 0.005)
(0.015333333 0.0034453563 0.005)
(0.021466667 0.0034453563 0.005)
(0.0276 0.0034453563 0.005)
(0.033733333 0.0034453563 0.005)
(0.039866667 0.0034453563 0.005)
(0.046 0.0034453563 0.005)
(0.052133333 0.0034453563 0.005)
(0.058266667 0.0034453563 0.005)
(0.0644 0.0034453563 0.005)
(0.070533333 0.0034453563 0.005)
(0.076666667 0.0034453563 0.005)
(0.0828 0.0034453563 0.005)
(0.088933333 0.0034453563 0.005)
(0.095066667 0.0034453563 0.005)
(0.1012 0.0034453563 0.005)
(0.10733333 0.0034453563 0.005)
(0.11346667 0.0034453563 0.005)
(0.1196 0.0034453563 0.005)
(0.12573333 0.0034453563 0.005)
(0.13186667 0.0034453563 0.005)
(0.138 0.0034453563 0.005)
(0.14413333 0.0034453563 0.005)
(0.15026667 0.0034453563 0.005)
(0.1564 0.0034453563 0.005)
(0.16253333 0.0034453563 0.005)
(0.16866667 0.0034453563 0.005)
(0.1748 0.0034453563 0.005)
(0.18093333 0.0034453563 0.005)
(0.18706667 0.0034453563 0.005)
(0.1932 0.0034453563 0.005)
(0.19933333 0.0034453563 0.005)
(0.20546667 0.0034453563 0.005)
(0.2116 0.0034453563 0.005)
(0.21773333 0.0034453563 0.005)
(0.22386667 0.0034453563 0.005)
(0.23 0.0034453563 0.005)
(0.23613333 0.0034453563 0.005)
(0.24226667 0.0034453563 0.005)
(0.2484 0.0034453563 0.005)
(0.25453333 0.0034453563 0.005)
(0.26066667 0.0034453563 0.005)
(0.2668 0.0034453563 0.005)
(0.27293333 0.0034453563 0.005)
(0.27906667 0.0034453563 0.005)
(0.2852 0.0034453563 0.005)
(0.29133333 0.0034453563 0.005)
(0.29746667 0.0034453563 0.005)
(0.3036 0.0034453563 0.005)
(0.30973333 0.0034453563 0.005)
(0.31586667 0.0034453563 0.005)
(0.322 0.0034453563 0.005)
(0.32813333 0.0034453563 0.005)
(0.33426667 0.0034453563 0.005)
(0.3404 0.0034453563 0.005)
(0.34653333 0.0034453563 0.005)
(0.35266667 0.0034453563 0.005)
(0.3588 0.0034453563 0.005)
(0.36493333 0.0034453563 0.005)
(0.37106667 0.0034453563 0.005)
(0.3772 0.0034453563 0.005)
(0.38333333 0.0034453563 0.005)
(0.38946667 0.0034453563 0.005)
(0.3956 0.0034453563 0.005)
(0.40173333 0.0034453563 0.005)
(0.40786667 0.0034453563 0.005)
(0.414 0.0034453563 0.005)
(0.42013333 0.0034453563 0.005)
(0.42626667 0.0034453563 0.005)
(0.4324 0.0034453563 0.005)
(0.43853333 0.0034453563 0.005)
(0.44466667 0.0034453563 0.005)
(0.4508 0.0034453563 0.005)
(0.45693333 0.0034453563 0.005)
(0.46306667 0.0034453563 0.005)
(0.4692 0.0034453563 0.005)
(0.47533333 0.0034453563 0.005)
(0.48146667 0.0034453563 0.005)
(0.4876 0.0034453563 0.005)
(0.49373333 0.0034453563 0.005)
(0.49986667 0.0034453563 0.005)
(0.506 0.0034453563 0.005)
(0.51213333 0.0034453563 0.005)
(0.51826667 0.0034453563 0.005)
(0.5244 0.0034453563 0.005)
(0.53053333 0.0034453563 0.005)
(0.53666667 0.0034453563 0.005)
(0.5428 0.0034453563 0.005)
(0.54893333 0.0034453563 0.005)
(0.55506667 0.0034453563 0.005)
(0.5612 0.0034453563 0.005)
(0.56733333 0.0034453563 0.005)
(0.57346667 0.0034453563 0.005)
(0.5796 0.0034453563 0.005)
(0.58573333 0.0034453563 0.005)
(0.59186667 0.0034453563 0.005)
(0.598 0.0034453563 0.005)
(0.60413333 0.0034453563 0.005)
(0.61026667 0.0034453563 0.005)
(0.6164 0.0034453563 0.005)
(0.62253333 0.0034453563 0.005)
(0.62866667 0.0034453563 0.005)
(0.6348 0.0034453563 0.005)
(0.64093333 0.0034453563 0.005)
(0.64706667 0.0034453563 0.005)
(0.6532 0.0034453563 0.005)
(0.65933333 0.0034453563 0.005)
(0.66546667 0.0034453563 0.005)
(0.6716 0.0034453563 0.005)
(0.67773333 0.0034453563 0.005)
(0.68386667 0.0034453563 0.005)
(0.69 0.0034453563 0.005)
(0.69613333 0.0034453563 0.005)
(0.70226667 0.0034453563 0.005)
(0.7084 0.0034453563 0.005)
(0.71453333 0.0034453563 0.005)
(0.72066667 0.0034453563 0.005)
(0.7268 0.0034453563 0.005)
(0.73293333 0.0034453563 0.005)
(0.73906667 0.0034453563 0.005)
(0.7452 0.0034453563 0.005)
(0.75133333 0.0034453563 0.005)
(0.75746667 0.0034453563 0.005)
(0.7636 0.0034453563 0.005)
(0.76973333 0.0034453563 0.005)
(0.77586667 0.0034453563 0.005)
(0.782 0.0034453563 0.005)
(0.78813333 0.0034453563 0.005)
(0.79426667 0.0034453563 0.005)
(0.8004 0.0034453563 0.005)
(0.80653333 0.0034453563 0.005)
(0.81266667 0.0034453563 0.005)
(0.8188 0.0034453563 0.005)
(0.82493333 0.0034453563 0.005)
(0.83106667 0.0034453563 0.005)
(0.8372 0.0034453563 0.005)
(0.84333333 0.0034453563 0.005)
(0.84946667 0.0034453563 0.005)
(0.8556 0.0034453563 0.005)
(0.86173333 0.0034453563 0.005)
(0.86786667 0.0034453563 0.005)
(0.874 0.0034453563 0.005)
(0.88013333 0.0034453563 0.005)
(0.88626667 0.0034453563 0.005)
(0.8924 0.0034453563 0.005)
(0.89853333 0.0034453563 0.005)
(0.90466667 0.0034453563 0.005)
(0.9108 0.0034453563 0.005)
(0.91693333 0.0034453563 0.005)
(0.0030666667 0.0039399393 0.005)
(0.0092 0.0039399393 0.005)
(0.015333333 0.0039399393 0.005)
(0.021466667 0.0039399393 0.005)
(0.0276 0.0039399393 0.005)
(0.033733333 0.0039399393 0.005)
(0.039866667 0.0039399393 0.005)
(0.046 0.0039399393 0.005)
(0.052133333 0.0039399393 0.005)
(0.058266667 0.0039399393 0.005)
(0.0644 0.0039399393 0.005)
(0.070533333 0.0039399393 0.005)
(0.076666667 0.0039399393 0.005)
(0.0828 0.0039399393 0.005)
(0.088933333 0.0039399393 0.005)
(0.095066667 0.0039399393 0.005)
(0.1012 0.0039399393 0.005)
(0.10733333 0.0039399393 0.005)
(0.11346667 0.0039399393 0.005)
(0.1196 0.0039399393 0.005)
(0.12573333 0.0039399393 0.005)
(0.13186667 0.0039399393 0.005)
(0.138 0.0039399393 0.005)
(0.14413333 0.0039399393 0.005)
(0.15026667 0.0039399393 0.005)
(0.1564 0.0039399393 0.005)
(0.16253333 0.0039399393 0.005)
(0.16866667 0.0039399393 0.005)
(0.1748 0.0039399393 0.005)
(0.18093333 0.0039399393 0.005)
(0.18706667 0.0039399393 0.005)
(0.1932 0.0039399393 0.005)
(0.19933333 0.0039399393 0.005)
(0.20546667 0.0039399393 0.005)
(0.2116 0.0039399393 0.005)
(0.21773333 0.0039399393 0.005)
(0.22386667 0.0039399393 0.005)
(0.23 0.0039399393 0.005)
(0.23613333 0.0039399393 0.005)
(0.24226667 0.0039399393 0.005)
(0.2484 0.0039399393 0.005)
(0.25453333 0.0039399393 0.005)
(0.26066667 0.0039399393 0.005)
(0.2668 0.0039399393 0.005)
(0.27293333 0.0039399393 0.005)
(0.27906667 0.0039399393 0.005)
(0.2852 0.0039399393 0.005)
(0.29133333 0.0039399393 0.005)
(0.29746667 0.0039399393 0.005)
(0.3036 0.0039399393 0.005)
(0.30973333 0.0039399393 0.005)
(0.31586667 0.0039399393 0.005)
(0.322 0.0039399393 0.005)
(0.32813333 0.0039399393 0.005)
(0.33426667 0.0039399393 0.005)
(0.3404 0.0039399393 0.005)
(0.34653333 0.0039399393 0.005)
(0.35266667 0.0039399393 0.005)
(0.3588 0.0039399393 0.005)
(0.36493333 0.0039399393 0.005)
(0.37106667 0.0039399393 0.005)
(0.3772 0.0039399393 0.005)
(0.38333333 0.0039399393 0.005)
(0.38946667 0.0039399393 0.005)
(0.3956 0.0039399393 0.005)
(0.40173333 0.0039399393 0.005)
(0.40786667 0.0039399393 0.005)
(0.414 0.0039399393 0.005)
(0.42013333 0.0039399393 0.005)
(0.42626667 0.0039399393 0.005)
(0.4324 0.0039399393 0.005)
(0.43853333 0.0039399393 0.005)
(0.44466667 0.0039399393 0.005)
(0.4508 0.0039399393 0.005)
(0.45693333 0.0039399393 0.005)
(0.46306667 0.0039399393 0.005)
(0.4692 0.0039399393 0.005)
(0.47533333 0.0039399393 0.005)
(0.48146667 0.0039399393 0.005)
(0.4876 0.0039399393 0.005)
(0.49373333 0.0039399393 0.005)
(0.49986667 0.0039399393 0.005)
(0.506 0.0039399393 0.005)
(0.51213333 0.0039399393 0.005)
(0.51826667 0.0039399393 0.005)
(0.5244 0.0039399393 0.005)
(0.53053333 0.0039399393 0.005)
(0.53666667 0.0039399393 0.005)
(0.5428 0.0039399393 0.005)
(0.54893333 0.0039399393 0.005)
(0.55506667 0.0039399393 0.005)
(0.5612 0.0039399393 0.005)
(0.56733333 0.0039399393 0.005)
(0.57346667 0.0039399393 0.005)
(0.5796 0.0039399393 0.005)
(0.58573333 0.0039399393 0.005)
(0.59186667 0.0039399393 0.005)
(0.598 0.0039399393 0.005)
(0.60413333 0.0039399393 0.005)
(0.61026667 0.0039399393 0.005)
(0.6164 0.0039399393 0.005)
(0.62253333 0.0039399393 0.005)
(0.62866667 0.0039399393 0.005)
(0.6348 0.0039399393 0.005)
(0.64093333 0.0039399393 0.005)
(0.64706667 0.0039399393 0.005)
(0.6532 0.0039399393 0.005)
(0.65933333 0.0039399393 0.005)
(0.66546667 0.0039399393 0.005)
(0.6716 0.0039399393 0.005)
(0.67773333 0.0039399393 0.005)
(0.68386667 0.0039399393 0.005)
(0.69 0.0039399393 0.005)
(0.69613333 0.0039399393 0.005)
(0.70226667 0.0039399393 0.005)
(0.7084 0.0039399393 0.005)
(0.71453333 0.0039399393 0.005)
(0.72066667 0.0039399393 0.005)
(0.7268 0.0039399393 0.005)
(0.73293333 0.0039399393 0.005)
(0.73906667 0.0039399393 0.005)
(0.7452 0.0039399393 0.005)
(0.75133333 0.0039399393 0.005)
(0.75746667 0.0039399393 0.005)
(0.7636 0.0039399393 0.005)
(0.76973333 0.0039399393 0.005)
(0.77586667 0.0039399393 0.005)
(0.782 0.0039399393 0.005)
(0.78813333 0.0039399393 0.005)
(0.79426667 0.0039399393 0.005)
(0.8004 0.0039399393 0.005)
(0.80653333 0.0039399393 0.005)
(0.81266667 0.0039399393 0.005)
(0.8188 0.0039399393 0.005)
(0.82493333 0.0039399393 0.005)
(0.83106667 0.0039399393 0.005)
(0.8372 0.0039399393 0.005)
(0.84333333 0.0039399393 0.005)
(0.84946667 0.0039399393 0.005)
(0.8556 0.0039399393 0.005)
(0.86173333 0.0039399393 0.005)
(0.86786667 0.0039399393 0.005)
(0.874 0.0039399393 0.005)
(0.88013333 0.0039399393 0.005)
(0.88626667 0.0039399393 0.005)
(0.8924 0.0039399393 0.005)
(0.89853333 0.0039399393 0.005)
(0.90466667 0.0039399393 0.005)
(0.9108 0.0039399393 0.005)
(0.91693333 0.0039399393 0.005)
(0.0030666667 0.00448397 0.005)
(0.0092 0.00448397 0.005)
(0.015333333 0.00448397 0.005)
(0.021466667 0.00448397 0.005)
(0.0276 0.00448397 0.005)
(0.033733333 0.00448397 0.005)
(0.039866667 0.00448397 0.005)
(0.046 0.00448397 0.005)
(0.052133333 0.00448397 0.005)
(0.058266667 0.00448397 0.005)
(0.0644 0.00448397 0.005)
(0.070533333 0.00448397 0.005)
(0.076666667 0.00448397 0.005)
(0.0828 0.00448397 0.005)
(0.088933333 0.00448397 0.005)
(0.095066667 0.00448397 0.005)
(0.1012 0.00448397 0.005)
(0.10733333 0.00448397 0.005)
(0.11346667 0.00448397 0.005)
(0.1196 0.00448397 0.005)
(0.12573333 0.00448397 0.005)
(0.13186667 0.00448397 0.005)
(0.138 0.00448397 0.005)
(0.14413333 0.00448397 0.005)
(0.15026667 0.00448397 0.005)
(0.1564 0.00448397 0.005)
(0.16253333 0.00448397 0.005)
(0.16866667 0.00448397 0.005)
(0.1748 0.00448397 0.005)
(0.18093333 0.00448397 0.005)
(0.18706667 0.00448397 0.005)
(0.1932 0.00448397 0.005)
(0.19933333 0.00448397 0.005)
(0.20546667 0.00448397 0.005)
(0.2116 0.00448397 0.005)
(0.21773333 0.00448397 0.005)
(0.22386667 0.00448397 0.005)
(0.23 0.00448397 0.005)
(0.23613333 0.00448397 0.005)
(0.24226667 0.00448397 0.005)
(0.2484 0.00448397 0.005)
(0.25453333 0.00448397 0.005)
(0.26066667 0.00448397 0.005)
(0.2668 0.00448397 0.005)
(0.27293333 0.00448397 0.005)
(0.27906667 0.00448397 0.005)
(0.2852 0.00448397 0.005)
(0.29133333 0.00448397 0.005)
(0.29746667 0.00448397 0.005)
(0.3036 0.00448397 0.005)
(0.30973333 0.00448397 0.005)
(0.31586667 0.00448397 0.005)
(0.322 0.00448397 0.005)
(0.32813333 0.00448397 0.005)
(0.33426667 0.00448397 0.005)
(0.3404 0.00448397 0.005)
(0.34653333 0.00448397 0.005)
(0.35266667 0.00448397 0.005)
(0.3588 0.00448397 0.005)
(0.36493333 0.00448397 0.005)
(0.37106667 0.00448397 0.005)
(0.3772 0.00448397 0.005)
(0.38333333 0.00448397 0.005)
(0.38946667 0.00448397 0.005)
(0.3956 0.00448397 0.005)
(0.40173333 0.00448397 0.005)
(0.40786667 0.00448397 0.005)
(0.414 0.00448397 0.005)
(0.42013333 0.00448397 0.005)
(0.42626667 0.00448397 0.005)
(0.4324 0.00448397 0.005)
(0.43853333 0.00448397 0.005)
(0.44466667 0.00448397 0.005)
(0.4508 0.00448397 0.005)
(0.45693333 0.00448397 0.005)
(0.46306667 0.00448397 0.005)
(0.4692 0.00448397 0.005)
(0.47533333 0.00448397 0.005)
(0.48146667 0.00448397 0.005)
(0.4876 0.00448397 0.005)
(0.49373333 0.00448397 0.005)
(0.49986667 0.00448397 0.005)
(0.506 0.00448397 0.005)
(0.51213333 0.00448397 0.005)
(0.51826667 0.00448397 0.005)
(0.5244 0.00448397 0.005)
(0.53053333 0.00448397 0.005)
(0.53666667 0.00448397 0.005)
(0.5428 0.00448397 0.005)
(0.54893333 0.00448397 0.005)
(0.55506667 0.00448397 0.005)
(0.5612 0.00448397 0.005)
(0.56733333 0.00448397 0.005)
(0.57346667 0.00448397 0.005)
(0.5796 0.00448397 0.005)
(0.58573333 0.00448397 0.005)
(0.59186667 0.00448397 0.005)
(0.598 0.00448397 0.005)
(0.60413333 0.00448397 0.005)
(0.61026667 0.00448397 0.005)
(0.6164 0.00448397 0.005)
(0.62253333 0.00448397 0.005)
(0.62866667 0.00448397 0.005)
(0.6348 0.00448397 0.005)
(0.64093333 0.00448397 0.005)
(0.64706667 0.00448397 0.005)
(0.6532 0.00448397 0.005)
(0.65933333 0.00448397 0.005)
(0.66546667 0.00448397 0.005)
(0.6716 0.00448397 0.005)
(0.67773333 0.00448397 0.005)
(0.68386667 0.00448397 0.005)
(0.69 0.00448397 0.005)
(0.69613333 0.00448397 0.005)
(0.70226667 0.00448397 0.005)
(0.7084 0.00448397 0.005)
(0.71453333 0.00448397 0.005)
(0.72066667 0.00448397 0.005)
(0.7268 0.00448397 0.005)
(0.73293333 0.00448397 0.005)
(0.73906667 0.00448397 0.005)
(0.7452 0.00448397 0.005)
(0.75133333 0.00448397 0.005)
(0.75746667 0.00448397 0.005)
(0.7636 0.00448397 0.005)
(0.76973333 0.00448397 0.005)
(0.77586667 0.00448397 0.005)
(0.782 0.00448397 0.005)
(0.78813333 0.00448397 0.005)
(0.79426667 0.00448397 0.005)
(0.8004 0.00448397 0.005)
(0.80653333 0.00448397 0.005)
(0.81266667 0.00448397 0.005)
(0.8188 0.00448397 0.005)
(0.82493333 0.00448397 0.005)
(0.83106667 0.00448397 0.005)
(0.8372 0.00448397 0.005)
(0.84333333 0.00448397 0.005)
(0.84946667 0.00448397 0.005)
(0.8556 0.00448397 0.005)
(0.86173333 0.00448397 0.005)
(0.86786667 0.00448397 0.005)
(0.874 0.00448397 0.005)
(0.88013333 0.00448397 0.005)
(0.88626667 0.00448397 0.005)
(0.8924 0.00448397 0.005)
(0.89853333 0.00448397 0.005)
(0.90466667 0.00448397 0.005)
(0.9108 0.00448397 0.005)
(0.91693333 0.00448397 0.005)
(0.0030666667 0.0050823919 0.005)
(0.0092 0.0050823919 0.005)
(0.015333333 0.0050823919 0.005)
(0.021466667 0.0050823919 0.005)
(0.0276 0.0050823919 0.005)
(0.033733333 0.0050823919 0.005)
(0.039866667 0.0050823919 0.005)
(0.046 0.0050823919 0.005)
(0.052133333 0.0050823919 0.005)
(0.058266667 0.0050823919 0.005)
(0.0644 0.0050823919 0.005)
(0.070533333 0.0050823919 0.005)
(0.076666667 0.0050823919 0.005)
(0.0828 0.0050823919 0.005)
(0.088933333 0.0050823919 0.005)
(0.095066667 0.0050823919 0.005)
(0.1012 0.0050823919 0.005)
(0.10733333 0.0050823919 0.005)
(0.11346667 0.0050823919 0.005)
(0.1196 0.0050823919 0.005)
(0.12573333 0.0050823919 0.005)
(0.13186667 0.0050823919 0.005)
(0.138 0.0050823919 0.005)
(0.14413333 0.0050823919 0.005)
(0.15026667 0.0050823919 0.005)
(0.1564 0.0050823919 0.005)
(0.16253333 0.0050823919 0.005)
(0.16866667 0.0050823919 0.005)
(0.1748 0.0050823919 0.005)
(0.18093333 0.0050823919 0.005)
(0.18706667 0.0050823919 0.005)
(0.1932 0.0050823919 0.005)
(0.19933333 0.0050823919 0.005)
(0.20546667 0.0050823919 0.005)
(0.2116 0.0050823919 0.005)
(0.21773333 0.0050823919 0.005)
(0.22386667 0.0050823919 0.005)
(0.23 0.0050823919 0.005)
(0.23613333 0.0050823919 0.005)
(0.24226667 0.0050823919 0.005)
(0.2484 0.0050823919 0.005)
(0.25453333 0.0050823919 0.005)
(0.26066667 0.0050823919 0.005)
(0.2668 0.0050823919 0.005)
(0.27293333 0.0050823919 0.005)
(0.27906667 0.0050823919 0.005)
(0.2852 0.0050823919 0.005)
(0.29133333 0.0050823919 0.005)
(0.29746667 0.0050823919 0.005)
(0.3036 0.0050823919 0.005)
(0.30973333 0.0050823919 0.005)
(0.31586667 0.0050823919 0.005)
(0.322 0.0050823919 0.005)
(0.32813333 0.0050823919 0.005)
(0.33426667 0.0050823919 0.005)
(0.3404 0.0050823919 0.005)
(0.34653333 0.0050823919 0.005)
(0.35266667 0.0050823919 0.005)
(0.3588 0.0050823919 0.005)
(0.36493333 0.0050823919 0.005)
(0.37106667 0.0050823919 0.005)
(0.3772 0.0050823919 0.005)
(0.38333333 0.0050823919 0.005)
(0.38946667 0.0050823919 0.005)
(0.3956 0.0050823919 0.005)
(0.40173333 0.0050823919 0.005)
(0.40786667 0.0050823919 0.005)
(0.414 0.0050823919 0.005)
(0.42013333 0.0050823919 0.005)
(0.42626667 0.0050823919 0.005)
(0.4324 0.0050823919 0.005)
(0.43853333 0.0050823919 0.005)
(0.44466667 0.0050823919 0.005)
(0.4508 0.0050823919 0.005)
(0.45693333 0.0050823919 0.005)
(0.46306667 0.0050823919 0.005)
(0.4692 0.0050823919 0.005)
(0.47533333 0.0050823919 0.005)
(0.48146667 0.0050823919 0.005)
(0.4876 0.0050823919 0.005)
(0.49373333 0.0050823919 0.005)
(0.49986667 0.0050823919 0.005)
(0.506 0.0050823919 0.005)
(0.51213333 0.0050823919 0.005)
(0.51826667 0.0050823919 0.005)
(0.5244 0.0050823919 0.005)
(0.53053333 0.0050823919 0.005)
(0.53666667 0.0050823919 0.005)
(0.5428 0.0050823919 0.005)
(0.54893333 0.0050823919 0.005)
(0.55506667 0.0050823919 0.005)
(0.5612 0.0050823919 0.005)
(0.56733333 0.0050823919 0.005)
(0.57346667 0.0050823919 0.005)
(0.5796 0.0050823919 0.005)
(0.58573333 0.0050823919 0.005)
(0.59186667 0.0050823919 0.005)
(0.598 0.0050823919 0.005)
(0.60413333 0.0050823919 0.005)
(0.61026667 0.0050823919 0.005)
(0.6164 0.0050823919 0.005)
(0.62253333 0.0050823919 0.005)
(0.62866667 0.0050823919 0.005)
(0.6348 0.0050823919 0.005)
(0.64093333 0.0050823919 0.005)
(0.64706667 0.0050823919 0.005)
(0.6532 0.0050823919 0.005)
(0.65933333 0.0050823919 0.005)
(0.66546667 0.0050823919 0.005)
(0.6716 0.0050823919 0.005)
(0.67773333 0.0050823919 0.005)
(0.68386667 0.0050823919 0.005)
(0.69 0.0050823919 0.005)
(0.69613333 0.0050823919 0.005)
(0.70226667 0.0050823919 0.005)
(0.7084 0.0050823919 0.005)
(0.71453333 0.0050823919 0.005)
(0.72066667 0.0050823919 0.005)
(0.7268 0.0050823919 0.005)
(0.73293333 0.0050823919 0.005)
(0.73906667 0.0050823919 0.005)
(0.7452 0.0050823919 0.005)
(0.75133333 0.0050823919 0.005)
(0.75746667 0.0050823919 0.005)
(0.7636 0.0050823919 0.005)
(0.76973333 0.0050823919 0.005)
(0.77586667 0.0050823919 0.005)
(0.782 0.0050823919 0.005)
(0.78813333 0.0050823919 0.005)
(0.79426667 0.0050823919 0.005)
(0.8004 0.0050823919 0.005)
(0.80653333 0.0050823919 0.005)
(0.81266667 0.0050823919 0.005)
(0.8188 0.0050823919 0.005)
(0.82493333 0.0050823919 0.005)
(0.83106667 0.0050823919 0.005)
(0.8372 0.0050823919 0.005)
(0.84333333 0.0050823919 0.005)
(0.84946667 0.0050823919 0.005)
(0.8556 0.0050823919 0.005)
(0.86173333 0.0050823919 0.005)
(0.86786667 0.0050823919 0.005)
(0.874 0.0050823919 0.005)
(0.88013333 0.0050823919 0.005)
(0.88626667 0.0050823919 0.005)
(0.8924 0.0050823919 0.005)
(0.89853333 0.0050823919 0.005)
(0.90466667 0.0050823919 0.005)
(0.9108 0.0050823919 0.005)
(0.91693333 0.0050823919 0.005)
(0.0030666667 0.0057406429 0.005)
(0.0092 0.0057406429 0.005)
(0.015333333 0.0057406429 0.005)
(0.021466667 0.0057406429 0.005)
(0.0276 0.0057406429 0.005)
(0.033733333 0.0057406429 0.005)
(0.039866667 0.0057406429 0.005)
(0.046 0.0057406429 0.005)
(0.052133333 0.0057406429 0.005)
(0.058266667 0.0057406429 0.005)
(0.0644 0.0057406429 0.005)
(0.070533333 0.0057406429 0.005)
(0.076666667 0.0057406429 0.005)
(0.0828 0.0057406429 0.005)
(0.088933333 0.0057406429 0.005)
(0.095066667 0.0057406429 0.005)
(0.1012 0.0057406429 0.005)
(0.10733333 0.0057406429 0.005)
(0.11346667 0.0057406429 0.005)
(0.1196 0.0057406429 0.005)
(0.12573333 0.0057406429 0.005)
(0.13186667 0.0057406429 0.005)
(0.138 0.0057406429 0.005)
(0.14413333 0.0057406429 0.005)
(0.15026667 0.0057406429 0.005)
(0.1564 0.0057406429 0.005)
(0.16253333 0.0057406429 0.005)
(0.16866667 0.0057406429 0.005)
(0.1748 0.0057406429 0.005)
(0.18093333 0.0057406429 0.005)
(0.18706667 0.0057406429 0.005)
(0.1932 0.0057406429 0.005)
(0.19933333 0.0057406429 0.005)
(0.20546667 0.0057406429 0.005)
(0.2116 0.0057406429 0.005)
(0.21773333 0.0057406429 0.005)
(0.22386667 0.0057406429 0.005)
(0.23 0.0057406429 0.005)
(0.23613333 0.0057406429 0.005)
(0.24226667 0.0057406429 0.005)
(0.2484 0.0057406429 0.005)
(0.25453333 0.0057406429 0.005)
(0.26066667 0.0057406429 0.005)
(0.2668 0.0057406429 0.005)
(0.27293333 0.0057406429 0.005)
(0.27906667 0.0057406429 0.005)
(0.2852 0.0057406429 0.005)
(0.29133333 0.0057406429 0.005)
(0.29746667 0.0057406429 0.005)
(0.3036 0.0057406429 0.005)
(0.30973333 0.0057406429 0.005)
(0.31586667 0.0057406429 0.005)
(0.322 0.0057406429 0.005)
(0.32813333 0.0057406429 0.005)
(0.33426667 0.0057406429 0.005)
(0.3404 0.0057406429 0.005)
(0.34653333 0.0057406429 0.005)
(0.35266667 0.0057406429 0.005)
(0.3588 0.0057406429 0.005)
(0.36493333 0.0057406429 0.005)
(0.37106667 0.0057406429 0.005)
(0.3772 0.0057406429 0.005)
(0.38333333 0.0057406429 0.005)
(0.38946667 0.0057406429 0.005)
(0.3956 0.0057406429 0.005)
(0.40173333 0.0057406429 0.005)
(0.40786667 0.0057406429 0.005)
(0.414 0.0057406429 0.005)
(0.42013333 0.0057406429 0.005)
(0.42626667 0.0057406429 0.005)
(0.4324 0.0057406429 0.005)
(0.43853333 0.0057406429 0.005)
(0.44466667 0.0057406429 0.005)
(0.4508 0.0057406429 0.005)
(0.45693333 0.0057406429 0.005)
(0.46306667 0.0057406429 0.005)
(0.4692 0.0057406429 0.005)
(0.47533333 0.0057406429 0.005)
(0.48146667 0.0057406429 0.005)
(0.4876 0.0057406429 0.005)
(0.49373333 0.0057406429 0.005)
(0.49986667 0.0057406429 0.005)
(0.506 0.0057406429 0.005)
(0.51213333 0.0057406429 0.005)
(0.51826667 0.0057406429 0.005)
(0.5244 0.0057406429 0.005)
(0.53053333 0.0057406429 0.005)
(0.53666667 0.0057406429 0.005)
(0.5428 0.0057406429 0.005)
(0.54893333 0.0057406429 0.005)
(0.55506667 0.0057406429 0.005)
(0.5612 0.0057406429 0.005)
(0.56733333 0.0057406429 0.005)
(0.57346667 0.0057406429 0.005)
(0.5796 0.0057406429 0.005)
(0.58573333 0.0057406429 0.005)
(0.59186667 0.0057406429 0.005)
(0.598 0.0057406429 0.005)
(0.60413333 0.0057406429 0.005)
(0.61026667 0.0057406429 0.005)
(0.6164 0.0057406429 0.005)
(0.62253333 0.0057406429 0.005)
(0.62866667 0.0057406429 0.005)
(0.6348 0.0057406429 0.005)
(0.64093333 0.0057406429 0.005)
(0.64706667 0.0057406429 0.005)
(0.6532 0.0057406429 0.005)
(0.65933333 0.0057406429 0.005)
(0.66546667 0.0057406429 0.005)
(0.6716 0.0057406429 0.005)
(0.67773333 0.0057406429 0.005)
(0.68386667 0.0057406429 0.005)
(0.69 0.0057406429 0.005)
(0.69613333 0.0057406429 0.005)
(0.70226667 0.0057406429 0.005)
(0.7084 0.0057406429 0.005)
(0.71453333 0.0057406429 0.005)
(0.72066667 0.0057406429 0.005)
(0.7268 0.0057406429 0.005)
(0.73293333 0.0057406429 0.005)
(0.73906667 0.0057406429 0.005)
(0.7452 0.0057406429 0.005)
(0.75133333 0.0057406429 0.005)
(0.75746667 0.0057406429 0.005)
(0.7636 0.0057406429 0.005)
(0.76973333 0.0057406429 0.005)
(0.77586667 0.0057406429 0.005)
(0.782 0.0057406429 0.005)
(0.78813333 0.0057406429 0.005)
(0.79426667 0.0057406429 0.005)
(0.8004 0.0057406429 0.005)
(0.80653333 0.0057406429 0.005)
(0.81266667 0.0057406429 0.005)
(0.8188 0.0057406429 0.005)
(0.82493333 0.0057406429 0.005)
(0.83106667 0.0057406429 0.005)
(0.8372 0.0057406429 0.005)
(0.84333333 0.0057406429 0.005)
(0.84946667 0.0057406429 0.005)
(0.8556 0.0057406429 0.005)
(0.86173333 0.0057406429 0.005)
(0.86786667 0.0057406429 0.005)
(0.874 0.0057406429 0.005)
(0.88013333 0.0057406429 0.005)
(0.88626667 0.0057406429 0.005)
(0.8924 0.0057406429 0.005)
(0.89853333 0.0057406429 0.005)
(0.90466667 0.0057406429 0.005)
(0.9108 0.0057406429 0.005)
(0.91693333 0.0057406429 0.005)
(0.0030666667 0.0064647048 0.005)
(0.0092 0.0064647048 0.005)
(0.015333333 0.0064647048 0.005)
(0.021466667 0.0064647048 0.005)
(0.0276 0.0064647048 0.005)
(0.033733333 0.0064647048 0.005)
(0.039866667 0.0064647048 0.005)
(0.046 0.0064647048 0.005)
(0.052133333 0.0064647048 0.005)
(0.058266667 0.0064647048 0.005)
(0.0644 0.0064647048 0.005)
(0.070533333 0.0064647048 0.005)
(0.076666667 0.0064647048 0.005)
(0.0828 0.0064647048 0.005)
(0.088933333 0.0064647048 0.005)
(0.095066667 0.0064647048 0.005)
(0.1012 0.0064647048 0.005)
(0.10733333 0.0064647048 0.005)
(0.11346667 0.0064647048 0.005)
(0.1196 0.0064647048 0.005)
(0.12573333 0.0064647048 0.005)
(0.13186667 0.0064647048 0.005)
(0.138 0.0064647048 0.005)
(0.14413333 0.0064647048 0.005)
(0.15026667 0.0064647048 0.005)
(0.1564 0.0064647048 0.005)
(0.16253333 0.0064647048 0.005)
(0.16866667 0.0064647048 0.005)
(0.1748 0.0064647048 0.005)
(0.18093333 0.0064647048 0.005)
(0.18706667 0.0064647048 0.005)
(0.1932 0.0064647048 0.005)
(0.19933333 0.0064647048 0.005)
(0.20546667 0.0064647048 0.005)
(0.2116 0.0064647048 0.005)
(0.21773333 0.0064647048 0.005)
(0.22386667 0.0064647048 0.005)
(0.23 0.0064647048 0.005)
(0.23613333 0.0064647048 0.005)
(0.24226667 0.0064647048 0.005)
(0.2484 0.0064647048 0.005)
(0.25453333 0.0064647048 0.005)
(0.26066667 0.0064647048 0.005)
(0.2668 0.0064647048 0.005)
(0.27293333 0.0064647048 0.005)
(0.27906667 0.0064647048 0.005)
(0.2852 0.0064647048 0.005)
(0.29133333 0.0064647048 0.005)
(0.29746667 0.0064647048 0.005)
(0.3036 0.0064647048 0.005)
(0.30973333 0.0064647048 0.005)
(0.31586667 0.0064647048 0.005)
(0.322 0.0064647048 0.005)
(0.32813333 0.0064647048 0.005)
(0.33426667 0.0064647048 0.005)
(0.3404 0.0064647048 0.005)
(0.34653333 0.0064647048 0.005)
(0.35266667 0.0064647048 0.005)
(0.3588 0.0064647048 0.005)
(0.36493333 0.0064647048 0.005)
(0.37106667 0.0064647048 0.005)
(0.3772 0.0064647048 0.005)
(0.38333333 0.0064647048 0.005)
(0.38946667 0.0064647048 0.005)
(0.3956 0.0064647048 0.005)
(0.40173333 0.0064647048 0.005)
(0.40786667 0.0064647048 0.005)
(0.414 0.0064647048 0.005)
(0.42013333 0.0064647048 0.005)
(0.42626667 0.0064647048 0.005)
(0.4324 0.0064647048 0.005)
(0.43853333 0.0064647048 0.005)
(0.44466667 0.0064647048 0.005)
(0.4508 0.0064647048 0.005)
(0.45693333 0.0064647048 0.005)
(0.46306667 0.0064647048 0.005)
(0.4692 0.0064647048 0.005)
(0.47533333 0.0064647048 0.005)
(0.48146667 0.0064647048 0.005)
(0.4876 0.0064647048 0.005)
(0.49373333 0.0064647048 0.005)
(0.49986667 0.0064647048 0.005)
(0.506 0.0064647048 0.005)
(0.51213333 0.0064647048 0.005)
(0.51826667 0.0064647048 0.005)
(0.5244 0.0064647048 0.005)
(0.53053333 0.0064647048 0.005)
(0.53666667 0.0064647048 0.005)
(0.5428 0.0064647048 0.005)
(0.54893333 0.0064647048 0.005)
(0.55506667 0.0064647048 0.005)
(0.5612 0.0064647048 0.005)
(0.56733333 0.0064647048 0.005)
(0.57346667 0.0064647048 0.005)
(0.5796 0.0064647048 0.005)
(0.58573333 0.0064647048 0.005)
(0.59186667 0.0064647048 0.005)
(0.598 0.0064647048 0.005)
(0.60413333 0.0064647048 0.005)
(0.61026667 0.0064647048 0.005)
(0.6164 0.0064647048 0.005)
(0.62253333 0.0064647048 0.005)
(0.62866667 0.0064647048 0.005)
(0.6348 0.0064647048 0.005)
(0.64093333 0.0064647048 0.005)
(0.64706667 0.0064647048 0.005)
(0.6532 0.0064647048 0.005)
(0.65933333 0.0064647048 0.005)
(0.66546667 0.0064647048 0.005)
(0.6716 0.0064647048 0.005)
(0.67773333 0.0064647048 0.005)
(0.68386667 0.0064647048 0.005)
(0.69 0.0064647048 0.005)
(0.69613333 0.0064647048 0.005)
(0.70226667 0.0064647048 0.005)
(0.7084 0.0064647048 0.005)
(0.71453333 0.0064647048 0.005)
(0.72066667 0.0064647048 0.005)
(0.7268 0.0064647048 0.005)
(0.73293333 0.0064647048 0.005)
(0.73906667 0.0064647048 0.005)
(0.7452 0.0064647048 0.005)
(0.75133333 0.0064647048 0.005)
(0.75746667 0.0064647048 0.005)
(0.7636 0.0064647048 0.005)
(0.76973333 0.0064647048 0.005)
(0.77586667 0.0064647048 0.005)
(0.782 0.0064647048 0.005)
(0.78813333 0.0064647048 0.005)
(0.79426667 0.0064647048 0.005)
(0.8004 0.0064647048 0.005)
(0.80653333 0.0064647048 0.005)
(0.81266667 0.0064647048 0.005)
(0.8188 0.0064647048 0.005)
(0.82493333 0.0064647048 0.005)
(0.83106667 0.0064647048 0.005)
(0.8372 0.0064647048 0.005)
(0.84333333 0.0064647048 0.005)
(0.84946667 0.0064647048 0.005)
(0.8556 0.0064647048 0.005)
(0.86173333 0.0064647048 0.005)
(0.86786667 0.0064647048 0.005)
(0.874 0.0064647048 0.005)
(0.88013333 0.0064647048 0.005)
(0.88626667 0.0064647048 0.005)
(0.8924 0.0064647048 0.005)
(0.89853333 0.0064647048 0.005)
(0.90466667 0.0064647048 0.005)
(0.9108 0.0064647048 0.005)
(0.91693333 0.0064647048 0.005)
(0.0030666667 0.0072611572 0.005)
(0.0092 0.0072611572 0.005)
(0.015333333 0.0072611572 0.005)
(0.021466667 0.0072611572 0.005)
(0.0276 0.0072611572 0.005)
(0.033733333 0.0072611572 0.005)
(0.039866667 0.0072611572 0.005)
(0.046 0.0072611572 0.005)
(0.052133333 0.0072611572 0.005)
(0.058266667 0.0072611572 0.005)
(0.0644 0.0072611572 0.005)
(0.070533333 0.0072611572 0.005)
(0.076666667 0.0072611572 0.005)
(0.0828 0.0072611572 0.005)
(0.088933333 0.0072611572 0.005)
(0.095066667 0.0072611572 0.005)
(0.1012 0.0072611572 0.005)
(0.10733333 0.0072611572 0.005)
(0.11346667 0.0072611572 0.005)
(0.1196 0.0072611572 0.005)
(0.12573333 0.0072611572 0.005)
(0.13186667 0.0072611572 0.005)
(0.138 0.0072611572 0.005)
(0.14413333 0.0072611572 0.005)
(0.15026667 0.0072611572 0.005)
(0.1564 0.0072611572 0.005)
(0.16253333 0.0072611572 0.005)
(0.16866667 0.0072611572 0.005)
(0.1748 0.0072611572 0.005)
(0.18093333 0.0072611572 0.005)
(0.18706667 0.0072611572 0.005)
(0.1932 0.0072611572 0.005)
(0.19933333 0.0072611572 0.005)
(0.20546667 0.0072611572 0.005)
(0.2116 0.0072611572 0.005)
(0.21773333 0.0072611572 0.005)
(0.22386667 0.0072611572 0.005)
(0.23 0.0072611572 0.005)
(0.23613333 0.0072611572 0.005)
(0.24226667 0.0072611572 0.005)
(0.2484 0.0072611572 0.005)
(0.25453333 0.0072611572 0.005)
(0.26066667 0.0072611572 0.005)
(0.2668 0.0072611572 0.005)
(0.27293333 0.0072611572 0.005)
(0.27906667 0.0072611572 0.005)
(0.2852 0.0072611572 0.005)
(0.29133333 0.0072611572 0.005)
(0.29746667 0.0072611572 0.005)
(0.3036 0.0072611572 0.005)
(0.30973333 0.0072611572 0.005)
(0.31586667 0.0072611572 0.005)
(0.322 0.0072611572 0.005)
(0.32813333 0.0072611572 0.005)
(0.33426667 0.0072611572 0.005)
(0.3404 0.0072611572 0.005)
(0.34653333 0.0072611572 0.005)
(0.35266667 0.0072611572 0.005)
(0.3588 0.0072611572 0.005)
(0.36493333 0.0072611572 0.005)
(0.37106667 0.0072611572 0.005)
(0.3772 0.0072611572 0.005)
(0.38333333 0.0072611572 0.005)
(0.38946667 0.0072611572 0.005)
(0.3956 0.0072611572 0.005)
(0.40173333 0.0072611572 0.005)
(0.40786667 0.0072611572 0.005)
(0.414 0.0072611572 0.005)
(0.42013333 0.0072611572 0.005)
(0.42626667 0.0072611572 0.005)
(0.4324 0.0072611572 0.005)
(0.43853333 0.0072611572 0.005)
(0.44466667 0.0072611572 0.005)
(0.4508 0.0072611572 0.005)
(0.45693333 0.0072611572 0.005)
(0.46306667 0.0072611572 0.005)
(0.4692 0.0072611572 0.005)
(0.47533333 0.0072611572 0.005)
(0.48146667 0.0072611572 0.005)
(0.4876 0.0072611572 0.005)
(0.49373333 0.0072611572 0.005)
(0.49986667 0.0072611572 0.005)
(0.506 0.0072611572 0.005)
(0.51213333 0.0072611572 0.005)
(0.51826667 0.0072611572 0.005)
(0.5244 0.0072611572 0.005)
(0.53053333 0.0072611572 0.005)
(0.53666667 0.0072611572 0.005)
(0.5428 0.0072611572 0.005)
(0.54893333 0.0072611572 0.005)
(0.55506667 0.0072611572 0.005)
(0.5612 0.0072611572 0.005)
(0.56733333 0.0072611572 0.005)
(0.57346667 0.0072611572 0.005)
(0.5796 0.0072611572 0.005)
(0.58573333 0.0072611572 0.005)
(0.59186667 0.0072611572 0.005)
(0.598 0.0072611572 0.005)
(0.60413333 0.0072611572 0.005)
(0.61026667 0.0072611572 0.005)
(0.6164 0.0072611572 0.005)
(0.62253333 0.0072611572 0.005)
(0.62866667 0.0072611572 0.005)
(0.6348 0.0072611572 0.005)
(0.64093333 0.0072611572 0.005)
(0.64706667 0.0072611572 0.005)
(0.6532 0.0072611572 0.005)
(0.65933333 0.0072611572 0.005)
(0.66546667 0.0072611572 0.005)
(0.6716 0.0072611572 0.005)
(0.67773333 0.0072611572 0.005)
(0.68386667 0.0072611572 0.005)
(0.69 0.0072611572 0.005)
(0.69613333 0.0072611572 0.005)
(0.70226667 0.0072611572 0.005)
(0.7084 0.0072611572 0.005)
(0.71453333 0.0072611572 0.005)
(0.72066667 0.0072611572 0.005)
(0.7268 0.0072611572 0.005)
(0.73293333 0.0072611572 0.005)
(0.73906667 0.0072611572 0.005)
(0.7452 0.0072611572 0.005)
(0.75133333 0.0072611572 0.005)
(0.75746667 0.0072611572 0.005)
(0.7636 0.0072611572 0.005)
(0.76973333 0.0072611572 0.005)
(0.77586667 0.0072611572 0.005)
(0.782 0.0072611572 0.005)
(0.78813333 0.0072611572 0.005)
(0.79426667 0.0072611572 0.005)
(0.8004 0.0072611572 0.005)
(0.80653333 0.0072611572 0.005)
(0.81266667 0.0072611572 0.005)
(0.8188 0.0072611572 0.005)
(0.82493333 0.0072611572 0.005)
(0.83106667 0.0072611572 0.005)
(0.8372 0.0072611572 0.005)
(0.84333333 0.0072611572 0.005)
(0.84946667 0.0072611572 0.005)
(0.8556 0.0072611572 0.005)
(0.86173333 0.0072611572 0.005)
(0.86786667 0.0072611572 0.005)
(0.874 0.0072611572 0.005)
(0.88013333 0.0072611572 0.005)
(0.88626667 0.0072611572 0.005)
(0.8924 0.0072611572 0.005)
(0.89853333 0.0072611572 0.005)
(0.90466667 0.0072611572 0.005)
(0.9108 0.0072611572 0.005)
(0.91693333 0.0072611572 0.005)
(0.0030666667 0.0081372375 0.005)
(0.0092 0.0081372375 0.005)
(0.015333333 0.0081372375 0.005)
(0.021466667 0.0081372375 0.005)
(0.0276 0.0081372375 0.005)
(0.033733333 0.0081372375 0.005)
(0.039866667 0.0081372375 0.005)
(0.046 0.0081372375 0.005)
(0.052133333 0.0081372375 0.005)
(0.058266667 0.0081372375 0.005)
(0.0644 0.0081372375 0.005)
(0.070533333 0.0081372375 0.005)
(0.076666667 0.0081372375 0.005)
(0.0828 0.0081372375 0.005)
(0.088933333 0.0081372375 0.005)
(0.095066667 0.0081372375 0.005)
(0.1012 0.0081372375 0.005)
(0.10733333 0.0081372375 0.005)
(0.11346667 0.0081372375 0.005)
(0.1196 0.0081372375 0.005)
(0.12573333 0.0081372375 0.005)
(0.13186667 0.0081372375 0.005)
(0.138 0.0081372375 0.005)
(0.14413333 0.0081372375 0.005)
(0.15026667 0.0081372375 0.005)
(0.1564 0.0081372375 0.005)
(0.16253333 0.0081372375 0.005)
(0.16866667 0.0081372375 0.005)
(0.1748 0.0081372375 0.005)
(0.18093333 0.0081372375 0.005)
(0.18706667 0.0081372375 0.005)
(0.1932 0.0081372375 0.005)
(0.19933333 0.0081372375 0.005)
(0.20546667 0.0081372375 0.005)
(0.2116 0.0081372375 0.005)
(0.21773333 0.0081372375 0.005)
(0.22386667 0.0081372375 0.005)
(0.23 0.0081372375 0.005)
(0.23613333 0.0081372375 0.005)
(0.24226667 0.0081372375 0.005)
(0.2484 0.0081372375 0.005)
(0.25453333 0.0081372375 0.005)
(0.26066667 0.0081372375 0.005)
(0.2668 0.0081372375 0.005)
(0.27293333 0.0081372375 0.005)
(0.27906667 0.0081372375 0.005)
(0.2852 0.0081372375 0.005)
(0.29133333 0.0081372375 0.005)
(0.29746667 0.0081372375 0.005)
(0.3036 0.0081372375 0.005)
(0.30973333 0.0081372375 0.005)
(0.31586667 0.0081372375 0.005)
(0.322 0.0081372375 0.005)
(0.32813333 0.0081372375 0.005)
(0.33426667 0.0081372375 0.005)
(0.3404 0.0081372375 0.005)
(0.34653333 0.0081372375 0.005)
(0.35266667 0.0081372375 0.005)
(0.3588 0.0081372375 0.005)
(0.36493333 0.0081372375 0.005)
(0.37106667 0.0081372375 0.005)
(0.3772 0.0081372375 0.005)
(0.38333333 0.0081372375 0.005)
(0.38946667 0.0081372375 0.005)
(0.3956 0.0081372375 0.005)
(0.40173333 0.0081372375 0.005)
(0.40786667 0.0081372375 0.005)
(0.414 0.0081372375 0.005)
(0.42013333 0.0081372375 0.005)
(0.42626667 0.0081372375 0.005)
(0.4324 0.0081372375 0.005)
(0.43853333 0.0081372375 0.005)
(0.44466667 0.0081372375 0.005)
(0.4508 0.0081372375 0.005)
(0.45693333 0.0081372375 0.005)
(0.46306667 0.0081372375 0.005)
(0.4692 0.0081372375 0.005)
(0.47533333 0.0081372375 0.005)
(0.48146667 0.0081372375 0.005)
(0.4876 0.0081372375 0.005)
(0.49373333 0.0081372375 0.005)
(0.49986667 0.0081372375 0.005)
(0.506 0.0081372375 0.005)
(0.51213333 0.0081372375 0.005)
(0.51826667 0.0081372375 0.005)
(0.5244 0.0081372375 0.005)
(0.53053333 0.0081372375 0.005)
(0.53666667 0.0081372375 0.005)
(0.5428 0.0081372375 0.005)
(0.54893333 0.0081372375 0.005)
(0.55506667 0.0081372375 0.005)
(0.5612 0.0081372375 0.005)
(0.56733333 0.0081372375 0.005)
(0.57346667 0.0081372375 0.005)
(0.5796 0.0081372375 0.005)
(0.58573333 0.0081372375 0.005)
(0.59186667 0.0081372375 0.005)
(0.598 0.0081372375 0.005)
(0.60413333 0.0081372375 0.005)
(0.61026667 0.0081372375 0.005)
(0.6164 0.0081372375 0.005)
(0.62253333 0.0081372375 0.005)
(0.62866667 0.0081372375 0.005)
(0.6348 0.0081372375 0.005)
(0.64093333 0.0081372375 0.005)
(0.64706667 0.0081372375 0.005)
(0.6532 0.0081372375 0.005)
(0.65933333 0.0081372375 0.005)
(0.66546667 0.0081372375 0.005)
(0.6716 0.0081372375 0.005)
(0.67773333 0.0081372375 0.005)
(0.68386667 0.0081372375 0.005)
(0.69 0.0081372375 0.005)
(0.69613333 0.0081372375 0.005)
(0.70226667 0.0081372375 0.005)
(0.7084 0.0081372375 0.005)
(0.71453333 0.0081372375 0.005)
(0.72066667 0.0081372375 0.005)
(0.7268 0.0081372375 0.005)
(0.73293333 0.0081372375 0.005)
(0.73906667 0.0081372375 0.005)
(0.7452 0.0081372375 0.005)
(0.75133333 0.0081372375 0.005)
(0.75746667 0.0081372375 0.005)
(0.7636 0.0081372375 0.005)
(0.76973333 0.0081372375 0.005)
(0.77586667 0.0081372375 0.005)
(0.782 0.0081372375 0.005)
(0.78813333 0.0081372375 0.005)
(0.79426667 0.0081372375 0.005)
(0.8004 0.0081372375 0.005)
(0.80653333 0.0081372375 0.005)
(0.81266667 0.0081372375 0.005)
(0.8188 0.0081372375 0.005)
(0.82493333 0.0081372375 0.005)
(0.83106667 0.0081372375 0.005)
(0.8372 0.0081372375 0.005)
(0.84333333 0.0081372375 0.005)
(0.84946667 0.0081372375 0.005)
(0.8556 0.0081372375 0.005)
(0.86173333 0.0081372375 0.005)
(0.86786667 0.0081372375 0.005)
(0.874 0.0081372375 0.005)
(0.88013333 0.0081372375 0.005)
(0.88626667 0.0081372375 0.005)
(0.8924 0.0081372375 0.005)
(0.89853333 0.0081372375 0.005)
(0.90466667 0.0081372375 0.005)
(0.9108 0.0081372375 0.005)
(0.91693333 0.0081372375 0.005)
(0.0030666667 0.0091009068 0.005)
(0.0092 0.0091009068 0.005)
(0.015333333 0.0091009068 0.005)
(0.021466667 0.0091009068 0.005)
(0.0276 0.0091009068 0.005)
(0.033733333 0.0091009068 0.005)
(0.039866667 0.0091009068 0.005)
(0.046 0.0091009068 0.005)
(0.052133333 0.0091009068 0.005)
(0.058266667 0.0091009068 0.005)
(0.0644 0.0091009068 0.005)
(0.070533333 0.0091009068 0.005)
(0.076666667 0.0091009068 0.005)
(0.0828 0.0091009068 0.005)
(0.088933333 0.0091009068 0.005)
(0.095066667 0.0091009068 0.005)
(0.1012 0.0091009068 0.005)
(0.10733333 0.0091009068 0.005)
(0.11346667 0.0091009068 0.005)
(0.1196 0.0091009068 0.005)
(0.12573333 0.0091009068 0.005)
(0.13186667 0.0091009068 0.005)
(0.138 0.0091009068 0.005)
(0.14413333 0.0091009068 0.005)
(0.15026667 0.0091009068 0.005)
(0.1564 0.0091009068 0.005)
(0.16253333 0.0091009068 0.005)
(0.16866667 0.0091009068 0.005)
(0.1748 0.0091009068 0.005)
(0.18093333 0.0091009068 0.005)
(0.18706667 0.0091009068 0.005)
(0.1932 0.0091009068 0.005)
(0.19933333 0.0091009068 0.005)
(0.20546667 0.0091009068 0.005)
(0.2116 0.0091009068 0.005)
(0.21773333 0.0091009068 0.005)
(0.22386667 0.0091009068 0.005)
(0.23 0.0091009068 0.005)
(0.23613333 0.0091009068 0.005)
(0.24226667 0.0091009068 0.005)
(0.2484 0.0091009068 0.005)
(0.25453333 0.0091009068 0.005)
(0.26066667 0.0091009068 0.005)
(0.2668 0.0091009068 0.005)
(0.27293333 0.0091009068 0.005)
(0.27906667 0.0091009068 0.005)
(0.2852 0.0091009068 0.005)
(0.29133333 0.0091009068 0.005)
(0.29746667 0.0091009068 0.005)
(0.3036 0.0091009068 0.005)
(0.30973333 0.0091009068 0.005)
(0.31586667 0.0091009068 0.005)
(0.322 0.0091009068 0.005)
(0.32813333 0.0091009068 0.005)
(0.33426667 0.0091009068 0.005)
(0.3404 0.0091009068 0.005)
(0.34653333 0.0091009068 0.005)
(0.35266667 0.0091009068 0.005)
(0.3588 0.0091009068 0.005)
(0.36493333 0.0091009068 0.005)
(0.37106667 0.0091009068 0.005)
(0.3772 0.0091009068 0.005)
(0.38333333 0.0091009068 0.005)
(0.38946667 0.0091009068 0.005)
(0.3956 0.0091009068 0.005)
(0.40173333 0.0091009068 0.005)
(0.40786667 0.0091009068 0.005)
(0.414 0.0091009068 0.005)
(0.42013333 0.0091009068 0.005)
(0.42626667 0.0091009068 0.005)
(0.4324 0.0091009068 0.005)
(0.43853333 0.0091009068 0.005)
(0.44466667 0.0091009068 0.005)
(0.4508 0.0091009068 0.005)
(0.45693333 0.0091009068 0.005)
(0.46306667 0.0091009068 0.005)
(0.4692 0.0091009068 0.005)
(0.47533333 0.0091009068 0.005)
(0.48146667 0.0091009068 0.005)
(0.4876 0.0091009068 0.005)
(0.49373333 0.0091009068 0.005)
(0.49986667 0.0091009068 0.005)
(0.506 0.0091009068 0.005)
(0.51213333 0.0091009068 0.005)
(0.51826667 0.0091009068 0.005)
(0.5244 0.0091009068 0.005)
(0.53053333 0.0091009068 0.005)
(0.53666667 0.0091009068 0.005)
(0.5428 0.0091009068 0.005)
(0.54893333 0.0091009068 0.005)
(0.55506667 0.0091009068 0.005)
(0.5612 0.0091009068 0.005)
(0.56733333 0.0091009068 0.005)
(0.57346667 0.0091009068 0.005)
(0.5796 0.0091009068 0.005)
(0.58573333 0.0091009068 0.005)
(0.59186667 0.0091009068 0.005)
(0.598 0.0091009068 0.005)
(0.60413333 0.0091009068 0.005)
(0.61026667 0.0091009068 0.005)
(0.6164 0.0091009068 0.005)
(0.62253333 0.0091009068 0.005)
(0.62866667 0.0091009068 0.005)
(0.6348 0.0091009068 0.005)
(0.64093333 0.0091009068 0.005)
(0.64706667 0.0091009068 0.005)
(0.6532 0.0091009068 0.005)
(0.65933333 0.0091009068 0.005)
(0.66546667 0.0091009068 0.005)
(0.6716 0.0091009068 0.005)
(0.67773333 0.0091009068 0.005)
(0.68386667 0.0091009068 0.005)
(0.69 0.0091009068 0.005)
(0.69613333 0.0091009068 0.005)
(0.70226667 0.0091009068 0.005)
(0.7084 0.0091009068 0.005)
(0.71453333 0.0091009068 0.005)
(0.72066667 0.0091009068 0.005)
(0.7268 0.0091009068 0.005)
(0.73293333 0.0091009068 0.005)
(0.73906667 0.0091009068 0.005)
(0.7452 0.0091009068 0.005)
(0.75133333 0.0091009068 0.005)
(0.75746667 0.0091009068 0.005)
(0.7636 0.0091009068 0.005)
(0.76973333 0.0091009068 0.005)
(0.77586667 0.0091009068 0.005)
(0.782 0.0091009068 0.005)
(0.78813333 0.0091009068 0.005)
(0.79426667 0.0091009068 0.005)
(0.8004 0.0091009068 0.005)
(0.80653333 0.0091009068 0.005)
(0.81266667 0.0091009068 0.005)
(0.8188 0.0091009068 0.005)
(0.82493333 0.0091009068 0.005)
(0.83106667 0.0091009068 0.005)
(0.8372 0.0091009068 0.005)
(0.84333333 0.0091009068 0.005)
(0.84946667 0.0091009068 0.005)
(0.8556 0.0091009068 0.005)
(0.86173333 0.0091009068 0.005)
(0.86786667 0.0091009068 0.005)
(0.874 0.0091009068 0.005)
(0.88013333 0.0091009068 0.005)
(0.88626667 0.0091009068 0.005)
(0.8924 0.0091009068 0.005)
(0.89853333 0.0091009068 0.005)
(0.90466667 0.0091009068 0.005)
(0.9108 0.0091009068 0.005)
(0.91693333 0.0091009068 0.005)
(0.0030666667 0.010160922 0.005)
(0.0092 0.010160922 0.005)
(0.015333333 0.010160922 0.005)
(0.021466667 0.010160922 0.005)
(0.0276 0.010160922 0.005)
(0.033733333 0.010160922 0.005)
(0.039866667 0.010160922 0.005)
(0.046 0.010160922 0.005)
(0.052133333 0.010160922 0.005)
(0.058266667 0.010160922 0.005)
(0.0644 0.010160922 0.005)
(0.070533333 0.010160922 0.005)
(0.076666667 0.010160922 0.005)
(0.0828 0.010160922 0.005)
(0.088933333 0.010160922 0.005)
(0.095066667 0.010160922 0.005)
(0.1012 0.010160922 0.005)
(0.10733333 0.010160922 0.005)
(0.11346667 0.010160922 0.005)
(0.1196 0.010160922 0.005)
(0.12573333 0.010160922 0.005)
(0.13186667 0.010160922 0.005)
(0.138 0.010160922 0.005)
(0.14413333 0.010160922 0.005)
(0.15026667 0.010160922 0.005)
(0.1564 0.010160922 0.005)
(0.16253333 0.010160922 0.005)
(0.16866667 0.010160922 0.005)
(0.1748 0.010160922 0.005)
(0.18093333 0.010160922 0.005)
(0.18706667 0.010160922 0.005)
(0.1932 0.010160922 0.005)
(0.19933333 0.010160922 0.005)
(0.20546667 0.010160922 0.005)
(0.2116 0.010160922 0.005)
(0.21773333 0.010160922 0.005)
(0.22386667 0.010160922 0.005)
(0.23 0.010160922 0.005)
(0.23613333 0.010160922 0.005)
(0.24226667 0.010160922 0.005)
(0.2484 0.010160922 0.005)
(0.25453333 0.010160922 0.005)
(0.26066667 0.010160922 0.005)
(0.2668 0.010160922 0.005)
(0.27293333 0.010160922 0.005)
(0.27906667 0.010160922 0.005)
(0.2852 0.010160922 0.005)
(0.29133333 0.010160922 0.005)
(0.29746667 0.010160922 0.005)
(0.3036 0.010160922 0.005)
(0.30973333 0.010160922 0.005)
(0.31586667 0.010160922 0.005)
(0.322 0.010160922 0.005)
(0.32813333 0.010160922 0.005)
(0.33426667 0.010160922 0.005)
(0.3404 0.010160922 0.005)
(0.34653333 0.010160922 0.005)
(0.35266667 0.010160922 0.005)
(0.3588 0.010160922 0.005)
(0.36493333 0.010160922 0.005)
(0.37106667 0.010160922 0.005)
(0.3772 0.010160922 0.005)
(0.38333333 0.010160922 0.005)
(0.38946667 0.010160922 0.005)
(0.3956 0.010160922 0.005)
(0.40173333 0.010160922 0.005)
(0.40786667 0.010160922 0.005)
(0.414 0.010160922 0.005)
(0.42013333 0.010160922 0.005)
(0.42626667 0.010160922 0.005)
(0.4324 0.010160922 0.005)
(0.43853333 0.010160922 0.005)
(0.44466667 0.010160922 0.005)
(0.4508 0.010160922 0.005)
(0.45693333 0.010160922 0.005)
(0.46306667 0.010160922 0.005)
(0.4692 0.010160922 0.005)
(0.47533333 0.010160922 0.005)
(0.48146667 0.010160922 0.005)
(0.4876 0.010160922 0.005)
(0.49373333 0.010160922 0.005)
(0.49986667 0.010160922 0.005)
(0.506 0.010160922 0.005)
(0.51213333 0.010160922 0.005)
(0.51826667 0.010160922 0.005)
(0.5244 0.010160922 0.005)
(0.53053333 0.010160922 0.005)
(0.53666667 0.010160922 0.005)
(0.5428 0.010160922 0.005)
(0.54893333 0.010160922 0.005)
(0.55506667 0.010160922 0.005)
(0.5612 0.010160922 0.005)
(0.56733333 0.010160922 0.005)
(0.57346667 0.010160922 0.005)
(0.5796 0.010160922 0.005)
(0.58573333 0.010160922 0.005)
(0.59186667 0.010160922 0.005)
(0.598 0.010160922 0.005)
(0.60413333 0.010160922 0.005)
(0.61026667 0.010160922 0.005)
(0.6164 0.010160922 0.005)
(0.62253333 0.010160922 0.005)
(0.62866667 0.010160922 0.005)
(0.6348 0.010160922 0.005)
(0.64093333 0.010160922 0.005)
(0.64706667 0.010160922 0.005)
(0.6532 0.010160922 0.005)
(0.65933333 0.010160922 0.005)
(0.66546667 0.010160922 0.005)
(0.6716 0.010160922 0.005)
(0.67773333 0.010160922 0.005)
(0.68386667 0.010160922 0.005)
(0.69 0.010160922 0.005)
(0.69613333 0.010160922 0.005)
(0.70226667 0.010160922 0.005)
(0.7084 0.010160922 0.005)
(0.71453333 0.010160922 0.005)
(0.72066667 0.010160922 0.005)
(0.7268 0.010160922 0.005)
(0.73293333 0.010160922 0.005)
(0.73906667 0.010160922 0.005)
(0.7452 0.010160922 0.005)
(0.75133333 0.010160922 0.005)
(0.75746667 0.010160922 0.005)
(0.7636 0.010160922 0.005)
(0.76973333 0.010160922 0.005)
(0.77586667 0.010160922 0.005)
(0.782 0.010160922 0.005)
(0.78813333 0.010160922 0.005)
(0.79426667 0.010160922 0.005)
(0.8004 0.010160922 0.005)
(0.80653333 0.010160922 0.005)
(0.81266667 0.010160922 0.005)
(0.8188 0.010160922 0.005)
(0.82493333 0.010160922 0.005)
(0.83106667 0.010160922 0.005)
(0.8372 0.010160922 0.005)
(0.84333333 0.010160922 0.005)
(0.84946667 0.010160922 0.005)
(0.8556 0.010160922 0.005)
(0.86173333 0.010160922 0.005)
(0.86786667 0.010160922 0.005)
(0.874 0.010160922 0.005)
(0.88013333 0.010160922 0.005)
(0.88626667 0.010160922 0.005)
(0.8924 0.010160922 0.005)
(0.89853333 0.010160922 0.005)
(0.90466667 0.010160922 0.005)
(0.9108 0.010160922 0.005)
(0.91693333 0.010160922 0.005)
(0.0030666667 0.011326916 0.005)
(0.0092 0.011326916 0.005)
(0.015333333 0.011326916 0.005)
(0.021466667 0.011326916 0.005)
(0.0276 0.011326916 0.005)
(0.033733333 0.011326916 0.005)
(0.039866667 0.011326916 0.005)
(0.046 0.011326916 0.005)
(0.052133333 0.011326916 0.005)
(0.058266667 0.011326916 0.005)
(0.0644 0.011326916 0.005)
(0.070533333 0.011326916 0.005)
(0.076666667 0.011326916 0.005)
(0.0828 0.011326916 0.005)
(0.088933333 0.011326916 0.005)
(0.095066667 0.011326916 0.005)
(0.1012 0.011326916 0.005)
(0.10733333 0.011326916 0.005)
(0.11346667 0.011326916 0.005)
(0.1196 0.011326916 0.005)
(0.12573333 0.011326916 0.005)
(0.13186667 0.011326916 0.005)
(0.138 0.011326916 0.005)
(0.14413333 0.011326916 0.005)
(0.15026667 0.011326916 0.005)
(0.1564 0.011326916 0.005)
(0.16253333 0.011326916 0.005)
(0.16866667 0.011326916 0.005)
(0.1748 0.011326916 0.005)
(0.18093333 0.011326916 0.005)
(0.18706667 0.011326916 0.005)
(0.1932 0.011326916 0.005)
(0.19933333 0.011326916 0.005)
(0.20546667 0.011326916 0.005)
(0.2116 0.011326916 0.005)
(0.21773333 0.011326916 0.005)
(0.22386667 0.011326916 0.005)
(0.23 0.011326916 0.005)
(0.23613333 0.011326916 0.005)
(0.24226667 0.011326916 0.005)
(0.2484 0.011326916 0.005)
(0.25453333 0.011326916 0.005)
(0.26066667 0.011326916 0.005)
(0.2668 0.011326916 0.005)
(0.27293333 0.011326916 0.005)
(0.27906667 0.011326916 0.005)
(0.2852 0.011326916 0.005)
(0.29133333 0.011326916 0.005)
(0.29746667 0.011326916 0.005)
(0.3036 0.011326916 0.005)
(0.30973333 0.011326916 0.005)
(0.31586667 0.011326916 0.005)
(0.322 0.011326916 0.005)
(0.32813333 0.011326916 0.005)
(0.33426667 0.011326916 0.005)
(0.3404 0.011326916 0.005)
(0.34653333 0.011326916 0.005)
(0.35266667 0.011326916 0.005)
(0.3588 0.011326916 0.005)
(0.36493333 0.011326916 0.005)
(0.37106667 0.011326916 0.005)
(0.3772 0.011326916 0.005)
(0.38333333 0.011326916 0.005)
(0.38946667 0.011326916 0.005)
(0.3956 0.011326916 0.005)
(0.40173333 0.011326916 0.005)
(0.40786667 0.011326916 0.005)
(0.414 0.011326916 0.005)
(0.42013333 0.011326916 0.005)
(0.42626667 0.011326916 0.005)
(0.4324 0.011326916 0.005)
(0.43853333 0.011326916 0.005)
(0.44466667 0.011326916 0.005)
(0.4508 0.011326916 0.005)
(0.45693333 0.011326916 0.005)
(0.46306667 0.011326916 0.005)
(0.4692 0.011326916 0.005)
(0.47533333 0.011326916 0.005)
(0.48146667 0.011326916 0.005)
(0.4876 0.011326916 0.005)
(0.49373333 0.011326916 0.005)
(0.49986667 0.011326916 0.005)
(0.506 0.011326916 0.005)
(0.51213333 0.011326916 0.005)
(0.51826667 0.011326916 0.005)
(0.5244 0.011326916 0.005)
(0.53053333 0.011326916 0.005)
(0.53666667 0.011326916 0.005)
(0.5428 0.011326916 0.005)
(0.54893333 0.011326916 0.005)
(0.55506667 0.011326916 0.005)
(0.5612 0.011326916 0.005)
(0.56733333 0.011326916 0.005)
(0.57346667 0.011326916 0.005)
(0.5796 0.011326916 0.005)
(0.58573333 0.011326916 0.005)
(0.59186667 0.011326916 0.005)
(0.598 0.011326916 0.005)
(0.60413333 0.011326916 0.005)
(0.61026667 0.011326916 0.005)
(0.6164 0.011326916 0.005)
(0.62253333 0.011326916 0.005)
(0.62866667 0.011326916 0.005)
(0.6348 0.011326916 0.005)
(0.64093333 0.011326916 0.005)
(0.64706667 0.011326916 0.005)
(0.6532 0.011326916 0.005)
(0.65933333 0.011326916 0.005)
(0.66546667 0.011326916 0.005)
(0.6716 0.011326916 0.005)
(0.67773333 0.011326916 0.005)
(0.68386667 0.011326916 0.005)
(0.69 0.011326916 0.005)
(0.69613333 0.011326916 0.005)
(0.70226667 0.011326916 0.005)
(0.7084 0.011326916 0.005)
(0.71453333 0.011326916 0.005)
(0.72066667 0.011326916 0.005)
(0.7268 0.011326916 0.005)
(0.73293333 0.011326916 0.005)
(0.73906667 0.011326916 0.005)
(0.7452 0.011326916 0.005)
(0.75133333 0.011326916 0.005)
(0.75746667 0.011326916 0.005)
(0.7636 0.011326916 0.005)
(0.76973333 0.011326916 0.005)
(0.77586667 0.011326916 0.005)
(0.782 0.011326916 0.005)
(0.78813333 0.011326916 0.005)
(0.79426667 0.011326916 0.005)
(0.8004 0.011326916 0.005)
(0.80653333 0.011326916 0.005)
(0.81266667 0.011326916 0.005)
(0.8188 0.011326916 0.005)
(0.82493333 0.011326916 0.005)
(0.83106667 0.011326916 0.005)
(0.8372 0.011326916 0.005)
(0.84333333 0.011326916 0.005)
(0.84946667 0.011326916 0.005)
(0.8556 0.011326916 0.005)
(0.86173333 0.011326916 0.005)
(0.86786667 0.011326916 0.005)
(0.874 0.011326916 0.005)
(0.88013333 0.011326916 0.005)
(0.88626667 0.011326916 0.005)
(0.8924 0.011326916 0.005)
(0.89853333 0.011326916 0.005)
(0.90466667 0.011326916 0.005)
(0.9108 0.011326916 0.005)
(0.91693333 0.011326916 0.005)
(0.0030666667 0.012609484 0.005)
(0.0092 0.012609484 0.005)
(0.015333333 0.012609484 0.005)
(0.021466667 0.012609484 0.005)
(0.0276 0.012609484 0.005)
(0.033733333 0.012609484 0.005)
(0.039866667 0.012609484 0.005)
(0.046 0.012609484 0.005)
(0.052133333 0.012609484 0.005)
(0.058266667 0.012609484 0.005)
(0.0644 0.012609484 0.005)
(0.070533333 0.012609484 0.005)
(0.076666667 0.012609484 0.005)
(0.0828 0.012609484 0.005)
(0.088933333 0.012609484 0.005)
(0.095066667 0.012609484 0.005)
(0.1012 0.012609484 0.005)
(0.10733333 0.012609484 0.005)
(0.11346667 0.012609484 0.005)
(0.1196 0.012609484 0.005)
(0.12573333 0.012609484 0.005)
(0.13186667 0.012609484 0.005)
(0.138 0.012609484 0.005)
(0.14413333 0.012609484 0.005)
(0.15026667 0.012609484 0.005)
(0.1564 0.012609484 0.005)
(0.16253333 0.012609484 0.005)
(0.16866667 0.012609484 0.005)
(0.1748 0.012609484 0.005)
(0.18093333 0.012609484 0.005)
(0.18706667 0.012609484 0.005)
(0.1932 0.012609484 0.005)
(0.19933333 0.012609484 0.005)
(0.20546667 0.012609484 0.005)
(0.2116 0.012609484 0.005)
(0.21773333 0.012609484 0.005)
(0.22386667 0.012609484 0.005)
(0.23 0.012609484 0.005)
(0.23613333 0.012609484 0.005)
(0.24226667 0.012609484 0.005)
(0.2484 0.012609484 0.005)
(0.25453333 0.012609484 0.005)
(0.26066667 0.012609484 0.005)
(0.2668 0.012609484 0.005)
(0.27293333 0.012609484 0.005)
(0.27906667 0.012609484 0.005)
(0.2852 0.012609484 0.005)
(0.29133333 0.012609484 0.005)
(0.29746667 0.012609484 0.005)
(0.3036 0.012609484 0.005)
(0.30973333 0.012609484 0.005)
(0.31586667 0.012609484 0.005)
(0.322 0.012609484 0.005)
(0.32813333 0.012609484 0.005)
(0.33426667 0.012609484 0.005)
(0.3404 0.012609484 0.005)
(0.34653333 0.012609484 0.005)
(0.35266667 0.012609484 0.005)
(0.3588 0.012609484 0.005)
(0.36493333 0.012609484 0.005)
(0.37106667 0.012609484 0.005)
(0.3772 0.012609484 0.005)
(0.38333333 0.012609484 0.005)
(0.38946667 0.012609484 0.005)
(0.3956 0.012609484 0.005)
(0.40173333 0.012609484 0.005)
(0.40786667 0.012609484 0.005)
(0.414 0.012609484 0.005)
(0.42013333 0.012609484 0.005)
(0.42626667 0.012609484 0.005)
(0.4324 0.012609484 0.005)
(0.43853333 0.012609484 0.005)
(0.44466667 0.012609484 0.005)
(0.4508 0.012609484 0.005)
(0.45693333 0.012609484 0.005)
(0.46306667 0.012609484 0.005)
(0.4692 0.012609484 0.005)
(0.47533333 0.012609484 0.005)
(0.48146667 0.012609484 0.005)
(0.4876 0.012609484 0.005)
(0.49373333 0.012609484 0.005)
(0.49986667 0.012609484 0.005)
(0.506 0.012609484 0.005)
(0.51213333 0.012609484 0.005)
(0.51826667 0.012609484 0.005)
(0.5244 0.012609484 0.005)
(0.53053333 0.012609484 0.005)
(0.53666667 0.012609484 0.005)
(0.5428 0.012609484 0.005)
(0.54893333 0.012609484 0.005)
(0.55506667 0.012609484 0.005)
(0.5612 0.012609484 0.005)
(0.56733333 0.012609484 0.005)
(0.57346667 0.012609484 0.005)
(0.5796 0.012609484 0.005)
(0.58573333 0.012609484 0.005)
(0.59186667 0.012609484 0.005)
(0.598 0.012609484 0.005)
(0.60413333 0.012609484 0.005)
(0.61026667 0.012609484 0.005)
(0.6164 0.012609484 0.005)
(0.62253333 0.012609484 0.005)
(0.62866667 0.012609484 0.005)
(0.6348 0.012609484 0.005)
(0.64093333 0.012609484 0.005)
(0.64706667 0.012609484 0.005)
(0.6532 0.012609484 0.005)
(0.65933333 0.012609484 0.005)
(0.66546667 0.012609484 0.005)
(0.6716 0.012609484 0.005)
(0.67773333 0.012609484 0.005)
(0.68386667 0.012609484 0.005)
(0.69 0.012609484 0.005)
(0.69613333 0.012609484 0.005)
(0.70226667 0.012609484 0.005)
(0.7084 0.012609484 0.005)
(0.71453333 0.012609484 0.005)
(0.72066667 0.012609484 0.005)
(0.7268 0.012609484 0.005)
(0.73293333 0.012609484 0.005)
(0.73906667 0.012609484 0.005)
(0.7452 0.012609484 0.005)
(0.75133333 0.012609484 0.005)
(0.75746667 0.012609484 0.005)
(0.7636 0.012609484 0.005)
(0.76973333 0.012609484 0.005)
(0.77586667 0.012609484 0.005)
(0.782 0.012609484 0.005)
(0.78813333 0.012609484 0.005)
(0.79426667 0.012609484 0.005)
(0.8004 0.012609484 0.005)
(0.80653333 0.012609484 0.005)
(0.81266667 0.012609484 0.005)
(0.8188 0.012609484 0.005)
(0.82493333 0.012609484 0.005)
(0.83106667 0.012609484 0.005)
(0.8372 0.012609484 0.005)
(0.84333333 0.012609484 0.005)
(0.84946667 0.012609484 0.005)
(0.8556 0.012609484 0.005)
(0.86173333 0.012609484 0.005)
(0.86786667 0.012609484 0.005)
(0.874 0.012609484 0.005)
(0.88013333 0.012609484 0.005)
(0.88626667 0.012609484 0.005)
(0.8924 0.012609484 0.005)
(0.89853333 0.012609484 0.005)
(0.90466667 0.012609484 0.005)
(0.9108 0.012609484 0.005)
(0.91693333 0.012609484 0.005)
(0.0030666667 0.014020281 0.005)
(0.0092 0.014020281 0.005)
(0.015333333 0.014020281 0.005)
(0.021466667 0.014020281 0.005)
(0.0276 0.014020281 0.005)
(0.033733333 0.014020281 0.005)
(0.039866667 0.014020281 0.005)
(0.046 0.014020281 0.005)
(0.052133333 0.014020281 0.005)
(0.058266667 0.014020281 0.005)
(0.0644 0.014020281 0.005)
(0.070533333 0.014020281 0.005)
(0.076666667 0.014020281 0.005)
(0.0828 0.014020281 0.005)
(0.088933333 0.014020281 0.005)
(0.095066667 0.014020281 0.005)
(0.1012 0.014020281 0.005)
(0.10733333 0.014020281 0.005)
(0.11346667 0.014020281 0.005)
(0.1196 0.014020281 0.005)
(0.12573333 0.014020281 0.005)
(0.13186667 0.014020281 0.005)
(0.138 0.014020281 0.005)
(0.14413333 0.014020281 0.005)
(0.15026667 0.014020281 0.005)
(0.1564 0.014020281 0.005)
(0.16253333 0.014020281 0.005)
(0.16866667 0.014020281 0.005)
(0.1748 0.014020281 0.005)
(0.18093333 0.014020281 0.005)
(0.18706667 0.014020281 0.005)
(0.1932 0.014020281 0.005)
(0.19933333 0.014020281 0.005)
(0.20546667 0.014020281 0.005)
(0.2116 0.014020281 0.005)
(0.21773333 0.014020281 0.005)
(0.22386667 0.014020281 0.005)
(0.23 0.014020281 0.005)
(0.23613333 0.014020281 0.005)
(0.24226667 0.014020281 0.005)
(0.2484 0.014020281 0.005)
(0.25453333 0.014020281 0.005)
(0.26066667 0.014020281 0.005)
(0.2668 0.014020281 0.005)
(0.27293333 0.014020281 0.005)
(0.27906667 0.014020281 0.005)
(0.2852 0.014020281 0.005)
(0.29133333 0.014020281 0.005)
(0.29746667 0.014020281 0.005)
(0.3036 0.014020281 0.005)
(0.30973333 0.014020281 0.005)
(0.31586667 0.014020281 0.005)
(0.322 0.014020281 0.005)
(0.32813333 0.014020281 0.005)
(0.33426667 0.014020281 0.005)
(0.3404 0.014020281 0.005)
(0.34653333 0.014020281 0.005)
(0.35266667 0.014020281 0.005)
(0.3588 0.014020281 0.005)
(0.36493333 0.014020281 0.005)
(0.37106667 0.014020281 0.005)
(0.3772 0.014020281 0.005)
(0.38333333 0.014020281 0.005)
(0.38946667 0.014020281 0.005)
(0.3956 0.014020281 0.005)
(0.40173333 0.014020281 0.005)
(0.40786667 0.014020281 0.005)
(0.414 0.014020281 0.005)
(0.42013333 0.014020281 0.005)
(0.42626667 0.014020281 0.005)
(0.4324 0.014020281 0.005)
(0.43853333 0.014020281 0.005)
(0.44466667 0.014020281 0.005)
(0.4508 0.014020281 0.005)
(0.45693333 0.014020281 0.005)
(0.46306667 0.014020281 0.005)
(0.4692 0.014020281 0.005)
(0.47533333 0.014020281 0.005)
(0.48146667 0.014020281 0.005)
(0.4876 0.014020281 0.005)
(0.49373333 0.014020281 0.005)
(0.49986667 0.014020281 0.005)
(0.506 0.014020281 0.005)
(0.51213333 0.014020281 0.005)
(0.51826667 0.014020281 0.005)
(0.5244 0.014020281 0.005)
(0.53053333 0.014020281 0.005)
(0.53666667 0.014020281 0.005)
(0.5428 0.014020281 0.005)
(0.54893333 0.014020281 0.005)
(0.55506667 0.014020281 0.005)
(0.5612 0.014020281 0.005)
(0.56733333 0.014020281 0.005)
(0.57346667 0.014020281 0.005)
(0.5796 0.014020281 0.005)
(0.58573333 0.014020281 0.005)
(0.59186667 0.014020281 0.005)
(0.598 0.014020281 0.005)
(0.60413333 0.014020281 0.005)
(0.61026667 0.014020281 0.005)
(0.6164 0.014020281 0.005)
(0.62253333 0.014020281 0.005)
(0.62866667 0.014020281 0.005)
(0.6348 0.014020281 0.005)
(0.64093333 0.014020281 0.005)
(0.64706667 0.014020281 0.005)
(0.6532 0.014020281 0.005)
(0.65933333 0.014020281 0.005)
(0.66546667 0.014020281 0.005)
(0.6716 0.014020281 0.005)
(0.67773333 0.014020281 0.005)
(0.68386667 0.014020281 0.005)
(0.69 0.014020281 0.005)
(0.69613333 0.014020281 0.005)
(0.70226667 0.014020281 0.005)
(0.7084 0.014020281 0.005)
(0.71453333 0.014020281 0.005)
(0.72066667 0.014020281 0.005)
(0.7268 0.014020281 0.005)
(0.73293333 0.014020281 0.005)
(0.73906667 0.014020281 0.005)
(0.7452 0.014020281 0.005)
(0.75133333 0.014020281 0.005)
(0.75746667 0.014020281 0.005)
(0.7636 0.014020281 0.005)
(0.76973333 0.014020281 0.005)
(0.77586667 0.014020281 0.005)
(0.782 0.014020281 0.005)
(0.78813333 0.014020281 0.005)
(0.79426667 0.014020281 0.005)
(0.8004 0.014020281 0.005)
(0.80653333 0.014020281 0.005)
(0.81266667 0.014020281 0.005)
(0.8188 0.014020281 0.005)
(0.82493333 0.014020281 0.005)
(0.83106667 0.014020281 0.005)
(0.8372 0.014020281 0.005)
(0.84333333 0.014020281 0.005)
(0.84946667 0.014020281 0.005)
(0.8556 0.014020281 0.005)
(0.86173333 0.014020281 0.005)
(0.86786667 0.014020281 0.005)
(0.874 0.014020281 0.005)
(0.88013333 0.014020281 0.005)
(0.88626667 0.014020281 0.005)
(0.8924 0.014020281 0.005)
(0.89853333 0.014020281 0.005)
(0.90466667 0.014020281 0.005)
(0.9108 0.014020281 0.005)
(0.91693333 0.014020281 0.005)
(0.0030666667 0.015572127 0.005)
(0.0092 0.015572127 0.005)
(0.015333333 0.015572127 0.005)
(0.021466667 0.015572127 0.005)
(0.0276 0.015572127 0.005)
(0.033733333 0.015572127 0.005)
(0.039866667 0.015572127 0.005)
(0.046 0.015572127 0.005)
(0.052133333 0.015572127 0.005)
(0.058266667 0.015572127 0.005)
(0.0644 0.015572127 0.005)
(0.070533333 0.015572127 0.005)
(0.076666667 0.015572127 0.005)
(0.0828 0.015572127 0.005)
(0.088933333 0.015572127 0.005)
(0.095066667 0.015572127 0.005)
(0.1012 0.015572127 0.005)
(0.10733333 0.015572127 0.005)
(0.11346667 0.015572127 0.005)
(0.1196 0.015572127 0.005)
(0.12573333 0.015572127 0.005)
(0.13186667 0.015572127 0.005)
(0.138 0.015572127 0.005)
(0.14413333 0.015572127 0.005)
(0.15026667 0.015572127 0.005)
(0.1564 0.015572127 0.005)
(0.16253333 0.015572127 0.005)
(0.16866667 0.015572127 0.005)
(0.1748 0.015572127 0.005)
(0.18093333 0.015572127 0.005)
(0.18706667 0.015572127 0.005)
(0.1932 0.015572127 0.005)
(0.19933333 0.015572127 0.005)
(0.20546667 0.015572127 0.005)
(0.2116 0.015572127 0.005)
(0.21773333 0.015572127 0.005)
(0.22386667 0.015572127 0.005)
(0.23 0.015572127 0.005)
(0.23613333 0.015572127 0.005)
(0.24226667 0.015572127 0.005)
(0.2484 0.015572127 0.005)
(0.25453333 0.015572127 0.005)
(0.26066667 0.015572127 0.005)
(0.2668 0.015572127 0.005)
(0.27293333 0.015572127 0.005)
(0.27906667 0.015572127 0.005)
(0.2852 0.015572127 0.005)
(0.29133333 0.015572127 0.005)
(0.29746667 0.015572127 0.005)
(0.3036 0.015572127 0.005)
(0.30973333 0.015572127 0.005)
(0.31586667 0.015572127 0.005)
(0.322 0.015572127 0.005)
(0.32813333 0.015572127 0.005)
(0.33426667 0.015572127 0.005)
(0.3404 0.015572127 0.005)
(0.34653333 0.015572127 0.005)
(0.35266667 0.015572127 0.005)
(0.3588 0.015572127 0.005)
(0.36493333 0.015572127 0.005)
(0.37106667 0.015572127 0.005)
(0.3772 0.015572127 0.005)
(0.38333333 0.015572127 0.005)
(0.38946667 0.015572127 0.005)
(0.3956 0.015572127 0.005)
(0.40173333 0.015572127 0.005)
(0.40786667 0.015572127 0.005)
(0.414 0.015572127 0.005)
(0.42013333 0.015572127 0.005)
(0.42626667 0.015572127 0.005)
(0.4324 0.015572127 0.005)
(0.43853333 0.015572127 0.005)
(0.44466667 0.015572127 0.005)
(0.4508 0.015572127 0.005)
(0.45693333 0.015572127 0.005)
(0.46306667 0.015572127 0.005)
(0.4692 0.015572127 0.005)
(0.47533333 0.015572127 0.005)
(0.48146667 0.015572127 0.005)
(0.4876 0.015572127 0.005)
(0.49373333 0.015572127 0.005)
(0.49986667 0.015572127 0.005)
(0.506 0.015572127 0.005)
(0.51213333 0.015572127 0.005)
(0.51826667 0.015572127 0.005)
(0.5244 0.015572127 0.005)
(0.53053333 0.015572127 0.005)
(0.53666667 0.015572127 0.005)
(0.5428 0.015572127 0.005)
(0.54893333 0.015572127 0.005)
(0.55506667 0.015572127 0.005)
(0.5612 0.015572127 0.005)
(0.56733333 0.015572127 0.005)
(0.57346667 0.015572127 0.005)
(0.5796 0.015572127 0.005)
(0.58573333 0.015572127 0.005)
(0.59186667 0.015572127 0.005)
(0.598 0.015572127 0.005)
(0.60413333 0.015572127 0.005)
(0.61026667 0.015572127 0.005)
(0.6164 0.015572127 0.005)
(0.62253333 0.015572127 0.005)
(0.62866667 0.015572127 0.005)
(0.6348 0.015572127 0.005)
(0.64093333 0.015572127 0.005)
(0.64706667 0.015572127 0.005)
(0.6532 0.015572127 0.005)
(0.65933333 0.015572127 0.005)
(0.66546667 0.015572127 0.005)
(0.6716 0.015572127 0.005)
(0.67773333 0.015572127 0.005)
(0.68386667 0.015572127 0.005)
(0.69 0.015572127 0.005)
(0.69613333 0.015572127 0.005)
(0.70226667 0.015572127 0.005)
(0.7084 0.015572127 0.005)
(0.71453333 0.015572127 0.005)
(0.72066667 0.015572127 0.005)
(0.7268 0.015572127 0.005)
(0.73293333 0.015572127 0.005)
(0.73906667 0.015572127 0.005)
(0.7452 0.015572127 0.005)
(0.75133333 0.015572127 0.005)
(0.75746667 0.015572127 0.005)
(0.7636 0.015572127 0.005)
(0.76973333 0.015572127 0.005)
(0.77586667 0.015572127 0.005)
(0.782 0.015572127 0.005)
(0.78813333 0.015572127 0.005)
(0.79426667 0.015572127 0.005)
(0.8004 0.015572127 0.005)
(0.80653333 0.015572127 0.005)
(0.81266667 0.015572127 0.005)
(0.8188 0.015572127 0.005)
(0.82493333 0.015572127 0.005)
(0.83106667 0.015572127 0.005)
(0.8372 0.015572127 0.005)
(0.84333333 0.015572127 0.005)
(0.84946667 0.015572127 0.005)
(0.8556 0.015572127 0.005)
(0.86173333 0.015572127 0.005)
(0.86786667 0.015572127 0.005)
(0.874 0.015572127 0.005)
(0.88013333 0.015572127 0.005)
(0.88626667 0.015572127 0.005)
(0.8924 0.015572127 0.005)
(0.89853333 0.015572127 0.005)
(0.90466667 0.015572127 0.005)
(0.9108 0.015572127 0.005)
(0.91693333 0.015572127 0.005)
(0.0030666667 0.017279123 0.005)
(0.0092 0.017279123 0.005)
(0.015333333 0.017279123 0.005)
(0.021466667 0.017279123 0.005)
(0.0276 0.017279123 0.005)
(0.033733333 0.017279123 0.005)
(0.039866667 0.017279123 0.005)
(0.046 0.017279123 0.005)
(0.052133333 0.017279123 0.005)
(0.058266667 0.017279123 0.005)
(0.0644 0.017279123 0.005)
(0.070533333 0.017279123 0.005)
(0.076666667 0.017279123 0.005)
(0.0828 0.017279123 0.005)
(0.088933333 0.017279123 0.005)
(0.095066667 0.017279123 0.005)
(0.1012 0.017279123 0.005)
(0.10733333 0.017279123 0.005)
(0.11346667 0.017279123 0.005)
(0.1196 0.017279123 0.005)
(0.12573333 0.017279123 0.005)
(0.13186667 0.017279123 0.005)
(0.138 0.017279123 0.005)
(0.14413333 0.017279123 0.005)
(0.15026667 0.017279123 0.005)
(0.1564 0.017279123 0.005)
(0.16253333 0.017279123 0.005)
(0.16866667 0.017279123 0.005)
(0.1748 0.017279123 0.005)
(0.18093333 0.017279123 0.005)
(0.18706667 0.017279123 0.005)
(0.1932 0.017279123 0.005)
(0.19933333 0.017279123 0.005)
(0.20546667 0.017279123 0.005)
(0.2116 0.017279123 0.005)
(0.21773333 0.017279123 0.005)
(0.22386667 0.017279123 0.005)
(0.23 0.017279123 0.005)
(0.23613333 0.017279123 0.005)
(0.24226667 0.017279123 0.005)
(0.2484 0.017279123 0.005)
(0.25453333 0.017279123 0.005)
(0.26066667 0.017279123 0.005)
(0.2668 0.017279123 0.005)
(0.27293333 0.017279123 0.005)
(0.27906667 0.017279123 0.005)
(0.2852 0.017279123 0.005)
(0.29133333 0.017279123 0.005)
(0.29746667 0.017279123 0.005)
(0.3036 0.017279123 0.005)
(0.30973333 0.017279123 0.005)
(0.31586667 0.017279123 0.005)
(0.322 0.017279123 0.005)
(0.32813333 0.017279123 0.005)
(0.33426667 0.017279123 0.005)
(0.3404 0.017279123 0.005)
(0.34653333 0.017279123 0.005)
(0.35266667 0.017279123 0.005)
(0.3588 0.017279123 0.005)
(0.36493333 0.017279123 0.005)
(0.37106667 0.017279123 0.005)
(0.3772 0.017279123 0.005)
(0.38333333 0.017279123 0.005)
(0.38946667 0.017279123 0.005)
(0.3956 0.017279123 0.005)
(0.40173333 0.017279123 0.005)
(0.40786667 0.017279123 0.005)
(0.414 0.017279123 0.005)
(0.42013333 0.017279123 0.005)
(0.42626667 0.017279123 0.005)
(0.4324 0.017279123 0.005)
(0.43853333 0.017279123 0.005)
(0.44466667 0.017279123 0.005)
(0.4508 0.017279123 0.005)
(0.45693333 0.017279123 0.005)
(0.46306667 0.017279123 0.005)
(0.4692 0.017279123 0.005)
(0.47533333 0.017279123 0.005)
(0.48146667 0.017279123 0.005)
(0.4876 0.017279123 0.005)
(0.49373333 0.017279123 0.005)
(0.49986667 0.017279123 0.005)
(0.506 0.017279123 0.005)
(0.51213333 0.017279123 0.005)
(0.51826667 0.017279123 0.005)
(0.5244 0.017279123 0.005)
(0.53053333 0.017279123 0.005)
(0.53666667 0.017279123 0.005)
(0.5428 0.017279123 0.005)
(0.54893333 0.017279123 0.005)
(0.55506667 0.017279123 0.005)
(0.5612 0.017279123 0.005)
(0.56733333 0.017279123 0.005)
(0.57346667 0.017279123 0.005)
(0.5796 0.017279123 0.005)
(0.58573333 0.017279123 0.005)
(0.59186667 0.017279123 0.005)
(0.598 0.017279123 0.005)
(0.60413333 0.017279123 0.005)
(0.61026667 0.017279123 0.005)
(0.6164 0.017279123 0.005)
(0.62253333 0.017279123 0.005)
(0.62866667 0.017279123 0.005)
(0.6348 0.017279123 0.005)
(0.64093333 0.017279123 0.005)
(0.64706667 0.017279123 0.005)
(0.6532 0.017279123 0.005)
(0.65933333 0.017279123 0.005)
(0.66546667 0.017279123 0.005)
(0.6716 0.017279123 0.005)
(0.67773333 0.017279123 0.005)
(0.68386667 0.017279123 0.005)
(0.69 0.017279123 0.005)
(0.69613333 0.017279123 0.005)
(0.70226667 0.017279123 0.005)
(0.7084 0.017279123 0.005)
(0.71453333 0.017279123 0.005)
(0.72066667 0.017279123 0.005)
(0.7268 0.017279123 0.005)
(0.73293333 0.017279123 0.005)
(0.73906667 0.017279123 0.005)
(0.7452 0.017279123 0.005)
(0.75133333 0.017279123 0.005)
(0.75746667 0.017279123 0.005)
(0.7636 0.017279123 0.005)
(0.76973333 0.017279123 0.005)
(0.77586667 0.017279123 0.005)
(0.782 0.017279123 0.005)
(0.78813333 0.017279123 0.005)
(0.79426667 0.017279123 0.005)
(0.8004 0.017279123 0.005)
(0.80653333 0.017279123 0.005)
(0.81266667 0.017279123 0.005)
(0.8188 0.017279123 0.005)
(0.82493333 0.017279123 0.005)
(0.83106667 0.017279123 0.005)
(0.8372 0.017279123 0.005)
(0.84333333 0.017279123 0.005)
(0.84946667 0.017279123 0.005)
(0.8556 0.017279123 0.005)
(0.86173333 0.017279123 0.005)
(0.86786667 0.017279123 0.005)
(0.874 0.017279123 0.005)
(0.88013333 0.017279123 0.005)
(0.88626667 0.017279123 0.005)
(0.8924 0.017279123 0.005)
(0.89853333 0.017279123 0.005)
(0.90466667 0.017279123 0.005)
(0.9108 0.017279123 0.005)
(0.91693333 0.017279123 0.005)
(0.0030666667 0.019156783 0.005)
(0.0092 0.019156783 0.005)
(0.015333333 0.019156783 0.005)
(0.021466667 0.019156783 0.005)
(0.0276 0.019156783 0.005)
(0.033733333 0.019156783 0.005)
(0.039866667 0.019156783 0.005)
(0.046 0.019156783 0.005)
(0.052133333 0.019156783 0.005)
(0.058266667 0.019156783 0.005)
(0.0644 0.019156783 0.005)
(0.070533333 0.019156783 0.005)
(0.076666667 0.019156783 0.005)
(0.0828 0.019156783 0.005)
(0.088933333 0.019156783 0.005)
(0.095066667 0.019156783 0.005)
(0.1012 0.019156783 0.005)
(0.10733333 0.019156783 0.005)
(0.11346667 0.019156783 0.005)
(0.1196 0.019156783 0.005)
(0.12573333 0.019156783 0.005)
(0.13186667 0.019156783 0.005)
(0.138 0.019156783 0.005)
(0.14413333 0.019156783 0.005)
(0.15026667 0.019156783 0.005)
(0.1564 0.019156783 0.005)
(0.16253333 0.019156783 0.005)
(0.16866667 0.019156783 0.005)
(0.1748 0.019156783 0.005)
(0.18093333 0.019156783 0.005)
(0.18706667 0.019156783 0.005)
(0.1932 0.019156783 0.005)
(0.19933333 0.019156783 0.005)
(0.20546667 0.019156783 0.005)
(0.2116 0.019156783 0.005)
(0.21773333 0.019156783 0.005)
(0.22386667 0.019156783 0.005)
(0.23 0.019156783 0.005)
(0.23613333 0.019156783 0.005)
(0.24226667 0.019156783 0.005)
(0.2484 0.019156783 0.005)
(0.25453333 0.019156783 0.005)
(0.26066667 0.019156783 0.005)
(0.2668 0.019156783 0.005)
(0.27293333 0.019156783 0.005)
(0.27906667 0.019156783 0.005)
(0.2852 0.019156783 0.005)
(0.29133333 0.019156783 0.005)
(0.29746667 0.019156783 0.005)
(0.3036 0.019156783 0.005)
(0.30973333 0.019156783 0.005)
(0.31586667 0.019156783 0.005)
(0.322 0.019156783 0.005)
(0.32813333 0.019156783 0.005)
(0.33426667 0.019156783 0.005)
(0.3404 0.019156783 0.005)
(0.34653333 0.019156783 0.005)
(0.35266667 0.019156783 0.005)
(0.3588 0.019156783 0.005)
(0.36493333 0.019156783 0.005)
(0.37106667 0.019156783 0.005)
(0.3772 0.019156783 0.005)
(0.38333333 0.019156783 0.005)
(0.38946667 0.019156783 0.005)
(0.3956 0.019156783 0.005)
(0.40173333 0.019156783 0.005)
(0.40786667 0.019156783 0.005)
(0.414 0.019156783 0.005)
(0.42013333 0.019156783 0.005)
(0.42626667 0.019156783 0.005)
(0.4324 0.019156783 0.005)
(0.43853333 0.019156783 0.005)
(0.44466667 0.019156783 0.005)
(0.4508 0.019156783 0.005)
(0.45693333 0.019156783 0.005)
(0.46306667 0.019156783 0.005)
(0.4692 0.019156783 0.005)
(0.47533333 0.019156783 0.005)
(0.48146667 0.019156783 0.005)
(0.4876 0.019156783 0.005)
(0.49373333 0.019156783 0.005)
(0.49986667 0.019156783 0.005)
(0.506 0.019156783 0.005)
(0.51213333 0.019156783 0.005)
(0.51826667 0.019156783 0.005)
(0.5244 0.019156783 0.005)
(0.53053333 0.019156783 0.005)
(0.53666667 0.019156783 0.005)
(0.5428 0.019156783 0.005)
(0.54893333 0.019156783 0.005)
(0.55506667 0.019156783 0.005)
(0.5612 0.019156783 0.005)
(0.56733333 0.019156783 0.005)
(0.57346667 0.019156783 0.005)
(0.5796 0.019156783 0.005)
(0.58573333 0.019156783 0.005)
(0.59186667 0.019156783 0.005)
(0.598 0.019156783 0.005)
(0.60413333 0.019156783 0.005)
(0.61026667 0.019156783 0.005)
(0.6164 0.019156783 0.005)
(0.62253333 0.019156783 0.005)
(0.62866667 0.019156783 0.005)
(0.6348 0.019156783 0.005)
(0.64093333 0.019156783 0.005)
(0.64706667 0.019156783 0.005)
(0.6532 0.019156783 0.005)
(0.65933333 0.019156783 0.005)
(0.66546667 0.019156783 0.005)
(0.6716 0.019156783 0.005)
(0.67773333 0.019156783 0.005)
(0.68386667 0.019156783 0.005)
(0.69 0.019156783 0.005)
(0.69613333 0.019156783 0.005)
(0.70226667 0.019156783 0.005)
(0.7084 0.019156783 0.005)
(0.71453333 0.019156783 0.005)
(0.72066667 0.019156783 0.005)
(0.7268 0.019156783 0.005)
(0.73293333 0.019156783 0.005)
(0.73906667 0.019156783 0.005)
(0.7452 0.019156783 0.005)
(0.75133333 0.019156783 0.005)
(0.75746667 0.019156783 0.005)
(0.7636 0.019156783 0.005)
(0.76973333 0.019156783 0.005)
(0.77586667 0.019156783 0.005)
(0.782 0.019156783 0.005)
(0.78813333 0.019156783 0.005)
(0.79426667 0.019156783 0.005)
(0.8004 0.019156783 0.005)
(0.80653333 0.019156783 0.005)
(0.81266667 0.019156783 0.005)
(0.8188 0.019156783 0.005)
(0.82493333 0.019156783 0.005)
(0.83106667 0.019156783 0.005)
(0.8372 0.019156783 0.005)
(0.84333333 0.019156783 0.005)
(0.84946667 0.019156783 0.005)
(0.8556 0.019156783 0.005)
(0.86173333 0.019156783 0.005)
(0.86786667 0.019156783 0.005)
(0.874 0.019156783 0.005)
(0.88013333 0.019156783 0.005)
(0.88626667 0.019156783 0.005)
(0.8924 0.019156783 0.005)
(0.89853333 0.019156783 0.005)
(0.90466667 0.019156783 0.005)
(0.9108 0.019156783 0.005)
(0.91693333 0.019156783 0.005)
(0.0030666667 0.021222167 0.005)
(0.0092 0.021222167 0.005)
(0.015333333 0.021222167 0.005)
(0.021466667 0.021222167 0.005)
(0.0276 0.021222167 0.005)
(0.033733333 0.021222167 0.005)
(0.039866667 0.021222167 0.005)
(0.046 0.021222167 0.005)
(0.052133333 0.021222167 0.005)
(0.058266667 0.021222167 0.005)
(0.0644 0.021222167 0.005)
(0.070533333 0.021222167 0.005)
(0.076666667 0.021222167 0.005)
(0.0828 0.021222167 0.005)
(0.088933333 0.021222167 0.005)
(0.095066667 0.021222167 0.005)
(0.1012 0.021222167 0.005)
(0.10733333 0.021222167 0.005)
(0.11346667 0.021222167 0.005)
(0.1196 0.021222167 0.005)
(0.12573333 0.021222167 0.005)
(0.13186667 0.021222167 0.005)
(0.138 0.021222167 0.005)
(0.14413333 0.021222167 0.005)
(0.15026667 0.021222167 0.005)
(0.1564 0.021222167 0.005)
(0.16253333 0.021222167 0.005)
(0.16866667 0.021222167 0.005)
(0.1748 0.021222167 0.005)
(0.18093333 0.021222167 0.005)
(0.18706667 0.021222167 0.005)
(0.1932 0.021222167 0.005)
(0.19933333 0.021222167 0.005)
(0.20546667 0.021222167 0.005)
(0.2116 0.021222167 0.005)
(0.21773333 0.021222167 0.005)
(0.22386667 0.021222167 0.005)
(0.23 0.021222167 0.005)
(0.23613333 0.021222167 0.005)
(0.24226667 0.021222167 0.005)
(0.2484 0.021222167 0.005)
(0.25453333 0.021222167 0.005)
(0.26066667 0.021222167 0.005)
(0.2668 0.021222167 0.005)
(0.27293333 0.021222167 0.005)
(0.27906667 0.021222167 0.005)
(0.2852 0.021222167 0.005)
(0.29133333 0.021222167 0.005)
(0.29746667 0.021222167 0.005)
(0.3036 0.021222167 0.005)
(0.30973333 0.021222167 0.005)
(0.31586667 0.021222167 0.005)
(0.322 0.021222167 0.005)
(0.32813333 0.021222167 0.005)
(0.33426667 0.021222167 0.005)
(0.3404 0.021222167 0.005)
(0.34653333 0.021222167 0.005)
(0.35266667 0.021222167 0.005)
(0.3588 0.021222167 0.005)
(0.36493333 0.021222167 0.005)
(0.37106667 0.021222167 0.005)
(0.3772 0.021222167 0.005)
(0.38333333 0.021222167 0.005)
(0.38946667 0.021222167 0.005)
(0.3956 0.021222167 0.005)
(0.40173333 0.021222167 0.005)
(0.40786667 0.021222167 0.005)
(0.414 0.021222167 0.005)
(0.42013333 0.021222167 0.005)
(0.42626667 0.021222167 0.005)
(0.4324 0.021222167 0.005)
(0.43853333 0.021222167 0.005)
(0.44466667 0.021222167 0.005)
(0.4508 0.021222167 0.005)
(0.45693333 0.021222167 0.005)
(0.46306667 0.021222167 0.005)
(0.4692 0.021222167 0.005)
(0.47533333 0.021222167 0.005)
(0.48146667 0.021222167 0.005)
(0.4876 0.021222167 0.005)
(0.49373333 0.021222167 0.005)
(0.49986667 0.021222167 0.005)
(0.506 0.021222167 0.005)
(0.51213333 0.021222167 0.005)
(0.51826667 0.021222167 0.005)
(0.5244 0.021222167 0.005)
(0.53053333 0.021222167 0.005)
(0.53666667 0.021222167 0.005)
(0.5428 0.021222167 0.005)
(0.54893333 0.021222167 0.005)
(0.55506667 0.021222167 0.005)
(0.5612 0.021222167 0.005)
(0.56733333 0.021222167 0.005)
(0.57346667 0.021222167 0.005)
(0.5796 0.021222167 0.005)
(0.58573333 0.021222167 0.005)
(0.59186667 0.021222167 0.005)
(0.598 0.021222167 0.005)
(0.60413333 0.021222167 0.005)
(0.61026667 0.021222167 0.005)
(0.6164 0.021222167 0.005)
(0.62253333 0.021222167 0.005)
(0.62866667 0.021222167 0.005)
(0.6348 0.021222167 0.005)
(0.64093333 0.021222167 0.005)
(0.64706667 0.021222167 0.005)
(0.6532 0.021222167 0.005)
(0.65933333 0.021222167 0.005)
(0.66546667 0.021222167 0.005)
(0.6716 0.021222167 0.005)
(0.67773333 0.021222167 0.005)
(0.68386667 0.021222167 0.005)
(0.69 0.021222167 0.005)
(0.69613333 0.021222167 0.005)
(0.70226667 0.021222167 0.005)
(0.7084 0.021222167 0.005)
(0.71453333 0.021222167 0.005)
(0.72066667 0.021222167 0.005)
(0.7268 0.021222167 0.005)
(0.73293333 0.021222167 0.005)
(0.73906667 0.021222167 0.005)
(0.7452 0.021222167 0.005)
(0.75133333 0.021222167 0.005)
(0.75746667 0.021222167 0.005)
(0.7636 0.021222167 0.005)
(0.76973333 0.021222167 0.005)
(0.77586667 0.021222167 0.005)
(0.782 0.021222167 0.005)
(0.78813333 0.021222167 0.005)
(0.79426667 0.021222167 0.005)
(0.8004 0.021222167 0.005)
(0.80653333 0.021222167 0.005)
(0.81266667 0.021222167 0.005)
(0.8188 0.021222167 0.005)
(0.82493333 0.021222167 0.005)
(0.83106667 0.021222167 0.005)
(0.8372 0.021222167 0.005)
(0.84333333 0.021222167 0.005)
(0.84946667 0.021222167 0.005)
(0.8556 0.021222167 0.005)
(0.86173333 0.021222167 0.005)
(0.86786667 0.021222167 0.005)
(0.874 0.021222167 0.005)
(0.88013333 0.021222167 0.005)
(0.88626667 0.021222167 0.005)
(0.8924 0.021222167 0.005)
(0.89853333 0.021222167 0.005)
(0.90466667 0.021222167 0.005)
(0.9108 0.021222167 0.005)
(0.91693333 0.021222167 0.005)
(0.0030666667 0.023494046 0.005)
(0.0092 0.023494046 0.005)
(0.015333333 0.023494046 0.005)
(0.021466667 0.023494046 0.005)
(0.0276 0.023494046 0.005)
(0.033733333 0.023494046 0.005)
(0.039866667 0.023494046 0.005)
(0.046 0.023494046 0.005)
(0.052133333 0.023494046 0.005)
(0.058266667 0.023494046 0.005)
(0.0644 0.023494046 0.005)
(0.070533333 0.023494046 0.005)
(0.076666667 0.023494046 0.005)
(0.0828 0.023494046 0.005)
(0.088933333 0.023494046 0.005)
(0.095066667 0.023494046 0.005)
(0.1012 0.023494046 0.005)
(0.10733333 0.023494046 0.005)
(0.11346667 0.023494046 0.005)
(0.1196 0.023494046 0.005)
(0.12573333 0.023494046 0.005)
(0.13186667 0.023494046 0.005)
(0.138 0.023494046 0.005)
(0.14413333 0.023494046 0.005)
(0.15026667 0.023494046 0.005)
(0.1564 0.023494046 0.005)
(0.16253333 0.023494046 0.005)
(0.16866667 0.023494046 0.005)
(0.1748 0.023494046 0.005)
(0.18093333 0.023494046 0.005)
(0.18706667 0.023494046 0.005)
(0.1932 0.023494046 0.005)
(0.19933333 0.023494046 0.005)
(0.20546667 0.023494046 0.005)
(0.2116 0.023494046 0.005)
(0.21773333 0.023494046 0.005)
(0.22386667 0.023494046 0.005)
(0.23 0.023494046 0.005)
(0.23613333 0.023494046 0.005)
(0.24226667 0.023494046 0.005)
(0.2484 0.023494046 0.005)
(0.25453333 0.023494046 0.005)
(0.26066667 0.023494046 0.005)
(0.2668 0.023494046 0.005)
(0.27293333 0.023494046 0.005)
(0.27906667 0.023494046 0.005)
(0.2852 0.023494046 0.005)
(0.29133333 0.023494046 0.005)
(0.29746667 0.023494046 0.005)
(0.3036 0.023494046 0.005)
(0.30973333 0.023494046 0.005)
(0.31586667 0.023494046 0.005)
(0.322 0.023494046 0.005)
(0.32813333 0.023494046 0.005)
(0.33426667 0.023494046 0.005)
(0.3404 0.023494046 0.005)
(0.34653333 0.023494046 0.005)
(0.35266667 0.023494046 0.005)
(0.3588 0.023494046 0.005)
(0.36493333 0.023494046 0.005)
(0.37106667 0.023494046 0.005)
(0.3772 0.023494046 0.005)
(0.38333333 0.023494046 0.005)
(0.38946667 0.023494046 0.005)
(0.3956 0.023494046 0.005)
(0.40173333 0.023494046 0.005)
(0.40786667 0.023494046 0.005)
(0.414 0.023494046 0.005)
(0.42013333 0.023494046 0.005)
(0.42626667 0.023494046 0.005)
(0.4324 0.023494046 0.005)
(0.43853333 0.023494046 0.005)
(0.44466667 0.023494046 0.005)
(0.4508 0.023494046 0.005)
(0.45693333 0.023494046 0.005)
(0.46306667 0.023494046 0.005)
(0.4692 0.023494046 0.005)
(0.47533333 0.023494046 0.005)
(0.48146667 0.023494046 0.005)
(0.4876 0.023494046 0.005)
(0.49373333 0.023494046 0.005)
(0.49986667 0.023494046 0.005)
(0.506 0.023494046 0.005)
(0.51213333 0.023494046 0.005)
(0.51826667 0.023494046 0.005)
(0.5244 0.023494046 0.005)
(0.53053333 0.023494046 0.005)
(0.53666667 0.023494046 0.005)
(0.5428 0.023494046 0.005)
(0.54893333 0.023494046 0.005)
(0.55506667 0.023494046 0.005)
(0.5612 0.023494046 0.005)
(0.56733333 0.023494046 0.005)
(0.57346667 0.023494046 0.005)
(0.5796 0.023494046 0.005)
(0.58573333 0.023494046 0.005)
(0.59186667 0.023494046 0.005)
(0.598 0.023494046 0.005)
(0.60413333 0.023494046 0.005)
(0.61026667 0.023494046 0.005)
(0.6164 0.023494046 0.005)
(0.62253333 0.023494046 0.005)
(0.62866667 0.023494046 0.005)
(0.6348 0.023494046 0.005)
(0.64093333 0.023494046 0.005)
(0.64706667 0.023494046 0.005)
(0.6532 0.023494046 0.005)
(0.65933333 0.023494046 0.005)
(0.66546667 0.023494046 0.005)
(0.6716 0.023494046 0.005)
(0.67773333 0.023494046 0.005)
(0.68386667 0.023494046 0.005)
(0.69 0.023494046 0.005)
(0.69613333 0.023494046 0.005)
(0.70226667 0.023494046 0.005)
(0.7084 0.023494046 0.005)
(0.71453333 0.023494046 0.005)
(0.72066667 0.023494046 0.005)
(0.7268 0.023494046 0.005)
(0.73293333 0.023494046 0.005)
(0.73906667 0.023494046 0.005)
(0.7452 0.023494046 0.005)
(0.75133333 0.023494046 0.005)
(0.75746667 0.023494046 0.005)
(0.7636 0.023494046 0.005)
(0.76973333 0.023494046 0.005)
(0.77586667 0.023494046 0.005)
(0.782 0.023494046 0.005)
(0.78813333 0.023494046 0.005)
(0.79426667 0.023494046 0.005)
(0.8004 0.023494046 0.005)
(0.80653333 0.023494046 0.005)
(0.81266667 0.023494046 0.005)
(0.8188 0.023494046 0.005)
(0.82493333 0.023494046 0.005)
(0.83106667 0.023494046 0.005)
(0.8372 0.023494046 0.005)
(0.84333333 0.023494046 0.005)
(0.84946667 0.023494046 0.005)
(0.8556 0.023494046 0.005)
(0.86173333 0.023494046 0.005)
(0.86786667 0.023494046 0.005)
(0.874 0.023494046 0.005)
(0.88013333 0.023494046 0.005)
(0.88626667 0.023494046 0.005)
(0.8924 0.023494046 0.005)
(0.89853333 0.023494046 0.005)
(0.90466667 0.023494046 0.005)
(0.9108 0.023494046 0.005)
(0.91693333 0.023494046 0.005)
(0.0030666667 0.025993062 0.005)
(0.0092 0.025993062 0.005)
(0.015333333 0.025993062 0.005)
(0.021466667 0.025993062 0.005)
(0.0276 0.025993062 0.005)
(0.033733333 0.025993062 0.005)
(0.039866667 0.025993062 0.005)
(0.046 0.025993062 0.005)
(0.052133333 0.025993062 0.005)
(0.058266667 0.025993062 0.005)
(0.0644 0.025993062 0.005)
(0.070533333 0.025993062 0.005)
(0.076666667 0.025993062 0.005)
(0.0828 0.025993062 0.005)
(0.088933333 0.025993062 0.005)
(0.095066667 0.025993062 0.005)
(0.1012 0.025993062 0.005)
(0.10733333 0.025993062 0.005)
(0.11346667 0.025993062 0.005)
(0.1196 0.025993062 0.005)
(0.12573333 0.025993062 0.005)
(0.13186667 0.025993062 0.005)
(0.138 0.025993062 0.005)
(0.14413333 0.025993062 0.005)
(0.15026667 0.025993062 0.005)
(0.1564 0.025993062 0.005)
(0.16253333 0.025993062 0.005)
(0.16866667 0.025993062 0.005)
(0.1748 0.025993062 0.005)
(0.18093333 0.025993062 0.005)
(0.18706667 0.025993062 0.005)
(0.1932 0.025993062 0.005)
(0.19933333 0.025993062 0.005)
(0.20546667 0.025993062 0.005)
(0.2116 0.025993062 0.005)
(0.21773333 0.025993062 0.005)
(0.22386667 0.025993062 0.005)
(0.23 0.025993062 0.005)
(0.23613333 0.025993062 0.005)
(0.24226667 0.025993062 0.005)
(0.2484 0.025993062 0.005)
(0.25453333 0.025993062 0.005)
(0.26066667 0.025993062 0.005)
(0.2668 0.025993062 0.005)
(0.27293333 0.025993062 0.005)
(0.27906667 0.025993062 0.005)
(0.2852 0.025993062 0.005)
(0.29133333 0.025993062 0.005)
(0.29746667 0.025993062 0.005)
(0.3036 0.025993062 0.005)
(0.30973333 0.025993062 0.005)
(0.31586667 0.025993062 0.005)
(0.322 0.025993062 0.005)
(0.32813333 0.025993062 0.005)
(0.33426667 0.025993062 0.005)
(0.3404 0.025993062 0.005)
(0.34653333 0.025993062 0.005)
(0.35266667 0.025993062 0.005)
(0.3588 0.025993062 0.005)
(0.36493333 0.025993062 0.005)
(0.37106667 0.025993062 0.005)
(0.3772 0.025993062 0.005)
(0.38333333 0.025993062 0.005)
(0.38946667 0.025993062 0.005)
(0.3956 0.025993062 0.005)
(0.40173333 0.025993062 0.005)
(0.40786667 0.025993062 0.005)
(0.414 0.025993062 0.005)
(0.42013333 0.025993062 0.005)
(0.42626667 0.025993062 0.005)
(0.4324 0.025993062 0.005)
(0.43853333 0.025993062 0.005)
(0.44466667 0.025993062 0.005)
(0.4508 0.025993062 0.005)
(0.45693333 0.025993062 0.005)
(0.46306667 0.025993062 0.005)
(0.4692 0.025993062 0.005)
(0.47533333 0.025993062 0.005)
(0.48146667 0.025993062 0.005)
(0.4876 0.025993062 0.005)
(0.49373333 0.025993062 0.005)
(0.49986667 0.025993062 0.005)
(0.506 0.025993062 0.005)
(0.51213333 0.025993062 0.005)
(0.51826667 0.025993062 0.005)
(0.5244 0.025993062 0.005)
(0.53053333 0.025993062 0.005)
(0.53666667 0.025993062 0.005)
(0.5428 0.025993062 0.005)
(0.54893333 0.025993062 0.005)
(0.55506667 0.025993062 0.005)
(0.5612 0.025993062 0.005)
(0.56733333 0.025993062 0.005)
(0.57346667 0.025993062 0.005)
(0.5796 0.025993062 0.005)
(0.58573333 0.025993062 0.005)
(0.59186667 0.025993062 0.005)
(0.598 0.025993062 0.005)
(0.60413333 0.025993062 0.005)
(0.61026667 0.025993062 0.005)
(0.6164 0.025993062 0.005)
(0.62253333 0.025993062 0.005)
(0.62866667 0.025993062 0.005)
(0.6348 0.025993062 0.005)
(0.64093333 0.025993062 0.005)
(0.64706667 0.025993062 0.005)
(0.6532 0.025993062 0.005)
(0.65933333 0.025993062 0.005)
(0.66546667 0.025993062 0.005)
(0.6716 0.025993062 0.005)
(0.67773333 0.025993062 0.005)
(0.68386667 0.025993062 0.005)
(0.69 0.025993062 0.005)
(0.69613333 0.025993062 0.005)
(0.70226667 0.025993062 0.005)
(0.7084 0.025993062 0.005)
(0.71453333 0.025993062 0.005)
(0.72066667 0.025993062 0.005)
(0.7268 0.025993062 0.005)
(0.73293333 0.025993062 0.005)
(0.73906667 0.025993062 0.005)
(0.7452 0.025993062 0.005)
(0.75133333 0.025993062 0.005)
(0.75746667 0.025993062 0.005)
(0.7636 0.025993062 0.005)
(0.76973333 0.025993062 0.005)
(0.77586667 0.025993062 0.005)
(0.782 0.025993062 0.005)
(0.78813333 0.025993062 0.005)
(0.79426667 0.025993062 0.005)
(0.8004 0.025993062 0.005)
(0.80653333 0.025993062 0.005)
(0.81266667 0.025993062 0.005)
(0.8188 0.025993062 0.005)
(0.82493333 0.025993062 0.005)
(0.83106667 0.025993062 0.005)
(0.8372 0.025993062 0.005)
(0.84333333 0.025993062 0.005)
(0.84946667 0.025993062 0.005)
(0.8556 0.025993062 0.005)
(0.86173333 0.025993062 0.005)
(0.86786667 0.025993062 0.005)
(0.874 0.025993062 0.005)
(0.88013333 0.025993062 0.005)
(0.88626667 0.025993062 0.005)
(0.8924 0.025993062 0.005)
(0.89853333 0.025993062 0.005)
(0.90466667 0.025993062 0.005)
(0.9108 0.025993062 0.005)
(0.91693333 0.025993062 0.005)
(0.0030666667 0.028741926 0.005)
(0.0092 0.028741926 0.005)
(0.015333333 0.028741926 0.005)
(0.021466667 0.028741926 0.005)
(0.0276 0.028741926 0.005)
(0.033733333 0.028741926 0.005)
(0.039866667 0.028741926 0.005)
(0.046 0.028741926 0.005)
(0.052133333 0.028741926 0.005)
(0.058266667 0.028741926 0.005)
(0.0644 0.028741926 0.005)
(0.070533333 0.028741926 0.005)
(0.076666667 0.028741926 0.005)
(0.0828 0.028741926 0.005)
(0.088933333 0.028741926 0.005)
(0.095066667 0.028741926 0.005)
(0.1012 0.028741926 0.005)
(0.10733333 0.028741926 0.005)
(0.11346667 0.028741926 0.005)
(0.1196 0.028741926 0.005)
(0.12573333 0.028741926 0.005)
(0.13186667 0.028741926 0.005)
(0.138 0.028741926 0.005)
(0.14413333 0.028741926 0.005)
(0.15026667 0.028741926 0.005)
(0.1564 0.028741926 0.005)
(0.16253333 0.028741926 0.005)
(0.16866667 0.028741926 0.005)
(0.1748 0.028741926 0.005)
(0.18093333 0.028741926 0.005)
(0.18706667 0.028741926 0.005)
(0.1932 0.028741926 0.005)
(0.19933333 0.028741926 0.005)
(0.20546667 0.028741926 0.005)
(0.2116 0.028741926 0.005)
(0.21773333 0.028741926 0.005)
(0.22386667 0.028741926 0.005)
(0.23 0.028741926 0.005)
(0.23613333 0.028741926 0.005)
(0.24226667 0.028741926 0.005)
(0.2484 0.028741926 0.005)
(0.25453333 0.028741926 0.005)
(0.26066667 0.028741926 0.005)
(0.2668 0.028741926 0.005)
(0.27293333 0.028741926 0.005)
(0.27906667 0.028741926 0.005)
(0.2852 0.028741926 0.005)
(0.29133333 0.028741926 0.005)
(0.29746667 0.028741926 0.005)
(0.3036 0.028741926 0.005)
(0.30973333 0.028741926 0.005)
(0.31586667 0.028741926 0.005)
(0.322 0.028741926 0.005)
(0.32813333 0.028741926 0.005)
(0.33426667 0.028741926 0.005)
(0.3404 0.028741926 0.005)
(0.34653333 0.028741926 0.005)
(0.35266667 0.028741926 0.005)
(0.3588 0.028741926 0.005)
(0.36493333 0.028741926 0.005)
(0.37106667 0.028741926 0.005)
(0.3772 0.028741926 0.005)
(0.38333333 0.028741926 0.005)
(0.38946667 0.028741926 0.005)
(0.3956 0.028741926 0.005)
(0.40173333 0.028741926 0.005)
(0.40786667 0.028741926 0.005)
(0.414 0.028741926 0.005)
(0.42013333 0.028741926 0.005)
(0.42626667 0.028741926 0.005)
(0.4324 0.028741926 0.005)
(0.43853333 0.028741926 0.005)
(0.44466667 0.028741926 0.005)
(0.4508 0.028741926 0.005)
(0.45693333 0.028741926 0.005)
(0.46306667 0.028741926 0.005)
(0.4692 0.028741926 0.005)
(0.47533333 0.028741926 0.005)
(0.48146667 0.028741926 0.005)
(0.4876 0.028741926 0.005)
(0.49373333 0.028741926 0.005)
(0.49986667 0.028741926 0.005)
(0.506 0.028741926 0.005)
(0.51213333 0.028741926 0.005)
(0.51826667 0.028741926 0.005)
(0.5244 0.028741926 0.005)
(0.53053333 0.028741926 0.005)
(0.53666667 0.028741926 0.005)
(0.5428 0.028741926 0.005)
(0.54893333 0.028741926 0.005)
(0.55506667 0.028741926 0.005)
(0.5612 0.028741926 0.005)
(0.56733333 0.028741926 0.005)
(0.57346667 0.028741926 0.005)
(0.5796 0.028741926 0.005)
(0.58573333 0.028741926 0.005)
(0.59186667 0.028741926 0.005)
(0.598 0.028741926 0.005)
(0.60413333 0.028741926 0.005)
(0.61026667 0.028741926 0.005)
(0.6164 0.028741926 0.005)
(0.62253333 0.028741926 0.005)
(0.62866667 0.028741926 0.005)
(0.6348 0.028741926 0.005)
(0.64093333 0.028741926 0.005)
(0.64706667 0.028741926 0.005)
(0.6532 0.028741926 0.005)
(0.65933333 0.028741926 0.005)
(0.66546667 0.028741926 0.005)
(0.6716 0.028741926 0.005)
(0.67773333 0.028741926 0.005)
(0.68386667 0.028741926 0.005)
(0.69 0.028741926 0.005)
(0.69613333 0.028741926 0.005)
(0.70226667 0.028741926 0.005)
(0.7084 0.028741926 0.005)
(0.71453333 0.028741926 0.005)
(0.72066667 0.028741926 0.005)
(0.7268 0.028741926 0.005)
(0.73293333 0.028741926 0.005)
(0.73906667 0.028741926 0.005)
(0.7452 0.028741926 0.005)
(0.75133333 0.028741926 0.005)
(0.75746667 0.028741926 0.005)
(0.7636 0.028741926 0.005)
(0.76973333 0.028741926 0.005)
(0.77586667 0.028741926 0.005)
(0.782 0.028741926 0.005)
(0.78813333 0.028741926 0.005)
(0.79426667 0.028741926 0.005)
(0.8004 0.028741926 0.005)
(0.80653333 0.028741926 0.005)
(0.81266667 0.028741926 0.005)
(0.8188 0.028741926 0.005)
(0.82493333 0.028741926 0.005)
(0.83106667 0.028741926 0.005)
(0.8372 0.028741926 0.005)
(0.84333333 0.028741926 0.005)
(0.84946667 0.028741926 0.005)
(0.8556 0.028741926 0.005)
(0.86173333 0.028741926 0.005)
(0.86786667 0.028741926 0.005)
(0.874 0.028741926 0.005)
(0.88013333 0.028741926 0.005)
(0.88626667 0.028741926 0.005)
(0.8924 0.028741926 0.005)
(0.89853333 0.028741926 0.005)
(0.90466667 0.028741926 0.005)
(0.9108 0.028741926 0.005)
(0.91693333 0.028741926 0.005)
(0.0030666667 0.031765617 0.005)
(0.0092 0.031765617 0.005)
(0.015333333 0.031765617 0.005)
(0.021466667 0.031765617 0.005)
(0.0276 0.031765617 0.005)
(0.033733333 0.031765617 0.005)
(0.039866667 0.031765617 0.005)
(0.046 0.031765617 0.005)
(0.052133333 0.031765617 0.005)
(0.058266667 0.031765617 0.005)
(0.0644 0.031765617 0.005)
(0.070533333 0.031765617 0.005)
(0.076666667 0.031765617 0.005)
(0.0828 0.031765617 0.005)
(0.088933333 0.031765617 0.005)
(0.095066667 0.031765617 0.005)
(0.1012 0.031765617 0.005)
(0.10733333 0.031765617 0.005)
(0.11346667 0.031765617 0.005)
(0.1196 0.031765617 0.005)
(0.12573333 0.031765617 0.005)
(0.13186667 0.031765617 0.005)
(0.138 0.031765617 0.005)
(0.14413333 0.031765617 0.005)
(0.15026667 0.031765617 0.005)
(0.1564 0.031765617 0.005)
(0.16253333 0.031765617 0.005)
(0.16866667 0.031765617 0.005)
(0.1748 0.031765617 0.005)
(0.18093333 0.031765617 0.005)
(0.18706667 0.031765617 0.005)
(0.1932 0.031765617 0.005)
(0.19933333 0.031765617 0.005)
(0.20546667 0.031765617 0.005)
(0.2116 0.031765617 0.005)
(0.21773333 0.031765617 0.005)
(0.22386667 0.031765617 0.005)
(0.23 0.031765617 0.005)
(0.23613333 0.031765617 0.005)
(0.24226667 0.031765617 0.005)
(0.2484 0.031765617 0.005)
(0.25453333 0.031765617 0.005)
(0.26066667 0.031765617 0.005)
(0.2668 0.031765617 0.005)
(0.27293333 0.031765617 0.005)
(0.27906667 0.031765617 0.005)
(0.2852 0.031765617 0.005)
(0.29133333 0.031765617 0.005)
(0.29746667 0.031765617 0.005)
(0.3036 0.031765617 0.005)
(0.30973333 0.031765617 0.005)
(0.31586667 0.031765617 0.005)
(0.322 0.031765617 0.005)
(0.32813333 0.031765617 0.005)
(0.33426667 0.031765617 0.005)
(0.3404 0.031765617 0.005)
(0.34653333 0.031765617 0.005)
(0.35266667 0.031765617 0.005)
(0.3588 0.031765617 0.005)
(0.36493333 0.031765617 0.005)
(0.37106667 0.031765617 0.005)
(0.3772 0.031765617 0.005)
(0.38333333 0.031765617 0.005)
(0.38946667 0.031765617 0.005)
(0.3956 0.031765617 0.005)
(0.40173333 0.031765617 0.005)
(0.40786667 0.031765617 0.005)
(0.414 0.031765617 0.005)
(0.42013333 0.031765617 0.005)
(0.42626667 0.031765617 0.005)
(0.4324 0.031765617 0.005)
(0.43853333 0.031765617 0.005)
(0.44466667 0.031765617 0.005)
(0.4508 0.031765617 0.005)
(0.45693333 0.031765617 0.005)
(0.46306667 0.031765617 0.005)
(0.4692 0.031765617 0.005)
(0.47533333 0.031765617 0.005)
(0.48146667 0.031765617 0.005)
(0.4876 0.031765617 0.005)
(0.49373333 0.031765617 0.005)
(0.49986667 0.031765617 0.005)
(0.506 0.031765617 0.005)
(0.51213333 0.031765617 0.005)
(0.51826667 0.031765617 0.005)
(0.5244 0.031765617 0.005)
(0.53053333 0.031765617 0.005)
(0.53666667 0.031765617 0.005)
(0.5428 0.031765617 0.005)
(0.54893333 0.031765617 0.005)
(0.55506667 0.031765617 0.005)
(0.5612 0.031765617 0.005)
(0.56733333 0.031765617 0.005)
(0.57346667 0.031765617 0.005)
(0.5796 0.031765617 0.005)
(0.58573333 0.031765617 0.005)
(0.59186667 0.031765617 0.005)
(0.598 0.031765617 0.005)
(0.60413333 0.031765617 0.005)
(0.61026667 0.031765617 0.005)
(0.6164 0.031765617 0.005)
(0.62253333 0.031765617 0.005)
(0.62866667 0.031765617 0.005)
(0.6348 0.031765617 0.005)
(0.64093333 0.031765617 0.005)
(0.64706667 0.031765617 0.005)
(0.6532 0.031765617 0.005)
(0.65933333 0.031765617 0.005)
(0.66546667 0.031765617 0.005)
(0.6716 0.031765617 0.005)
(0.67773333 0.031765617 0.005)
(0.68386667 0.031765617 0.005)
(0.69 0.031765617 0.005)
(0.69613333 0.031765617 0.005)
(0.70226667 0.031765617 0.005)
(0.7084 0.031765617 0.005)
(0.71453333 0.031765617 0.005)
(0.72066667 0.031765617 0.005)
(0.7268 0.031765617 0.005)
(0.73293333 0.031765617 0.005)
(0.73906667 0.031765617 0.005)
(0.7452 0.031765617 0.005)
(0.75133333 0.031765617 0.005)
(0.75746667 0.031765617 0.005)
(0.7636 0.031765617 0.005)
(0.76973333 0.031765617 0.005)
(0.77586667 0.031765617 0.005)
(0.782 0.031765617 0.005)
(0.78813333 0.031765617 0.005)
(0.79426667 0.031765617 0.005)
(0.8004 0.031765617 0.005)
(0.80653333 0.031765617 0.005)
(0.81266667 0.031765617 0.005)
(0.8188 0.031765617 0.005)
(0.82493333 0.031765617 0.005)
(0.83106667 0.031765617 0.005)
(0.8372 0.031765617 0.005)
(0.84333333 0.031765617 0.005)
(0.84946667 0.031765617 0.005)
(0.8556 0.031765617 0.005)
(0.86173333 0.031765617 0.005)
(0.86786667 0.031765617 0.005)
(0.874 0.031765617 0.005)
(0.88013333 0.031765617 0.005)
(0.88626667 0.031765617 0.005)
(0.8924 0.031765617 0.005)
(0.89853333 0.031765617 0.005)
(0.90466667 0.031765617 0.005)
(0.9108 0.031765617 0.005)
(0.91693333 0.031765617 0.005)
(0.0030666667 0.035091611 0.005)
(0.0092 0.035091611 0.005)
(0.015333333 0.035091611 0.005)
(0.021466667 0.035091611 0.005)
(0.0276 0.035091611 0.005)
(0.033733333 0.035091611 0.005)
(0.039866667 0.035091611 0.005)
(0.046 0.035091611 0.005)
(0.052133333 0.035091611 0.005)
(0.058266667 0.035091611 0.005)
(0.0644 0.035091611 0.005)
(0.070533333 0.035091611 0.005)
(0.076666667 0.035091611 0.005)
(0.0828 0.035091611 0.005)
(0.088933333 0.035091611 0.005)
(0.095066667 0.035091611 0.005)
(0.1012 0.035091611 0.005)
(0.10733333 0.035091611 0.005)
(0.11346667 0.035091611 0.005)
(0.1196 0.035091611 0.005)
(0.12573333 0.035091611 0.005)
(0.13186667 0.035091611 0.005)
(0.138 0.035091611 0.005)
(0.14413333 0.035091611 0.005)
(0.15026667 0.035091611 0.005)
(0.1564 0.035091611 0.005)
(0.16253333 0.035091611 0.005)
(0.16866667 0.035091611 0.005)
(0.1748 0.035091611 0.005)
(0.18093333 0.035091611 0.005)
(0.18706667 0.035091611 0.005)
(0.1932 0.035091611 0.005)
(0.19933333 0.035091611 0.005)
(0.20546667 0.035091611 0.005)
(0.2116 0.035091611 0.005)
(0.21773333 0.035091611 0.005)
(0.22386667 0.035091611 0.005)
(0.23 0.035091611 0.005)
(0.23613333 0.035091611 0.005)
(0.24226667 0.035091611 0.005)
(0.2484 0.035091611 0.005)
(0.25453333 0.035091611 0.005)
(0.26066667 0.035091611 0.005)
(0.2668 0.035091611 0.005)
(0.27293333 0.035091611 0.005)
(0.27906667 0.035091611 0.005)
(0.2852 0.035091611 0.005)
(0.29133333 0.035091611 0.005)
(0.29746667 0.035091611 0.005)
(0.3036 0.035091611 0.005)
(0.30973333 0.035091611 0.005)
(0.31586667 0.035091611 0.005)
(0.322 0.035091611 0.005)
(0.32813333 0.035091611 0.005)
(0.33426667 0.035091611 0.005)
(0.3404 0.035091611 0.005)
(0.34653333 0.035091611 0.005)
(0.35266667 0.035091611 0.005)
(0.3588 0.035091611 0.005)
(0.36493333 0.035091611 0.005)
(0.37106667 0.035091611 0.005)
(0.3772 0.035091611 0.005)
(0.38333333 0.035091611 0.005)
(0.38946667 0.035091611 0.005)
(0.3956 0.035091611 0.005)
(0.40173333 0.035091611 0.005)
(0.40786667 0.035091611 0.005)
(0.414 0.035091611 0.005)
(0.42013333 0.035091611 0.005)
(0.42626667 0.035091611 0.005)
(0.4324 0.035091611 0.005)
(0.43853333 0.035091611 0.005)
(0.44466667 0.035091611 0.005)
(0.4508 0.035091611 0.005)
(0.45693333 0.035091611 0.005)
(0.46306667 0.035091611 0.005)
(0.4692 0.035091611 0.005)
(0.47533333 0.035091611 0.005)
(0.48146667 0.035091611 0.005)
(0.4876 0.035091611 0.005)
(0.49373333 0.035091611 0.005)
(0.49986667 0.035091611 0.005)
(0.506 0.035091611 0.005)
(0.51213333 0.035091611 0.005)
(0.51826667 0.035091611 0.005)
(0.5244 0.035091611 0.005)
(0.53053333 0.035091611 0.005)
(0.53666667 0.035091611 0.005)
(0.5428 0.035091611 0.005)
(0.54893333 0.035091611 0.005)
(0.55506667 0.035091611 0.005)
(0.5612 0.035091611 0.005)
(0.56733333 0.035091611 0.005)
(0.57346667 0.035091611 0.005)
(0.5796 0.035091611 0.005)
(0.58573333 0.035091611 0.005)
(0.59186667 0.035091611 0.005)
(0.598 0.035091611 0.005)
(0.60413333 0.035091611 0.005)
(0.61026667 0.035091611 0.005)
(0.6164 0.035091611 0.005)
(0.62253333 0.035091611 0.005)
(0.62866667 0.035091611 0.005)
(0.6348 0.035091611 0.005)
(0.64093333 0.035091611 0.005)
(0.64706667 0.035091611 0.005)
(0.6532 0.035091611 0.005)
(0.65933333 0.035091611 0.005)
(0.66546667 0.035091611 0.005)
(0.6716 0.035091611 0.005)
(0.67773333 0.035091611 0.005)
(0.68386667 0.035091611 0.005)
(0.69 0.035091611 0.005)
(0.69613333 0.035091611 0.005)
(0.70226667 0.035091611 0.005)
(0.7084 0.035091611 0.005)
(0.71453333 0.035091611 0.005)
(0.72066667 0.035091611 0.005)
(0.7268 0.035091611 0.005)
(0.73293333 0.035091611 0.005)
(0.73906667 0.035091611 0.005)
(0.7452 0.035091611 0.005)
(0.75133333 0.035091611 0.005)
(0.75746667 0.035091611 0.005)
(0.7636 0.035091611 0.005)
(0.76973333 0.035091611 0.005)
(0.77586667 0.035091611 0.005)
(0.782 0.035091611 0.005)
(0.78813333 0.035091611 0.005)
(0.79426667 0.035091611 0.005)
(0.8004 0.035091611 0.005)
(0.80653333 0.035091611 0.005)
(0.81266667 0.035091611 0.005)
(0.8188 0.035091611 0.005)
(0.82493333 0.035091611 0.005)
(0.83106667 0.035091611 0.005)
(0.8372 0.035091611 0.005)
(0.84333333 0.035091611 0.005)
(0.84946667 0.035091611 0.005)
(0.8556 0.035091611 0.005)
(0.86173333 0.035091611 0.005)
(0.86786667 0.035091611 0.005)
(0.874 0.035091611 0.005)
(0.88013333 0.035091611 0.005)
(0.88626667 0.035091611 0.005)
(0.8924 0.035091611 0.005)
(0.89853333 0.035091611 0.005)
(0.90466667 0.035091611 0.005)
(0.9108 0.035091611 0.005)
(0.91693333 0.035091611 0.005)
(0.0030666667 0.038750133 0.005)
(0.0092 0.038750133 0.005)
(0.015333333 0.038750133 0.005)
(0.021466667 0.038750133 0.005)
(0.0276 0.038750133 0.005)
(0.033733333 0.038750133 0.005)
(0.039866667 0.038750133 0.005)
(0.046 0.038750133 0.005)
(0.052133333 0.038750133 0.005)
(0.058266667 0.038750133 0.005)
(0.0644 0.038750133 0.005)
(0.070533333 0.038750133 0.005)
(0.076666667 0.038750133 0.005)
(0.0828 0.038750133 0.005)
(0.088933333 0.038750133 0.005)
(0.095066667 0.038750133 0.005)
(0.1012 0.038750133 0.005)
(0.10733333 0.038750133 0.005)
(0.11346667 0.038750133 0.005)
(0.1196 0.038750133 0.005)
(0.12573333 0.038750133 0.005)
(0.13186667 0.038750133 0.005)
(0.138 0.038750133 0.005)
(0.14413333 0.038750133 0.005)
(0.15026667 0.038750133 0.005)
(0.1564 0.038750133 0.005)
(0.16253333 0.038750133 0.005)
(0.16866667 0.038750133 0.005)
(0.1748 0.038750133 0.005)
(0.18093333 0.038750133 0.005)
(0.18706667 0.038750133 0.005)
(0.1932 0.038750133 0.005)
(0.19933333 0.038750133 0.005)
(0.20546667 0.038750133 0.005)
(0.2116 0.038750133 0.005)
(0.21773333 0.038750133 0.005)
(0.22386667 0.038750133 0.005)
(0.23 0.038750133 0.005)
(0.23613333 0.038750133 0.005)
(0.24226667 0.038750133 0.005)
(0.2484 0.038750133 0.005)
(0.25453333 0.038750133 0.005)
(0.26066667 0.038750133 0.005)
(0.2668 0.038750133 0.005)
(0.27293333 0.038750133 0.005)
(0.27906667 0.038750133 0.005)
(0.2852 0.038750133 0.005)
(0.29133333 0.038750133 0.005)
(0.29746667 0.038750133 0.005)
(0.3036 0.038750133 0.005)
(0.30973333 0.038750133 0.005)
(0.31586667 0.038750133 0.005)
(0.322 0.038750133 0.005)
(0.32813333 0.038750133 0.005)
(0.33426667 0.038750133 0.005)
(0.3404 0.038750133 0.005)
(0.34653333 0.038750133 0.005)
(0.35266667 0.038750133 0.005)
(0.3588 0.038750133 0.005)
(0.36493333 0.038750133 0.005)
(0.37106667 0.038750133 0.005)
(0.3772 0.038750133 0.005)
(0.38333333 0.038750133 0.005)
(0.38946667 0.038750133 0.005)
(0.3956 0.038750133 0.005)
(0.40173333 0.038750133 0.005)
(0.40786667 0.038750133 0.005)
(0.414 0.038750133 0.005)
(0.42013333 0.038750133 0.005)
(0.42626667 0.038750133 0.005)
(0.4324 0.038750133 0.005)
(0.43853333 0.038750133 0.005)
(0.44466667 0.038750133 0.005)
(0.4508 0.038750133 0.005)
(0.45693333 0.038750133 0.005)
(0.46306667 0.038750133 0.005)
(0.4692 0.038750133 0.005)
(0.47533333 0.038750133 0.005)
(0.48146667 0.038750133 0.005)
(0.4876 0.038750133 0.005)
(0.49373333 0.038750133 0.005)
(0.49986667 0.038750133 0.005)
(0.506 0.038750133 0.005)
(0.51213333 0.038750133 0.005)
(0.51826667 0.038750133 0.005)
(0.5244 0.038750133 0.005)
(0.53053333 0.038750133 0.005)
(0.53666667 0.038750133 0.005)
(0.5428 0.038750133 0.005)
(0.54893333 0.038750133 0.005)
(0.55506667 0.038750133 0.005)
(0.5612 0.038750133 0.005)
(0.56733333 0.038750133 0.005)
(0.57346667 0.038750133 0.005)
(0.5796 0.038750133 0.005)
(0.58573333 0.038750133 0.005)
(0.59186667 0.038750133 0.005)
(0.598 0.038750133 0.005)
(0.60413333 0.038750133 0.005)
(0.61026667 0.038750133 0.005)
(0.6164 0.038750133 0.005)
(0.62253333 0.038750133 0.005)
(0.62866667 0.038750133 0.005)
(0.6348 0.038750133 0.005)
(0.64093333 0.038750133 0.005)
(0.64706667 0.038750133 0.005)
(0.6532 0.038750133 0.005)
(0.65933333 0.038750133 0.005)
(0.66546667 0.038750133 0.005)
(0.6716 0.038750133 0.005)
(0.67773333 0.038750133 0.005)
(0.68386667 0.038750133 0.005)
(0.69 0.038750133 0.005)
(0.69613333 0.038750133 0.005)
(0.70226667 0.038750133 0.005)
(0.7084 0.038750133 0.005)
(0.71453333 0.038750133 0.005)
(0.72066667 0.038750133 0.005)
(0.7268 0.038750133 0.005)
(0.73293333 0.038750133 0.005)
(0.73906667 0.038750133 0.005)
(0.7452 0.038750133 0.005)
(0.75133333 0.038750133 0.005)
(0.75746667 0.038750133 0.005)
(0.7636 0.038750133 0.005)
(0.76973333 0.038750133 0.005)
(0.77586667 0.038750133 0.005)
(0.782 0.038750133 0.005)
(0.78813333 0.038750133 0.005)
(0.79426667 0.038750133 0.005)
(0.8004 0.038750133 0.005)
(0.80653333 0.038750133 0.005)
(0.81266667 0.038750133 0.005)
(0.8188 0.038750133 0.005)
(0.82493333 0.038750133 0.005)
(0.83106667 0.038750133 0.005)
(0.8372 0.038750133 0.005)
(0.84333333 0.038750133 0.005)
(0.84946667 0.038750133 0.005)
(0.8556 0.038750133 0.005)
(0.86173333 0.038750133 0.005)
(0.86786667 0.038750133 0.005)
(0.874 0.038750133 0.005)
(0.88013333 0.038750133 0.005)
(0.88626667 0.038750133 0.005)
(0.8924 0.038750133 0.005)
(0.89853333 0.038750133 0.005)
(0.90466667 0.038750133 0.005)
(0.9108 0.038750133 0.005)
(0.91693333 0.038750133 0.005)
(0.0030666667 0.042774427 0.005)
(0.0092 0.042774427 0.005)
(0.015333333 0.042774427 0.005)
(0.021466667 0.042774427 0.005)
(0.0276 0.042774427 0.005)
(0.033733333 0.042774427 0.005)
(0.039866667 0.042774427 0.005)
(0.046 0.042774427 0.005)
(0.052133333 0.042774427 0.005)
(0.058266667 0.042774427 0.005)
(0.0644 0.042774427 0.005)
(0.070533333 0.042774427 0.005)
(0.076666667 0.042774427 0.005)
(0.0828 0.042774427 0.005)
(0.088933333 0.042774427 0.005)
(0.095066667 0.042774427 0.005)
(0.1012 0.042774427 0.005)
(0.10733333 0.042774427 0.005)
(0.11346667 0.042774427 0.005)
(0.1196 0.042774427 0.005)
(0.12573333 0.042774427 0.005)
(0.13186667 0.042774427 0.005)
(0.138 0.042774427 0.005)
(0.14413333 0.042774427 0.005)
(0.15026667 0.042774427 0.005)
(0.1564 0.042774427 0.005)
(0.16253333 0.042774427 0.005)
(0.16866667 0.042774427 0.005)
(0.1748 0.042774427 0.005)
(0.18093333 0.042774427 0.005)
(0.18706667 0.042774427 0.005)
(0.1932 0.042774427 0.005)
(0.19933333 0.042774427 0.005)
(0.20546667 0.042774427 0.005)
(0.2116 0.042774427 0.005)
(0.21773333 0.042774427 0.005)
(0.22386667 0.042774427 0.005)
(0.23 0.042774427 0.005)
(0.23613333 0.042774427 0.005)
(0.24226667 0.042774427 0.005)
(0.2484 0.042774427 0.005)
(0.25453333 0.042774427 0.005)
(0.26066667 0.042774427 0.005)
(0.2668 0.042774427 0.005)
(0.27293333 0.042774427 0.005)
(0.27906667 0.042774427 0.005)
(0.2852 0.042774427 0.005)
(0.29133333 0.042774427 0.005)
(0.29746667 0.042774427 0.005)
(0.3036 0.042774427 0.005)
(0.30973333 0.042774427 0.005)
(0.31586667 0.042774427 0.005)
(0.322 0.042774427 0.005)
(0.32813333 0.042774427 0.005)
(0.33426667 0.042774427 0.005)
(0.3404 0.042774427 0.005)
(0.34653333 0.042774427 0.005)
(0.35266667 0.042774427 0.005)
(0.3588 0.042774427 0.005)
(0.36493333 0.042774427 0.005)
(0.37106667 0.042774427 0.005)
(0.3772 0.042774427 0.005)
(0.38333333 0.042774427 0.005)
(0.38946667 0.042774427 0.005)
(0.3956 0.042774427 0.005)
(0.40173333 0.042774427 0.005)
(0.40786667 0.042774427 0.005)
(0.414 0.042774427 0.005)
(0.42013333 0.042774427 0.005)
(0.42626667 0.042774427 0.005)
(0.4324 0.042774427 0.005)
(0.43853333 0.042774427 0.005)
(0.44466667 0.042774427 0.005)
(0.4508 0.042774427 0.005)
(0.45693333 0.042774427 0.005)
(0.46306667 0.042774427 0.005)
(0.4692 0.042774427 0.005)
(0.47533333 0.042774427 0.005)
(0.48146667 0.042774427 0.005)
(0.4876 0.042774427 0.005)
(0.49373333 0.042774427 0.005)
(0.49986667 0.042774427 0.005)
(0.506 0.042774427 0.005)
(0.51213333 0.042774427 0.005)
(0.51826667 0.042774427 0.005)
(0.5244 0.042774427 0.005)
(0.53053333 0.042774427 0.005)
(0.53666667 0.042774427 0.005)
(0.5428 0.042774427 0.005)
(0.54893333 0.042774427 0.005)
(0.55506667 0.042774427 0.005)
(0.5612 0.042774427 0.005)
(0.56733333 0.042774427 0.005)
(0.57346667 0.042774427 0.005)
(0.5796 0.042774427 0.005)
(0.58573333 0.042774427 0.005)
(0.59186667 0.042774427 0.005)
(0.598 0.042774427 0.005)
(0.60413333 0.042774427 0.005)
(0.61026667 0.042774427 0.005)
(0.6164 0.042774427 0.005)
(0.62253333 0.042774427 0.005)
(0.62866667 0.042774427 0.005)
(0.6348 0.042774427 0.005)
(0.64093333 0.042774427 0.005)
(0.64706667 0.042774427 0.005)
(0.6532 0.042774427 0.005)
(0.65933333 0.042774427 0.005)
(0.66546667 0.042774427 0.005)
(0.6716 0.042774427 0.005)
(0.67773333 0.042774427 0.005)
(0.68386667 0.042774427 0.005)
(0.69 0.042774427 0.005)
(0.69613333 0.042774427 0.005)
(0.70226667 0.042774427 0.005)
(0.7084 0.042774427 0.005)
(0.71453333 0.042774427 0.005)
(0.72066667 0.042774427 0.005)
(0.7268 0.042774427 0.005)
(0.73293333 0.042774427 0.005)
(0.73906667 0.042774427 0.005)
(0.7452 0.042774427 0.005)
(0.75133333 0.042774427 0.005)
(0.75746667 0.042774427 0.005)
(0.7636 0.042774427 0.005)
(0.76973333 0.042774427 0.005)
(0.77586667 0.042774427 0.005)
(0.782 0.042774427 0.005)
(0.78813333 0.042774427 0.005)
(0.79426667 0.042774427 0.005)
(0.8004 0.042774427 0.005)
(0.80653333 0.042774427 0.005)
(0.81266667 0.042774427 0.005)
(0.8188 0.042774427 0.005)
(0.82493333 0.042774427 0.005)
(0.83106667 0.042774427 0.005)
(0.8372 0.042774427 0.005)
(0.84333333 0.042774427 0.005)
(0.84946667 0.042774427 0.005)
(0.8556 0.042774427 0.005)
(0.86173333 0.042774427 0.005)
(0.86786667 0.042774427 0.005)
(0.874 0.042774427 0.005)
(0.88013333 0.042774427 0.005)
(0.88626667 0.042774427 0.005)
(0.8924 0.042774427 0.005)
(0.89853333 0.042774427 0.005)
(0.90466667 0.042774427 0.005)
(0.9108 0.042774427 0.005)
(0.91693333 0.042774427 0.005)
(0.0030666667 0.047201063 0.005)
(0.0092 0.047201063 0.005)
(0.015333333 0.047201063 0.005)
(0.021466667 0.047201063 0.005)
(0.0276 0.047201063 0.005)
(0.033733333 0.047201063 0.005)
(0.039866667 0.047201063 0.005)
(0.046 0.047201063 0.005)
(0.052133333 0.047201063 0.005)
(0.058266667 0.047201063 0.005)
(0.0644 0.047201063 0.005)
(0.070533333 0.047201063 0.005)
(0.076666667 0.047201063 0.005)
(0.0828 0.047201063 0.005)
(0.088933333 0.047201063 0.005)
(0.095066667 0.047201063 0.005)
(0.1012 0.047201063 0.005)
(0.10733333 0.047201063 0.005)
(0.11346667 0.047201063 0.005)
(0.1196 0.047201063 0.005)
(0.12573333 0.047201063 0.005)
(0.13186667 0.047201063 0.005)
(0.138 0.047201063 0.005)
(0.14413333 0.047201063 0.005)
(0.15026667 0.047201063 0.005)
(0.1564 0.047201063 0.005)
(0.16253333 0.047201063 0.005)
(0.16866667 0.047201063 0.005)
(0.1748 0.047201063 0.005)
(0.18093333 0.047201063 0.005)
(0.18706667 0.047201063 0.005)
(0.1932 0.047201063 0.005)
(0.19933333 0.047201063 0.005)
(0.20546667 0.047201063 0.005)
(0.2116 0.047201063 0.005)
(0.21773333 0.047201063 0.005)
(0.22386667 0.047201063 0.005)
(0.23 0.047201063 0.005)
(0.23613333 0.047201063 0.005)
(0.24226667 0.047201063 0.005)
(0.2484 0.047201063 0.005)
(0.25453333 0.047201063 0.005)
(0.26066667 0.047201063 0.005)
(0.2668 0.047201063 0.005)
(0.27293333 0.047201063 0.005)
(0.27906667 0.047201063 0.005)
(0.2852 0.047201063 0.005)
(0.29133333 0.047201063 0.005)
(0.29746667 0.047201063 0.005)
(0.3036 0.047201063 0.005)
(0.30973333 0.047201063 0.005)
(0.31586667 0.047201063 0.005)
(0.322 0.047201063 0.005)
(0.32813333 0.047201063 0.005)
(0.33426667 0.047201063 0.005)
(0.3404 0.047201063 0.005)
(0.34653333 0.047201063 0.005)
(0.35266667 0.047201063 0.005)
(0.3588 0.047201063 0.005)
(0.36493333 0.047201063 0.005)
(0.37106667 0.047201063 0.005)
(0.3772 0.047201063 0.005)
(0.38333333 0.047201063 0.005)
(0.38946667 0.047201063 0.005)
(0.3956 0.047201063 0.005)
(0.40173333 0.047201063 0.005)
(0.40786667 0.047201063 0.005)
(0.414 0.047201063 0.005)
(0.42013333 0.047201063 0.005)
(0.42626667 0.047201063 0.005)
(0.4324 0.047201063 0.005)
(0.43853333 0.047201063 0.005)
(0.44466667 0.047201063 0.005)
(0.4508 0.047201063 0.005)
(0.45693333 0.047201063 0.005)
(0.46306667 0.047201063 0.005)
(0.4692 0.047201063 0.005)
(0.47533333 0.047201063 0.005)
(0.48146667 0.047201063 0.005)
(0.4876 0.047201063 0.005)
(0.49373333 0.047201063 0.005)
(0.49986667 0.047201063 0.005)
(0.506 0.047201063 0.005)
(0.51213333 0.047201063 0.005)
(0.51826667 0.047201063 0.005)
(0.5244 0.047201063 0.005)
(0.53053333 0.047201063 0.005)
(0.53666667 0.047201063 0.005)
(0.5428 0.047201063 0.005)
(0.54893333 0.047201063 0.005)
(0.55506667 0.047201063 0.005)
(0.5612 0.047201063 0.005)
(0.56733333 0.047201063 0.005)
(0.57346667 0.047201063 0.005)
(0.5796 0.047201063 0.005)
(0.58573333 0.047201063 0.005)
(0.59186667 0.047201063 0.005)
(0.598 0.047201063 0.005)
(0.60413333 0.047201063 0.005)
(0.61026667 0.047201063 0.005)
(0.6164 0.047201063 0.005)
(0.62253333 0.047201063 0.005)
(0.62866667 0.047201063 0.005)
(0.6348 0.047201063 0.005)
(0.64093333 0.047201063 0.005)
(0.64706667 0.047201063 0.005)
(0.6532 0.047201063 0.005)
(0.65933333 0.047201063 0.005)
(0.66546667 0.047201063 0.005)
(0.6716 0.047201063 0.005)
(0.67773333 0.047201063 0.005)
(0.68386667 0.047201063 0.005)
(0.69 0.047201063 0.005)
(0.69613333 0.047201063 0.005)
(0.70226667 0.047201063 0.005)
(0.7084 0.047201063 0.005)
(0.71453333 0.047201063 0.005)
(0.72066667 0.047201063 0.005)
(0.7268 0.047201063 0.005)
(0.73293333 0.047201063 0.005)
(0.73906667 0.047201063 0.005)
(0.7452 0.047201063 0.005)
(0.75133333 0.047201063 0.005)
(0.75746667 0.047201063 0.005)
(0.7636 0.047201063 0.005)
(0.76973333 0.047201063 0.005)
(0.77586667 0.047201063 0.005)
(0.782 0.047201063 0.005)
(0.78813333 0.047201063 0.005)
(0.79426667 0.047201063 0.005)
(0.8004 0.047201063 0.005)
(0.80653333 0.047201063 0.005)
(0.81266667 0.047201063 0.005)
(0.8188 0.047201063 0.005)
(0.82493333 0.047201063 0.005)
(0.83106667 0.047201063 0.005)
(0.8372 0.047201063 0.005)
(0.84333333 0.047201063 0.005)
(0.84946667 0.047201063 0.005)
(0.8556 0.047201063 0.005)
(0.86173333 0.047201063 0.005)
(0.86786667 0.047201063 0.005)
(0.874 0.047201063 0.005)
(0.88013333 0.047201063 0.005)
(0.88626667 0.047201063 0.005)
(0.8924 0.047201063 0.005)
(0.89853333 0.047201063 0.005)
(0.90466667 0.047201063 0.005)
(0.9108 0.047201063 0.005)
(0.91693333 0.047201063 0.005)
(0.0030666667 0.052070266 0.005)
(0.0092 0.052070266 0.005)
(0.015333333 0.052070266 0.005)
(0.021466667 0.052070266 0.005)
(0.0276 0.052070266 0.005)
(0.033733333 0.052070266 0.005)
(0.039866667 0.052070266 0.005)
(0.046 0.052070266 0.005)
(0.052133333 0.052070266 0.005)
(0.058266667 0.052070266 0.005)
(0.0644 0.052070266 0.005)
(0.070533333 0.052070266 0.005)
(0.076666667 0.052070266 0.005)
(0.0828 0.052070266 0.005)
(0.088933333 0.052070266 0.005)
(0.095066667 0.052070266 0.005)
(0.1012 0.052070266 0.005)
(0.10733333 0.052070266 0.005)
(0.11346667 0.052070266 0.005)
(0.1196 0.052070266 0.005)
(0.12573333 0.052070266 0.005)
(0.13186667 0.052070266 0.005)
(0.138 0.052070266 0.005)
(0.14413333 0.052070266 0.005)
(0.15026667 0.052070266 0.005)
(0.1564 0.052070266 0.005)
(0.16253333 0.052070266 0.005)
(0.16866667 0.052070266 0.005)
(0.1748 0.052070266 0.005)
(0.18093333 0.052070266 0.005)
(0.18706667 0.052070266 0.005)
(0.1932 0.052070266 0.005)
(0.19933333 0.052070266 0.005)
(0.20546667 0.052070266 0.005)
(0.2116 0.052070266 0.005)
(0.21773333 0.052070266 0.005)
(0.22386667 0.052070266 0.005)
(0.23 0.052070266 0.005)
(0.23613333 0.052070266 0.005)
(0.24226667 0.052070266 0.005)
(0.2484 0.052070266 0.005)
(0.25453333 0.052070266 0.005)
(0.26066667 0.052070266 0.005)
(0.2668 0.052070266 0.005)
(0.27293333 0.052070266 0.005)
(0.27906667 0.052070266 0.005)
(0.2852 0.052070266 0.005)
(0.29133333 0.052070266 0.005)
(0.29746667 0.052070266 0.005)
(0.3036 0.052070266 0.005)
(0.30973333 0.052070266 0.005)
(0.31586667 0.052070266 0.005)
(0.322 0.052070266 0.005)
(0.32813333 0.052070266 0.005)
(0.33426667 0.052070266 0.005)
(0.3404 0.052070266 0.005)
(0.34653333 0.052070266 0.005)
(0.35266667 0.052070266 0.005)
(0.3588 0.052070266 0.005)
(0.36493333 0.052070266 0.005)
(0.37106667 0.052070266 0.005)
(0.3772 0.052070266 0.005)
(0.38333333 0.052070266 0.005)
(0.38946667 0.052070266 0.005)
(0.3956 0.052070266 0.005)
(0.40173333 0.052070266 0.005)
(0.40786667 0.052070266 0.005)
(0.414 0.052070266 0.005)
(0.42013333 0.052070266 0.005)
(0.42626667 0.052070266 0.005)
(0.4324 0.052070266 0.005)
(0.43853333 0.052070266 0.005)
(0.44466667 0.052070266 0.005)
(0.4508 0.052070266 0.005)
(0.45693333 0.052070266 0.005)
(0.46306667 0.052070266 0.005)
(0.4692 0.052070266 0.005)
(0.47533333 0.052070266 0.005)
(0.48146667 0.052070266 0.005)
(0.4876 0.052070266 0.005)
(0.49373333 0.052070266 0.005)
(0.49986667 0.052070266 0.005)
(0.506 0.052070266 0.005)
(0.51213333 0.052070266 0.005)
(0.51826667 0.052070266 0.005)
(0.5244 0.052070266 0.005)
(0.53053333 0.052070266 0.005)
(0.53666667 0.052070266 0.005)
(0.5428 0.052070266 0.005)
(0.54893333 0.052070266 0.005)
(0.55506667 0.052070266 0.005)
(0.5612 0.052070266 0.005)
(0.56733333 0.052070266 0.005)
(0.57346667 0.052070266 0.005)
(0.5796 0.052070266 0.005)
(0.58573333 0.052070266 0.005)
(0.59186667 0.052070266 0.005)
(0.598 0.052070266 0.005)
(0.60413333 0.052070266 0.005)
(0.61026667 0.052070266 0.005)
(0.6164 0.052070266 0.005)
(0.62253333 0.052070266 0.005)
(0.62866667 0.052070266 0.005)
(0.6348 0.052070266 0.005)
(0.64093333 0.052070266 0.005)
(0.64706667 0.052070266 0.005)
(0.6532 0.052070266 0.005)
(0.65933333 0.052070266 0.005)
(0.66546667 0.052070266 0.005)
(0.6716 0.052070266 0.005)
(0.67773333 0.052070266 0.005)
(0.68386667 0.052070266 0.005)
(0.69 0.052070266 0.005)
(0.69613333 0.052070266 0.005)
(0.70226667 0.052070266 0.005)
(0.7084 0.052070266 0.005)
(0.71453333 0.052070266 0.005)
(0.72066667 0.052070266 0.005)
(0.7268 0.052070266 0.005)
(0.73293333 0.052070266 0.005)
(0.73906667 0.052070266 0.005)
(0.7452 0.052070266 0.005)
(0.75133333 0.052070266 0.005)
(0.75746667 0.052070266 0.005)
(0.7636 0.052070266 0.005)
(0.76973333 0.052070266 0.005)
(0.77586667 0.052070266 0.005)
(0.782 0.052070266 0.005)
(0.78813333 0.052070266 0.005)
(0.79426667 0.052070266 0.005)
(0.8004 0.052070266 0.005)
(0.80653333 0.052070266 0.005)
(0.81266667 0.052070266 0.005)
(0.8188 0.052070266 0.005)
(0.82493333 0.052070266 0.005)
(0.83106667 0.052070266 0.005)
(0.8372 0.052070266 0.005)
(0.84333333 0.052070266 0.005)
(0.84946667 0.052070266 0.005)
(0.8556 0.052070266 0.005)
(0.86173333 0.052070266 0.005)
(0.86786667 0.052070266 0.005)
(0.874 0.052070266 0.005)
(0.88013333 0.052070266 0.005)
(0.88626667 0.052070266 0.005)
(0.8924 0.052070266 0.005)
(0.89853333 0.052070266 0.005)
(0.90466667 0.052070266 0.005)
(0.9108 0.052070266 0.005)
(0.91693333 0.052070266 0.005)
(0.0030666667 0.057426285 0.005)
(0.0092 0.057426285 0.005)
(0.015333333 0.057426285 0.005)
(0.021466667 0.057426285 0.005)
(0.0276 0.057426285 0.005)
(0.033733333 0.057426285 0.005)
(0.039866667 0.057426285 0.005)
(0.046 0.057426285 0.005)
(0.052133333 0.057426285 0.005)
(0.058266667 0.057426285 0.005)
(0.0644 0.057426285 0.005)
(0.070533333 0.057426285 0.005)
(0.076666667 0.057426285 0.005)
(0.0828 0.057426285 0.005)
(0.088933333 0.057426285 0.005)
(0.095066667 0.057426285 0.005)
(0.1012 0.057426285 0.005)
(0.10733333 0.057426285 0.005)
(0.11346667 0.057426285 0.005)
(0.1196 0.057426285 0.005)
(0.12573333 0.057426285 0.005)
(0.13186667 0.057426285 0.005)
(0.138 0.057426285 0.005)
(0.14413333 0.057426285 0.005)
(0.15026667 0.057426285 0.005)
(0.1564 0.057426285 0.005)
(0.16253333 0.057426285 0.005)
(0.16866667 0.057426285 0.005)
(0.1748 0.057426285 0.005)
(0.18093333 0.057426285 0.005)
(0.18706667 0.057426285 0.005)
(0.1932 0.057426285 0.005)
(0.19933333 0.057426285 0.005)
(0.20546667 0.057426285 0.005)
(0.2116 0.057426285 0.005)
(0.21773333 0.057426285 0.005)
(0.22386667 0.057426285 0.005)
(0.23 0.057426285 0.005)
(0.23613333 0.057426285 0.005)
(0.24226667 0.057426285 0.005)
(0.2484 0.057426285 0.005)
(0.25453333 0.057426285 0.005)
(0.26066667 0.057426285 0.005)
(0.2668 0.057426285 0.005)
(0.27293333 0.057426285 0.005)
(0.27906667 0.057426285 0.005)
(0.2852 0.057426285 0.005)
(0.29133333 0.057426285 0.005)
(0.29746667 0.057426285 0.005)
(0.3036 0.057426285 0.005)
(0.30973333 0.057426285 0.005)
(0.31586667 0.057426285 0.005)
(0.322 0.057426285 0.005)
(0.32813333 0.057426285 0.005)
(0.33426667 0.057426285 0.005)
(0.3404 0.057426285 0.005)
(0.34653333 0.057426285 0.005)
(0.35266667 0.057426285 0.005)
(0.3588 0.057426285 0.005)
(0.36493333 0.057426285 0.005)
(0.37106667 0.057426285 0.005)
(0.3772 0.057426285 0.005)
(0.38333333 0.057426285 0.005)
(0.38946667 0.057426285 0.005)
(0.3956 0.057426285 0.005)
(0.40173333 0.057426285 0.005)
(0.40786667 0.057426285 0.005)
(0.414 0.057426285 0.005)
(0.42013333 0.057426285 0.005)
(0.42626667 0.057426285 0.005)
(0.4324 0.057426285 0.005)
(0.43853333 0.057426285 0.005)
(0.44466667 0.057426285 0.005)
(0.4508 0.057426285 0.005)
(0.45693333 0.057426285 0.005)
(0.46306667 0.057426285 0.005)
(0.4692 0.057426285 0.005)
(0.47533333 0.057426285 0.005)
(0.48146667 0.057426285 0.005)
(0.4876 0.057426285 0.005)
(0.49373333 0.057426285 0.005)
(0.49986667 0.057426285 0.005)
(0.506 0.057426285 0.005)
(0.51213333 0.057426285 0.005)
(0.51826667 0.057426285 0.005)
(0.5244 0.057426285 0.005)
(0.53053333 0.057426285 0.005)
(0.53666667 0.057426285 0.005)
(0.5428 0.057426285 0.005)
(0.54893333 0.057426285 0.005)
(0.55506667 0.057426285 0.005)
(0.5612 0.057426285 0.005)
(0.56733333 0.057426285 0.005)
(0.57346667 0.057426285 0.005)
(0.5796 0.057426285 0.005)
(0.58573333 0.057426285 0.005)
(0.59186667 0.057426285 0.005)
(0.598 0.057426285 0.005)
(0.60413333 0.057426285 0.005)
(0.61026667 0.057426285 0.005)
(0.6164 0.057426285 0.005)
(0.62253333 0.057426285 0.005)
(0.62866667 0.057426285 0.005)
(0.6348 0.057426285 0.005)
(0.64093333 0.057426285 0.005)
(0.64706667 0.057426285 0.005)
(0.6532 0.057426285 0.005)
(0.65933333 0.057426285 0.005)
(0.66546667 0.057426285 0.005)
(0.6716 0.057426285 0.005)
(0.67773333 0.057426285 0.005)
(0.68386667 0.057426285 0.005)
(0.69 0.057426285 0.005)
(0.69613333 0.057426285 0.005)
(0.70226667 0.057426285 0.005)
(0.7084 0.057426285 0.005)
(0.71453333 0.057426285 0.005)
(0.72066667 0.057426285 0.005)
(0.7268 0.057426285 0.005)
(0.73293333 0.057426285 0.005)
(0.73906667 0.057426285 0.005)
(0.7452 0.057426285 0.005)
(0.75133333 0.057426285 0.005)
(0.75746667 0.057426285 0.005)
(0.7636 0.057426285 0.005)
(0.76973333 0.057426285 0.005)
(0.77586667 0.057426285 0.005)
(0.782 0.057426285 0.005)
(0.78813333 0.057426285 0.005)
(0.79426667 0.057426285 0.005)
(0.8004 0.057426285 0.005)
(0.80653333 0.057426285 0.005)
(0.81266667 0.057426285 0.005)
(0.8188 0.057426285 0.005)
(0.82493333 0.057426285 0.005)
(0.83106667 0.057426285 0.005)
(0.8372 0.057426285 0.005)
(0.84333333 0.057426285 0.005)
(0.84946667 0.057426285 0.005)
(0.8556 0.057426285 0.005)
(0.86173333 0.057426285 0.005)
(0.86786667 0.057426285 0.005)
(0.874 0.057426285 0.005)
(0.88013333 0.057426285 0.005)
(0.88626667 0.057426285 0.005)
(0.8924 0.057426285 0.005)
(0.89853333 0.057426285 0.005)
(0.90466667 0.057426285 0.005)
(0.9108 0.057426285 0.005)
(0.91693333 0.057426285 0.005)
(0.0030666667 0.063317788 0.005)
(0.0092 0.063317788 0.005)
(0.015333333 0.063317788 0.005)
(0.021466667 0.063317788 0.005)
(0.0276 0.063317788 0.005)
(0.033733333 0.063317788 0.005)
(0.039866667 0.063317788 0.005)
(0.046 0.063317788 0.005)
(0.052133333 0.063317788 0.005)
(0.058266667 0.063317788 0.005)
(0.0644 0.063317788 0.005)
(0.070533333 0.063317788 0.005)
(0.076666667 0.063317788 0.005)
(0.0828 0.063317788 0.005)
(0.088933333 0.063317788 0.005)
(0.095066667 0.063317788 0.005)
(0.1012 0.063317788 0.005)
(0.10733333 0.063317788 0.005)
(0.11346667 0.063317788 0.005)
(0.1196 0.063317788 0.005)
(0.12573333 0.063317788 0.005)
(0.13186667 0.063317788 0.005)
(0.138 0.063317788 0.005)
(0.14413333 0.063317788 0.005)
(0.15026667 0.063317788 0.005)
(0.1564 0.063317788 0.005)
(0.16253333 0.063317788 0.005)
(0.16866667 0.063317788 0.005)
(0.1748 0.063317788 0.005)
(0.18093333 0.063317788 0.005)
(0.18706667 0.063317788 0.005)
(0.1932 0.063317788 0.005)
(0.19933333 0.063317788 0.005)
(0.20546667 0.063317788 0.005)
(0.2116 0.063317788 0.005)
(0.21773333 0.063317788 0.005)
(0.22386667 0.063317788 0.005)
(0.23 0.063317788 0.005)
(0.23613333 0.063317788 0.005)
(0.24226667 0.063317788 0.005)
(0.2484 0.063317788 0.005)
(0.25453333 0.063317788 0.005)
(0.26066667 0.063317788 0.005)
(0.2668 0.063317788 0.005)
(0.27293333 0.063317788 0.005)
(0.27906667 0.063317788 0.005)
(0.2852 0.063317788 0.005)
(0.29133333 0.063317788 0.005)
(0.29746667 0.063317788 0.005)
(0.3036 0.063317788 0.005)
(0.30973333 0.063317788 0.005)
(0.31586667 0.063317788 0.005)
(0.322 0.063317788 0.005)
(0.32813333 0.063317788 0.005)
(0.33426667 0.063317788 0.005)
(0.3404 0.063317788 0.005)
(0.34653333 0.063317788 0.005)
(0.35266667 0.063317788 0.005)
(0.3588 0.063317788 0.005)
(0.36493333 0.063317788 0.005)
(0.37106667 0.063317788 0.005)
(0.3772 0.063317788 0.005)
(0.38333333 0.063317788 0.005)
(0.38946667 0.063317788 0.005)
(0.3956 0.063317788 0.005)
(0.40173333 0.063317788 0.005)
(0.40786667 0.063317788 0.005)
(0.414 0.063317788 0.005)
(0.42013333 0.063317788 0.005)
(0.42626667 0.063317788 0.005)
(0.4324 0.063317788 0.005)
(0.43853333 0.063317788 0.005)
(0.44466667 0.063317788 0.005)
(0.4508 0.063317788 0.005)
(0.45693333 0.063317788 0.005)
(0.46306667 0.063317788 0.005)
(0.4692 0.063317788 0.005)
(0.47533333 0.063317788 0.005)
(0.48146667 0.063317788 0.005)
(0.4876 0.063317788 0.005)
(0.49373333 0.063317788 0.005)
(0.49986667 0.063317788 0.005)
(0.506 0.063317788 0.005)
(0.51213333 0.063317788 0.005)
(0.51826667 0.063317788 0.005)
(0.5244 0.063317788 0.005)
(0.53053333 0.063317788 0.005)
(0.53666667 0.063317788 0.005)
(0.5428 0.063317788 0.005)
(0.54893333 0.063317788 0.005)
(0.55506667 0.063317788 0.005)
(0.5612 0.063317788 0.005)
(0.56733333 0.063317788 0.005)
(0.57346667 0.063317788 0.005)
(0.5796 0.063317788 0.005)
(0.58573333 0.063317788 0.005)
(0.59186667 0.063317788 0.005)
(0.598 0.063317788 0.005)
(0.60413333 0.063317788 0.005)
(0.61026667 0.063317788 0.005)
(0.6164 0.063317788 0.005)
(0.62253333 0.063317788 0.005)
(0.62866667 0.063317788 0.005)
(0.6348 0.063317788 0.005)
(0.64093333 0.063317788 0.005)
(0.64706667 0.063317788 0.005)
(0.6532 0.063317788 0.005)
(0.65933333 0.063317788 0.005)
(0.66546667 0.063317788 0.005)
(0.6716 0.063317788 0.005)
(0.67773333 0.063317788 0.005)
(0.68386667 0.063317788 0.005)
(0.69 0.063317788 0.005)
(0.69613333 0.063317788 0.005)
(0.70226667 0.063317788 0.005)
(0.7084 0.063317788 0.005)
(0.71453333 0.063317788 0.005)
(0.72066667 0.063317788 0.005)
(0.7268 0.063317788 0.005)
(0.73293333 0.063317788 0.005)
(0.73906667 0.063317788 0.005)
(0.7452 0.063317788 0.005)
(0.75133333 0.063317788 0.005)
(0.75746667 0.063317788 0.005)
(0.7636 0.063317788 0.005)
(0.76973333 0.063317788 0.005)
(0.77586667 0.063317788 0.005)
(0.782 0.063317788 0.005)
(0.78813333 0.063317788 0.005)
(0.79426667 0.063317788 0.005)
(0.8004 0.063317788 0.005)
(0.80653333 0.063317788 0.005)
(0.81266667 0.063317788 0.005)
(0.8188 0.063317788 0.005)
(0.82493333 0.063317788 0.005)
(0.83106667 0.063317788 0.005)
(0.8372 0.063317788 0.005)
(0.84333333 0.063317788 0.005)
(0.84946667 0.063317788 0.005)
(0.8556 0.063317788 0.005)
(0.86173333 0.063317788 0.005)
(0.86786667 0.063317788 0.005)
(0.874 0.063317788 0.005)
(0.88013333 0.063317788 0.005)
(0.88626667 0.063317788 0.005)
(0.8924 0.063317788 0.005)
(0.89853333 0.063317788 0.005)
(0.90466667 0.063317788 0.005)
(0.9108 0.063317788 0.005)
(0.91693333 0.063317788 0.005)
(0.0030666667 0.069798315 0.005)
(0.0092 0.069798315 0.005)
(0.015333333 0.069798315 0.005)
(0.021466667 0.069798315 0.005)
(0.0276 0.069798315 0.005)
(0.033733333 0.069798315 0.005)
(0.039866667 0.069798315 0.005)
(0.046 0.069798315 0.005)
(0.052133333 0.069798315 0.005)
(0.058266667 0.069798315 0.005)
(0.0644 0.069798315 0.005)
(0.070533333 0.069798315 0.005)
(0.076666667 0.069798315 0.005)
(0.0828 0.069798315 0.005)
(0.088933333 0.069798315 0.005)
(0.095066667 0.069798315 0.005)
(0.1012 0.069798315 0.005)
(0.10733333 0.069798315 0.005)
(0.11346667 0.069798315 0.005)
(0.1196 0.069798315 0.005)
(0.12573333 0.069798315 0.005)
(0.13186667 0.069798315 0.005)
(0.138 0.069798315 0.005)
(0.14413333 0.069798315 0.005)
(0.15026667 0.069798315 0.005)
(0.1564 0.069798315 0.005)
(0.16253333 0.069798315 0.005)
(0.16866667 0.069798315 0.005)
(0.1748 0.069798315 0.005)
(0.18093333 0.069798315 0.005)
(0.18706667 0.069798315 0.005)
(0.1932 0.069798315 0.005)
(0.19933333 0.069798315 0.005)
(0.20546667 0.069798315 0.005)
(0.2116 0.069798315 0.005)
(0.21773333 0.069798315 0.005)
(0.22386667 0.069798315 0.005)
(0.23 0.069798315 0.005)
(0.23613333 0.069798315 0.005)
(0.24226667 0.069798315 0.005)
(0.2484 0.069798315 0.005)
(0.25453333 0.069798315 0.005)
(0.26066667 0.069798315 0.005)
(0.2668 0.069798315 0.005)
(0.27293333 0.069798315 0.005)
(0.27906667 0.069798315 0.005)
(0.2852 0.069798315 0.005)
(0.29133333 0.069798315 0.005)
(0.29746667 0.069798315 0.005)
(0.3036 0.069798315 0.005)
(0.30973333 0.069798315 0.005)
(0.31586667 0.069798315 0.005)
(0.322 0.069798315 0.005)
(0.32813333 0.069798315 0.005)
(0.33426667 0.069798315 0.005)
(0.3404 0.069798315 0.005)
(0.34653333 0.069798315 0.005)
(0.35266667 0.069798315 0.005)
(0.3588 0.069798315 0.005)
(0.36493333 0.069798315 0.005)
(0.37106667 0.069798315 0.005)
(0.3772 0.069798315 0.005)
(0.38333333 0.069798315 0.005)
(0.38946667 0.069798315 0.005)
(0.3956 0.069798315 0.005)
(0.40173333 0.069798315 0.005)
(0.40786667 0.069798315 0.005)
(0.414 0.069798315 0.005)
(0.42013333 0.069798315 0.005)
(0.42626667 0.069798315 0.005)
(0.4324 0.069798315 0.005)
(0.43853333 0.069798315 0.005)
(0.44466667 0.069798315 0.005)
(0.4508 0.069798315 0.005)
(0.45693333 0.069798315 0.005)
(0.46306667 0.069798315 0.005)
(0.4692 0.069798315 0.005)
(0.47533333 0.069798315 0.005)
(0.48146667 0.069798315 0.005)
(0.4876 0.069798315 0.005)
(0.49373333 0.069798315 0.005)
(0.49986667 0.069798315 0.005)
(0.506 0.069798315 0.005)
(0.51213333 0.069798315 0.005)
(0.51826667 0.069798315 0.005)
(0.5244 0.069798315 0.005)
(0.53053333 0.069798315 0.005)
(0.53666667 0.069798315 0.005)
(0.5428 0.069798315 0.005)
(0.54893333 0.069798315 0.005)
(0.55506667 0.069798315 0.005)
(0.5612 0.069798315 0.005)
(0.56733333 0.069798315 0.005)
(0.57346667 0.069798315 0.005)
(0.5796 0.069798315 0.005)
(0.58573333 0.069798315 0.005)
(0.59186667 0.069798315 0.005)
(0.598 0.069798315 0.005)
(0.60413333 0.069798315 0.005)
(0.61026667 0.069798315 0.005)
(0.6164 0.069798315 0.005)
(0.62253333 0.069798315 0.005)
(0.62866667 0.069798315 0.005)
(0.6348 0.069798315 0.005)
(0.64093333 0.069798315 0.005)
(0.64706667 0.069798315 0.005)
(0.6532 0.069798315 0.005)
(0.65933333 0.069798315 0.005)
(0.66546667 0.069798315 0.005)
(0.6716 0.069798315 0.005)
(0.67773333 0.069798315 0.005)
(0.68386667 0.069798315 0.005)
(0.69 0.069798315 0.005)
(0.69613333 0.069798315 0.005)
(0.70226667 0.069798315 0.005)
(0.7084 0.069798315 0.005)
(0.71453333 0.069798315 0.005)
(0.72066667 0.069798315 0.005)
(0.7268 0.069798315 0.005)
(0.73293333 0.069798315 0.005)
(0.73906667 0.069798315 0.005)
(0.7452 0.069798315 0.005)
(0.75133333 0.069798315 0.005)
(0.75746667 0.069798315 0.005)
(0.7636 0.069798315 0.005)
(0.76973333 0.069798315 0.005)
(0.77586667 0.069798315 0.005)
(0.782 0.069798315 0.005)
(0.78813333 0.069798315 0.005)
(0.79426667 0.069798315 0.005)
(0.8004 0.069798315 0.005)
(0.80653333 0.069798315 0.005)
(0.81266667 0.069798315 0.005)
(0.8188 0.069798315 0.005)
(0.82493333 0.069798315 0.005)
(0.83106667 0.069798315 0.005)
(0.8372 0.069798315 0.005)
(0.84333333 0.069798315 0.005)
(0.84946667 0.069798315 0.005)
(0.8556 0.069798315 0.005)
(0.86173333 0.069798315 0.005)
(0.86786667 0.069798315 0.005)
(0.874 0.069798315 0.005)
(0.88013333 0.069798315 0.005)
(0.88626667 0.069798315 0.005)
(0.8924 0.069798315 0.005)
(0.89853333 0.069798315 0.005)
(0.90466667 0.069798315 0.005)
(0.9108 0.069798315 0.005)
(0.91693333 0.069798315 0.005)
(0.0030666667 0.076926753 0.005)
(0.0092 0.076926753 0.005)
(0.015333333 0.076926753 0.005)
(0.021466667 0.076926753 0.005)
(0.0276 0.076926753 0.005)
(0.033733333 0.076926753 0.005)
(0.039866667 0.076926753 0.005)
(0.046 0.076926753 0.005)
(0.052133333 0.076926753 0.005)
(0.058266667 0.076926753 0.005)
(0.0644 0.076926753 0.005)
(0.070533333 0.076926753 0.005)
(0.076666667 0.076926753 0.005)
(0.0828 0.076926753 0.005)
(0.088933333 0.076926753 0.005)
(0.095066667 0.076926753 0.005)
(0.1012 0.076926753 0.005)
(0.10733333 0.076926753 0.005)
(0.11346667 0.076926753 0.005)
(0.1196 0.076926753 0.005)
(0.12573333 0.076926753 0.005)
(0.13186667 0.076926753 0.005)
(0.138 0.076926753 0.005)
(0.14413333 0.076926753 0.005)
(0.15026667 0.076926753 0.005)
(0.1564 0.076926753 0.005)
(0.16253333 0.076926753 0.005)
(0.16866667 0.076926753 0.005)
(0.1748 0.076926753 0.005)
(0.18093333 0.076926753 0.005)
(0.18706667 0.076926753 0.005)
(0.1932 0.076926753 0.005)
(0.19933333 0.076926753 0.005)
(0.20546667 0.076926753 0.005)
(0.2116 0.076926753 0.005)
(0.21773333 0.076926753 0.005)
(0.22386667 0.076926753 0.005)
(0.23 0.076926753 0.005)
(0.23613333 0.076926753 0.005)
(0.24226667 0.076926753 0.005)
(0.2484 0.076926753 0.005)
(0.25453333 0.076926753 0.005)
(0.26066667 0.076926753 0.005)
(0.2668 0.076926753 0.005)
(0.27293333 0.076926753 0.005)
(0.27906667 0.076926753 0.005)
(0.2852 0.076926753 0.005)
(0.29133333 0.076926753 0.005)
(0.29746667 0.076926753 0.005)
(0.3036 0.076926753 0.005)
(0.30973333 0.076926753 0.005)
(0.31586667 0.076926753 0.005)
(0.322 0.076926753 0.005)
(0.32813333 0.076926753 0.005)
(0.33426667 0.076926753 0.005)
(0.3404 0.076926753 0.005)
(0.34653333 0.076926753 0.005)
(0.35266667 0.076926753 0.005)
(0.3588 0.076926753 0.005)
(0.36493333 0.076926753 0.005)
(0.37106667 0.076926753 0.005)
(0.3772 0.076926753 0.005)
(0.38333333 0.076926753 0.005)
(0.38946667 0.076926753 0.005)
(0.3956 0.076926753 0.005)
(0.40173333 0.076926753 0.005)
(0.40786667 0.076926753 0.005)
(0.414 0.076926753 0.005)
(0.42013333 0.076926753 0.005)
(0.42626667 0.076926753 0.005)
(0.4324 0.076926753 0.005)
(0.43853333 0.076926753 0.005)
(0.44466667 0.076926753 0.005)
(0.4508 0.076926753 0.005)
(0.45693333 0.076926753 0.005)
(0.46306667 0.076926753 0.005)
(0.4692 0.076926753 0.005)
(0.47533333 0.076926753 0.005)
(0.48146667 0.076926753 0.005)
(0.4876 0.076926753 0.005)
(0.49373333 0.076926753 0.005)
(0.49986667 0.076926753 0.005)
(0.506 0.076926753 0.005)
(0.51213333 0.076926753 0.005)
(0.51826667 0.076926753 0.005)
(0.5244 0.076926753 0.005)
(0.53053333 0.076926753 0.005)
(0.53666667 0.076926753 0.005)
(0.5428 0.076926753 0.005)
(0.54893333 0.076926753 0.005)
(0.55506667 0.076926753 0.005)
(0.5612 0.076926753 0.005)
(0.56733333 0.076926753 0.005)
(0.57346667 0.076926753 0.005)
(0.5796 0.076926753 0.005)
(0.58573333 0.076926753 0.005)
(0.59186667 0.076926753 0.005)
(0.598 0.076926753 0.005)
(0.60413333 0.076926753 0.005)
(0.61026667 0.076926753 0.005)
(0.6164 0.076926753 0.005)
(0.62253333 0.076926753 0.005)
(0.62866667 0.076926753 0.005)
(0.6348 0.076926753 0.005)
(0.64093333 0.076926753 0.005)
(0.64706667 0.076926753 0.005)
(0.6532 0.076926753 0.005)
(0.65933333 0.076926753 0.005)
(0.66546667 0.076926753 0.005)
(0.6716 0.076926753 0.005)
(0.67773333 0.076926753 0.005)
(0.68386667 0.076926753 0.005)
(0.69 0.076926753 0.005)
(0.69613333 0.076926753 0.005)
(0.70226667 0.076926753 0.005)
(0.7084 0.076926753 0.005)
(0.71453333 0.076926753 0.005)
(0.72066667 0.076926753 0.005)
(0.7268 0.076926753 0.005)
(0.73293333 0.076926753 0.005)
(0.73906667 0.076926753 0.005)
(0.7452 0.076926753 0.005)
(0.75133333 0.076926753 0.005)
(0.75746667 0.076926753 0.005)
(0.7636 0.076926753 0.005)
(0.76973333 0.076926753 0.005)
(0.77586667 0.076926753 0.005)
(0.782 0.076926753 0.005)
(0.78813333 0.076926753 0.005)
(0.79426667 0.076926753 0.005)
(0.8004 0.076926753 0.005)
(0.80653333 0.076926753 0.005)
(0.81266667 0.076926753 0.005)
(0.8188 0.076926753 0.005)
(0.82493333 0.076926753 0.005)
(0.83106667 0.076926753 0.005)
(0.8372 0.076926753 0.005)
(0.84333333 0.076926753 0.005)
(0.84946667 0.076926753 0.005)
(0.8556 0.076926753 0.005)
(0.86173333 0.076926753 0.005)
(0.86786667 0.076926753 0.005)
(0.874 0.076926753 0.005)
(0.88013333 0.076926753 0.005)
(0.88626667 0.076926753 0.005)
(0.8924 0.076926753 0.005)
(0.89853333 0.076926753 0.005)
(0.90466667 0.076926753 0.005)
(0.9108 0.076926753 0.005)
(0.91693333 0.076926753 0.005)
(0.0030666667 0.08476788 0.005)
(0.0092 0.08476788 0.005)
(0.015333333 0.08476788 0.005)
(0.021466667 0.08476788 0.005)
(0.0276 0.08476788 0.005)
(0.033733333 0.08476788 0.005)
(0.039866667 0.08476788 0.005)
(0.046 0.08476788 0.005)
(0.052133333 0.08476788 0.005)
(0.058266667 0.08476788 0.005)
(0.0644 0.08476788 0.005)
(0.070533333 0.08476788 0.005)
(0.076666667 0.08476788 0.005)
(0.0828 0.08476788 0.005)
(0.088933333 0.08476788 0.005)
(0.095066667 0.08476788 0.005)
(0.1012 0.08476788 0.005)
(0.10733333 0.08476788 0.005)
(0.11346667 0.08476788 0.005)
(0.1196 0.08476788 0.005)
(0.12573333 0.08476788 0.005)
(0.13186667 0.08476788 0.005)
(0.138 0.08476788 0.005)
(0.14413333 0.08476788 0.005)
(0.15026667 0.08476788 0.005)
(0.1564 0.08476788 0.005)
(0.16253333 0.08476788 0.005)
(0.16866667 0.08476788 0.005)
(0.1748 0.08476788 0.005)
(0.18093333 0.08476788 0.005)
(0.18706667 0.08476788 0.005)
(0.1932 0.08476788 0.005)
(0.19933333 0.08476788 0.005)
(0.20546667 0.08476788 0.005)
(0.2116 0.08476788 0.005)
(0.21773333 0.08476788 0.005)
(0.22386667 0.08476788 0.005)
(0.23 0.08476788 0.005)
(0.23613333 0.08476788 0.005)
(0.24226667 0.08476788 0.005)
(0.2484 0.08476788 0.005)
(0.25453333 0.08476788 0.005)
(0.26066667 0.08476788 0.005)
(0.2668 0.08476788 0.005)
(0.27293333 0.08476788 0.005)
(0.27906667 0.08476788 0.005)
(0.2852 0.08476788 0.005)
(0.29133333 0.08476788 0.005)
(0.29746667 0.08476788 0.005)
(0.3036 0.08476788 0.005)
(0.30973333 0.08476788 0.005)
(0.31586667 0.08476788 0.005)
(0.322 0.08476788 0.005)
(0.32813333 0.08476788 0.005)
(0.33426667 0.08476788 0.005)
(0.3404 0.08476788 0.005)
(0.34653333 0.08476788 0.005)
(0.35266667 0.08476788 0.005)
(0.3588 0.08476788 0.005)
(0.36493333 0.08476788 0.005)
(0.37106667 0.08476788 0.005)
(0.3772 0.08476788 0.005)
(0.38333333 0.08476788 0.005)
(0.38946667 0.08476788 0.005)
(0.3956 0.08476788 0.005)
(0.40173333 0.08476788 0.005)
(0.40786667 0.08476788 0.005)
(0.414 0.08476788 0.005)
(0.42013333 0.08476788 0.005)
(0.42626667 0.08476788 0.005)
(0.4324 0.08476788 0.005)
(0.43853333 0.08476788 0.005)
(0.44466667 0.08476788 0.005)
(0.4508 0.08476788 0.005)
(0.45693333 0.08476788 0.005)
(0.46306667 0.08476788 0.005)
(0.4692 0.08476788 0.005)
(0.47533333 0.08476788 0.005)
(0.48146667 0.08476788 0.005)
(0.4876 0.08476788 0.005)
(0.49373333 0.08476788 0.005)
(0.49986667 0.08476788 0.005)
(0.506 0.08476788 0.005)
(0.51213333 0.08476788 0.005)
(0.51826667 0.08476788 0.005)
(0.5244 0.08476788 0.005)
(0.53053333 0.08476788 0.005)
(0.53666667 0.08476788 0.005)
(0.5428 0.08476788 0.005)
(0.54893333 0.08476788 0.005)
(0.55506667 0.08476788 0.005)
(0.5612 0.08476788 0.005)
(0.56733333 0.08476788 0.005)
(0.57346667 0.08476788 0.005)
(0.5796 0.08476788 0.005)
(0.58573333 0.08476788 0.005)
(0.59186667 0.08476788 0.005)
(0.598 0.08476788 0.005)
(0.60413333 0.08476788 0.005)
(0.61026667 0.08476788 0.005)
(0.6164 0.08476788 0.005)
(0.62253333 0.08476788 0.005)
(0.62866667 0.08476788 0.005)
(0.6348 0.08476788 0.005)
(0.64093333 0.08476788 0.005)
(0.64706667 0.08476788 0.005)
(0.6532 0.08476788 0.005)
(0.65933333 0.08476788 0.005)
(0.66546667 0.08476788 0.005)
(0.6716 0.08476788 0.005)
(0.67773333 0.08476788 0.005)
(0.68386667 0.08476788 0.005)
(0.69 0.08476788 0.005)
(0.69613333 0.08476788 0.005)
(0.70226667 0.08476788 0.005)
(0.7084 0.08476788 0.005)
(0.71453333 0.08476788 0.005)
(0.72066667 0.08476788 0.005)
(0.7268 0.08476788 0.005)
(0.73293333 0.08476788 0.005)
(0.73906667 0.08476788 0.005)
(0.7452 0.08476788 0.005)
(0.75133333 0.08476788 0.005)
(0.75746667 0.08476788 0.005)
(0.7636 0.08476788 0.005)
(0.76973333 0.08476788 0.005)
(0.77586667 0.08476788 0.005)
(0.782 0.08476788 0.005)
(0.78813333 0.08476788 0.005)
(0.79426667 0.08476788 0.005)
(0.8004 0.08476788 0.005)
(0.80653333 0.08476788 0.005)
(0.81266667 0.08476788 0.005)
(0.8188 0.08476788 0.005)
(0.82493333 0.08476788 0.005)
(0.83106667 0.08476788 0.005)
(0.8372 0.08476788 0.005)
(0.84333333 0.08476788 0.005)
(0.84946667 0.08476788 0.005)
(0.8556 0.08476788 0.005)
(0.86173333 0.08476788 0.005)
(0.86786667 0.08476788 0.005)
(0.874 0.08476788 0.005)
(0.88013333 0.08476788 0.005)
(0.88626667 0.08476788 0.005)
(0.8924 0.08476788 0.005)
(0.89853333 0.08476788 0.005)
(0.90466667 0.08476788 0.005)
(0.9108 0.08476788 0.005)
(0.91693333 0.08476788 0.005)
(0.0030666667 0.09339295 0.005)
(0.0092 0.09339295 0.005)
(0.015333333 0.093392949 0.005)
(0.021466667 0.09339295 0.005)
(0.0276 0.093392949 0.005)
(0.033733333 0.093392949 0.005)
(0.039866667 0.09339295 0.005)
(0.046 0.093392949 0.005)
(0.052133333 0.093392949 0.005)
(0.058266667 0.09339295 0.005)
(0.0644 0.093392949 0.005)
(0.070533333 0.09339295 0.005)
(0.076666667 0.09339295 0.005)
(0.0828 0.09339295 0.005)
(0.088933333 0.09339295 0.005)
(0.095066667 0.09339295 0.005)
(0.1012 0.093392949 0.005)
(0.10733333 0.09339295 0.005)
(0.11346667 0.09339295 0.005)
(0.1196 0.09339295 0.005)
(0.12573333 0.09339295 0.005)
(0.13186667 0.093392949 0.005)
(0.138 0.09339295 0.005)
(0.14413333 0.09339295 0.005)
(0.15026667 0.093392949 0.005)
(0.1564 0.09339295 0.005)
(0.16253333 0.09339295 0.005)
(0.16866667 0.09339295 0.005)
(0.1748 0.09339295 0.005)
(0.18093333 0.09339295 0.005)
(0.18706667 0.093392949 0.005)
(0.1932 0.09339295 0.005)
(0.19933333 0.093392949 0.005)
(0.20546667 0.09339295 0.005)
(0.2116 0.09339295 0.005)
(0.21773333 0.093392949 0.005)
(0.22386667 0.09339295 0.005)
(0.23 0.093392949 0.005)
(0.23613333 0.09339295 0.005)
(0.24226667 0.09339295 0.005)
(0.2484 0.09339295 0.005)
(0.25453333 0.09339295 0.005)
(0.26066667 0.09339295 0.005)
(0.2668 0.09339295 0.005)
(0.27293333 0.09339295 0.005)
(0.27906667 0.09339295 0.005)
(0.2852 0.09339295 0.005)
(0.29133333 0.09339295 0.005)
(0.29746667 0.093392949 0.005)
(0.3036 0.09339295 0.005)
(0.30973333 0.09339295 0.005)
(0.31586667 0.093392949 0.005)
(0.322 0.09339295 0.005)
(0.32813333 0.093392949 0.005)
(0.33426667 0.09339295 0.005)
(0.3404 0.09339295 0.005)
(0.34653333 0.093392949 0.005)
(0.35266667 0.09339295 0.005)
(0.3588 0.09339295 0.005)
(0.36493333 0.09339295 0.005)
(0.37106667 0.093392949 0.005)
(0.3772 0.09339295 0.005)
(0.38333333 0.09339295 0.005)
(0.38946667 0.09339295 0.005)
(0.3956 0.09339295 0.005)
(0.40173333 0.093392949 0.005)
(0.40786667 0.09339295 0.005)
(0.414 0.093392949 0.005)
(0.42013333 0.09339295 0.005)
(0.42626667 0.09339295 0.005)
(0.4324 0.09339295 0.005)
(0.43853333 0.09339295 0.005)
(0.44466667 0.093392949 0.005)
(0.4508 0.09339295 0.005)
(0.45693333 0.09339295 0.005)
(0.46306667 0.093392949 0.005)
(0.4692 0.09339295 0.005)
(0.47533333 0.093392949 0.005)
(0.48146667 0.093392949 0.005)
(0.4876 0.09339295 0.005)
(0.49373333 0.09339295 0.005)
(0.49986667 0.093392949 0.005)
(0.506 0.09339295 0.005)
(0.51213333 0.09339295 0.005)
(0.51826667 0.09339295 0.005)
(0.5244 0.09339295 0.005)
(0.53053333 0.09339295 0.005)
(0.53666667 0.093392949 0.005)
(0.5428 0.09339295 0.005)
(0.54893333 0.09339295 0.005)
(0.55506667 0.09339295 0.005)
(0.5612 0.09339295 0.005)
(0.56733333 0.09339295 0.005)
(0.57346667 0.093392949 0.005)
(0.5796 0.09339295 0.005)
(0.58573333 0.093392949 0.005)
(0.59186667 0.093392949 0.005)
(0.598 0.09339295 0.005)
(0.60413333 0.09339295 0.005)
(0.61026667 0.09339295 0.005)
(0.6164 0.09339295 0.005)
(0.62253333 0.09339295 0.005)
(0.62866667 0.093392949 0.005)
(0.6348 0.09339295 0.005)
(0.64093333 0.093392949 0.005)
(0.64706667 0.09339295 0.005)
(0.6532 0.09339295 0.005)
(0.65933333 0.09339295 0.005)
(0.66546667 0.09339295 0.005)
(0.6716 0.09339295 0.005)
(0.67773333 0.09339295 0.005)
(0.68386667 0.093392949 0.005)
(0.69 0.09339295 0.005)
(0.69613333 0.093392949 0.005)
(0.70226667 0.09339295 0.005)
(0.7084 0.09339295 0.005)
(0.71453333 0.09339295 0.005)
(0.72066667 0.09339295 0.005)
(0.7268 0.093392949 0.005)
(0.73293333 0.093392949 0.005)
(0.73906667 0.093392949 0.005)
(0.7452 0.09339295 0.005)
(0.75133333 0.09339295 0.005)
(0.75746667 0.093392949 0.005)
(0.7636 0.093392949 0.005)
(0.76973333 0.09339295 0.005)
(0.77586667 0.093392949 0.005)
(0.782 0.09339295 0.005)
(0.78813333 0.093392949 0.005)
(0.79426667 0.09339295 0.005)
(0.8004 0.09339295 0.005)
(0.80653333 0.09339295 0.005)
(0.81266667 0.09339295 0.005)
(0.8188 0.09339295 0.005)
(0.82493333 0.09339295 0.005)
(0.83106667 0.093392949 0.005)
(0.8372 0.093392949 0.005)
(0.84333333 0.09339295 0.005)
(0.84946667 0.09339295 0.005)
(0.8556 0.09339295 0.005)
(0.86173333 0.093392949 0.005)
(0.86786667 0.09339295 0.005)
(0.874 0.09339295 0.005)
(0.88013333 0.093392949 0.005)
(0.88626667 0.093392949 0.005)
(0.8924 0.09339295 0.005)
(0.89853333 0.093392949 0.005)
(0.90466667 0.09339295 0.005)
(0.9108 0.093392949 0.005)
(0.91693333 0.09339295 0.005)
(0.0030666667 0.10288034 0.005)
(0.0092 0.10288034 0.005)
(0.015333333 0.10288034 0.005)
(0.021466667 0.10288034 0.005)
(0.0276 0.10288034 0.005)
(0.033733333 0.10288034 0.005)
(0.039866667 0.10288034 0.005)
(0.046 0.10288034 0.005)
(0.052133333 0.10288034 0.005)
(0.058266667 0.10288034 0.005)
(0.0644 0.10288034 0.005)
(0.070533333 0.10288034 0.005)
(0.076666667 0.10288034 0.005)
(0.0828 0.10288034 0.005)
(0.088933333 0.10288034 0.005)
(0.095066667 0.10288034 0.005)
(0.1012 0.10288034 0.005)
(0.10733333 0.10288034 0.005)
(0.11346667 0.10288034 0.005)
(0.1196 0.10288034 0.005)
(0.12573333 0.10288034 0.005)
(0.13186667 0.10288034 0.005)
(0.138 0.10288034 0.005)
(0.14413333 0.10288034 0.005)
(0.15026667 0.10288034 0.005)
(0.1564 0.10288034 0.005)
(0.16253333 0.10288034 0.005)
(0.16866667 0.10288034 0.005)
(0.1748 0.10288034 0.005)
(0.18093333 0.10288034 0.005)
(0.18706667 0.10288034 0.005)
(0.1932 0.10288034 0.005)
(0.19933333 0.10288034 0.005)
(0.20546667 0.10288034 0.005)
(0.2116 0.10288034 0.005)
(0.21773333 0.10288034 0.005)
(0.22386667 0.10288034 0.005)
(0.23 0.10288034 0.005)
(0.23613333 0.10288034 0.005)
(0.24226667 0.10288034 0.005)
(0.2484 0.10288034 0.005)
(0.25453333 0.10288034 0.005)
(0.26066667 0.10288034 0.005)
(0.2668 0.10288034 0.005)
(0.27293333 0.10288034 0.005)
(0.27906667 0.10288034 0.005)
(0.2852 0.10288034 0.005)
(0.29133333 0.10288034 0.005)
(0.29746667 0.10288034 0.005)
(0.3036 0.10288034 0.005)
(0.30973333 0.10288034 0.005)
(0.31586667 0.10288034 0.005)
(0.322 0.10288034 0.005)
(0.32813333 0.10288034 0.005)
(0.33426667 0.10288034 0.005)
(0.3404 0.10288034 0.005)
(0.34653333 0.10288034 0.005)
(0.35266667 0.10288034 0.005)
(0.3588 0.10288034 0.005)
(0.36493333 0.10288034 0.005)
(0.37106667 0.10288034 0.005)
(0.3772 0.10288034 0.005)
(0.38333333 0.10288034 0.005)
(0.38946667 0.10288034 0.005)
(0.3956 0.10288034 0.005)
(0.40173333 0.10288034 0.005)
(0.40786667 0.10288034 0.005)
(0.414 0.10288034 0.005)
(0.42013333 0.10288034 0.005)
(0.42626667 0.10288034 0.005)
(0.4324 0.10288034 0.005)
(0.43853333 0.10288034 0.005)
(0.44466667 0.10288034 0.005)
(0.4508 0.10288034 0.005)
(0.45693333 0.10288034 0.005)
(0.46306667 0.10288034 0.005)
(0.4692 0.10288034 0.005)
(0.47533333 0.10288034 0.005)
(0.48146667 0.10288034 0.005)
(0.4876 0.10288034 0.005)
(0.49373333 0.10288034 0.005)
(0.49986667 0.10288034 0.005)
(0.506 0.10288034 0.005)
(0.51213333 0.10288034 0.005)
(0.51826667 0.10288034 0.005)
(0.5244 0.10288034 0.005)
(0.53053333 0.10288034 0.005)
(0.53666667 0.10288034 0.005)
(0.5428 0.10288034 0.005)
(0.54893333 0.10288034 0.005)
(0.55506667 0.10288034 0.005)
(0.5612 0.10288034 0.005)
(0.56733333 0.10288034 0.005)
(0.57346667 0.10288034 0.005)
(0.5796 0.10288034 0.005)
(0.58573333 0.10288034 0.005)
(0.59186667 0.10288034 0.005)
(0.598 0.10288034 0.005)
(0.60413333 0.10288034 0.005)
(0.61026667 0.10288034 0.005)
(0.6164 0.10288034 0.005)
(0.62253333 0.10288034 0.005)
(0.62866667 0.10288034 0.005)
(0.6348 0.10288034 0.005)
(0.64093333 0.10288034 0.005)
(0.64706667 0.10288034 0.005)
(0.6532 0.10288034 0.005)
(0.65933333 0.10288034 0.005)
(0.66546667 0.10288034 0.005)
(0.6716 0.10288034 0.005)
(0.67773333 0.10288034 0.005)
(0.68386667 0.10288034 0.005)
(0.69 0.10288034 0.005)
(0.69613333 0.10288034 0.005)
(0.70226667 0.10288034 0.005)
(0.7084 0.10288034 0.005)
(0.71453333 0.10288034 0.005)
(0.72066667 0.10288034 0.005)
(0.7268 0.10288034 0.005)
(0.73293333 0.10288034 0.005)
(0.73906667 0.10288034 0.005)
(0.7452 0.10288034 0.005)
(0.75133333 0.10288034 0.005)
(0.75746667 0.10288034 0.005)
(0.7636 0.10288034 0.005)
(0.76973333 0.10288034 0.005)
(0.77586667 0.10288034 0.005)
(0.782 0.10288034 0.005)
(0.78813333 0.10288034 0.005)
(0.79426667 0.10288034 0.005)
(0.8004 0.10288034 0.005)
(0.80653333 0.10288034 0.005)
(0.81266667 0.10288034 0.005)
(0.8188 0.10288034 0.005)
(0.82493333 0.10288034 0.005)
(0.83106667 0.10288034 0.005)
(0.8372 0.10288034 0.005)
(0.84333333 0.10288034 0.005)
(0.84946667 0.10288034 0.005)
(0.8556 0.10288034 0.005)
(0.86173333 0.10288034 0.005)
(0.86786667 0.10288034 0.005)
(0.874 0.10288034 0.005)
(0.88013333 0.10288034 0.005)
(0.88626667 0.10288034 0.005)
(0.8924 0.10288034 0.005)
(0.89853333 0.10288034 0.005)
(0.90466667 0.10288034 0.005)
(0.9108 0.10288034 0.005)
(0.91693333 0.10288034 0.005)
(0.0030666667 0.11331626 0.005)
(0.0092 0.11331626 0.005)
(0.015333333 0.11331626 0.005)
(0.021466667 0.11331626 0.005)
(0.0276 0.11331626 0.005)
(0.033733333 0.11331626 0.005)
(0.039866667 0.11331626 0.005)
(0.046 0.11331626 0.005)
(0.052133333 0.11331626 0.005)
(0.058266667 0.11331626 0.005)
(0.0644 0.11331626 0.005)
(0.070533333 0.11331626 0.005)
(0.076666667 0.11331626 0.005)
(0.0828 0.11331626 0.005)
(0.088933333 0.11331626 0.005)
(0.095066667 0.11331626 0.005)
(0.1012 0.11331626 0.005)
(0.10733333 0.11331626 0.005)
(0.11346667 0.11331626 0.005)
(0.1196 0.11331626 0.005)
(0.12573333 0.11331626 0.005)
(0.13186667 0.11331626 0.005)
(0.138 0.11331626 0.005)
(0.14413333 0.11331626 0.005)
(0.15026667 0.11331626 0.005)
(0.1564 0.11331626 0.005)
(0.16253333 0.11331626 0.005)
(0.16866667 0.11331626 0.005)
(0.1748 0.11331626 0.005)
(0.18093333 0.11331626 0.005)
(0.18706667 0.11331626 0.005)
(0.1932 0.11331626 0.005)
(0.19933333 0.11331626 0.005)
(0.20546667 0.11331626 0.005)
(0.2116 0.11331626 0.005)
(0.21773333 0.11331626 0.005)
(0.22386667 0.11331626 0.005)
(0.23 0.11331626 0.005)
(0.23613333 0.11331626 0.005)
(0.24226667 0.11331626 0.005)
(0.2484 0.11331626 0.005)
(0.25453333 0.11331626 0.005)
(0.26066667 0.11331626 0.005)
(0.2668 0.11331626 0.005)
(0.27293333 0.11331626 0.005)
(0.27906667 0.11331626 0.005)
(0.2852 0.11331626 0.005)
(0.29133333 0.11331626 0.005)
(0.29746667 0.11331626 0.005)
(0.3036 0.11331626 0.005)
(0.30973333 0.11331626 0.005)
(0.31586667 0.11331626 0.005)
(0.322 0.11331626 0.005)
(0.32813333 0.11331626 0.005)
(0.33426667 0.11331626 0.005)
(0.3404 0.11331626 0.005)
(0.34653333 0.11331626 0.005)
(0.35266667 0.11331626 0.005)
(0.3588 0.11331626 0.005)
(0.36493333 0.11331626 0.005)
(0.37106667 0.11331626 0.005)
(0.3772 0.11331626 0.005)
(0.38333333 0.11331626 0.005)
(0.38946667 0.11331626 0.005)
(0.3956 0.11331626 0.005)
(0.40173333 0.11331626 0.005)
(0.40786667 0.11331626 0.005)
(0.414 0.11331626 0.005)
(0.42013333 0.11331626 0.005)
(0.42626667 0.11331626 0.005)
(0.4324 0.11331626 0.005)
(0.43853333 0.11331626 0.005)
(0.44466667 0.11331626 0.005)
(0.4508 0.11331626 0.005)
(0.45693333 0.11331626 0.005)
(0.46306667 0.11331626 0.005)
(0.4692 0.11331626 0.005)
(0.47533333 0.11331626 0.005)
(0.48146667 0.11331626 0.005)
(0.4876 0.11331626 0.005)
(0.49373333 0.11331626 0.005)
(0.49986667 0.11331626 0.005)
(0.506 0.11331626 0.005)
(0.51213333 0.11331626 0.005)
(0.51826667 0.11331626 0.005)
(0.5244 0.11331626 0.005)
(0.53053333 0.11331626 0.005)
(0.53666667 0.11331626 0.005)
(0.5428 0.11331626 0.005)
(0.54893333 0.11331626 0.005)
(0.55506667 0.11331626 0.005)
(0.5612 0.11331626 0.005)
(0.56733333 0.11331626 0.005)
(0.57346667 0.11331626 0.005)
(0.5796 0.11331626 0.005)
(0.58573333 0.11331626 0.005)
(0.59186667 0.11331626 0.005)
(0.598 0.11331626 0.005)
(0.60413333 0.11331626 0.005)
(0.61026667 0.11331626 0.005)
(0.6164 0.11331626 0.005)
(0.62253333 0.11331626 0.005)
(0.62866667 0.11331626 0.005)
(0.6348 0.11331626 0.005)
(0.64093333 0.11331626 0.005)
(0.64706667 0.11331626 0.005)
(0.6532 0.11331626 0.005)
(0.65933333 0.11331626 0.005)
(0.66546667 0.11331626 0.005)
(0.6716 0.11331626 0.005)
(0.67773333 0.11331626 0.005)
(0.68386667 0.11331626 0.005)
(0.69 0.11331626 0.005)
(0.69613333 0.11331626 0.005)
(0.70226667 0.11331626 0.005)
(0.7084 0.11331626 0.005)
(0.71453333 0.11331626 0.005)
(0.72066667 0.11331626 0.005)
(0.7268 0.11331626 0.005)
(0.73293333 0.11331626 0.005)
(0.73906667 0.11331626 0.005)
(0.7452 0.11331626 0.005)
(0.75133333 0.11331626 0.005)
(0.75746667 0.11331626 0.005)
(0.7636 0.11331626 0.005)
(0.76973333 0.11331626 0.005)
(0.77586667 0.11331626 0.005)
(0.782 0.11331626 0.005)
(0.78813333 0.11331626 0.005)
(0.79426667 0.11331626 0.005)
(0.8004 0.11331626 0.005)
(0.80653333 0.11331626 0.005)
(0.81266667 0.11331626 0.005)
(0.8188 0.11331626 0.005)
(0.82493333 0.11331626 0.005)
(0.83106667 0.11331626 0.005)
(0.8372 0.11331626 0.005)
(0.84333333 0.11331626 0.005)
(0.84946667 0.11331626 0.005)
(0.8556 0.11331626 0.005)
(0.86173333 0.11331626 0.005)
(0.86786667 0.11331626 0.005)
(0.874 0.11331626 0.005)
(0.88013333 0.11331626 0.005)
(0.88626667 0.11331626 0.005)
(0.8924 0.11331626 0.005)
(0.89853333 0.11331626 0.005)
(0.90466667 0.11331626 0.005)
(0.9108 0.11331626 0.005)
(0.91693333 0.11331626 0.005)
(0.0030666667 0.12479555 0.005)
(0.0092 0.12479555 0.005)
(0.015333333 0.12479555 0.005)
(0.021466667 0.12479555 0.005)
(0.0276 0.12479555 0.005)
(0.033733333 0.12479555 0.005)
(0.039866667 0.12479555 0.005)
(0.046 0.12479555 0.005)
(0.052133333 0.12479555 0.005)
(0.058266667 0.12479555 0.005)
(0.0644 0.12479555 0.005)
(0.070533333 0.12479555 0.005)
(0.076666667 0.12479555 0.005)
(0.0828 0.12479555 0.005)
(0.088933333 0.12479555 0.005)
(0.095066667 0.12479555 0.005)
(0.1012 0.12479555 0.005)
(0.10733333 0.12479555 0.005)
(0.11346667 0.12479555 0.005)
(0.1196 0.12479555 0.005)
(0.12573333 0.12479555 0.005)
(0.13186667 0.12479555 0.005)
(0.138 0.12479555 0.005)
(0.14413333 0.12479555 0.005)
(0.15026667 0.12479555 0.005)
(0.1564 0.12479555 0.005)
(0.16253333 0.12479555 0.005)
(0.16866667 0.12479555 0.005)
(0.1748 0.12479555 0.005)
(0.18093333 0.12479555 0.005)
(0.18706667 0.12479555 0.005)
(0.1932 0.12479555 0.005)
(0.19933333 0.12479555 0.005)
(0.20546667 0.12479555 0.005)
(0.2116 0.12479555 0.005)
(0.21773333 0.12479555 0.005)
(0.22386667 0.12479555 0.005)
(0.23 0.12479555 0.005)
(0.23613333 0.12479555 0.005)
(0.24226667 0.12479555 0.005)
(0.2484 0.12479555 0.005)
(0.25453333 0.12479555 0.005)
(0.26066667 0.12479555 0.005)
(0.2668 0.12479555 0.005)
(0.27293333 0.12479555 0.005)
(0.27906667 0.12479555 0.005)
(0.2852 0.12479555 0.005)
(0.29133333 0.12479555 0.005)
(0.29746667 0.12479555 0.005)
(0.3036 0.12479555 0.005)
(0.30973333 0.12479555 0.005)
(0.31586667 0.12479555 0.005)
(0.322 0.12479555 0.005)
(0.32813333 0.12479555 0.005)
(0.33426667 0.12479555 0.005)
(0.3404 0.12479555 0.005)
(0.34653333 0.12479555 0.005)
(0.35266667 0.12479555 0.005)
(0.3588 0.12479555 0.005)
(0.36493333 0.12479555 0.005)
(0.37106667 0.12479555 0.005)
(0.3772 0.12479555 0.005)
(0.38333333 0.12479555 0.005)
(0.38946667 0.12479555 0.005)
(0.3956 0.12479555 0.005)
(0.40173333 0.12479555 0.005)
(0.40786667 0.12479555 0.005)
(0.414 0.12479555 0.005)
(0.42013333 0.12479555 0.005)
(0.42626667 0.12479555 0.005)
(0.4324 0.12479555 0.005)
(0.43853333 0.12479555 0.005)
(0.44466667 0.12479555 0.005)
(0.4508 0.12479555 0.005)
(0.45693333 0.12479555 0.005)
(0.46306667 0.12479555 0.005)
(0.4692 0.12479555 0.005)
(0.47533333 0.12479555 0.005)
(0.48146667 0.12479555 0.005)
(0.4876 0.12479555 0.005)
(0.49373333 0.12479555 0.005)
(0.49986667 0.12479555 0.005)
(0.506 0.12479555 0.005)
(0.51213333 0.12479555 0.005)
(0.51826667 0.12479555 0.005)
(0.5244 0.12479555 0.005)
(0.53053333 0.12479555 0.005)
(0.53666667 0.12479555 0.005)
(0.5428 0.12479555 0.005)
(0.54893333 0.12479555 0.005)
(0.55506667 0.12479555 0.005)
(0.5612 0.12479555 0.005)
(0.56733333 0.12479555 0.005)
(0.57346667 0.12479555 0.005)
(0.5796 0.12479555 0.005)
(0.58573333 0.12479555 0.005)
(0.59186667 0.12479555 0.005)
(0.598 0.12479555 0.005)
(0.60413333 0.12479555 0.005)
(0.61026667 0.12479555 0.005)
(0.6164 0.12479555 0.005)
(0.62253333 0.12479555 0.005)
(0.62866667 0.12479555 0.005)
(0.6348 0.12479555 0.005)
(0.64093333 0.12479555 0.005)
(0.64706667 0.12479555 0.005)
(0.6532 0.12479555 0.005)
(0.65933333 0.12479555 0.005)
(0.66546667 0.12479555 0.005)
(0.6716 0.12479555 0.005)
(0.67773333 0.12479555 0.005)
(0.68386667 0.12479555 0.005)
(0.69 0.12479555 0.005)
(0.69613333 0.12479555 0.005)
(0.70226667 0.12479555 0.005)
(0.7084 0.12479555 0.005)
(0.71453333 0.12479555 0.005)
(0.72066667 0.12479555 0.005)
(0.7268 0.12479555 0.005)
(0.73293333 0.12479555 0.005)
(0.73906667 0.12479555 0.005)
(0.7452 0.12479555 0.005)
(0.75133333 0.12479555 0.005)
(0.75746667 0.12479555 0.005)
(0.7636 0.12479555 0.005)
(0.76973333 0.12479555 0.005)
(0.77586667 0.12479555 0.005)
(0.782 0.12479555 0.005)
(0.78813333 0.12479555 0.005)
(0.79426667 0.12479555 0.005)
(0.8004 0.12479555 0.005)
(0.80653333 0.12479555 0.005)
(0.81266667 0.12479555 0.005)
(0.8188 0.12479555 0.005)
(0.82493333 0.12479555 0.005)
(0.83106667 0.12479555 0.005)
(0.8372 0.12479555 0.005)
(0.84333333 0.12479555 0.005)
(0.84946667 0.12479555 0.005)
(0.8556 0.12479555 0.005)
(0.86173333 0.12479555 0.005)
(0.86786667 0.12479555 0.005)
(0.874 0.12479555 0.005)
(0.88013333 0.12479555 0.005)
(0.88626667 0.12479555 0.005)
(0.8924 0.12479555 0.005)
(0.89853333 0.12479555 0.005)
(0.90466667 0.12479555 0.005)
(0.9108 0.12479555 0.005)
(0.91693333 0.12479555 0.005)
(0.0030666667 0.13742252 0.005)
(0.0092 0.13742252 0.005)
(0.015333333 0.13742252 0.005)
(0.021466667 0.13742252 0.005)
(0.0276 0.13742252 0.005)
(0.033733333 0.13742252 0.005)
(0.039866667 0.13742252 0.005)
(0.046 0.13742252 0.005)
(0.052133333 0.13742252 0.005)
(0.058266667 0.13742252 0.005)
(0.0644 0.13742252 0.005)
(0.070533333 0.13742252 0.005)
(0.076666667 0.13742252 0.005)
(0.0828 0.13742252 0.005)
(0.088933333 0.13742252 0.005)
(0.095066667 0.13742252 0.005)
(0.1012 0.13742252 0.005)
(0.10733333 0.13742252 0.005)
(0.11346667 0.13742252 0.005)
(0.1196 0.13742252 0.005)
(0.12573333 0.13742252 0.005)
(0.13186667 0.13742252 0.005)
(0.138 0.13742252 0.005)
(0.14413333 0.13742252 0.005)
(0.15026667 0.13742252 0.005)
(0.1564 0.13742252 0.005)
(0.16253333 0.13742252 0.005)
(0.16866667 0.13742252 0.005)
(0.1748 0.13742252 0.005)
(0.18093333 0.13742252 0.005)
(0.18706667 0.13742252 0.005)
(0.1932 0.13742252 0.005)
(0.19933333 0.13742252 0.005)
(0.20546667 0.13742252 0.005)
(0.2116 0.13742252 0.005)
(0.21773333 0.13742252 0.005)
(0.22386667 0.13742252 0.005)
(0.23 0.13742252 0.005)
(0.23613333 0.13742252 0.005)
(0.24226667 0.13742252 0.005)
(0.2484 0.13742252 0.005)
(0.25453333 0.13742252 0.005)
(0.26066667 0.13742252 0.005)
(0.2668 0.13742252 0.005)
(0.27293333 0.13742252 0.005)
(0.27906667 0.13742252 0.005)
(0.2852 0.13742252 0.005)
(0.29133333 0.13742252 0.005)
(0.29746667 0.13742252 0.005)
(0.3036 0.13742252 0.005)
(0.30973333 0.13742252 0.005)
(0.31586667 0.13742252 0.005)
(0.322 0.13742252 0.005)
(0.32813333 0.13742252 0.005)
(0.33426667 0.13742252 0.005)
(0.3404 0.13742252 0.005)
(0.34653333 0.13742252 0.005)
(0.35266667 0.13742252 0.005)
(0.3588 0.13742252 0.005)
(0.36493333 0.13742252 0.005)
(0.37106667 0.13742252 0.005)
(0.3772 0.13742252 0.005)
(0.38333333 0.13742252 0.005)
(0.38946667 0.13742252 0.005)
(0.3956 0.13742252 0.005)
(0.40173333 0.13742252 0.005)
(0.40786667 0.13742252 0.005)
(0.414 0.13742252 0.005)
(0.42013333 0.13742252 0.005)
(0.42626667 0.13742252 0.005)
(0.4324 0.13742252 0.005)
(0.43853333 0.13742252 0.005)
(0.44466667 0.13742252 0.005)
(0.4508 0.13742252 0.005)
(0.45693333 0.13742252 0.005)
(0.46306667 0.13742252 0.005)
(0.4692 0.13742252 0.005)
(0.47533333 0.13742252 0.005)
(0.48146667 0.13742252 0.005)
(0.4876 0.13742252 0.005)
(0.49373333 0.13742252 0.005)
(0.49986667 0.13742252 0.005)
(0.506 0.13742252 0.005)
(0.51213333 0.13742252 0.005)
(0.51826667 0.13742252 0.005)
(0.5244 0.13742252 0.005)
(0.53053333 0.13742252 0.005)
(0.53666667 0.13742252 0.005)
(0.5428 0.13742252 0.005)
(0.54893333 0.13742252 0.005)
(0.55506667 0.13742252 0.005)
(0.5612 0.13742252 0.005)
(0.56733333 0.13742252 0.005)
(0.57346667 0.13742252 0.005)
(0.5796 0.13742252 0.005)
(0.58573333 0.13742252 0.005)
(0.59186667 0.13742252 0.005)
(0.598 0.13742252 0.005)
(0.60413333 0.13742252 0.005)
(0.61026667 0.13742252 0.005)
(0.6164 0.13742252 0.005)
(0.62253333 0.13742252 0.005)
(0.62866667 0.13742252 0.005)
(0.6348 0.13742252 0.005)
(0.64093333 0.13742252 0.005)
(0.64706667 0.13742252 0.005)
(0.6532 0.13742252 0.005)
(0.65933333 0.13742252 0.005)
(0.66546667 0.13742252 0.005)
(0.6716 0.13742252 0.005)
(0.67773333 0.13742252 0.005)
(0.68386667 0.13742252 0.005)
(0.69 0.13742252 0.005)
(0.69613333 0.13742252 0.005)
(0.70226667 0.13742252 0.005)
(0.7084 0.13742252 0.005)
(0.71453333 0.13742252 0.005)
(0.72066667 0.13742252 0.005)
(0.7268 0.13742252 0.005)
(0.73293333 0.13742252 0.005)
(0.73906667 0.13742252 0.005)
(0.7452 0.13742252 0.005)
(0.75133333 0.13742252 0.005)
(0.75746667 0.13742252 0.005)
(0.7636 0.13742252 0.005)
(0.76973333 0.13742252 0.005)
(0.77586667 0.13742252 0.005)
(0.782 0.13742252 0.005)
(0.78813333 0.13742252 0.005)
(0.79426667 0.13742252 0.005)
(0.8004 0.13742252 0.005)
(0.80653333 0.13742252 0.005)
(0.81266667 0.13742252 0.005)
(0.8188 0.13742252 0.005)
(0.82493333 0.13742252 0.005)
(0.83106667 0.13742252 0.005)
(0.8372 0.13742252 0.005)
(0.84333333 0.13742252 0.005)
(0.84946667 0.13742252 0.005)
(0.8556 0.13742252 0.005)
(0.86173333 0.13742252 0.005)
(0.86786667 0.13742252 0.005)
(0.874 0.13742252 0.005)
(0.88013333 0.13742252 0.005)
(0.88626667 0.13742252 0.005)
(0.8924 0.13742252 0.005)
(0.89853333 0.13742252 0.005)
(0.90466667 0.13742252 0.005)
(0.9108 0.13742252 0.005)
(0.91693333 0.13742252 0.005)
(0.0030666667 0.15131191 0.005)
(0.0092 0.15131191 0.005)
(0.015333333 0.15131191 0.005)
(0.021466667 0.15131191 0.005)
(0.0276 0.15131191 0.005)
(0.033733333 0.15131191 0.005)
(0.039866667 0.15131191 0.005)
(0.046 0.15131191 0.005)
(0.052133333 0.15131191 0.005)
(0.058266667 0.15131191 0.005)
(0.0644 0.15131191 0.005)
(0.070533333 0.15131191 0.005)
(0.076666667 0.15131191 0.005)
(0.0828 0.15131191 0.005)
(0.088933333 0.15131191 0.005)
(0.095066667 0.15131191 0.005)
(0.1012 0.15131191 0.005)
(0.10733333 0.15131191 0.005)
(0.11346667 0.15131191 0.005)
(0.1196 0.15131191 0.005)
(0.12573333 0.15131191 0.005)
(0.13186667 0.15131191 0.005)
(0.138 0.15131191 0.005)
(0.14413333 0.15131191 0.005)
(0.15026667 0.15131191 0.005)
(0.1564 0.15131191 0.005)
(0.16253333 0.15131191 0.005)
(0.16866667 0.15131191 0.005)
(0.1748 0.15131191 0.005)
(0.18093333 0.15131191 0.005)
(0.18706667 0.15131191 0.005)
(0.1932 0.15131191 0.005)
(0.19933333 0.15131191 0.005)
(0.20546667 0.15131191 0.005)
(0.2116 0.15131191 0.005)
(0.21773333 0.15131191 0.005)
(0.22386667 0.15131191 0.005)
(0.23 0.15131191 0.005)
(0.23613333 0.15131191 0.005)
(0.24226667 0.15131191 0.005)
(0.2484 0.15131191 0.005)
(0.25453333 0.15131191 0.005)
(0.26066667 0.15131191 0.005)
(0.2668 0.15131191 0.005)
(0.27293333 0.15131191 0.005)
(0.27906667 0.15131191 0.005)
(0.2852 0.15131191 0.005)
(0.29133333 0.15131191 0.005)
(0.29746667 0.15131191 0.005)
(0.3036 0.15131191 0.005)
(0.30973333 0.15131191 0.005)
(0.31586667 0.15131191 0.005)
(0.322 0.15131191 0.005)
(0.32813333 0.15131191 0.005)
(0.33426667 0.15131191 0.005)
(0.3404 0.15131191 0.005)
(0.34653333 0.15131191 0.005)
(0.35266667 0.15131191 0.005)
(0.3588 0.15131191 0.005)
(0.36493333 0.15131191 0.005)
(0.37106667 0.15131191 0.005)
(0.3772 0.15131191 0.005)
(0.38333333 0.15131191 0.005)
(0.38946667 0.15131191 0.005)
(0.3956 0.15131191 0.005)
(0.40173333 0.15131191 0.005)
(0.40786667 0.15131191 0.005)
(0.414 0.15131191 0.005)
(0.42013333 0.15131191 0.005)
(0.42626667 0.15131191 0.005)
(0.4324 0.15131191 0.005)
(0.43853333 0.15131191 0.005)
(0.44466667 0.15131191 0.005)
(0.4508 0.15131191 0.005)
(0.45693333 0.15131191 0.005)
(0.46306667 0.15131191 0.005)
(0.4692 0.15131191 0.005)
(0.47533333 0.15131191 0.005)
(0.48146667 0.15131191 0.005)
(0.4876 0.15131191 0.005)
(0.49373333 0.15131191 0.005)
(0.49986667 0.15131191 0.005)
(0.506 0.15131191 0.005)
(0.51213333 0.15131191 0.005)
(0.51826667 0.15131191 0.005)
(0.5244 0.15131191 0.005)
(0.53053333 0.15131191 0.005)
(0.53666667 0.15131191 0.005)
(0.5428 0.15131191 0.005)
(0.54893333 0.15131191 0.005)
(0.55506667 0.15131191 0.005)
(0.5612 0.15131191 0.005)
(0.56733333 0.15131191 0.005)
(0.57346667 0.15131191 0.005)
(0.5796 0.15131191 0.005)
(0.58573333 0.15131191 0.005)
(0.59186667 0.15131191 0.005)
(0.598 0.15131191 0.005)
(0.60413333 0.15131191 0.005)
(0.61026667 0.15131191 0.005)
(0.6164 0.15131191 0.005)
(0.62253333 0.15131191 0.005)
(0.62866667 0.15131191 0.005)
(0.6348 0.15131191 0.005)
(0.64093333 0.15131191 0.005)
(0.64706667 0.15131191 0.005)
(0.6532 0.15131191 0.005)
(0.65933333 0.15131191 0.005)
(0.66546667 0.15131191 0.005)
(0.6716 0.15131191 0.005)
(0.67773333 0.15131191 0.005)
(0.68386667 0.15131191 0.005)
(0.69 0.15131191 0.005)
(0.69613333 0.15131191 0.005)
(0.70226667 0.15131191 0.005)
(0.7084 0.15131191 0.005)
(0.71453333 0.15131191 0.005)
(0.72066667 0.15131191 0.005)
(0.7268 0.15131191 0.005)
(0.73293333 0.15131191 0.005)
(0.73906667 0.15131191 0.005)
(0.7452 0.15131191 0.005)
(0.75133333 0.15131191 0.005)
(0.75746667 0.15131191 0.005)
(0.7636 0.15131191 0.005)
(0.76973333 0.15131191 0.005)
(0.77586667 0.15131191 0.005)
(0.782 0.15131191 0.005)
(0.78813333 0.15131191 0.005)
(0.79426667 0.15131191 0.005)
(0.8004 0.15131191 0.005)
(0.80653333 0.15131191 0.005)
(0.81266667 0.15131191 0.005)
(0.8188 0.15131191 0.005)
(0.82493333 0.15131191 0.005)
(0.83106667 0.15131191 0.005)
(0.8372 0.15131191 0.005)
(0.84333333 0.15131191 0.005)
(0.84946667 0.15131191 0.005)
(0.8556 0.15131191 0.005)
(0.86173333 0.15131191 0.005)
(0.86786667 0.15131191 0.005)
(0.874 0.15131191 0.005)
(0.88013333 0.15131191 0.005)
(0.88626667 0.15131191 0.005)
(0.8924 0.15131191 0.005)
(0.89853333 0.15131191 0.005)
(0.90466667 0.15131191 0.005)
(0.9108 0.15131191 0.005)
(0.91693333 0.15131191 0.005)
(0.0030666667 0.16658993 0.005)
(0.0092 0.16658993 0.005)
(0.015333333 0.16658993 0.005)
(0.021466667 0.16658993 0.005)
(0.0276 0.16658993 0.005)
(0.033733333 0.16658993 0.005)
(0.039866667 0.16658993 0.005)
(0.046 0.16658993 0.005)
(0.052133333 0.16658993 0.005)
(0.058266667 0.16658993 0.005)
(0.0644 0.16658993 0.005)
(0.070533333 0.16658993 0.005)
(0.076666667 0.16658993 0.005)
(0.0828 0.16658993 0.005)
(0.088933333 0.16658993 0.005)
(0.095066667 0.16658993 0.005)
(0.1012 0.16658993 0.005)
(0.10733333 0.16658993 0.005)
(0.11346667 0.16658993 0.005)
(0.1196 0.16658993 0.005)
(0.12573333 0.16658993 0.005)
(0.13186667 0.16658993 0.005)
(0.138 0.16658993 0.005)
(0.14413333 0.16658993 0.005)
(0.15026667 0.16658993 0.005)
(0.1564 0.16658993 0.005)
(0.16253333 0.16658993 0.005)
(0.16866667 0.16658993 0.005)
(0.1748 0.16658993 0.005)
(0.18093333 0.16658993 0.005)
(0.18706667 0.16658993 0.005)
(0.1932 0.16658993 0.005)
(0.19933333 0.16658993 0.005)
(0.20546667 0.16658993 0.005)
(0.2116 0.16658993 0.005)
(0.21773333 0.16658993 0.005)
(0.22386667 0.16658993 0.005)
(0.23 0.16658993 0.005)
(0.23613333 0.16658993 0.005)
(0.24226667 0.16658993 0.005)
(0.2484 0.16658993 0.005)
(0.25453333 0.16658993 0.005)
(0.26066667 0.16658993 0.005)
(0.2668 0.16658993 0.005)
(0.27293333 0.16658993 0.005)
(0.27906667 0.16658993 0.005)
(0.2852 0.16658993 0.005)
(0.29133333 0.16658993 0.005)
(0.29746667 0.16658993 0.005)
(0.3036 0.16658993 0.005)
(0.30973333 0.16658993 0.005)
(0.31586667 0.16658993 0.005)
(0.322 0.16658993 0.005)
(0.32813333 0.16658993 0.005)
(0.33426667 0.16658993 0.005)
(0.3404 0.16658993 0.005)
(0.34653333 0.16658993 0.005)
(0.35266667 0.16658993 0.005)
(0.3588 0.16658993 0.005)
(0.36493333 0.16658993 0.005)
(0.37106667 0.16658993 0.005)
(0.3772 0.16658993 0.005)
(0.38333333 0.16658993 0.005)
(0.38946667 0.16658993 0.005)
(0.3956 0.16658993 0.005)
(0.40173333 0.16658993 0.005)
(0.40786667 0.16658993 0.005)
(0.414 0.16658993 0.005)
(0.42013333 0.16658993 0.005)
(0.42626667 0.16658993 0.005)
(0.4324 0.16658993 0.005)
(0.43853333 0.16658993 0.005)
(0.44466667 0.16658993 0.005)
(0.4508 0.16658993 0.005)
(0.45693333 0.16658993 0.005)
(0.46306667 0.16658993 0.005)
(0.4692 0.16658993 0.005)
(0.47533333 0.16658993 0.005)
(0.48146667 0.16658993 0.005)
(0.4876 0.16658993 0.005)
(0.49373333 0.16658993 0.005)
(0.49986667 0.16658993 0.005)
(0.506 0.16658993 0.005)
(0.51213333 0.16658993 0.005)
(0.51826667 0.16658993 0.005)
(0.5244 0.16658993 0.005)
(0.53053333 0.16658993 0.005)
(0.53666667 0.16658993 0.005)
(0.5428 0.16658993 0.005)
(0.54893333 0.16658993 0.005)
(0.55506667 0.16658993 0.005)
(0.5612 0.16658993 0.005)
(0.56733333 0.16658993 0.005)
(0.57346667 0.16658993 0.005)
(0.5796 0.16658993 0.005)
(0.58573333 0.16658993 0.005)
(0.59186667 0.16658993 0.005)
(0.598 0.16658993 0.005)
(0.60413333 0.16658993 0.005)
(0.61026667 0.16658993 0.005)
(0.6164 0.16658993 0.005)
(0.62253333 0.16658993 0.005)
(0.62866667 0.16658993 0.005)
(0.6348 0.16658993 0.005)
(0.64093333 0.16658993 0.005)
(0.64706667 0.16658993 0.005)
(0.6532 0.16658993 0.005)
(0.65933333 0.16658993 0.005)
(0.66546667 0.16658993 0.005)
(0.6716 0.16658993 0.005)
(0.67773333 0.16658993 0.005)
(0.68386667 0.16658993 0.005)
(0.69 0.16658993 0.005)
(0.69613333 0.16658993 0.005)
(0.70226667 0.16658993 0.005)
(0.7084 0.16658993 0.005)
(0.71453333 0.16658993 0.005)
(0.72066667 0.16658993 0.005)
(0.7268 0.16658993 0.005)
(0.73293333 0.16658993 0.005)
(0.73906667 0.16658993 0.005)
(0.7452 0.16658993 0.005)
(0.75133333 0.16658993 0.005)
(0.75746667 0.16658993 0.005)
(0.7636 0.16658993 0.005)
(0.76973333 0.16658993 0.005)
(0.77586667 0.16658993 0.005)
(0.782 0.16658993 0.005)
(0.78813333 0.16658993 0.005)
(0.79426667 0.16658993 0.005)
(0.8004 0.16658993 0.005)
(0.80653333 0.16658993 0.005)
(0.81266667 0.16658993 0.005)
(0.8188 0.16658993 0.005)
(0.82493333 0.16658993 0.005)
(0.83106667 0.16658993 0.005)
(0.8372 0.16658993 0.005)
(0.84333333 0.16658993 0.005)
(0.84946667 0.16658993 0.005)
(0.8556 0.16658993 0.005)
(0.86173333 0.16658993 0.005)
(0.86786667 0.16658993 0.005)
(0.874 0.16658993 0.005)
(0.88013333 0.16658993 0.005)
(0.88626667 0.16658993 0.005)
(0.8924 0.16658993 0.005)
(0.89853333 0.16658993 0.005)
(0.90466667 0.16658993 0.005)
(0.9108 0.16658993 0.005)
(0.91693333 0.16658993 0.005)
(0.0030666667 0.18339543 0.005)
(0.0092 0.18339543 0.005)
(0.015333333 0.18339543 0.005)
(0.021466667 0.18339543 0.005)
(0.0276 0.18339543 0.005)
(0.033733333 0.18339543 0.005)
(0.039866667 0.18339543 0.005)
(0.046 0.18339543 0.005)
(0.052133333 0.18339543 0.005)
(0.058266667 0.18339543 0.005)
(0.0644 0.18339543 0.005)
(0.070533333 0.18339543 0.005)
(0.076666667 0.18339543 0.005)
(0.0828 0.18339543 0.005)
(0.088933333 0.18339543 0.005)
(0.095066667 0.18339543 0.005)
(0.1012 0.18339543 0.005)
(0.10733333 0.18339543 0.005)
(0.11346667 0.18339543 0.005)
(0.1196 0.18339543 0.005)
(0.12573333 0.18339543 0.005)
(0.13186667 0.18339543 0.005)
(0.138 0.18339543 0.005)
(0.14413333 0.18339543 0.005)
(0.15026667 0.18339543 0.005)
(0.1564 0.18339543 0.005)
(0.16253333 0.18339543 0.005)
(0.16866667 0.18339543 0.005)
(0.1748 0.18339543 0.005)
(0.18093333 0.18339543 0.005)
(0.18706667 0.18339543 0.005)
(0.1932 0.18339543 0.005)
(0.19933333 0.18339543 0.005)
(0.20546667 0.18339543 0.005)
(0.2116 0.18339543 0.005)
(0.21773333 0.18339543 0.005)
(0.22386667 0.18339543 0.005)
(0.23 0.18339543 0.005)
(0.23613333 0.18339543 0.005)
(0.24226667 0.18339543 0.005)
(0.2484 0.18339543 0.005)
(0.25453333 0.18339543 0.005)
(0.26066667 0.18339543 0.005)
(0.2668 0.18339543 0.005)
(0.27293333 0.18339543 0.005)
(0.27906667 0.18339543 0.005)
(0.2852 0.18339543 0.005)
(0.29133333 0.18339543 0.005)
(0.29746667 0.18339543 0.005)
(0.3036 0.18339543 0.005)
(0.30973333 0.18339543 0.005)
(0.31586667 0.18339543 0.005)
(0.322 0.18339543 0.005)
(0.32813333 0.18339543 0.005)
(0.33426667 0.18339543 0.005)
(0.3404 0.18339543 0.005)
(0.34653333 0.18339543 0.005)
(0.35266667 0.18339543 0.005)
(0.3588 0.18339543 0.005)
(0.36493333 0.18339543 0.005)
(0.37106667 0.18339543 0.005)
(0.3772 0.18339543 0.005)
(0.38333333 0.18339543 0.005)
(0.38946667 0.18339543 0.005)
(0.3956 0.18339543 0.005)
(0.40173333 0.18339543 0.005)
(0.40786667 0.18339543 0.005)
(0.414 0.18339543 0.005)
(0.42013333 0.18339543 0.005)
(0.42626667 0.18339543 0.005)
(0.4324 0.18339543 0.005)
(0.43853333 0.18339543 0.005)
(0.44466667 0.18339543 0.005)
(0.4508 0.18339543 0.005)
(0.45693333 0.18339543 0.005)
(0.46306667 0.18339543 0.005)
(0.4692 0.18339543 0.005)
(0.47533333 0.18339543 0.005)
(0.48146667 0.18339543 0.005)
(0.4876 0.18339543 0.005)
(0.49373333 0.18339543 0.005)
(0.49986667 0.18339543 0.005)
(0.506 0.18339543 0.005)
(0.51213333 0.18339543 0.005)
(0.51826667 0.18339543 0.005)
(0.5244 0.18339543 0.005)
(0.53053333 0.18339543 0.005)
(0.53666667 0.18339543 0.005)
(0.5428 0.18339543 0.005)
(0.54893333 0.18339543 0.005)
(0.55506667 0.18339543 0.005)
(0.5612 0.18339543 0.005)
(0.56733333 0.18339543 0.005)
(0.57346667 0.18339543 0.005)
(0.5796 0.18339543 0.005)
(0.58573333 0.18339543 0.005)
(0.59186667 0.18339543 0.005)
(0.598 0.18339543 0.005)
(0.60413333 0.18339543 0.005)
(0.61026667 0.18339543 0.005)
(0.6164 0.18339543 0.005)
(0.62253333 0.18339543 0.005)
(0.62866667 0.18339543 0.005)
(0.6348 0.18339543 0.005)
(0.64093333 0.18339543 0.005)
(0.64706667 0.18339543 0.005)
(0.6532 0.18339543 0.005)
(0.65933333 0.18339543 0.005)
(0.66546667 0.18339543 0.005)
(0.6716 0.18339543 0.005)
(0.67773333 0.18339543 0.005)
(0.68386667 0.18339543 0.005)
(0.69 0.18339543 0.005)
(0.69613333 0.18339543 0.005)
(0.70226667 0.18339543 0.005)
(0.7084 0.18339543 0.005)
(0.71453333 0.18339543 0.005)
(0.72066667 0.18339543 0.005)
(0.7268 0.18339543 0.005)
(0.73293333 0.18339543 0.005)
(0.73906667 0.18339543 0.005)
(0.7452 0.18339543 0.005)
(0.75133333 0.18339543 0.005)
(0.75746667 0.18339543 0.005)
(0.7636 0.18339543 0.005)
(0.76973333 0.18339543 0.005)
(0.77586667 0.18339543 0.005)
(0.782 0.18339543 0.005)
(0.78813333 0.18339543 0.005)
(0.79426667 0.18339543 0.005)
(0.8004 0.18339543 0.005)
(0.80653333 0.18339543 0.005)
(0.81266667 0.18339543 0.005)
(0.8188 0.18339543 0.005)
(0.82493333 0.18339543 0.005)
(0.83106667 0.18339543 0.005)
(0.8372 0.18339543 0.005)
(0.84333333 0.18339543 0.005)
(0.84946667 0.18339543 0.005)
(0.8556 0.18339543 0.005)
(0.86173333 0.18339543 0.005)
(0.86786667 0.18339543 0.005)
(0.874 0.18339543 0.005)
(0.88013333 0.18339543 0.005)
(0.88626667 0.18339543 0.005)
(0.8924 0.18339543 0.005)
(0.89853333 0.18339543 0.005)
(0.90466667 0.18339543 0.005)
(0.9108 0.18339543 0.005)
(0.91693333 0.18339543 0.005)
(0.0030666667 0.20188111 0.005)
(0.0092 0.20188111 0.005)
(0.015333333 0.20188111 0.005)
(0.021466667 0.20188111 0.005)
(0.0276 0.20188111 0.005)
(0.033733333 0.20188111 0.005)
(0.039866667 0.20188111 0.005)
(0.046 0.20188111 0.005)
(0.052133333 0.20188111 0.005)
(0.058266667 0.20188111 0.005)
(0.0644 0.20188111 0.005)
(0.070533333 0.20188111 0.005)
(0.076666667 0.20188111 0.005)
(0.0828 0.20188111 0.005)
(0.088933333 0.20188111 0.005)
(0.095066667 0.20188111 0.005)
(0.1012 0.20188111 0.005)
(0.10733333 0.20188111 0.005)
(0.11346667 0.20188111 0.005)
(0.1196 0.20188111 0.005)
(0.12573333 0.20188111 0.005)
(0.13186667 0.20188111 0.005)
(0.138 0.20188111 0.005)
(0.14413333 0.20188111 0.005)
(0.15026667 0.20188111 0.005)
(0.1564 0.20188111 0.005)
(0.16253333 0.20188111 0.005)
(0.16866667 0.20188111 0.005)
(0.1748 0.20188111 0.005)
(0.18093333 0.20188111 0.005)
(0.18706667 0.20188111 0.005)
(0.1932 0.20188111 0.005)
(0.19933333 0.20188111 0.005)
(0.20546667 0.20188111 0.005)
(0.2116 0.20188111 0.005)
(0.21773333 0.20188111 0.005)
(0.22386667 0.20188111 0.005)
(0.23 0.20188111 0.005)
(0.23613333 0.20188111 0.005)
(0.24226667 0.20188111 0.005)
(0.2484 0.20188111 0.005)
(0.25453333 0.20188111 0.005)
(0.26066667 0.20188111 0.005)
(0.2668 0.20188111 0.005)
(0.27293333 0.20188111 0.005)
(0.27906667 0.20188111 0.005)
(0.2852 0.20188111 0.005)
(0.29133333 0.20188111 0.005)
(0.29746667 0.20188111 0.005)
(0.3036 0.20188111 0.005)
(0.30973333 0.20188111 0.005)
(0.31586667 0.20188111 0.005)
(0.322 0.20188111 0.005)
(0.32813333 0.20188111 0.005)
(0.33426667 0.20188111 0.005)
(0.3404 0.20188111 0.005)
(0.34653333 0.20188111 0.005)
(0.35266667 0.20188111 0.005)
(0.3588 0.20188111 0.005)
(0.36493333 0.20188111 0.005)
(0.37106667 0.20188111 0.005)
(0.3772 0.20188111 0.005)
(0.38333333 0.20188111 0.005)
(0.38946667 0.20188111 0.005)
(0.3956 0.20188111 0.005)
(0.40173333 0.20188111 0.005)
(0.40786667 0.20188111 0.005)
(0.414 0.20188111 0.005)
(0.42013333 0.20188111 0.005)
(0.42626667 0.20188111 0.005)
(0.4324 0.20188111 0.005)
(0.43853333 0.20188111 0.005)
(0.44466667 0.20188111 0.005)
(0.4508 0.20188111 0.005)
(0.45693333 0.20188111 0.005)
(0.46306667 0.20188111 0.005)
(0.4692 0.20188111 0.005)
(0.47533333 0.20188111 0.005)
(0.48146667 0.20188111 0.005)
(0.4876 0.20188111 0.005)
(0.49373333 0.20188111 0.005)
(0.49986667 0.20188111 0.005)
(0.506 0.20188111 0.005)
(0.51213333 0.20188111 0.005)
(0.51826667 0.20188111 0.005)
(0.5244 0.20188111 0.005)
(0.53053333 0.20188111 0.005)
(0.53666667 0.20188111 0.005)
(0.5428 0.20188111 0.005)
(0.54893333 0.20188111 0.005)
(0.55506667 0.20188111 0.005)
(0.5612 0.20188111 0.005)
(0.56733333 0.20188111 0.005)
(0.57346667 0.20188111 0.005)
(0.5796 0.20188111 0.005)
(0.58573333 0.20188111 0.005)
(0.59186667 0.20188111 0.005)
(0.598 0.20188111 0.005)
(0.60413333 0.20188111 0.005)
(0.61026667 0.20188111 0.005)
(0.6164 0.20188111 0.005)
(0.62253333 0.20188111 0.005)
(0.62866667 0.20188111 0.005)
(0.6348 0.20188111 0.005)
(0.64093333 0.20188111 0.005)
(0.64706667 0.20188111 0.005)
(0.6532 0.20188111 0.005)
(0.65933333 0.20188111 0.005)
(0.66546667 0.20188111 0.005)
(0.6716 0.20188111 0.005)
(0.67773333 0.20188111 0.005)
(0.68386667 0.20188111 0.005)
(0.69 0.20188111 0.005)
(0.69613333 0.20188111 0.005)
(0.70226667 0.20188111 0.005)
(0.7084 0.20188111 0.005)
(0.71453333 0.20188111 0.005)
(0.72066667 0.20188111 0.005)
(0.7268 0.20188111 0.005)
(0.73293333 0.20188111 0.005)
(0.73906667 0.20188111 0.005)
(0.7452 0.20188111 0.005)
(0.75133333 0.20188111 0.005)
(0.75746667 0.20188111 0.005)
(0.7636 0.20188111 0.005)
(0.76973333 0.20188111 0.005)
(0.77586667 0.20188111 0.005)
(0.782 0.20188111 0.005)
(0.78813333 0.20188111 0.005)
(0.79426667 0.20188111 0.005)
(0.8004 0.20188111 0.005)
(0.80653333 0.20188111 0.005)
(0.81266667 0.20188111 0.005)
(0.8188 0.20188111 0.005)
(0.82493333 0.20188111 0.005)
(0.83106667 0.20188111 0.005)
(0.8372 0.20188111 0.005)
(0.84333333 0.20188111 0.005)
(0.84946667 0.20188111 0.005)
(0.8556 0.20188111 0.005)
(0.86173333 0.20188111 0.005)
(0.86786667 0.20188111 0.005)
(0.874 0.20188111 0.005)
(0.88013333 0.20188111 0.005)
(0.88626667 0.20188111 0.005)
(0.8924 0.20188111 0.005)
(0.89853333 0.20188111 0.005)
(0.90466667 0.20188111 0.005)
(0.9108 0.20188111 0.005)
(0.91693333 0.20188111 0.005)
)
;

boundaryField
{
    inlet
    {
        type            calculated;
        value           nonuniform List<vector> 
52
(
(0 7.506113e-05 0.005)
(0 0.00023268787 0.005)
(0 0.00040607387 0.005)
(0 0.0005967947 0.005)
(0 0.00080658347 0.005)
(0 0.0010373466 0.005)
(0 0.001291181 0.005)
(0 0.0015703933 0.005)
(0 0.0018775208 0.005)
(0 0.0022153543 0.005)
(0 0.0025869639 0.005)
(0 0.0029957264 0.005)
(0 0.0034453563 0.005)
(0 0.0039399393 0.005)
(0 0.00448397 0.005)
(0 0.0050823919 0.005)
(0 0.0057406429 0.005)
(0 0.0064647048 0.005)
(0 0.0072611572 0.005)
(0 0.0081372375 0.005)
(0 0.0091009068 0.005)
(0 0.010160922 0.005)
(0 0.011326916 0.005)
(0 0.012609484 0.005)
(0 0.014020281 0.005)
(0 0.015572127 0.005)
(0 0.017279123 0.005)
(0 0.019156783 0.005)
(0 0.021222167 0.005)
(0 0.023494046 0.005)
(0 0.025993062 0.005)
(0 0.028741926 0.005)
(0 0.031765617 0.005)
(0 0.035091611 0.005)
(0 0.038750133 0.005)
(0 0.042774427 0.005)
(0 0.047201063 0.005)
(0 0.052070266 0.005)
(0 0.057426285 0.005)
(0 0.063317788 0.005)
(0 0.069798315 0.005)
(0 0.076926753 0.005)
(0 0.08476788 0.005)
(0 0.09339295 0.005)
(0 0.10288034 0.005)
(0 0.11331626 0.005)
(0 0.12479555 0.005)
(0 0.13742252 0.005)
(0 0.15131191 0.005)
(0 0.16658993 0.005)
(0 0.18339543 0.005)
(0 0.20188111 0.005)
)
;
    }
    outlet
    {
        type            calculated;
        value           nonuniform List<vector> 
52
(
(0.92 7.506113e-05 0.005)
(0.92 0.00023268787 0.005)
(0.92 0.00040607387 0.005)
(0.92 0.0005967947 0.005)
(0.92 0.00080658347 0.005)
(0.92 0.0010373466 0.005)
(0.92 0.001291181 0.005)
(0.92 0.0015703933 0.005)
(0.92 0.0018775208 0.005)
(0.92 0.0022153543 0.005)
(0.92 0.0025869639 0.005)
(0.92 0.0029957264 0.005)
(0.92 0.0034453563 0.005)
(0.92 0.0039399393 0.005)
(0.92 0.00448397 0.005)
(0.92 0.0050823919 0.005)
(0.92 0.0057406429 0.005)
(0.92 0.0064647048 0.005)
(0.92 0.0072611572 0.005)
(0.92 0.0081372375 0.005)
(0.92 0.0091009068 0.005)
(0.92 0.010160922 0.005)
(0.92 0.011326916 0.005)
(0.92 0.012609484 0.005)
(0.92 0.014020281 0.005)
(0.92 0.015572127 0.005)
(0.92 0.017279123 0.005)
(0.92 0.019156783 0.005)
(0.92 0.021222167 0.005)
(0.92 0.023494046 0.005)
(0.92 0.025993062 0.005)
(0.92 0.028741926 0.005)
(0.92 0.031765617 0.005)
(0.92 0.035091611 0.005)
(0.92 0.038750133 0.005)
(0.92 0.042774427 0.005)
(0.92 0.047201063 0.005)
(0.92 0.052070266 0.005)
(0.92 0.057426285 0.005)
(0.92 0.063317788 0.005)
(0.92 0.069798315 0.005)
(0.92 0.076926753 0.005)
(0.92 0.08476788 0.005)
(0.92 0.09339295 0.005)
(0.92 0.10288034 0.005)
(0.92 0.11331626 0.005)
(0.92 0.12479555 0.005)
(0.92 0.13742252 0.005)
(0.92 0.15131191 0.005)
(0.92 0.16658993 0.005)
(0.92 0.18339543 0.005)
(0.92 0.20188111 0.005)
)
;
    }
    bottom
    {
        type            calculated;
        value           nonuniform List<vector> 
150
(
(0.0030666667 0 0.005)
(0.0092 0 0.005)
(0.015333333 0 0.005)
(0.021466667 0 0.005)
(0.0276 0 0.005)
(0.033733333 0 0.005)
(0.039866667 0 0.005)
(0.046 0 0.005)
(0.052133333 0 0.005)
(0.058266667 0 0.005)
(0.0644 0 0.005)
(0.070533333 0 0.005)
(0.076666667 0 0.005)
(0.0828 0 0.005)
(0.088933333 0 0.005)
(0.095066667 0 0.005)
(0.1012 0 0.005)
(0.10733333 0 0.005)
(0.11346667 0 0.005)
(0.1196 0 0.005)
(0.12573333 0 0.005)
(0.13186667 0 0.005)
(0.138 0 0.005)
(0.14413333 0 0.005)
(0.15026667 0 0.005)
(0.1564 0 0.005)
(0.16253333 0 0.005)
(0.16866667 0 0.005)
(0.1748 0 0.005)
(0.18093333 0 0.005)
(0.18706667 0 0.005)
(0.1932 0 0.005)
(0.19933333 0 0.005)
(0.20546667 0 0.005)
(0.2116 0 0.005)
(0.21773333 0 0.005)
(0.22386667 0 0.005)
(0.23 0 0.005)
(0.23613333 0 0.005)
(0.24226667 0 0.005)
(0.2484 0 0.005)
(0.25453333 0 0.005)
(0.26066667 0 0.005)
(0.2668 0 0.005)
(0.27293333 0 0.005)
(0.27906667 0 0.005)
(0.2852 0 0.005)
(0.29133333 0 0.005)
(0.29746667 0 0.005)
(0.3036 0 0.005)
(0.30973333 0 0.005)
(0.31586667 0 0.005)
(0.322 0 0.005)
(0.32813333 0 0.005)
(0.33426667 0 0.005)
(0.3404 0 0.005)
(0.34653333 0 0.005)
(0.35266667 0 0.005)
(0.3588 0 0.005)
(0.36493333 0 0.005)
(0.37106667 0 0.005)
(0.3772 0 0.005)
(0.38333333 0 0.005)
(0.38946667 0 0.005)
(0.3956 0 0.005)
(0.40173333 0 0.005)
(0.40786667 0 0.005)
(0.414 0 0.005)
(0.42013333 0 0.005)
(0.42626667 0 0.005)
(0.4324 0 0.005)
(0.43853333 0 0.005)
(0.44466667 0 0.005)
(0.4508 0 0.005)
(0.45693333 0 0.005)
(0.46306667 0 0.005)
(0.4692 0 0.005)
(0.47533333 0 0.005)
(0.48146667 0 0.005)
(0.4876 0 0.005)
(0.49373333 0 0.005)
(0.49986667 0 0.005)
(0.506 0 0.005)
(0.51213333 0 0.005)
(0.51826667 0 0.005)
(0.5244 0 0.005)
(0.53053333 0 0.005)
(0.53666667 0 0.005)
(0.5428 0 0.005)
(0.54893333 0 0.005)
(0.55506667 0 0.005)
(0.5612 0 0.005)
(0.56733333 0 0.005)
(0.57346667 0 0.005)
(0.5796 0 0.005)
(0.58573333 0 0.005)
(0.59186667 0 0.005)
(0.598 0 0.005)
(0.60413333 0 0.005)
(0.61026667 0 0.005)
(0.6164 0 0.005)
(0.62253333 0 0.005)
(0.62866667 0 0.005)
(0.6348 0 0.005)
(0.64093333 0 0.005)
(0.64706667 0 0.005)
(0.6532 0 0.005)
(0.65933333 0 0.005)
(0.66546667 0 0.005)
(0.6716 0 0.005)
(0.67773333 0 0.005)
(0.68386667 0 0.005)
(0.69 0 0.005)
(0.69613333 0 0.005)
(0.70226667 0 0.005)
(0.7084 0 0.005)
(0.71453333 0 0.005)
(0.72066667 0 0.005)
(0.7268 0 0.005)
(0.73293333 0 0.005)
(0.73906667 0 0.005)
(0.7452 0 0.005)
(0.75133333 0 0.005)
(0.75746667 0 0.005)
(0.7636 0 0.005)
(0.76973333 0 0.005)
(0.77586667 0 0.005)
(0.782 0 0.005)
(0.78813333 0 0.005)
(0.79426667 0 0.005)
(0.8004 0 0.005)
(0.80653333 0 0.005)
(0.81266667 0 0.005)
(0.8188 0 0.005)
(0.82493333 0 0.005)
(0.83106667 0 0.005)
(0.8372 0 0.005)
(0.84333333 0 0.005)
(0.84946667 0 0.005)
(0.8556 0 0.005)
(0.86173333 0 0.005)
(0.86786667 0 0.005)
(0.874 0 0.005)
(0.88013333 0 0.005)
(0.88626667 0 0.005)
(0.8924 0 0.005)
(0.89853333 0 0.005)
(0.90466667 0 0.005)
(0.9108 0 0.005)
(0.91693333 0 0.005)
)
;
    }
    top
    {
        type            calculated;
        value           nonuniform List<vector> 
150
(
(0.0030666667 0.211564 0.005)
(0.0092 0.211564 0.005)
(0.015333333 0.211564 0.005)
(0.021466667 0.211564 0.005)
(0.0276 0.211564 0.005)
(0.033733333 0.211564 0.005)
(0.039866667 0.211564 0.005)
(0.046 0.211564 0.005)
(0.052133333 0.211564 0.005)
(0.058266667 0.211564 0.005)
(0.0644 0.211564 0.005)
(0.070533333 0.211564 0.005)
(0.076666667 0.211564 0.005)
(0.0828 0.211564 0.005)
(0.088933333 0.211564 0.005)
(0.095066667 0.211564 0.005)
(0.1012 0.211564 0.005)
(0.10733333 0.211564 0.005)
(0.11346667 0.211564 0.005)
(0.1196 0.211564 0.005)
(0.12573333 0.211564 0.005)
(0.13186667 0.211564 0.005)
(0.138 0.211564 0.005)
(0.14413333 0.211564 0.005)
(0.15026667 0.211564 0.005)
(0.1564 0.211564 0.005)
(0.16253333 0.211564 0.005)
(0.16866667 0.211564 0.005)
(0.1748 0.211564 0.005)
(0.18093333 0.211564 0.005)
(0.18706667 0.211564 0.005)
(0.1932 0.211564 0.005)
(0.19933333 0.211564 0.005)
(0.20546667 0.211564 0.005)
(0.2116 0.211564 0.005)
(0.21773333 0.211564 0.005)
(0.22386667 0.211564 0.005)
(0.23 0.211564 0.005)
(0.23613333 0.211564 0.005)
(0.24226667 0.211564 0.005)
(0.2484 0.211564 0.005)
(0.25453333 0.211564 0.005)
(0.26066667 0.211564 0.005)
(0.2668 0.211564 0.005)
(0.27293333 0.211564 0.005)
(0.27906667 0.211564 0.005)
(0.2852 0.211564 0.005)
(0.29133333 0.211564 0.005)
(0.29746667 0.211564 0.005)
(0.3036 0.211564 0.005)
(0.30973333 0.211564 0.005)
(0.31586667 0.211564 0.005)
(0.322 0.211564 0.005)
(0.32813333 0.211564 0.005)
(0.33426667 0.211564 0.005)
(0.3404 0.211564 0.005)
(0.34653333 0.211564 0.005)
(0.35266667 0.211564 0.005)
(0.3588 0.211564 0.005)
(0.36493333 0.211564 0.005)
(0.37106667 0.211564 0.005)
(0.3772 0.211564 0.005)
(0.38333333 0.211564 0.005)
(0.38946667 0.211564 0.005)
(0.3956 0.211564 0.005)
(0.40173333 0.211564 0.005)
(0.40786667 0.211564 0.005)
(0.414 0.211564 0.005)
(0.42013333 0.211564 0.005)
(0.42626667 0.211564 0.005)
(0.4324 0.211564 0.005)
(0.43853333 0.211564 0.005)
(0.44466667 0.211564 0.005)
(0.4508 0.211564 0.005)
(0.45693333 0.211564 0.005)
(0.46306667 0.211564 0.005)
(0.4692 0.211564 0.005)
(0.47533333 0.211564 0.005)
(0.48146667 0.211564 0.005)
(0.4876 0.211564 0.005)
(0.49373333 0.211564 0.005)
(0.49986667 0.211564 0.005)
(0.506 0.211564 0.005)
(0.51213333 0.211564 0.005)
(0.51826667 0.211564 0.005)
(0.5244 0.211564 0.005)
(0.53053333 0.211564 0.005)
(0.53666667 0.211564 0.005)
(0.5428 0.211564 0.005)
(0.54893333 0.211564 0.005)
(0.55506667 0.211564 0.005)
(0.5612 0.211564 0.005)
(0.56733333 0.211564 0.005)
(0.57346667 0.211564 0.005)
(0.5796 0.211564 0.005)
(0.58573333 0.211564 0.005)
(0.59186667 0.211564 0.005)
(0.598 0.211564 0.005)
(0.60413333 0.211564 0.005)
(0.61026667 0.211564 0.005)
(0.6164 0.211564 0.005)
(0.62253333 0.211564 0.005)
(0.62866667 0.211564 0.005)
(0.6348 0.211564 0.005)
(0.64093333 0.211564 0.005)
(0.64706667 0.211564 0.005)
(0.6532 0.211564 0.005)
(0.65933333 0.211564 0.005)
(0.66546667 0.211564 0.005)
(0.6716 0.211564 0.005)
(0.67773333 0.211564 0.005)
(0.68386667 0.211564 0.005)
(0.69 0.211564 0.005)
(0.69613333 0.211564 0.005)
(0.70226667 0.211564 0.005)
(0.7084 0.211564 0.005)
(0.71453333 0.211564 0.005)
(0.72066667 0.211564 0.005)
(0.7268 0.211564 0.005)
(0.73293333 0.211564 0.005)
(0.73906667 0.211564 0.005)
(0.7452 0.211564 0.005)
(0.75133333 0.211564 0.005)
(0.75746667 0.211564 0.005)
(0.7636 0.211564 0.005)
(0.76973333 0.211564 0.005)
(0.77586667 0.211564 0.005)
(0.782 0.211564 0.005)
(0.78813333 0.211564 0.005)
(0.79426667 0.211564 0.005)
(0.8004 0.211564 0.005)
(0.80653333 0.211564 0.005)
(0.81266667 0.211564 0.005)
(0.8188 0.211564 0.005)
(0.82493333 0.211564 0.005)
(0.83106667 0.211564 0.005)
(0.8372 0.211564 0.005)
(0.84333333 0.211564 0.005)
(0.84946667 0.211564 0.005)
(0.8556 0.211564 0.005)
(0.86173333 0.211564 0.005)
(0.86786667 0.211564 0.005)
(0.874 0.211564 0.005)
(0.88013333 0.211564 0.005)
(0.88626667 0.211564 0.005)
(0.8924 0.211564 0.005)
(0.89853333 0.211564 0.005)
(0.90466667 0.211564 0.005)
(0.9108 0.211564 0.005)
(0.91693333 0.211564 0.005)
)
;
    }
    front
    {
        type            empty;
    }
    back
    {
        type            empty;
    }
}


// ************************************************************************* //
